merchant_id,merchant_name,category,mcc_code,country_code,interchange_fee_pct,risk_rating,onboarding_date,payout_settlement_days,is_chargeback_monitored,monthly_volume_est
M7105,Cyber Retail,Financial Services & SaaS,5999,US,0.0239,Moderate,2020-10-24,2,0,1472804.96
M3131,Titan Mart,Travel & Airlines,4511,FR,0.0321,High,2022-10-11,7,0,582583.84
M1982,Global Ventures,Gaming & Virtual Goods,7995,US,0.0305,High,2022-09-11,1,1,1632275.4
M6400,Beacon Cloud,Travel & Airlines,4511,IN,0.0295,High,2020-10-25,1,0,906294.14
M3002,Starlight Store,Crypto & Digital Assets,6051,IN,0.0385,Extreme,2023-06-10,1,1,1509809.58
M7730,Swift Holdings,Gaming & Virtual Goods,7995,DE,0.0312,High,2023-11-13,7,1,1351212.93
M6793,Summit Logistics,Financial Services & SaaS,5999,CA,0.0267,Moderate,2023-10-20,1,0,1629579.61
M7929,Prime Foods,Travel & Airlines,4511,DE,0.0257,High,2021-01-12,7,0,1190602.07
M1842,Global Store,Financial Services & SaaS,5999,GB,0.026,Moderate,2021-09-23,1,0,2030217.57
M5712,Swift Air,Food & Dining,5812,SG,0.0213,Low,2020-02-26,1,0,810699.21
M6119,Hyper Mart,Healthcare & Wellness,8099,AU,0.0151,Low,2020-03-23,7,0,1375849.84
M6761,SilverLine Tech,Healthcare & Wellness,8099,CA,0.0196,Low,2023-04-02,2,0,1611815.13
M2697,Beacon Pay,Crypto & Digital Assets,6051,US,0.0426,Moderate,2021-12-08,2,0,1218097.02
M9313,Global Hub,Grocery & Supermarket,5411,DE,0.018,Low,2021-11-29,3,0,1163094.68
M4485,Zenith Mart,Gaming & Virtual Goods,7995,CA,0.0305,High,2020-10-09,7,0,1863446.98
M3535,Zenith Cloud,Travel & Airlines,4511,AU,0.0257,High,2024-04-14,1,1,1440144.22
M8900,Global Tech,Electronics & Computers,5732,US,0.026,Moderate,2024-08-02,1,0,329174.55
M4674,BlueSky Mart,Travel & Airlines,4511,DE,0.0322,High,2020-11-10,2,1,1206414.62
M2773,Aero Air,Healthcare & Wellness,8099,GB,0.0223,Low,2023-03-16,1,0,1918522.75
M6736,Starlight Retail,E-Commerce & Marketplaces,5311,US,0.0277,Moderate,2023-08-02,7,0,1357615.89
M7022,Pioneer Direct,Healthcare & Wellness,8099,GB,0.0181,High,2022-12-30,2,0,1610745.13
M2882,Cyber Solutions,Electronics & Computers,5732,US,0.0228,Moderate,2024-01-22,2,0,129478.62
M5564,Beacon Cloud,E-Commerce & Marketplaces,5311,SG,0.0276,Moderate,2023-06-29,7,0,2268837.85
M4705,SilverLine Retail,Grocery & Supermarket,5411,FR,0.0134,Extreme,2020-12-06,1,0,1292243.83
M8030,Vertex Logistics,Healthcare & Wellness,8099,SG,0.0179,Low,2023-08-01,3,0,1448619.76
M1430,Beacon Hub,Electronics & Computers,5732,FR,0.0207,Moderate,2022-04-05,2,0,1492721.51
M5381,BlueSky Tech,Grocery & Supermarket,5411,US,0.0199,Low,2020-11-02,3,0,229755.08
M1474,Zenith Mart,E-Commerce & Marketplaces,5311,CA,0.0245,Moderate,2022-10-20,7,0,672857.66
M3955,Pioneer Retail,Electronics & Computers,5732,SG,0.0241,Low,2020-07-11,2,0,280733.52
M5477,Zenith Foods,Food & Dining,5812,CA,0.0197,Moderate,2023-03-26,2,0,1597729.4
M6062,Vanguard Express,Healthcare & Wellness,8099,AU,0.0167,High,2023-09-16,2,0,1161555.67
M6567,Swift Logistics,E-Commerce & Marketplaces,5311,US,0.0225,Moderate,2021-03-06,2,0,198352.84
M6751,Pioneer Retail,Electronics & Computers,5732,IN,0.025,Moderate,2022-05-21,7,0,1966633.63
M1100,Velocity Mart,Crypto & Digital Assets,6051,SG,0.0351,Extreme,2024-02-01,2,0,114523.58
M3972,Aero Retail,Food & Dining,5812,US,0.0223,Low,2020-06-17,2,0,1069965.61
M3347,Swift Ventures,Grocery & Supermarket,5411,US,0.0132,Low,2023-09-16,2,0,1271071.86
M7566,SilverLine Express,Food & Dining,5812,US,0.0179,Low,2022-06-30,2,0,290747.11
M2140,Pioneer Air,Travel & Airlines,4511,US,0.0317,High,2020-11-18,1,0,889787.72
M3324,Hyper Foods,Grocery & Supermarket,5411,US,0.0173,Low,2021-07-14,7,0,397446.12
M1502,Summit Cafe,E-Commerce & Marketplaces,5311,US,0.0236,Moderate,2020-08-16,1,0,834829.42
M2503,Nova Pay,Food & Dining,5812,CA,0.0227,Low,2022-07-09,2,0,1089921.38
M9691,Summit Ventures,Healthcare & Wellness,8099,US,0.015,Low,2020-05-22,1,0,1695380.69
M4524,Apex Express,Financial Services & SaaS,5999,US,0.0244,Moderate,2020-08-19,7,0,503200.77
M7163,Pulse Store,Gaming & Virtual Goods,7995,GB,0.0297,High,2022-10-26,1,0,1560599.33
M7878,Vanguard Solutions,Financial Services & SaaS,5999,US,0.0278,Moderate,2023-05-18,1,0,2303201.74
M8432,Pioneer Solutions,Healthcare & Wellness,8099,US,0.0188,Low,2021-05-26,1,0,1515382.14
M6585,Nova Solutions,Crypto & Digital Assets,6051,US,0.0375,Extreme,2020-04-09,7,0,260821.38
M3578,Vertex Hub,Grocery & Supermarket,5411,IN,0.0141,Low,2022-04-10,2,0,1548441.04
M7062,BlueSky Holdings,Crypto & Digital Assets,6051,US,0.0375,High,2020-12-15,3,0,931036.02
M6105,Starlight Cloud,Grocery & Supermarket,5411,FR,0.0136,Low,2022-03-13,2,0,2210721.06
M6314,Titan Foods,Gaming & Virtual Goods,7995,CA,0.034,High,2020-08-17,7,1,660404.3
M2391,Prime Cafe,Healthcare & Wellness,8099,GB,0.0162,Low,2024-04-26,1,0,1969434.94
M1861,BlueSky Hub,Crypto & Digital Assets,6051,AU,0.0367,Extreme,2022-04-30,1,0,1059428.11
M3549,Pioneer Direct,Electronics & Computers,5732,AU,0.0214,Moderate,2021-05-08,1,0,1525797.3
M3579,BlueSky Cloud,Crypto & Digital Assets,6051,US,0.0416,Extreme,2020-06-13,1,0,2252040.08
M1815,Nexus Store,Grocery & Supermarket,5411,DE,0.0151,Low,2023-11-04,2,0,818827.03
M2336,Pioneer Pay,Food & Dining,5812,US,0.021,Low,2023-11-10,1,0,2457654.05
M5458,Titan Mart,Grocery & Supermarket,5411,US,0.0137,Low,2021-09-13,3,0,974252.25
M8259,Cyber Retail,Food & Dining,5812,IN,0.0236,Low,2023-06-04,3,0,1229922.37
M7947,Quantum Air,Financial Services & SaaS,5999,FR,0.027,Moderate,2023-11-05,3,0,130685.55
M8957,Zenith Cafe,Healthcare & Wellness,8099,GB,0.0229,Low,2023-01-03,2,0,1507841.43
M8242,Starlight Cafe,Travel & Airlines,4511,US,0.0322,High,2023-04-15,1,1,662834.78
M7785,Quantum Solutions,Food & Dining,5812,CA,0.0196,Low,2021-02-08,7,0,1785088.53
M5475,Pioneer Direct,Healthcare & Wellness,8099,US,0.0226,Low,2022-01-16,2,0,1060865.83
M4531,Apex Mart,Gaming & Virtual Goods,7995,FR,0.0303,High,2023-03-15,2,0,1408596.88
M9394,Quantum Holdings,Crypto & Digital Assets,6051,US,0.0391,Extreme,2023-10-14,1,0,745044.41
M2864,Aero Holdings,E-Commerce & Marketplaces,5311,US,0.0242,Moderate,2021-07-03,2,0,1739364.95
M6655,Zenith Foods,Grocery & Supermarket,5411,FR,0.0188,Low,2023-11-04,1,0,106423.33
M8043,Zenith Ventures,Financial Services & SaaS,5999,CA,0.0265,Low,2024-05-01,1,0,1233839.42
M2816,Summit Holdings,Gaming & Virtual Goods,7995,GB,0.0367,High,2021-01-23,1,1,1900575.64
M5640,Horizon Cloud,Food & Dining,5812,US,0.0184,Low,2024-05-24,1,0,979326.55
M8972,BlueSky Retail,Travel & Airlines,4511,US,0.0262,High,2022-12-16,7,1,1999608.13
M9633,Vertex Ventures,Travel & Airlines,4511,IN,0.029,High,2022-03-07,3,1,356367.88
M6053,Vertex Cafe,Food & Dining,5812,US,0.0196,Low,2022-06-24,1,0,1168114.32
M1744,Summit Retail,Electronics & Computers,5732,IN,0.0199,Moderate,2020-03-26,1,0,866175.55
M4612,Vanguard Cloud,E-Commerce & Marketplaces,5311,FR,0.0255,Moderate,2022-01-21,1,0,37131.14
M7475,Apex Store,Crypto & Digital Assets,6051,IN,0.0418,Extreme,2024-01-09,1,0,1520638.22
M1897,Nexus Holdings,Healthcare & Wellness,8099,FR,0.0219,Low,2020-05-23,3,0,2213546.14
M1125,Prime Tech,Healthcare & Wellness,8099,IN,0.0207,Low,2020-04-30,2,0,1264159.93
M4349,Cyber Pay,Financial Services & SaaS,5999,DE,0.0298,Moderate,2023-09-28,2,0,1771410.71
M5938,Velocity Foods,E-Commerce & Marketplaces,5311,US,0.0219,Moderate,2022-03-11,1,0,656324.14
M4460,Velocity Pay,Travel & Airlines,4511,GB,0.0303,High,2024-06-24,2,0,393189.66
M3248,Alpha Store,Travel & Airlines,4511,DE,0.0307,High,2021-07-25,3,1,1117581.12
M5186,Starlight Direct,Electronics & Computers,5732,IN,0.0264,High,2020-12-03,1,1,901369.47
M5742,Swift Retail,Food & Dining,5812,CA,0.0181,Extreme,2021-06-25,2,1,245813.1
M6375,BlueSky Direct,Food & Dining,5812,US,0.0233,Low,2021-06-11,7,0,1219932.43
M2965,Horizon Foods,Travel & Airlines,4511,SG,0.0291,High,2020-12-01,3,1,2435470.52
M1126,SilverLine Tech,Food & Dining,5812,AU,0.0211,Low,2020-05-30,2,0,1087592.14
M9149,Nova Tech,E-Commerce & Marketplaces,5311,CA,0.0263,Moderate,2020-07-05,2,0,809344.86
M8055,Prime Air,Healthcare & Wellness,8099,DE,0.0175,Low,2022-12-01,2,0,2306993.71
M3878,Zenith Solutions,Crypto & Digital Assets,6051,DE,0.0424,Extreme,2021-08-21,2,1,657675.66
M3116,Hyper Holdings,Gaming & Virtual Goods,7995,US,0.0303,High,2024-09-14,2,1,2161365.31
M7229,Horizon Cafe,Gaming & Virtual Goods,7995,FR,0.0357,High,2022-05-19,2,0,720211.77
M9725,Nexus Pay,E-Commerce & Marketplaces,5311,DE,0.0216,Extreme,2022-10-10,1,0,1551393.1
M4770,Vanguard Logistics,Healthcare & Wellness,8099,DE,0.0219,Low,2022-12-13,3,0,1371552.21
M9196,Prime Foods,Grocery & Supermarket,5411,US,0.0141,Low,2022-06-24,7,0,1205060.47
M6802,Titan Solutions,Electronics & Computers,5732,US,0.0213,Moderate,2022-01-14,1,0,925638.24
M2180,Global Cloud,Food & Dining,5812,US,0.023,Low,2023-10-21,2,0,422687.72
M7505,Zenith Store,Grocery & Supermarket,5411,CA,0.0184,Low,2021-02-19,2,0,1163306.73
M1693,Swift Retail,Grocery & Supermarket,5411,GB,0.018,Low,2022-11-01,3,0,990490.86
M8147,Hyper Store,Electronics & Computers,5732,US,0.0212,Moderate,2020-02-04,3,0,120926.07
M1307,Alpha Retail,Food & Dining,5812,SG,0.0191,Low,2020-06-01,3,0,1609655.74
M8532,BlueSky Logistics,E-Commerce & Marketplaces,5311,US,0.0266,Moderate,2023-04-15,3,0,69903.22
M2275,Swift Cafe,Electronics & Computers,5732,AU,0.0213,Moderate,2024-08-07,7,0,725484.83
M6129,Nexus Holdings,Financial Services & SaaS,5999,GB,0.0235,Moderate,2023-12-07,2,0,674949.35
M8033,Global Store,Gaming & Virtual Goods,7995,AU,0.031,High,2020-07-07,3,0,597397.6
M7626,Nexus Logistics,Gaming & Virtual Goods,7995,GB,0.03,High,2021-02-19,1,0,183554.2
M7843,Starlight Logistics,Travel & Airlines,4511,US,0.0298,High,2023-12-16,2,0,136351.1
M5743,Titan Hub,Grocery & Supermarket,5411,GB,0.0196,Low,2021-08-27,7,0,1461951.64
M2887,Horizon Logistics,Electronics & Computers,5732,US,0.0204,Moderate,2023-12-07,2,0,1331689.66
M7636,Vertex Solutions,Healthcare & Wellness,8099,CA,0.0227,Low,2023-03-17,7,0,1266798.86
M1341,Swift Mart,Grocery & Supermarket,5411,FR,0.0133,Low,2024-05-09,1,0,1387567.65
M6321,Swift Holdings,Crypto & Digital Assets,6051,FR,0.0424,Extreme,2023-08-23,1,1,290119.21
M3815,Prime Direct,E-Commerce & Marketplaces,5311,FR,0.0225,Moderate,2024-01-02,2,0,2253873.19
M8538,Global Hub,Financial Services & SaaS,5999,AU,0.0267,Extreme,2023-11-04,1,0,200268.41
M6928,BlueSky Holdings,Food & Dining,5812,DE,0.0195,Low,2021-04-03,7,0,1081799.54
M2443,Velocity Express,Grocery & Supermarket,5411,DE,0.0125,Low,2020-12-02,2,0,115747.3
M8155,Quantum Store,Healthcare & Wellness,8099,SG,0.0229,Extreme,2022-09-03,3,0,440365.6
M2734,BlueSky Pay,Grocery & Supermarket,5411,CA,0.0152,Low,2020-04-26,3,0,1627730.12
M4986,Apex Pay,Healthcare & Wellness,8099,US,0.018,Low,2023-01-12,2,0,1234627.0
M8138,Apex Holdings,Financial Services & SaaS,5999,IN,0.0252,Moderate,2024-04-21,1,0,727532.53
M7560,Nexus Holdings,Financial Services & SaaS,5999,IN,0.0228,Moderate,2023-05-10,3,0,2142848.87
M9584,Beacon Holdings,Crypto & Digital Assets,6051,AU,0.0398,Extreme,2024-09-18,2,1,1281168.29
M2288,Nexus Store,E-Commerce & Marketplaces,5311,US,0.028,Moderate,2022-03-15,3,0,1793106.01
M7484,Cyber Cafe,Gaming & Virtual Goods,7995,US,0.034,High,2022-01-25,1,0,2031504.46
M6083,Apex Tech,Financial Services & SaaS,5999,AU,0.0222,Moderate,2021-02-02,7,0,1093642.32
M6562,Titan Mart,Food & Dining,5812,SG,0.0167,Low,2021-11-10,2,0,1458188.02
M4630,Alpha Retail,Financial Services & SaaS,5999,AU,0.0293,Moderate,2023-10-06,7,0,1344593.58
M6456,Cyber Logistics,Healthcare & Wellness,8099,CA,0.0179,Low,2020-03-28,2,0,898840.87
M3754,Titan Ventures,Electronics & Computers,5732,GB,0.0221,Moderate,2020-02-04,1,0,1251418.81
M2251,SilverLine Air,Electronics & Computers,5732,CA,0.0236,Moderate,2022-07-03,2,0,40449.15
M9363,Pulse Direct,Financial Services & SaaS,5999,CA,0.0274,Moderate,2021-06-16,1,0,1354494.97
M2868,Zenith Express,Grocery & Supermarket,5411,CA,0.0182,Low,2020-08-30,2,0,1673888.49
M9693,Nova Cloud,Electronics & Computers,5732,US,0.024,Moderate,2021-01-04,1,0,903442.11
M9355,Vertex Cafe,Grocery & Supermarket,5411,GB,0.0168,Low,2024-01-01,1,0,2112238.31
M4176,Starlight Mart,E-Commerce & Marketplaces,5311,US,0.0236,Moderate,2021-07-11,1,0,2264960.22
M6724,Beacon Solutions,Financial Services & SaaS,5999,DE,0.0287,Moderate,2023-04-08,2,0,905655.24
M6752,Pioneer Direct,E-Commerce & Marketplaces,5311,SG,0.0235,High,2023-02-22,1,0,1226943.18
M3419,Pulse Cafe,Travel & Airlines,4511,US,0.0269,High,2024-04-18,2,1,1700297.5
M4871,Starlight Store,Healthcare & Wellness,8099,IN,0.0202,Low,2024-01-08,1,0,1408174.7
M2684,SilverLine Mart,Grocery & Supermarket,5411,US,0.013,Low,2022-07-05,7,0,803772.35
M3399,Apex Holdings,Healthcare & Wellness,8099,CA,0.0221,Low,2023-10-16,1,0,1765976.5
M5193,Alpha Holdings,Gaming & Virtual Goods,7995,IN,0.0367,High,2022-12-04,1,1,465836.79
M4232,Zenith Retail,Travel & Airlines,4511,GB,0.0261,High,2024-02-03,3,1,382465.35
M3842,Global Logistics,Crypto & Digital Assets,6051,IN,0.0408,Extreme,2023-05-12,3,1,1712224.98
M3504,Aero Store,E-Commerce & Marketplaces,5311,CA,0.026,Moderate,2023-08-04,1,0,312928.6
M2234,Velocity Cafe,Grocery & Supermarket,5411,FR,0.0147,Low,2024-05-21,3,0,1219086.56
M3902,Pulse Cloud,Financial Services & SaaS,5999,GB,0.0247,Moderate,2021-05-16,1,0,2019937.58
M9095,Global Cafe,Food & Dining,5812,SG,0.018,Low,2024-02-16,3,0,465324.04
M8601,Pioneer Cafe,Travel & Airlines,4511,IN,0.0253,High,2023-05-26,1,0,1301972.76
M8354,Titan Cafe,Gaming & Virtual Goods,7995,FR,0.0338,High,2021-09-22,3,0,1387795.64
M6295,Nexus Cafe,Grocery & Supermarket,5411,US,0.0166,Low,2020-08-07,2,0,704817.84
M6179,Nova Holdings,Gaming & Virtual Goods,7995,AU,0.0336,High,2020-02-02,3,0,2499743.23
M3473,Pioneer Express,Food & Dining,5812,US,0.0218,Low,2021-03-27,7,0,1237705.17
M8205,Vanguard Mart,Gaming & Virtual Goods,7995,US,0.0317,High,2022-10-26,1,0,2075693.69
M2118,Beacon Hub,Travel & Airlines,4511,US,0.0305,High,2023-02-28,2,0,1984230.94
M8682,Starlight Ventures,E-Commerce & Marketplaces,5311,DE,0.0251,Moderate,2020-02-09,1,0,2183528.73
M8245,Titan Direct,Financial Services & SaaS,5999,FR,0.0298,Moderate,2024-06-01,3,0,2020007.23
M5961,Hyper Express,Food & Dining,5812,IN,0.0195,Low,2024-05-19,2,0,1333956.26
M5500,Vanguard Foods,Crypto & Digital Assets,6051,IN,0.0406,Moderate,2020-06-08,1,0,176289.2
M1920,Velocity Solutions,Food & Dining,5812,US,0.0237,High,2023-06-16,1,0,1970738.28
M6766,SilverLine Store,Food & Dining,5812,GB,0.0186,Low,2021-11-17,1,0,1625039.54
M9312,Alpha Tech,Electronics & Computers,5732,FR,0.0233,Moderate,2021-12-09,7,0,782539.35
M2215,Pulse Ventures,Healthcare & Wellness,8099,GB,0.0222,Low,2024-06-25,1,0,1302692.01
M6085,SilverLine Holdings,E-Commerce & Marketplaces,5311,IN,0.0223,Extreme,2024-03-31,2,1,2378751.97
M8565,Cyber Store,Food & Dining,5812,GB,0.0236,Low,2023-10-19,2,0,702477.42
M8404,Pulse Hub,Crypto & Digital Assets,6051,FR,0.0403,Extreme,2024-02-13,2,0,762304.82
M1616,Horizon Foods,Gaming & Virtual Goods,7995,US,0.0327,High,2021-02-08,2,0,1014156.6
M1932,Cyber Store,Financial Services & SaaS,5999,FR,0.0282,Moderate,2024-06-28,1,0,370662.73
M7041,Alpha Logistics,E-Commerce & Marketplaces,5311,DE,0.027,Moderate,2020-03-08,2,0,1789669.31
M5703,Aero Air,Food & Dining,5812,IN,0.0198,Low,2024-03-02,2,0,197091.79
M2257,Aero Hub,Grocery & Supermarket,5411,GB,0.0149,Low,2020-08-12,1,0,1746869.24
M2479,Prime Ventures,E-Commerce & Marketplaces,5311,US,0.0215,Moderate,2021-05-03,2,0,546688.22
M9307,Nexus Cloud,Crypto & Digital Assets,6051,DE,0.0403,Extreme,2024-01-06,7,0,2420556.7
M7299,Aero Logistics,Healthcare & Wellness,8099,GB,0.0208,Low,2020-04-03,3,0,614738.56
M8581,Apex Retail,Crypto & Digital Assets,6051,CA,0.0387,Extreme,2021-04-26,2,0,1919512.59
M1672,Pioneer Retail,Financial Services & SaaS,5999,US,0.0274,Extreme,2024-07-13,1,0,1044788.03
M8368,BlueSky Express,Grocery & Supermarket,5411,US,0.0181,Low,2020-05-17,1,0,345704.45
M4084,SilverLine Mart,E-Commerce & Marketplaces,5311,IN,0.0233,Moderate,2021-04-07,2,0,1942125.21
M6267,Aero Foods,Healthcare & Wellness,8099,US,0.022,Low,2021-11-06,2,0,1698608.11
M8792,Apex Cafe,Food & Dining,5812,AU,0.0235,Low,2022-01-30,2,0,772577.5
M9214,Summit Tech,Electronics & Computers,5732,AU,0.0232,Moderate,2023-10-12,2,0,1262689.58
M3471,Cyber Retail,E-Commerce & Marketplaces,5311,US,0.0271,Moderate,2020-02-23,1,0,1138107.82
M2013,Aero Tech,Food & Dining,5812,FR,0.017,High,2022-03-05,2,1,1337243.81
M8381,Quantum Store,Food & Dining,5812,DE,0.0232,Low,2020-10-07,3,0,2427850.04
M2695,Apex Direct,Gaming & Virtual Goods,7995,SG,0.0313,High,2021-07-26,7,0,1725669.95
M6626,Vanguard Direct,Grocery & Supermarket,5411,SG,0.012,Low,2023-11-22,2,0,1525784.53
M2381,SilverLine Cafe,Healthcare & Wellness,8099,IN,0.0197,Low,2023-07-04,3,0,685910.08
M9266,Zenith Holdings,Healthcare & Wellness,8099,AU,0.0163,Low,2021-12-31,2,0,496927.63
M3827,Cyber Direct,Crypto & Digital Assets,6051,US,0.04,Extreme,2022-05-27,1,0,2308973.67
M1641,Velocity Holdings,Electronics & Computers,5732,US,0.0217,Moderate,2020-05-12,2,0,105135.49
M5059,Vanguard Direct,Travel & Airlines,4511,DE,0.0293,High,2024-03-11,3,1,256929.85
M8172,Alpha Logistics,Food & Dining,5812,US,0.0181,Low,2020-03-02,3,0,2013513.38
M8199,Velocity Holdings,E-Commerce & Marketplaces,5311,SG,0.0251,Moderate,2020-07-22,2,0,770530.84
M9586,Nexus Logistics,Food & Dining,5812,GB,0.0183,Low,2024-09-13,2,0,856480.63
M9564,Summit Pay,Crypto & Digital Assets,6051,US,0.0356,Extreme,2023-04-11,1,1,1730817.28
M3600,Starlight Cafe,Gaming & Virtual Goods,7995,SG,0.0315,High,2020-12-13,2,1,931048.39
M6962,Aero Foods,Food & Dining,5812,CA,0.023,Low,2023-05-23,2,0,2399688.21
M7108,Vanguard Air,Grocery & Supermarket,5411,GB,0.0166,Low,2024-09-20,1,0,1097351.35
M5634,Nova Cloud,Healthcare & Wellness,8099,AU,0.0189,Low,2021-01-28,3,0,423642.64
M7347,Beacon Solutions,Food & Dining,5812,US,0.0226,Low,2021-08-21,2,0,2152480.65
M7697,Starlight Retail,Travel & Airlines,4511,US,0.0279,High,2021-03-19,3,0,980414.12
M6543,Starlight Retail,Travel & Airlines,4511,CA,0.0293,High,2021-07-10,2,0,782282.06
M1857,Alpha Solutions,Healthcare & Wellness,8099,GB,0.0208,Low,2021-12-27,7,0,930064.32
M6482,Starlight Cafe,Travel & Airlines,4511,DE,0.0311,High,2024-08-06,3,0,839720.58
M2079,SilverLine Holdings,Financial Services & SaaS,5999,DE,0.0292,Moderate,2023-10-20,1,0,942841.38
M6401,Summit Air,Travel & Airlines,4511,SG,0.0295,High,2023-10-11,7,0,312684.96
M2548,Beacon Store,Food & Dining,5812,FR,0.0173,Low,2021-04-09,2,0,1784541.18
M7333,Beacon Logistics,E-Commerce & Marketplaces,5311,DE,0.0215,Moderate,2021-10-19,2,0,1123388.75
M5655,SilverLine Tech,Healthcare & Wellness,8099,DE,0.02,Low,2023-10-23,2,0,556967.04
M5128,Pulse Express,Food & Dining,5812,AU,0.0235,Low,2021-04-27,2,0,2265330.28
M3463,Apex Tech,Gaming & Virtual Goods,7995,DE,0.0303,High,2021-04-12,3,0,1437090.06
M6461,Titan Direct,Crypto & Digital Assets,6051,GB,0.0355,Extreme,2020-03-23,2,0,1240177.81
M2335,Prime Tech,E-Commerce & Marketplaces,5311,US,0.0234,Moderate,2023-06-02,2,0,1607327.61
M3317,Horizon Foods,Crypto & Digital Assets,6051,US,0.0426,Extreme,2020-12-31,1,1,1927594.45
M6731,Aero Foods,Healthcare & Wellness,8099,US,0.0205,Low,2022-01-01,7,0,1352249.31
M6082,Prime Cloud,Grocery & Supermarket,5411,AU,0.0135,Low,2023-09-27,3,0,84599.15
M7421,Global Tech,Healthcare & Wellness,8099,SG,0.0216,Low,2023-01-13,1,0,734892.43
M3112,Summit Air,Grocery & Supermarket,5411,SG,0.016,Low,2021-08-30,1,0,2014926.84
M2388,Beacon Direct,Travel & Airlines,4511,CA,0.0308,High,2024-01-04,2,0,1367781.69
M6072,Pulse Solutions,Grocery & Supermarket,5411,GB,0.0192,Low,2022-10-06,3,0,1345300.86
M7171,Pioneer Express,Electronics & Computers,5732,CA,0.0269,Moderate,2023-07-27,2,0,2408574.45
M6381,Nova Cafe,Grocery & Supermarket,5411,FR,0.0181,Low,2021-10-02,7,0,420691.69
M3093,Cyber Store,Travel & Airlines,4511,IN,0.0309,Moderate,2021-12-26,2,0,493545.13
M9624,Beacon Holdings,Travel & Airlines,4511,AU,0.0289,High,2022-10-06,3,0,1156099.57
M2531,Vanguard Tech,Crypto & Digital Assets,6051,FR,0.041,Extreme,2020-09-17,3,0,1845454.9
M7937,Global Direct,Crypto & Digital Assets,6051,SG,0.0353,Extreme,2024-04-22,3,0,1405436.98
M9331,Pulse Holdings,Healthcare & Wellness,8099,DE,0.0198,Low,2021-03-04,7,0,1535397.03
M1298,Apex Foods,Food & Dining,5812,DE,0.0174,Low,2022-05-04,3,0,2112921.68
M6940,Vertex Store,E-Commerce & Marketplaces,5311,US,0.0231,Moderate,2023-03-11,7,0,1154458.47
M6060,Beacon Store,Crypto & Digital Assets,6051,AU,0.0388,Extreme,2023-03-20,3,0,664496.39
M3953,Velocity Direct,Financial Services & SaaS,5999,FR,0.0242,Moderate,2021-05-20,3,0,1009717.94
M4509,Vertex Express,Electronics & Computers,5732,IN,0.0224,Moderate,2023-11-10,2,0,995537.94
M6598,Starlight Hub,Healthcare & Wellness,8099,GB,0.0168,Low,2022-02-17,1,0,2225921.52
M8967,Global Express,Grocery & Supermarket,5411,US,0.0165,Low,2020-08-20,2,0,1265860.85
M4145,Starlight Holdings,Travel & Airlines,4511,FR,0.0292,High,2020-02-15,3,0,1082533.91
M4711,Nexus Logistics,Electronics & Computers,5732,DE,0.0257,Moderate,2024-06-08,2,0,1226890.91
M3253,Prime Mart,Gaming & Virtual Goods,7995,IN,0.0328,High,2021-10-13,2,1,1097535.8
M3538,Swift Air,Gaming & Virtual Goods,7995,FR,0.034,High,2021-03-31,7,0,1151424.85
M2264,Titan Cafe,Travel & Airlines,4511,CA,0.0281,High,2020-03-13,7,0,2225077.85
M5846,Zenith Retail,Crypto & Digital Assets,6051,US,0.0393,Extreme,2023-07-19,3,1,203719.15
M2657,Prime Solutions,Food & Dining,5812,CA,0.0187,Extreme,2020-06-20,2,1,1663185.69
M9317,Global Foods,E-Commerce & Marketplaces,5311,IN,0.0244,Moderate,2020-03-20,3,0,1046075.63
M9843,Summit Ventures,Grocery & Supermarket,5411,US,0.0181,Extreme,2020-10-18,2,0,1858410.14
M9626,Pulse Tech,Travel & Airlines,4511,GB,0.0327,High,2023-04-15,2,0,2333064.96
M1618,Vanguard Holdings,Grocery & Supermarket,5411,AU,0.0163,Low,2022-12-25,2,0,355740.48
M6517,Global Ventures,Financial Services & SaaS,5999,SG,0.0286,Moderate,2021-07-17,1,0,417498.79
M3147,BlueSky Cafe,Electronics & Computers,5732,GB,0.0226,Moderate,2023-11-27,2,0,747869.27
M7172,Prime Mart,Electronics & Computers,5732,US,0.0256,Moderate,2023-11-10,2,0,2102491.96
M3527,Starlight Pay,Electronics & Computers,5732,US,0.0225,Moderate,2022-10-10,1,0,338739.18
M3658,Swift Ventures,Grocery & Supermarket,5411,AU,0.0141,Low,2021-06-25,3,0,1859509.39
M3962,Starlight Hub,Travel & Airlines,4511,GB,0.0321,High,2022-01-26,2,0,866794.37
M3712,Alpha Store,Electronics & Computers,5732,AU,0.0236,Moderate,2022-08-21,3,0,1098355.89
M8170,Nova Direct,Electronics & Computers,5732,US,0.0195,Moderate,2022-04-22,2,0,783529.5
M1715,Alpha Pay,Food & Dining,5812,CA,0.0227,Low,2023-02-05,2,0,2232818.2
M7731,Velocity Cafe,Financial Services & SaaS,5999,CA,0.0291,Moderate,2024-01-08,1,0,536358.85
M6968,Prime Ventures,Crypto & Digital Assets,6051,CA,0.0413,Extreme,2021-11-07,2,0,345160.56
M4891,Horizon Logistics,Grocery & Supermarket,5411,FR,0.0185,Low,2022-02-09,1,0,133444.62
M8277,Pulse Hub,Food & Dining,5812,US,0.0224,Low,2024-05-31,1,0,1111284.03
M5668,Nova Express,E-Commerce & Marketplaces,5311,US,0.0227,Moderate,2021-04-26,1,0,329064.5
M8355,SilverLine Air,Grocery & Supermarket,5411,AU,0.0198,Low,2020-06-29,2,0,2162012.32
M4833,Zenith Tech,Financial Services & SaaS,5999,AU,0.0261,Moderate,2020-05-24,2,0,2217183.24
M9749,Vertex Tech,Grocery & Supermarket,5411,CA,0.012,Moderate,2020-05-23,7,0,1355993.67
M4918,Hyper Pay,Financial Services & SaaS,5999,AU,0.0227,Moderate,2021-06-24,1,0,177769.57
M6070,Global Ventures,Travel & Airlines,4511,IN,0.0326,High,2021-12-31,1,0,426862.75
M8684,Global Hub,Crypto & Digital Assets,6051,FR,0.0362,Extreme,2021-11-03,7,0,2033729.29
M4178,Hyper Air,Healthcare & Wellness,8099,GB,0.0171,High,2021-01-15,2,0,1162505.86
M7026,Vertex Pay,Crypto & Digital Assets,6051,SG,0.0389,Extreme,2021-05-26,1,0,2231548.75
M8218,Summit Retail,Electronics & Computers,5732,US,0.0236,Moderate,2024-03-21,1,0,720300.27
M8564,BlueSky Air,Crypto & Digital Assets,6051,SG,0.0422,Extreme,2021-03-17,1,1,1732333.39
M5616,Zenith Ventures,Electronics & Computers,5732,CA,0.0236,Moderate,2020-08-25,2,0,617097.89
M7256,Titan Cafe,Electronics & Computers,5732,GB,0.022,Moderate,2020-12-06,3,0,1046179.49
M9239,BlueSky Tech,Gaming & Virtual Goods,7995,DE,0.0325,High,2023-10-06,2,1,1719482.59
M9641,BlueSky Air,Financial Services & SaaS,5999,FR,0.0259,Moderate,2022-09-17,3,0,991706.13
M7859,Cyber Direct,Electronics & Computers,5732,US,0.0195,Moderate,2021-07-03,2,0,849470.1
M3655,Titan Cloud,Electronics & Computers,5732,DE,0.0239,Moderate,2021-03-12,7,0,1687359.29
M4271,Cyber Tech,E-Commerce & Marketplaces,5311,US,0.0277,Moderate,2022-12-01,1,0,1036923.11
M3267,Beacon Ventures,Financial Services & SaaS,5999,FR,0.0295,Moderate,2024-07-23,3,0,643365.45
M5096,Nexus Express,Travel & Airlines,4511,US,0.0294,High,2021-06-06,2,0,1299303.47
M1854,Horizon Direct,Crypto & Digital Assets,6051,SG,0.0363,Extreme,2022-05-06,1,0,2480787.55
M8873,Nova Ventures,Grocery & Supermarket,5411,FR,0.013,Extreme,2020-02-19,2,1,1422617.94
M7081,Pioneer Mart,Financial Services & SaaS,5999,SG,0.0265,Moderate,2021-07-26,7,0,1754632.63
M2680,Alpha Tech,Grocery & Supermarket,5411,US,0.0148,Low,2020-03-19,3,0,733138.9
M9452,Horizon Pay,Healthcare & Wellness,8099,US,0.0201,High,2021-09-16,2,1,1810728.58
M3042,Pioneer Air,Travel & Airlines,4511,SG,0.0292,High,2023-06-18,2,0,671160.14
M5670,Aero Mart,Electronics & Computers,5732,DE,0.0229,Moderate,2020-10-31,2,0,1584250.14
M2374,Apex Direct,Electronics & Computers,5732,US,0.0215,Moderate,2023-07-15,2,0,600040.7
M3626,Horizon Cloud,Electronics & Computers,5732,US,0.0211,Moderate,2022-03-20,7,0,103809.8
M5469,Swift Foods,Food & Dining,5812,IN,0.0204,High,2023-10-30,1,0,1132687.55
M8361,Global Hub,E-Commerce & Marketplaces,5311,FR,0.0266,Moderate,2020-12-26,3,0,1507747.08
M9410,Global Hub,Healthcare & Wellness,8099,US,0.0199,Low,2020-04-20,7,0,1548989.06
M3414,Alpha Direct,Financial Services & SaaS,5999,CA,0.0299,Moderate,2020-08-09,1,0,1688610.45
M8167,Swift Cafe,Crypto & Digital Assets,6051,IN,0.0424,Extreme,2024-05-18,3,1,914789.87
M2502,Summit Direct,E-Commerce & Marketplaces,5311,US,0.0277,Moderate,2023-03-31,2,0,841402.88
M4637,Alpha Cafe,Electronics & Computers,5732,DE,0.0197,Moderate,2021-03-10,7,0,1355236.2
M8391,Titan Holdings,Financial Services & SaaS,5999,US,0.0268,Moderate,2023-01-07,2,0,162795.18
M6727,Nova Pay,Electronics & Computers,5732,FR,0.0247,Moderate,2022-11-01,1,0,431730.68
M1436,Pulse Hub,Food & Dining,5812,SG,0.0216,Extreme,2022-12-23,2,0,171831.14
M7797,Apex Cloud,Financial Services & SaaS,5999,AU,0.023,High,2022-09-14,2,0,1913665.66
M1872,Prime Express,Food & Dining,5812,US,0.0212,Low,2022-09-24,2,0,1432249.03
M7495,Vertex Holdings,Travel & Airlines,4511,IN,0.0295,High,2021-10-01,2,0,1253989.04
M9224,Alpha Store,Travel & Airlines,4511,US,0.0325,High,2021-08-28,3,1,691755.68
M7126,Cyber Pay,Food & Dining,5812,US,0.0221,Low,2021-02-21,2,0,2468267.39
M4862,Pulse Retail,Gaming & Virtual Goods,7995,FR,0.036,High,2020-06-21,7,0,813231.27
M7326,Pulse Mart,Travel & Airlines,4511,FR,0.0288,High,2022-12-27,2,1,19318.88
M2337,Hyper Foods,Financial Services & SaaS,5999,SG,0.0263,Moderate,2021-06-02,2,0,990497.86
M7142,Hyper Retail,Grocery & Supermarket,5411,FR,0.0162,Low,2023-09-28,1,0,1871761.98
M4678,Horizon Direct,Electronics & Computers,5732,DE,0.0255,Moderate,2021-05-22,7,0,2424011.03
M1461,Nexus Foods,Crypto & Digital Assets,6051,SG,0.038,Extreme,2024-02-14,1,1,2205043.06
M6221,Swift Tech,Gaming & Virtual Goods,7995,DE,0.0367,High,2021-07-27,3,1,2236674.97
M2623,Starlight Mart,Financial Services & SaaS,5999,FR,0.0263,Moderate,2023-04-26,3,0,757538.53
M6493,Velocity Solutions,Gaming & Virtual Goods,7995,CA,0.0329,High,2021-11-17,2,0,1541125.21
M3392,SilverLine Cafe,Electronics & Computers,5732,AU,0.0192,Moderate,2024-01-29,1,0,886410.36
M3254,Nexus Ventures,Healthcare & Wellness,8099,AU,0.023,Low,2022-07-06,2,0,1735314.83
M1627,Zenith Solutions,Electronics & Computers,5732,US,0.026,Moderate,2024-02-13,2,0,559148.29
M5700,Hyper Logistics,Grocery & Supermarket,5411,CA,0.0175,Low,2024-01-26,2,0,1047892.9
M8740,Vanguard Store,Crypto & Digital Assets,6051,DE,0.0367,Extreme,2024-07-15,2,1,212532.31
M3273,Summit Foods,Food & Dining,5812,IN,0.0217,Low,2024-06-12,2,0,905816.36
M8685,Summit Store,Grocery & Supermarket,5411,US,0.0159,Low,2023-12-04,2,0,226874.34
M8349,Beacon Holdings,Food & Dining,5812,CA,0.0201,Low,2021-07-18,3,0,1034138.14
M1086,Hyper Solutions,Healthcare & Wellness,8099,US,0.0221,Low,2022-10-02,2,0,1612054.89
M2298,Pulse Retail,Food & Dining,5812,US,0.02,Low,2020-08-11,1,0,2268304.17
M1311,Zenith Cloud,E-Commerce & Marketplaces,5311,DE,0.0284,Moderate,2022-06-30,2,0,934088.93
M4533,Aero Direct,Gaming & Virtual Goods,7995,US,0.0336,High,2021-05-01,2,0,2108203.61
M3449,Global Solutions,Financial Services & SaaS,5999,SG,0.0229,Moderate,2023-12-24,7,0,214401.39
M9991,Beacon Holdings,Travel & Airlines,4511,GB,0.029,High,2021-04-17,1,0,237790.16
M9647,Swift Direct,Crypto & Digital Assets,6051,US,0.0354,High,2022-04-29,2,1,948235.83
M7934,BlueSky Cloud,Gaming & Virtual Goods,7995,US,0.0362,High,2021-08-05,7,0,2283098.08
M2821,Pioneer Tech,Food & Dining,5812,SG,0.0162,Low,2023-02-03,2,0,2207321.64
M5720,Nexus Express,Grocery & Supermarket,5411,GB,0.0139,Low,2024-01-18,7,0,1301585.34
M4893,Apex Mart,Financial Services & SaaS,5999,SG,0.0231,Moderate,2021-09-05,7,0,1037537.8
M5934,Nova Ventures,Healthcare & Wellness,8099,GB,0.0195,Low,2022-08-06,7,0,1091297.61
M2996,Hyper Tech,Financial Services & SaaS,5999,CA,0.0241,Moderate,2022-02-18,1,0,993494.57
M1782,Aero Mart,Food & Dining,5812,IN,0.0181,Low,2020-09-15,3,0,65680.05
M4906,BlueSky Holdings,Food & Dining,5812,AU,0.0199,High,2021-07-28,1,1,361867.85
M8489,Aero Cafe,Financial Services & SaaS,5999,US,0.0279,Moderate,2024-09-21,2,0,872828.16
M2029,Alpha Logistics,E-Commerce & Marketplaces,5311,AU,0.027,Moderate,2023-05-07,1,0,284229.63
M9189,Vertex Mart,Financial Services & SaaS,5999,CA,0.023,Moderate,2021-06-12,2,0,2303296.92
M9782,Quantum Holdings,Electronics & Computers,5732,SG,0.0262,Moderate,2020-09-24,2,0,2429213.5
M1269,Vanguard Solutions,Crypto & Digital Assets,6051,US,0.0397,Extreme,2022-06-08,1,0,1761200.22
M9443,Nova Solutions,Gaming & Virtual Goods,7995,US,0.0299,High,2021-04-21,2,0,811774.48
M4963,SilverLine Store,Travel & Airlines,4511,SG,0.033,High,2024-07-04,7,0,1439479.88
M3352,Quantum Ventures,Food & Dining,5812,AU,0.022,High,2021-03-20,2,0,734915.92
M5772,BlueSky Express,E-Commerce & Marketplaces,5311,US,0.0285,Moderate,2021-05-09,7,0,2451950.31
M8032,Cyber Cafe,Financial Services & SaaS,5999,FR,0.0269,Moderate,2021-10-05,2,0,1444329.5
M1025,Pulse Cloud,Grocery & Supermarket,5411,CA,0.0143,Low,2022-04-15,1,0,2078602.39
M6780,Global Store,Electronics & Computers,5732,FR,0.025,Moderate,2023-03-18,2,0,2047546.77
M4941,Swift Direct,Food & Dining,5812,DE,0.0224,Low,2023-03-16,7,0,1063984.88
M7825,Pioneer Direct,Gaming & Virtual Goods,7995,CA,0.0322,High,2022-06-02,1,0,614729.06
M4068,Summit Foods,Financial Services & SaaS,5999,DE,0.0238,Moderate,2021-06-28,7,0,1391079.13
M2402,Zenith Foods,Food & Dining,5812,DE,0.0217,Low,2024-08-28,2,0,1928278.2
M9576,Pulse Air,E-Commerce & Marketplaces,5311,US,0.0222,Moderate,2021-01-03,2,0,1720349.94
M6908,Aero Express,Grocery & Supermarket,5411,FR,0.0172,Extreme,2021-05-12,2,0,253632.61
M2108,Pulse Mart,Financial Services & SaaS,5999,DE,0.0294,Moderate,2024-05-06,3,0,1761835.64
M9618,Beacon Mart,Crypto & Digital Assets,6051,CA,0.0358,Extreme,2023-11-14,2,1,1520181.94
M9914,Zenith Holdings,Travel & Airlines,4511,AU,0.0271,High,2023-05-14,1,0,99772.57
M9316,Horizon Direct,E-Commerce & Marketplaces,5311,US,0.0231,High,2020-05-10,3,1,423180.47
M1333,SilverLine Hub,Financial Services & SaaS,5999,US,0.029,Moderate,2020-09-18,7,0,1691511.36
M7397,Zenith Store,Gaming & Virtual Goods,7995,SG,0.0295,High,2022-05-15,1,1,2376310.65
M8702,Hyper Store,Crypto & Digital Assets,6051,GB,0.0359,Extreme,2022-03-04,2,0,1127565.61
M1713,Horizon Solutions,Financial Services & SaaS,5999,DE,0.023,Extreme,2021-12-02,2,0,1615526.69
M7338,Cyber Tech,E-Commerce & Marketplaces,5311,CA,0.024,Moderate,2021-05-14,3,0,2093435.99
M7116,Pulse Holdings,E-Commerce & Marketplaces,5311,US,0.0263,Moderate,2023-01-16,7,0,966175.71
M5155,Titan Direct,Travel & Airlines,4511,SG,0.0309,High,2021-03-07,1,0,354909.12
M1266,Hyper Retail,Financial Services & SaaS,5999,GB,0.0287,Moderate,2023-01-23,3,0,1089416.65
M6850,Swift Store,E-Commerce & Marketplaces,5311,FR,0.0278,Moderate,2024-02-16,2,0,1082217.69
M2106,Alpha Hub,Financial Services & SaaS,5999,IN,0.0286,Moderate,2020-04-23,7,0,392292.9
M6649,Zenith Foods,Food & Dining,5812,IN,0.0234,Low,2020-04-30,2,0,478550.4
M4950,Beacon Express,Financial Services & SaaS,5999,GB,0.0226,Moderate,2020-08-24,3,0,1500419.66
M2698,Quantum Store,Financial Services & SaaS,5999,SG,0.0239,Moderate,2024-07-18,1,0,2245755.14
M6447,Vertex Tech,Gaming & Virtual Goods,7995,GB,0.0363,High,2022-02-18,1,1,1615810.35
M3185,Cyber Express,Travel & Airlines,4511,GB,0.0278,High,2020-11-12,2,0,278747.05
M1726,Velocity Store,Crypto & Digital Assets,6051,CA,0.0385,High,2024-03-09,1,1,1060959.34
M6772,Swift Store,Crypto & Digital Assets,6051,AU,0.0376,Extreme,2020-07-01,1,1,78195.06
M9945,Nexus Logistics,Travel & Airlines,4511,US,0.0303,High,2024-01-30,2,1,855549.79
M6546,Global Tech,Travel & Airlines,4511,US,0.0321,Moderate,2022-08-02,2,0,577629.47
M3868,BlueSky Foods,Financial Services & SaaS,5999,IN,0.0245,Low,2023-10-03,2,0,85196.26
M8612,Vanguard Retail,Food & Dining,5812,GB,0.0218,Low,2022-08-23,1,0,2224686.73
M8840,Quantum Cloud,Gaming & Virtual Goods,7995,SG,0.0302,High,2023-07-29,3,1,1905826.37
M3986,Titan Tech,Healthcare & Wellness,8099,IN,0.0225,Low,2021-10-06,7,0,1133896.41
M3209,Vanguard Cafe,Food & Dining,5812,AU,0.0208,Low,2022-05-07,2,0,2113267.18
M2033,Nexus Direct,Financial Services & SaaS,5999,US,0.0276,High,2021-07-21,1,1,1915953.08
M8498,Prime Hub,Travel & Airlines,4511,DE,0.0258,Moderate,2020-07-07,2,0,1270451.07
M1605,Horizon Hub,Grocery & Supermarket,5411,DE,0.018,Low,2023-07-05,1,0,1978198.27
M5807,Summit Express,Travel & Airlines,4511,US,0.0287,High,2022-10-31,2,1,1783714.73
M4302,Horizon Solutions,Electronics & Computers,5732,GB,0.0237,Moderate,2020-04-07,1,0,906359.82
M1717,Swift Express,Financial Services & SaaS,5999,US,0.027,Moderate,2023-08-11,2,0,1048194.24
M4268,Zenith Express,Crypto & Digital Assets,6051,FR,0.0403,Extreme,2023-02-14,3,1,1113626.0
M1686,Beacon Cloud,Travel & Airlines,4511,US,0.0266,High,2024-08-17,2,1,805721.45
M6170,BlueSky Retail,Grocery & Supermarket,5411,SG,0.015,Low,2022-09-15,1,0,2044348.89
M6080,Pulse Cafe,Grocery & Supermarket,5411,US,0.0184,Low,2024-02-21,7,0,1385044.96
M9444,Nova Hub,Food & Dining,5812,CA,0.0175,Low,2020-03-09,1,0,437664.65
M7524,Alpha Express,E-Commerce & Marketplaces,5311,SG,0.0274,Moderate,2020-02-07,1,0,1058918.4
M9897,Vertex Foods,E-Commerce & Marketplaces,5311,US,0.0213,Moderate,2024-06-11,2,0,768503.86
M8756,Global Air,Financial Services & SaaS,5999,US,0.0247,Extreme,2024-07-10,7,0,1052942.2
M5150,Prime Ventures,Financial Services & SaaS,5999,US,0.0244,Moderate,2022-10-27,1,0,1893706.94
M1599,Velocity Direct,Crypto & Digital Assets,6051,SG,0.0367,Extreme,2020-04-30,2,0,123393.69
M4131,Cyber Pay,Electronics & Computers,5732,IN,0.0252,Moderate,2023-11-05,2,0,1885807.65
M5687,Apex Cafe,Crypto & Digital Assets,6051,DE,0.0413,Extreme,2020-07-17,1,0,2388989.15
M6848,Velocity Mart,Food & Dining,5812,FR,0.0228,Low,2020-04-13,3,0,2391077.39
M1783,Prime Solutions,Grocery & Supermarket,5411,US,0.0193,Extreme,2021-01-05,7,0,2311761.99
M6438,Apex Cafe,Crypto & Digital Assets,6051,FR,0.0422,Low,2021-08-15,1,0,1733096.43
M5476,Vertex Cafe,Grocery & Supermarket,5411,IN,0.0129,Low,2023-04-13,3,0,595741.73
M3039,Alpha Direct,Crypto & Digital Assets,6051,US,0.0363,Extreme,2021-08-20,1,1,1132538.25
M7029,Vanguard Express,Healthcare & Wellness,8099,FR,0.0187,Low,2022-06-15,1,0,640596.58
M8159,Starlight Air,Healthcare & Wellness,8099,AU,0.0154,High,2024-04-03,1,0,899380.81
M7553,Vanguard Store,Healthcare & Wellness,8099,IN,0.0222,Low,2021-07-14,2,0,1304003.42
M8204,SilverLine Pay,Gaming & Virtual Goods,7995,US,0.0339,High,2021-04-26,3,0,1242982.83
M7334,Zenith Pay,Electronics & Computers,5732,US,0.0208,Moderate,2022-07-14,1,0,1884871.48
M6554,Velocity Cloud,Gaming & Virtual Goods,7995,FR,0.0299,High,2023-01-15,1,1,1118294.55
M4060,Alpha Cafe,Food & Dining,5812,CA,0.0188,Low,2022-08-21,2,0,250006.87
M9129,Nova Cloud,Gaming & Virtual Goods,7995,SG,0.0369,High,2022-04-25,1,0,270004.86
M9151,Swift Ventures,Travel & Airlines,4511,GB,0.0322,High,2021-08-21,2,0,1705854.09
M7018,Swift Cafe,Travel & Airlines,4511,GB,0.0305,High,2021-07-16,2,1,1836176.82
M9507,Alpha Cloud,Healthcare & Wellness,8099,US,0.0156,Low,2024-05-21,1,0,2216642.39
M5369,Starlight Express,E-Commerce & Marketplaces,5311,DE,0.0255,Moderate,2023-10-23,3,0,1415612.14
M2353,Apex Retail,Crypto & Digital Assets,6051,US,0.0358,Moderate,2020-06-17,2,0,323410.34
M7955,Aero Cloud,Crypto & Digital Assets,6051,IN,0.0388,Extreme,2023-02-20,2,1,1043031.25
M2293,Horizon Foods,Healthcare & Wellness,8099,IN,0.017,High,2020-12-28,2,0,1073720.07
M3956,Zenith Hub,Travel & Airlines,4511,US,0.0307,High,2021-07-15,7,1,2344599.07
M9937,Summit Solutions,Grocery & Supermarket,5411,US,0.0191,Low,2022-02-08,1,0,1468799.81
M5813,Apex Retail,E-Commerce & Marketplaces,5311,CA,0.0282,Moderate,2022-04-30,2,0,1252048.34
M6262,Vanguard Express,Healthcare & Wellness,8099,AU,0.0154,Low,2024-07-16,7,0,809700.98
M2311,Nova Cafe,Gaming & Virtual Goods,7995,DE,0.0328,High,2023-10-01,3,0,2018211.73
M6372,Summit Store,Electronics & Computers,5732,IN,0.0245,Moderate,2020-03-30,2,0,1176147.33
M5843,BlueSky Cafe,Financial Services & SaaS,5999,CA,0.0222,Moderate,2023-07-04,7,0,1595540.69
M6021,Aero Solutions,Gaming & Virtual Goods,7995,DE,0.0361,High,2024-05-15,2,0,1900587.13
M8305,Horizon Cafe,Healthcare & Wellness,8099,SG,0.0223,Low,2024-09-06,1,0,1183683.09
M7981,Global Express,Crypto & Digital Assets,6051,GB,0.038,Extreme,2021-10-25,7,1,132998.97
M3730,Apex Air,Travel & Airlines,4511,GB,0.0328,High,2024-04-22,2,0,1948027.35
M8272,BlueSky Store,Travel & Airlines,4511,US,0.0271,High,2023-11-17,2,0,67700.83
M6759,Velocity Logistics,Healthcare & Wellness,8099,US,0.0161,Low,2021-06-23,3,0,1532762.21
M8325,Pioneer Foods,E-Commerce & Marketplaces,5311,FR,0.0271,Moderate,2021-02-19,1,0,2236463.73
M6776,BlueSky Store,Crypto & Digital Assets,6051,IN,0.0394,Extreme,2021-07-29,7,0,1781514.36
M8126,Titan Holdings,Grocery & Supermarket,5411,US,0.0128,Low,2020-08-15,1,0,901000.73
M5498,Swift Ventures,E-Commerce & Marketplaces,5311,GB,0.0217,Moderate,2023-04-02,7,0,1870074.47
M1939,Pioneer Foods,Food & Dining,5812,IN,0.0175,Low,2022-12-19,2,0,1023031.11
M2229,Starlight Ventures,E-Commerce & Marketplaces,5311,IN,0.0235,Moderate,2021-02-02,7,0,1574122.44
M7655,Aero Ventures,E-Commerce & Marketplaces,5311,CA,0.028,Moderate,2021-04-22,3,0,1409035.04
M6952,Nexus Retail,E-Commerce & Marketplaces,5311,IN,0.0281,Moderate,2023-09-08,3,0,576957.55
M9406,Beacon Mart,Food & Dining,5812,IN,0.0168,Low,2024-06-14,3,0,2183220.9
M3621,Starlight Foods,Gaming & Virtual Goods,7995,US,0.0369,High,2021-03-08,2,1,2085366.02
M1510,Pioneer Solutions,Gaming & Virtual Goods,7995,IN,0.0369,High,2020-02-27,2,0,2209665.35
M3339,Horizon Express,Crypto & Digital Assets,6051,IN,0.0379,Extreme,2020-08-29,7,0,1761116.27
M8179,Titan Mart,Crypto & Digital Assets,6051,DE,0.0425,Extreme,2021-11-17,7,0,1454513.46
M1570,Summit Cloud,Healthcare & Wellness,8099,GB,0.0209,Low,2021-01-01,1,0,424754.69
M3068,Nova Cloud,Crypto & Digital Assets,6051,FR,0.041,Extreme,2021-05-27,1,1,316336.39
M2101,Aero Direct,Food & Dining,5812,SG,0.0231,Low,2020-07-14,1,0,1581127.31
M4866,Pioneer Express,E-Commerce & Marketplaces,5311,US,0.0237,Moderate,2021-03-27,1,0,2006403.17
M7001,Titan Tech,Grocery & Supermarket,5411,AU,0.0125,Low,2022-02-15,2,0,2027293.33
M6933,Aero Express,Travel & Airlines,4511,AU,0.0288,High,2020-09-01,1,0,1043017.41
M7272,Prime Hub,Travel & Airlines,4511,IN,0.0324,High,2022-10-20,7,0,1805259.71
M1530,Hyper Direct,Financial Services & SaaS,5999,AU,0.0275,Moderate,2021-01-15,1,0,2275059.49
M3513,Titan Store,Food & Dining,5812,DE,0.0229,Low,2024-03-17,2,0,1747656.27
M8371,Titan Foods,E-Commerce & Marketplaces,5311,DE,0.027,Moderate,2022-07-03,2,0,655297.66
M7077,Starlight Mart,Crypto & Digital Assets,6051,GB,0.0401,Moderate,2023-12-27,7,0,89084.72
M7095,Horizon Mart,Financial Services & SaaS,5999,FR,0.0287,Moderate,2022-07-27,1,0,2045443.63
M8273,Aero Holdings,E-Commerce & Marketplaces,5311,US,0.0261,Moderate,2022-03-13,1,0,1378293.19
M2259,Nova Foods,E-Commerce & Marketplaces,5311,IN,0.0255,Moderate,2020-04-04,2,0,2155916.31
M3255,Vertex Air,Healthcare & Wellness,8099,DE,0.017,Low,2023-01-11,1,0,1551260.83
M9674,Vertex Cloud,Crypto & Digital Assets,6051,US,0.0394,Extreme,2024-03-28,2,0,442189.07
M7012,Velocity Retail,Travel & Airlines,4511,IN,0.0255,High,2020-03-29,1,0,374959.2
M7521,BlueSky Tech,Electronics & Computers,5732,CA,0.0242,Moderate,2022-10-21,1,0,722949.76
M6150,Global Pay,Food & Dining,5812,IN,0.0203,Low,2023-03-24,1,0,929542.24
M5566,Beacon Retail,Healthcare & Wellness,8099,US,0.0178,Low,2023-02-06,2,0,851713.94
M5089,Nexus Express,Electronics & Computers,5732,FR,0.0231,Moderate,2024-04-06,1,0,1670519.95
M2858,Aero Hub,Healthcare & Wellness,8099,AU,0.0199,Moderate,2022-01-22,2,0,382999.5
M1424,Starlight Logistics,Financial Services & SaaS,5999,US,0.0272,Moderate,2024-02-02,1,0,725577.94
M4048,Pulse Hub,Grocery & Supermarket,5411,GB,0.0159,Low,2024-02-06,2,0,115655.4
M9176,Apex Direct,Food & Dining,5812,FR,0.0169,Low,2023-09-28,3,0,2317056.25
M9482,Horizon Cloud,Crypto & Digital Assets,6051,DE,0.0402,Extreme,2022-03-17,2,1,1101601.78
M7340,BlueSky Mart,Healthcare & Wellness,8099,US,0.0165,Low,2022-03-06,2,0,926676.29
M2929,SilverLine Store,Healthcare & Wellness,8099,AU,0.0195,Low,2023-03-03,1,0,178349.51
M5288,Alpha Foods,Crypto & Digital Assets,6051,US,0.0368,Extreme,2022-03-22,2,0,735993.55
M5264,Nexus Express,Crypto & Digital Assets,6051,AU,0.0358,Extreme,2022-06-08,1,0,1829809.25
M8311,Starlight Store,Crypto & Digital Assets,6051,FR,0.0418,Extreme,2020-11-05,1,0,2156011.67
M4515,Alpha Direct,Travel & Airlines,4511,GB,0.0316,Extreme,2022-04-08,3,0,746372.96
M5678,BlueSky Solutions,Gaming & Virtual Goods,7995,US,0.0308,High,2023-07-12,1,0,1273231.74
M9047,Vanguard Pay,Healthcare & Wellness,8099,CA,0.019,Extreme,2020-08-14,7,1,381217.84
M4279,Cyber Express,E-Commerce & Marketplaces,5311,AU,0.0271,Moderate,2020-09-20,7,0,1843805.67
M3009,Apex Cafe,Grocery & Supermarket,5411,SG,0.0174,Low,2020-08-24,3,0,2428742.18
M3223,Summit Express,Travel & Airlines,4511,US,0.0269,High,2024-03-12,1,0,195393.7
M2213,Alpha Mart,Crypto & Digital Assets,6051,AU,0.0401,Extreme,2021-03-17,7,1,446577.66
M8406,SilverLine Cloud,Food & Dining,5812,AU,0.0197,Low,2022-11-24,1,0,886551.49
M3828,Pioneer Tech,Financial Services & SaaS,5999,US,0.0242,Moderate,2024-07-10,2,0,2201557.32
M8292,Hyper Store,Gaming & Virtual Goods,7995,DE,0.0362,High,2022-12-17,3,0,1285198.21
M2438,Horizon Hub,Electronics & Computers,5732,AU,0.0258,Moderate,2021-06-04,7,0,663696.33
M6236,Cyber Direct,Electronics & Computers,5732,US,0.022,Moderate,2021-08-30,3,0,2137651.47
M6692,Starlight Express,Grocery & Supermarket,5411,SG,0.0192,Low,2023-06-21,1,0,1776775.28
M2063,Vertex Solutions,Electronics & Computers,5732,DE,0.0227,Moderate,2023-11-05,2,0,616310.56
M9882,Global Logistics,Crypto & Digital Assets,6051,SG,0.0415,Extreme,2021-05-20,7,0,582137.21
M5757,Global Hub,Grocery & Supermarket,5411,US,0.0196,Low,2021-09-14,2,0,1213628.53
M5294,BlueSky Ventures,Gaming & Virtual Goods,7995,SG,0.03,High,2024-06-07,7,1,2485170.34
M8573,Nexus Cloud,Crypto & Digital Assets,6051,US,0.0397,Extreme,2022-02-25,2,0,1236157.01
M7744,Prime Solutions,Healthcare & Wellness,8099,US,0.0214,Low,2020-09-10,3,0,1679658.0
M5530,Zenith Air,Food & Dining,5812,AU,0.0218,Low,2020-08-24,2,0,1305698.59
M3794,Quantum Logistics,Electronics & Computers,5732,SG,0.0194,Moderate,2021-07-30,3,0,656779.77
M6976,Quantum Holdings,Travel & Airlines,4511,SG,0.0274,High,2021-10-14,3,0,370689.18
M4083,Beacon Tech,Food & Dining,5812,US,0.0221,Low,2021-04-19,3,0,1124030.84
M4929,BlueSky Retail,Travel & Airlines,4511,US,0.0295,High,2020-03-13,2,0,1395963.01
M3929,Velocity Logistics,E-Commerce & Marketplaces,5311,DE,0.0266,Moderate,2024-07-13,2,0,679462.23
M2382,Global Logistics,Electronics & Computers,5732,SG,0.0269,Moderate,2021-05-16,2,0,1237198.75
M6659,BlueSky Cafe,Food & Dining,5812,AU,0.0198,Low,2022-08-30,1,0,968936.46
M7735,Zenith Cloud,Electronics & Computers,5732,US,0.0261,Moderate,2022-10-06,2,0,1532860.61
M8879,Global Hub,Food & Dining,5812,AU,0.0234,Low,2020-10-02,1,0,941392.64
M6902,Prime Express,Healthcare & Wellness,8099,US,0.0216,Low,2023-03-16,2,0,826596.72
M5296,Nexus Pay,Healthcare & Wellness,8099,IN,0.022,High,2022-07-29,3,0,759072.86
M5657,Pioneer Foods,Gaming & Virtual Goods,7995,IN,0.0306,High,2020-08-21,3,1,1823214.22
M4662,Aero Store,Healthcare & Wellness,8099,IN,0.0212,Low,2022-12-06,1,0,1791888.56
M2940,Titan Hub,Gaming & Virtual Goods,7995,DE,0.0293,High,2022-01-09,2,1,358601.42
M1848,Zenith Cloud,Financial Services & SaaS,5999,AU,0.0249,Moderate,2020-09-17,7,0,663492.26
M2769,Zenith Tech,Financial Services & SaaS,5999,CA,0.0293,Moderate,2023-11-16,2,0,1674122.16
M6056,Velocity Mart,Food & Dining,5812,AU,0.0176,Low,2022-01-14,2,0,502014.98
M5408,Swift Tech,Electronics & Computers,5732,AU,0.025,Moderate,2023-11-24,7,0,1639434.44
M8017,Apex Express,Gaming & Virtual Goods,7995,US,0.034,High,2022-11-30,1,0,200629.15
M4311,Prime Ventures,Crypto & Digital Assets,6051,FR,0.0412,Extreme,2022-05-30,7,1,263125.62
M2556,Quantum Hub,Crypto & Digital Assets,6051,FR,0.0407,Extreme,2023-12-22,2,1,414092.97
M1638,Starlight Mart,Crypto & Digital Assets,6051,SG,0.0377,Extreme,2020-04-28,1,1,2349517.33
M4074,Cyber Cafe,Financial Services & SaaS,5999,US,0.0259,Moderate,2021-05-24,1,0,477308.72
M6663,BlueSky Mart,Food & Dining,5812,IN,0.0233,Moderate,2020-05-30,1,0,374440.49
M5809,Aero Express,Grocery & Supermarket,5411,US,0.0152,Low,2020-10-15,3,0,14483.05
M2246,Swift Cloud,Travel & Airlines,4511,AU,0.0329,High,2021-03-18,7,0,1519299.38
M9813,Pioneer Cafe,E-Commerce & Marketplaces,5311,IN,0.0272,Moderate,2021-02-02,2,0,1807196.59
M5783,Prime Store,Gaming & Virtual Goods,7995,IN,0.0333,High,2022-03-07,1,0,1833452.61
M5237,Prime Ventures,Food & Dining,5812,FR,0.0237,Low,2022-10-09,2,0,971071.64
M5808,Summit Logistics,Travel & Airlines,4511,IN,0.0311,High,2023-08-22,2,0,2311355.91
M9025,Cyber Hub,Electronics & Computers,5732,AU,0.0202,Moderate,2023-05-17,3,0,238678.53
M1708,Aero Direct,E-Commerce & Marketplaces,5311,US,0.0274,Moderate,2023-06-23,7,0,1285784.67
M2328,Alpha Mart,Food & Dining,5812,US,0.0201,Low,2024-08-10,3,0,1152911.71
M8908,Aero Tech,E-Commerce & Marketplaces,5311,IN,0.0265,Moderate,2022-07-10,7,0,299420.11
M5623,Hyper Direct,Healthcare & Wellness,8099,US,0.0168,Low,2022-05-15,2,0,334896.62
M7070,Prime Solutions,Food & Dining,5812,GB,0.0236,Low,2024-08-10,3,0,1045991.33
M7541,Starlight Cafe,Food & Dining,5812,GB,0.0238,Low,2023-04-23,2,0,517636.81
M7130,Beacon Holdings,Electronics & Computers,5732,US,0.0213,Moderate,2022-09-23,7,0,655589.65
M9016,Titan Cafe,Grocery & Supermarket,5411,DE,0.0156,Moderate,2020-04-27,7,0,357970.3
M7028,Summit Holdings,Grocery & Supermarket,5411,AU,0.0129,Low,2021-07-18,7,0,1462893.31
M4580,Titan Cloud,Grocery & Supermarket,5411,SG,0.0175,Low,2023-01-03,1,0,377985.74
M7678,Titan Mart,Gaming & Virtual Goods,7995,SG,0.0348,Low,2020-05-30,2,0,1608126.75
M9326,Pioneer Mart,Crypto & Digital Assets,6051,US,0.037,Extreme,2020-02-01,2,0,2137194.46
M3700,Vanguard Holdings,Crypto & Digital Assets,6051,US,0.0354,Extreme,2023-06-24,7,1,514420.02
M6993,Cyber Holdings,Gaming & Virtual Goods,7995,GB,0.0307,Extreme,2022-10-14,1,0,1823285.59
M5220,Quantum Direct,Healthcare & Wellness,8099,AU,0.0179,Low,2021-03-20,3,0,1020395.9
M5929,Hyper Store,Gaming & Virtual Goods,7995,SG,0.0348,High,2020-06-12,2,1,747397.26
M7926,Swift Express,Financial Services & SaaS,5999,FR,0.0259,Moderate,2021-01-16,1,0,1225473.58
M5857,Hyper Solutions,Food & Dining,5812,IN,0.0225,Low,2020-03-12,1,0,456427.64
M1547,Apex Pay,Travel & Airlines,4511,IN,0.0294,High,2020-10-20,2,0,1906504.48
M2754,Pioneer Direct,Food & Dining,5812,GB,0.0176,Low,2023-07-03,2,0,1663215.67
M6720,Horizon Cloud,Food & Dining,5812,SG,0.0172,Low,2023-07-25,7,0,1103240.82
M2354,Summit Retail,Food & Dining,5812,FR,0.021,Low,2022-05-27,2,0,1679754.5
M1428,Vanguard Hub,E-Commerce & Marketplaces,5311,AU,0.0225,Moderate,2021-06-28,1,0,647420.52
M4843,SilverLine Logistics,Grocery & Supermarket,5411,CA,0.0127,Low,2021-06-03,2,0,2257847.15
M4954,Horizon Ventures,Electronics & Computers,5732,US,0.0236,Moderate,2024-03-15,1,0,543332.6
M1228,Titan Retail,Travel & Airlines,4511,CA,0.0329,High,2024-07-05,7,0,757717.39
M5683,Horizon Cafe,E-Commerce & Marketplaces,5311,GB,0.0235,Extreme,2023-04-14,1,0,1275825.85
M2866,Nexus Store,Food & Dining,5812,AU,0.0173,Low,2021-08-04,1,0,2121932.03
M4697,Prime Cafe,Healthcare & Wellness,8099,GB,0.0213,Moderate,2022-06-13,1,0,1523162.39
M7138,Vanguard Express,Food & Dining,5812,SG,0.0208,Low,2024-03-18,1,0,1603454.87
M7802,Nova Ventures,Gaming & Virtual Goods,7995,IN,0.0314,High,2021-08-05,3,0,2352362.79
M4540,Zenith Foods,Grocery & Supermarket,5411,US,0.0177,High,2022-02-14,1,0,2167116.17
M2405,Starlight Solutions,Gaming & Virtual Goods,7995,FR,0.0338,Extreme,2024-05-03,2,0,1672388.77
M5133,Pioneer Tech,Food & Dining,5812,US,0.0205,Low,2020-07-11,2,0,1501010.32
M5365,Swift Retail,Financial Services & SaaS,5999,GB,0.023,Moderate,2020-04-11,1,0,2272190.95
M5989,Nexus Express,Gaming & Virtual Goods,7995,US,0.0305,High,2021-05-22,1,0,1667578.36
M2949,Hyper Direct,Travel & Airlines,4511,DE,0.0297,High,2023-03-14,2,1,166372.12
M5612,BlueSky Retail,Gaming & Virtual Goods,7995,AU,0.0334,High,2020-07-17,7,1,1683030.48
M9562,Vanguard Cloud,Healthcare & Wellness,8099,DE,0.0157,Low,2020-12-28,3,0,411624.6
M7132,Alpha Hub,Financial Services & SaaS,5999,CA,0.0272,Moderate,2021-11-16,2,0,484112.1
M9168,Aero Tech,Food & Dining,5812,DE,0.0215,Low,2021-06-24,1,0,2061752.69
M1008,Horizon Air,Crypto & Digital Assets,6051,IN,0.0412,Extreme,2023-12-03,1,0,1277086.59
M3643,Alpha Hub,E-Commerce & Marketplaces,5311,GB,0.0225,Moderate,2024-05-11,2,0,1614217.3
M9727,Vertex Air,Financial Services & SaaS,5999,FR,0.0293,Moderate,2023-06-28,2,0,526348.37
M4626,Apex Express,Gaming & Virtual Goods,7995,SG,0.0363,High,2021-01-17,1,0,35479.26
M7840,Titan Retail,Electronics & Computers,5732,US,0.0247,Moderate,2024-02-19,7,0,2455286.58
M6164,Zenith Retail,Travel & Airlines,4511,CA,0.0315,High,2023-10-06,1,0,1726516.87
M4102,Horizon Tech,E-Commerce & Marketplaces,5311,SG,0.0284,High,2020-10-12,1,0,2164185.69
M9657,Cyber Pay,Travel & Airlines,4511,AU,0.0307,High,2023-03-13,2,0,1289070.08
M8608,Velocity Mart,E-Commerce & Marketplaces,5311,US,0.0263,Moderate,2023-05-14,2,0,1549692.17
M5534,Global Foods,Gaming & Virtual Goods,7995,US,0.0365,High,2023-02-18,1,1,915969.88
M6078,Horizon Foods,Travel & Airlines,4511,DE,0.0258,High,2020-05-22,2,1,678924.83
M9518,Swift Pay,Gaming & Virtual Goods,7995,US,0.0336,High,2023-01-05,1,0,1259053.08
M6495,Prime Foods,Crypto & Digital Assets,6051,AU,0.0354,Extreme,2024-05-31,1,0,1933682.86
M6762,Horizon Foods,Healthcare & Wellness,8099,US,0.0174,Low,2020-02-19,7,0,1077493.57
M9538,Pulse Retail,Grocery & Supermarket,5411,GB,0.0137,Low,2024-06-23,2,0,1687284.2
M6941,Alpha Solutions,Grocery & Supermarket,5411,FR,0.0178,Low,2023-04-28,1,0,1250392.65
M7179,Aero Mart,Healthcare & Wellness,8099,US,0.0224,Low,2020-04-16,1,0,123811.18
M7461,Quantum Cloud,Electronics & Computers,5732,US,0.0224,Moderate,2023-09-10,3,0,2421709.2
M1511,Beacon Cafe,Gaming & Virtual Goods,7995,US,0.0293,High,2021-05-19,1,0,2360721.73
M4364,Starlight Logistics,Food & Dining,5812,IN,0.0168,Low,2024-04-29,1,0,2363519.88
M5468,Zenith Solutions,Electronics & Computers,5732,DE,0.0193,Moderate,2023-10-14,1,0,1997050.48
M9020,Global Direct,Healthcare & Wellness,8099,IN,0.0202,Low,2022-07-30,2,0,2130283.41
M6090,Pulse Retail,Electronics & Computers,5732,CA,0.0199,Moderate,2020-04-10,2,0,581546.09
M2660,Apex Hub,Crypto & Digital Assets,6051,CA,0.0391,Extreme,2020-10-21,7,0,1152231.23
M2155,Quantum Holdings,Electronics & Computers,5732,GB,0.0232,Moderate,2022-05-30,3,0,1679468.22
M2542,Aero Store,Food & Dining,5812,IN,0.0197,Low,2024-03-26,1,0,2181328.6
M1628,Vertex Retail,Travel & Airlines,4511,CA,0.0324,High,2020-10-04,1,0,1209402.38
M3682,Zenith Mart,Healthcare & Wellness,8099,US,0.0166,Low,2021-11-21,2,0,677204.82
M6965,Starlight Cloud,Grocery & Supermarket,5411,GB,0.013,High,2024-06-05,2,0,1975876.5
M9650,Cyber Hub,Gaming & Virtual Goods,7995,AU,0.0337,High,2021-08-29,1,1,2336370.59
M7168,Aero Direct,Financial Services & SaaS,5999,GB,0.0239,Moderate,2024-06-07,2,0,1440270.43
M5321,Vanguard Holdings,Food & Dining,5812,DE,0.0182,Low,2021-09-19,7,0,753380.13
M9862,Titan Express,E-Commerce & Marketplaces,5311,US,0.0218,Moderate,2023-10-23,1,0,385499.76
M5618,Vertex Ventures,Electronics & Computers,5732,FR,0.0207,Moderate,2020-02-23,2,0,1800992.74
M2948,Hyper Store,Gaming & Virtual Goods,7995,US,0.0352,High,2024-07-14,7,1,661482.67
M8631,Hyper Holdings,E-Commerce & Marketplaces,5311,FR,0.024,Moderate,2021-08-25,3,0,2303646.38
M9898,Pioneer Logistics,Financial Services & SaaS,5999,GB,0.0252,Moderate,2021-07-13,3,0,200812.36
M6935,Zenith Cloud,Grocery & Supermarket,5411,FR,0.0135,Low,2022-10-20,7,0,768837.08
M6137,Zenith Solutions,Crypto & Digital Assets,6051,IN,0.0362,Extreme,2020-10-06,7,1,397101.96
M6690,Nova Holdings,Financial Services & SaaS,5999,IN,0.0263,Moderate,2020-03-06,3,0,92301.03
M1092,Alpha Hub,E-Commerce & Marketplaces,5311,US,0.0262,Moderate,2023-12-14,3,0,673307.6
M3674,Global Foods,Grocery & Supermarket,5411,SG,0.0179,Low,2020-02-11,7,0,611460.06
M2545,Nova Store,Food & Dining,5812,FR,0.0199,Low,2024-05-09,1,0,775637.46
M9066,Swift Holdings,Food & Dining,5812,US,0.0183,High,2020-10-29,7,1,1650832.27
M4699,Prime Ventures,Gaming & Virtual Goods,7995,CA,0.0338,High,2020-05-17,2,0,1914805.34
M5152,Nova Mart,Travel & Airlines,4511,AU,0.0285,High,2022-05-07,7,1,1602568.76
M2270,Starlight Ventures,Travel & Airlines,4511,FR,0.0324,High,2022-01-15,2,0,777441.39
M3883,Pulse Pay,Travel & Airlines,4511,IN,0.032,High,2020-03-14,7,0,662220.97
M9776,Alpha Logistics,Food & Dining,5812,GB,0.0162,Low,2023-09-10,2,0,1945764.49
M2420,Starlight Holdings,Grocery & Supermarket,5411,AU,0.0168,Low,2024-03-12,1,0,1005687.38
M8895,Vertex Mart,Food & Dining,5812,CA,0.0164,Low,2020-05-06,3,0,1768750.88
M7479,Nova Foods,Travel & Airlines,4511,GB,0.0289,High,2020-07-25,2,0,1149802.29
M3623,Horizon Store,Financial Services & SaaS,5999,CA,0.0223,Moderate,2024-05-15,7,0,1254831.94
M3667,Alpha Cloud,Crypto & Digital Assets,6051,FR,0.0387,Low,2022-01-01,1,0,2361900.59
M2783,Pioneer Mart,Healthcare & Wellness,8099,SG,0.016,Low,2020-08-21,1,0,237000.24
M2963,Zenith Cafe,Healthcare & Wellness,8099,US,0.0161,Low,2020-09-30,3,0,1953088.64
M9083,Nexus Direct,Gaming & Virtual Goods,7995,US,0.0345,High,2021-05-11,2,0,1093917.09
M9610,Nexus Foods,Food & Dining,5812,IN,0.0168,Low,2023-07-23,1,0,1803066.69
M4360,Apex Pay,Gaming & Virtual Goods,7995,US,0.0347,High,2023-01-01,3,1,2151079.45
M1551,Cyber Air,Crypto & Digital Assets,6051,AU,0.0368,Extreme,2020-06-01,1,1,506669.54
M7357,Pioneer Holdings,Grocery & Supermarket,5411,GB,0.0155,Low,2021-07-21,7,0,2250939.33
M7045,Horizon Foods,Gaming & Virtual Goods,7995,US,0.0309,High,2020-05-18,1,0,1937140.47
M5787,Apex Store,Electronics & Computers,5732,IN,0.0248,Moderate,2021-01-16,7,0,864102.17
M4276,Global Pay,E-Commerce & Marketplaces,5311,US,0.0285,Moderate,2021-09-16,2,0,2304075.28
M5258,Apex Cloud,Healthcare & Wellness,8099,US,0.019,Low,2021-12-07,1,0,993575.73
M8530,Swift Hub,Crypto & Digital Assets,6051,DE,0.0357,Extreme,2020-08-22,1,0,778262.0
M8902,BlueSky Express,Crypto & Digital Assets,6051,US,0.0355,Moderate,2021-09-19,3,0,1136290.23
M6276,Summit Cafe,Electronics & Computers,5732,SG,0.0266,Moderate,2022-12-05,2,0,1545489.33
M1077,SilverLine Pay,Grocery & Supermarket,5411,CA,0.017,Low,2023-03-09,3,0,2372279.48
M6030,Starlight Direct,Grocery & Supermarket,5411,FR,0.0129,Low,2024-06-29,1,0,1514296.84
M3714,Pulse Hub,Grocery & Supermarket,5411,SG,0.0175,Low,2021-10-12,2,0,1989100.13
M3721,Vertex Direct,Crypto & Digital Assets,6051,US,0.0406,Low,2021-10-05,1,0,1042108.66
M6184,Nexus Cafe,Crypto & Digital Assets,6051,FR,0.0372,Extreme,2022-12-07,1,1,2479874.22
M8301,Nexus Retail,Electronics & Computers,5732,IN,0.0268,Moderate,2023-12-05,1,0,788569.54
M1653,Summit Retail,Healthcare & Wellness,8099,SG,0.0178,Low,2023-05-11,1,0,2381135.17
M8036,Velocity Direct,Grocery & Supermarket,5411,FR,0.0157,Low,2024-03-15,2,0,1000865.81
M2130,Horizon Cloud,E-Commerce & Marketplaces,5311,FR,0.0244,Moderate,2020-08-06,3,0,885182.97
M7100,Starlight Holdings,Electronics & Computers,5732,US,0.0239,Extreme,2022-12-03,1,0,126525.15
M4058,Hyper Express,E-Commerce & Marketplaces,5311,GB,0.0264,Moderate,2020-10-19,2,0,1671003.64
M7440,Prime Logistics,Electronics & Computers,5732,CA,0.0248,Moderate,2023-05-21,7,0,780183.64
M8413,Starlight Solutions,Travel & Airlines,4511,IN,0.028,High,2022-10-08,1,0,600794.57
M4745,Prime Ventures,Travel & Airlines,4511,US,0.0316,Extreme,2020-09-16,3,0,145575.75
M1732,Beacon Direct,Healthcare & Wellness,8099,SG,0.0166,High,2022-10-16,7,0,2277971.56
M2021,Swift Hub,Travel & Airlines,4511,GB,0.0253,High,2024-08-19,7,0,1434025.63
M8603,Pioneer Express,E-Commerce & Marketplaces,5311,DE,0.0263,Moderate,2022-12-22,1,0,584860.02
M2497,Horizon Mart,Gaming & Virtual Goods,7995,CA,0.0357,High,2022-10-08,2,1,1738767.28
M2678,Zenith Cafe,Crypto & Digital Assets,6051,US,0.0413,High,2022-01-27,7,0,629551.29
M4032,Aero Direct,Travel & Airlines,4511,DE,0.032,Extreme,2022-05-17,7,0,2465857.64
M1017,BlueSky Foods,Crypto & Digital Assets,6051,FR,0.0384,Extreme,2022-12-18,7,0,896472.9
M8987,Zenith Foods,Electronics & Computers,5732,CA,0.0224,Moderate,2020-02-23,2,0,1421682.24
M8882,Vertex Pay,E-Commerce & Marketplaces,5311,US,0.028,Extreme,2022-04-07,1,0,1740986.05
M5781,Apex Holdings,Healthcare & Wellness,8099,US,0.0187,Low,2024-08-13,2,0,1407161.86
M4272,Horizon Express,Electronics & Computers,5732,FR,0.0198,High,2021-04-05,2,1,1265535.54
M7318,Beacon Store,Electronics & Computers,5732,GB,0.024,Moderate,2022-11-27,3,0,1047823.07
M8630,Vanguard Tech,Financial Services & SaaS,5999,DE,0.0265,Low,2020-02-13,2,0,943098.82
M2654,Aero Express,Electronics & Computers,5732,CA,0.0231,Moderate,2024-07-12,3,0,1496564.08
M1668,Nexus Tech,Grocery & Supermarket,5411,US,0.0195,High,2020-06-09,7,1,1070906.15
M1753,Nova Store,Crypto & Digital Assets,6051,SG,0.0355,Extreme,2020-10-25,3,0,2258206.86
M9604,Swift Mart,E-Commerce & Marketplaces,5311,FR,0.0282,Moderate,2021-02-28,7,0,2063666.5
M8486,Swift Tech,Electronics & Computers,5732,GB,0.0245,Moderate,2022-02-14,2,0,81418.11
M8883,Swift Store,Grocery & Supermarket,5411,CA,0.0171,Low,2022-04-21,1,0,1644948.67
M2380,Velocity Air,Crypto & Digital Assets,6051,IN,0.0365,Extreme,2020-09-18,2,0,2167520.01
M7499,Horizon Cafe,Food & Dining,5812,DE,0.0181,Low,2022-06-08,1,0,355237.49
M6009,Aero Express,Financial Services & SaaS,5999,CA,0.0229,Moderate,2022-06-11,7,0,793815.49
M7993,Vanguard Air,Grocery & Supermarket,5411,CA,0.0151,Low,2023-05-21,2,0,846220.43
M3349,Vanguard Ventures,Financial Services & SaaS,5999,AU,0.0268,Moderate,2023-05-02,2,0,1487241.55
M9572,Global Cloud,Crypto & Digital Assets,6051,AU,0.0388,Extreme,2023-04-28,3,0,1061060.47
M6480,Horizon Pay,Financial Services & SaaS,5999,IN,0.0231,Moderate,2024-05-22,1,0,718505.05
M4897,Titan Cafe,Crypto & Digital Assets,6051,AU,0.035,Low,2023-01-11,7,0,1181259.27
M9054,Global Holdings,Grocery & Supermarket,5411,GB,0.0152,Low,2021-04-17,2,0,143120.48
M1785,Beacon Foods,Healthcare & Wellness,8099,CA,0.0166,Extreme,2020-07-30,2,1,1311061.14
M9238,Horizon Direct,Electronics & Computers,5732,FR,0.023,Moderate,2023-07-05,2,0,2238625.48
M2125,Nova Mart,Healthcare & Wellness,8099,CA,0.0224,Low,2023-04-11,1,0,2156906.98
M8773,Summit Cafe,Financial Services & SaaS,5999,GB,0.0285,Moderate,2021-04-22,2,0,592290.13
M9615,Summit Express,Food & Dining,5812,US,0.0227,Low,2024-09-18,7,0,248379.66
M5174,Summit Ventures,Healthcare & Wellness,8099,DE,0.0172,Moderate,2022-10-30,1,0,488624.9
M7786,Apex Retail,Travel & Airlines,4511,SG,0.0256,High,2022-06-01,1,0,657015.55
M3514,Aero Express,Financial Services & SaaS,5999,AU,0.0266,Moderate,2021-04-07,2,0,1850551.06
M1586,Pioneer Retail,Grocery & Supermarket,5411,AU,0.02,Low,2023-02-12,2,0,295634.31
M9411,Horizon Hub,Food & Dining,5812,CA,0.0205,Low,2023-07-30,1,0,632879.35
M9421,Cyber Cafe,Food & Dining,5812,US,0.0196,Low,2021-10-03,1,0,256555.76
M9345,Zenith Holdings,E-Commerce & Marketplaces,5311,CA,0.0247,Moderate,2023-09-30,1,0,2435582.09
M2240,Summit Ventures,Travel & Airlines,4511,IN,0.0283,High,2020-10-15,1,1,739890.26
M2973,Global Express,Crypto & Digital Assets,6051,US,0.0409,Extreme,2022-11-04,1,1,1148587.39
M6494,Quantum Holdings,Healthcare & Wellness,8099,SG,0.0155,Low,2020-11-11,1,0,566396.67
M4765,Titan Tech,Financial Services & SaaS,5999,DE,0.0278,Moderate,2021-08-26,7,0,1678721.41
M3425,Velocity Pay,Gaming & Virtual Goods,7995,US,0.0345,High,2023-11-25,2,0,46016.78
M2054,Quantum Ventures,Grocery & Supermarket,5411,IN,0.0136,Low,2020-12-28,3,0,1800013.77
M9655,Beacon Retail,Travel & Airlines,4511,IN,0.0293,High,2020-04-30,2,1,1490194.65
M9760,BlueSky Ventures,Crypto & Digital Assets,6051,US,0.0428,Extreme,2024-03-14,7,1,2020362.29
M7742,Aero Pay,Electronics & Computers,5732,SG,0.0238,High,2022-11-14,1,0,929844.85
M5577,Zenith Solutions,Healthcare & Wellness,8099,GB,0.0198,Low,2021-01-11,2,0,2239616.83
M8236,Velocity Pay,Travel & Airlines,4511,AU,0.0271,High,2020-12-04,3,1,1501538.72
M9071,Horizon Ventures,Healthcare & Wellness,8099,SG,0.0179,Low,2021-01-15,7,0,1375705.84
M2970,Horizon Hub,Electronics & Computers,5732,AU,0.0213,Moderate,2021-06-30,2,0,1996803.78
M1796,Beacon Holdings,Food & Dining,5812,GB,0.0232,Low,2023-04-26,7,0,1298275.84
M3327,Zenith Holdings,Electronics & Computers,5732,FR,0.0248,Moderate,2020-08-04,2,0,2231208.91
M6871,Nova Air,Healthcare & Wellness,8099,DE,0.0215,Low,2021-01-20,1,0,1288828.32
M8805,Horizon Holdings,Financial Services & SaaS,5999,IN,0.0221,Moderate,2020-07-29,3,0,339718.43
M6196,SilverLine Ventures,Gaming & Virtual Goods,7995,US,0.0334,High,2021-10-21,7,0,344008.77
M5120,Cyber Direct,Financial Services & SaaS,5999,AU,0.0232,Moderate,2024-02-17,7,0,867940.21
M2244,Global Hub,Crypto & Digital Assets,6051,FR,0.0424,High,2022-01-18,7,0,585001.01
M5205,Summit Direct,Healthcare & Wellness,8099,IN,0.015,Low,2020-11-25,2,0,2099920.1
M5230,Nexus Cloud,Food & Dining,5812,US,0.0186,Low,2020-12-26,3,0,1258996.06
M1985,Cyber Express,Gaming & Virtual Goods,7995,AU,0.0312,High,2020-08-27,1,0,142205.84
M2285,Aero Express,Financial Services & SaaS,5999,US,0.0243,Moderate,2024-07-24,3,0,1397551.86
M3705,Apex Cloud,Grocery & Supermarket,5411,IN,0.0168,Low,2021-06-07,2,0,1542954.38
M2820,Beacon Solutions,E-Commerce & Marketplaces,5311,IN,0.0253,Moderate,2020-09-15,3,0,1861636.73
M4828,Apex Hub,Grocery & Supermarket,5411,US,0.0159,Low,2023-10-10,7,0,2415633.18
M4128,Starlight Store,Food & Dining,5812,DE,0.0179,Low,2020-06-22,3,0,1387831.25
M5779,Vanguard Cafe,Gaming & Virtual Goods,7995,DE,0.0297,Extreme,2023-03-09,3,0,263401.73
M3098,Beacon Cafe,Travel & Airlines,4511,FR,0.0296,High,2023-10-29,2,1,1361992.85
M6406,Quantum Store,Financial Services & SaaS,5999,DE,0.0284,Moderate,2020-10-04,2,0,1937652.95
M6212,Beacon Mart,Healthcare & Wellness,8099,DE,0.0205,Low,2021-10-03,2,0,1221765.11
M3374,Pulse Holdings,Financial Services & SaaS,5999,CA,0.0261,Moderate,2024-05-18,2,0,1351303.33
M4452,Prime Store,Crypto & Digital Assets,6051,US,0.0393,Extreme,2024-03-03,1,1,1949946.73
M8145,Beacon Solutions,Electronics & Computers,5732,SG,0.0211,Moderate,2022-07-16,1,0,512428.9
M4503,Nexus Cloud,Crypto & Digital Assets,6051,US,0.0395,Extreme,2022-08-25,2,0,2362035.0
M3802,Summit Tech,Financial Services & SaaS,5999,US,0.0287,Moderate,2024-01-18,1,0,545152.34
M9006,Prime Hub,Food & Dining,5812,US,0.0224,Low,2022-09-20,2,0,2254304.6
M7941,Vanguard Retail,Travel & Airlines,4511,US,0.0327,High,2021-02-20,2,1,1816070.01
M5794,Pulse Logistics,Food & Dining,5812,US,0.0232,Low,2021-11-08,2,0,1712655.19
M7034,Pulse Hub,Electronics & Computers,5732,IN,0.0203,Moderate,2024-09-05,1,0,700376.23
M7137,Apex Mart,Food & Dining,5812,FR,0.0238,Low,2021-02-22,1,0,1658011.09
M6722,Horizon Foods,Food & Dining,5812,FR,0.017,Moderate,2021-05-19,2,0,553137.05
M2735,SilverLine Direct,Food & Dining,5812,IN,0.0223,Low,2022-06-15,2,0,566757.51
M7658,Summit Store,Crypto & Digital Assets,6051,IN,0.0427,Extreme,2021-12-07,7,0,867088.61
M7628,Cyber Mart,Travel & Airlines,4511,CA,0.0256,Extreme,2022-12-22,2,0,720839.26
M4989,Cyber Foods,Food & Dining,5812,US,0.0218,Low,2024-03-06,1,0,2419743.65
M7493,Titan Logistics,Healthcare & Wellness,8099,DE,0.0217,Low,2022-02-10,1,0,915822.59
M2702,Nexus Mart,Crypto & Digital Assets,6051,US,0.0376,Extreme,2021-05-05,7,0,176631.14
M3283,Quantum Tech,Crypto & Digital Assets,6051,DE,0.0427,Extreme,2020-05-31,7,1,639794.47
M5151,Pulse Retail,Gaming & Virtual Goods,7995,US,0.0304,High,2023-08-30,2,1,1548784.35
M7913,Velocity Store,Electronics & Computers,5732,CA,0.0244,Moderate,2022-11-22,2,0,659752.12
M8801,SilverLine Pay,Healthcare & Wellness,8099,CA,0.0195,Low,2024-06-27,7,0,1954983.82
M4020,Titan Foods,Gaming & Virtual Goods,7995,US,0.0303,High,2020-06-15,7,1,2116903.68
M8672,Aero Direct,Crypto & Digital Assets,6051,AU,0.0399,Extreme,2021-12-07,2,0,2241836.78
M1852,Pulse Retail,E-Commerce & Marketplaces,5311,US,0.0224,Moderate,2020-04-10,2,0,174693.94
M6140,Nexus Cafe,E-Commerce & Marketplaces,5311,IN,0.0214,Moderate,2021-08-22,2,0,650229.6
M1110,Vertex Ventures,Crypto & Digital Assets,6051,FR,0.0381,Extreme,2023-01-05,2,1,516780.28
M9797,Global Direct,Financial Services & SaaS,5999,US,0.0262,Moderate,2022-08-25,1,0,1500646.89
M8717,Nexus Cloud,Healthcare & Wellness,8099,DE,0.0219,Low,2020-07-22,2,0,894474.52
M3833,Summit Tech,Healthcare & Wellness,8099,IN,0.0151,Low,2021-10-22,1,0,1814102.0
M3469,Starlight Hub,Food & Dining,5812,SG,0.0228,Low,2021-09-11,1,0,1679380.72
M8915,Summit Tech,Crypto & Digital Assets,6051,GB,0.0352,Extreme,2023-11-13,1,0,1314488.05
M5164,Prime Ventures,Electronics & Computers,5732,AU,0.0223,Moderate,2023-03-06,1,0,2193169.88
M7069,Zenith Hub,Gaming & Virtual Goods,7995,GB,0.0327,High,2023-05-28,2,1,1944723.6
M4742,Vanguard Pay,Healthcare & Wellness,8099,FR,0.0216,Low,2023-11-10,1,0,663194.74
M4380,Zenith Pay,Food & Dining,5812,IN,0.0211,Low,2023-09-28,3,0,2102826.85
M9884,Nexus Express,E-Commerce & Marketplaces,5311,IN,0.0219,Moderate,2022-08-14,1,0,1026587.75
M6448,Pulse Logistics,Gaming & Virtual Goods,7995,SG,0.0312,High,2021-11-29,1,0,528425.11
M2865,Pioneer Express,Travel & Airlines,4511,US,0.0264,High,2022-06-02,2,0,2376004.35
M1532,Alpha Air,Travel & Airlines,4511,AU,0.026,High,2023-04-23,1,0,708873.95
M1825,Aero Pay,Healthcare & Wellness,8099,GB,0.0217,Low,2023-08-17,1,0,2369643.41
M7145,Horizon Retail,Grocery & Supermarket,5411,US,0.0198,Low,2020-03-26,1,0,968755.86
M8084,Swift Hub,Crypto & Digital Assets,6051,US,0.0407,Extreme,2021-09-19,2,0,2305713.8
M3033,Apex Store,Healthcare & Wellness,8099,AU,0.0161,Low,2023-05-26,1,0,507749.42
M7650,Titan Mart,Financial Services & SaaS,5999,SG,0.0257,Extreme,2023-12-05,1,0,628672.07
M6936,Pulse Mart,Gaming & Virtual Goods,7995,CA,0.031,High,2020-06-12,1,1,1710866.79
M7240,Hyper Foods,Healthcare & Wellness,8099,IN,0.0211,Low,2021-08-28,3,0,1206682.35
M1198,Aero Foods,Travel & Airlines,4511,US,0.0256,Moderate,2020-07-24,2,0,1608700.85
M3594,Aero Holdings,E-Commerce & Marketplaces,5311,CA,0.029,Moderate,2022-07-30,1,0,2179063.01
M2151,Titan Mart,Grocery & Supermarket,5411,IN,0.0155,Low,2024-05-23,1,0,2056993.56
M5539,Nexus Hub,Gaming & Virtual Goods,7995,FR,0.0297,High,2023-01-26,2,0,130889.13
M5440,Alpha Direct,Travel & Airlines,4511,GB,0.0256,High,2023-10-04,1,0,2347558.27
M6206,Hyper Air,Crypto & Digital Assets,6051,GB,0.0383,Extreme,2022-08-15,3,1,707183.84
M1823,Apex Direct,E-Commerce & Marketplaces,5311,SG,0.0211,Moderate,2020-09-18,2,0,2146173.08
M4884,Alpha Pay,Financial Services & SaaS,5999,SG,0.0276,Moderate,2022-12-03,3,0,1912807.24
M2955,Cyber Express,Grocery & Supermarket,5411,GB,0.014,Extreme,2020-12-24,1,0,393016.52
M7514,Pulse Logistics,Electronics & Computers,5732,SG,0.027,Moderate,2022-05-12,7,0,2316582.87
M1476,Aero Express,Grocery & Supermarket,5411,FR,0.0162,Low,2024-09-10,7,0,2045380.43
M8462,Aero Cloud,Food & Dining,5812,SG,0.0207,Low,2021-09-15,2,0,491499.46
M7313,Nexus Air,Electronics & Computers,5732,US,0.0244,Moderate,2024-02-14,3,0,2494593.9
M3697,Starlight Logistics,E-Commerce & Marketplaces,5311,SG,0.0247,Moderate,2022-01-09,3,0,2090915.54
M3717,Swift Direct,Financial Services & SaaS,5999,US,0.0248,Moderate,2024-03-23,2,0,222297.42
M3573,Summit Logistics,E-Commerce & Marketplaces,5311,US,0.0244,Low,2023-12-22,7,0,300276.43
M3692,Vanguard Logistics,Electronics & Computers,5732,AU,0.0233,Low,2021-01-27,7,0,387679.01
M3066,Alpha Pay,Financial Services & SaaS,5999,US,0.0225,Moderate,2023-08-30,7,0,791828.23
M1794,SilverLine Cafe,Gaming & Virtual Goods,7995,US,0.032,High,2023-08-19,3,0,1278085.46
M3884,Vertex Air,Financial Services & SaaS,5999,DE,0.026,Moderate,2023-02-22,2,0,1772378.36
M7772,Starlight Ventures,Healthcare & Wellness,8099,FR,0.0227,Low,2024-08-22,7,0,1078493.55
M4596,Titan Direct,Food & Dining,5812,FR,0.0224,Moderate,2023-07-29,1,0,2466744.09
M7599,Aero Hub,Travel & Airlines,4511,IN,0.0318,High,2022-12-17,3,0,1406965.84
M3325,Pioneer Retail,Crypto & Digital Assets,6051,US,0.0375,Extreme,2021-10-07,3,0,1882558.92
M3616,Aero Pay,Food & Dining,5812,GB,0.0162,Extreme,2020-04-15,7,0,565169.13
M8408,Vanguard Cloud,Financial Services & SaaS,5999,DE,0.0249,Moderate,2022-10-04,7,0,2016063.96
M7794,Aero Logistics,Food & Dining,5812,FR,0.0183,Low,2022-10-29,7,0,1357777.11
M7191,BlueSky Tech,Crypto & Digital Assets,6051,IN,0.0402,Extreme,2022-11-16,2,0,768236.62
M1061,Horizon Logistics,Healthcare & Wellness,8099,DE,0.0181,Low,2022-07-05,7,0,806737.94
M5874,Beacon Air,E-Commerce & Marketplaces,5311,US,0.0213,Moderate,2023-11-06,1,0,808934.7
M8615,Pioneer Tech,Travel & Airlines,4511,US,0.0324,High,2020-09-21,1,1,1360922.13
M4752,Summit Holdings,Food & Dining,5812,IN,0.0183,Low,2021-08-18,1,0,745401.99
M4429,Zenith Cloud,Gaming & Virtual Goods,7995,CA,0.032,High,2020-08-09,7,1,493708.76
M6656,Beacon Mart,Electronics & Computers,5732,GB,0.0254,Moderate,2022-09-11,3,0,1835552.45
M1189,Vanguard Air,Gaming & Virtual Goods,7995,US,0.0361,High,2022-07-05,1,0,2234340.47
M2926,Prime Pay,Financial Services & SaaS,5999,DE,0.0297,Moderate,2021-06-05,1,0,226299.1
M6615,Velocity Tech,Crypto & Digital Assets,6051,US,0.0357,Extreme,2024-06-30,2,1,715114.35
M1267,Vertex Foods,Food & Dining,5812,IN,0.0175,Low,2023-04-05,7,0,482115.26
M9946,Swift Cloud,Travel & Airlines,4511,AU,0.0312,High,2021-08-29,2,0,1569968.71
M8978,Starlight Air,Healthcare & Wellness,8099,AU,0.0159,Low,2023-04-25,2,0,1424882.72
M1024,Swift Foods,Food & Dining,5812,GB,0.0191,Low,2021-10-26,2,0,1471531.24
M6249,Hyper Retail,Gaming & Virtual Goods,7995,US,0.0313,High,2021-07-03,7,0,1932748.42
M1400,Horizon Mart,Food & Dining,5812,DE,0.0173,Low,2021-09-12,1,0,293168.44
M6103,Nova Solutions,Electronics & Computers,5732,GB,0.0217,Low,2024-01-10,1,0,845907.73
M5147,Quantum Express,Gaming & Virtual Goods,7995,CA,0.033,High,2021-01-01,1,0,2249312.45
M2877,Nexus Logistics,E-Commerce & Marketplaces,5311,CA,0.0234,Moderate,2021-08-28,1,0,139340.49
M5351,Prime Store,Electronics & Computers,5732,US,0.0197,Moderate,2022-12-13,2,0,2234056.86
M6464,Prime Direct,Grocery & Supermarket,5411,IN,0.0146,Extreme,2023-07-16,1,1,835353.43
M5290,Nexus Holdings,Financial Services & SaaS,5999,US,0.0238,Moderate,2020-06-20,2,0,1827732.69
M4459,Vanguard Hub,Crypto & Digital Assets,6051,DE,0.0407,Extreme,2023-03-07,7,1,1526594.8
M5247,Zenith Foods,Crypto & Digital Assets,6051,FR,0.0424,Extreme,2021-07-09,2,0,1840754.85
M3378,Apex Cloud,Travel & Airlines,4511,US,0.0264,High,2021-09-28,1,0,525292.57
M5674,Swift Ventures,Travel & Airlines,4511,IN,0.0261,High,2023-05-17,1,0,839908.8
M2685,Vertex Retail,Grocery & Supermarket,5411,DE,0.0191,Low,2023-10-07,1,0,2168876.63
M5524,Starlight Direct,Travel & Airlines,4511,US,0.0328,High,2023-04-26,2,0,1711588.5
M9492,Cyber Tech,E-Commerce & Marketplaces,5311,GB,0.0245,Moderate,2020-06-02,3,0,1152729.07
M8400,Vertex Air,Healthcare & Wellness,8099,US,0.0172,Low,2021-03-15,3,0,1414126.03
M1151,BlueSky Store,Financial Services & SaaS,5999,FR,0.0254,Moderate,2023-10-01,1,0,2358450.94
M6195,Vertex Foods,Healthcare & Wellness,8099,IN,0.0223,Low,2022-09-13,1,0,1852648.18
M1355,Summit Mart,Electronics & Computers,5732,US,0.0201,Extreme,2021-04-22,2,0,2391736.09
M5064,Hyper Mart,Food & Dining,5812,FR,0.0215,Low,2022-07-02,7,0,122614.27
M5568,SilverLine Solutions,Travel & Airlines,4511,IN,0.026,High,2021-05-13,1,0,2434549.69
M4826,SilverLine Mart,E-Commerce & Marketplaces,5311,US,0.0255,Moderate,2021-10-15,1,0,467104.0
M5423,Hyper Air,Travel & Airlines,4511,FR,0.0275,High,2023-12-13,2,0,1732707.49
M9710,Swift Solutions,Financial Services & SaaS,5999,SG,0.0292,Moderate,2021-07-06,7,0,2062183.67
M3434,Pioneer Hub,Crypto & Digital Assets,6051,DE,0.0409,Extreme,2021-03-02,1,1,1157710.49
M6243,SilverLine Mart,Travel & Airlines,4511,AU,0.0261,High,2022-01-07,3,0,2372542.76
M3056,Pioneer Foods,Grocery & Supermarket,5411,AU,0.0177,Low,2021-07-05,3,0,1354193.31
M9337,Horizon Express,Gaming & Virtual Goods,7995,DE,0.0321,High,2023-03-07,2,0,2328812.8
M8734,Cyber Tech,Electronics & Computers,5732,FR,0.0218,Moderate,2021-05-17,2,0,1077371.05
M9038,Quantum Direct,Gaming & Virtual Goods,7995,US,0.0342,High,2024-09-16,2,1,2472040.45
M1051,Hyper Retail,Travel & Airlines,4511,US,0.0266,High,2021-08-12,7,0,655886.74
M7372,Velocity Store,Grocery & Supermarket,5411,IN,0.0139,Low,2024-07-23,3,0,2419326.63
M4455,Pioneer Pay,Financial Services & SaaS,5999,CA,0.0254,Moderate,2023-05-06,7,0,1000875.41
M7554,Horizon Hub,Gaming & Virtual Goods,7995,IN,0.035,High,2021-06-16,2,1,2395682.69
M6986,Velocity Store,Financial Services & SaaS,5999,FR,0.0298,Moderate,2022-06-08,2,0,582799.25
M1089,Titan Cloud,Food & Dining,5812,US,0.0238,Low,2024-05-16,2,0,1845465.09
M3963,Global Tech,E-Commerce & Marketplaces,5311,FR,0.0265,Moderate,2021-04-28,1,0,2076228.28
M6431,Nexus Express,Healthcare & Wellness,8099,US,0.0173,Low,2024-06-23,2,0,1534770.18
M7463,Aero Logistics,Grocery & Supermarket,5411,GB,0.0133,Low,2021-06-23,1,0,2415016.91
M1540,Nexus Store,Crypto & Digital Assets,6051,IN,0.0424,Extreme,2024-01-16,1,1,454399.22
M8583,BlueSky Hub,Financial Services & SaaS,5999,GB,0.0271,Moderate,2021-05-21,3,0,484476.6
M5035,Beacon Hub,Food & Dining,5812,AU,0.0227,Low,2023-09-17,1,0,1280745.23
M4220,Starlight Hub,Grocery & Supermarket,5411,AU,0.0137,Low,2022-04-08,1,0,1857370.16
M9621,Nova Store,Travel & Airlines,4511,DE,0.028,High,2023-07-30,2,1,839281.01
M6737,Starlight Holdings,Crypto & Digital Assets,6051,US,0.0398,Extreme,2021-08-20,1,1,2481367.18
M8541,BlueSky Mart,Gaming & Virtual Goods,7995,FR,0.0368,High,2024-08-14,1,1,669695.69
M9824,Pioneer Logistics,Food & Dining,5812,FR,0.0213,Low,2024-07-27,2,0,2486029.07
M7656,BlueSky Cloud,Electronics & Computers,5732,US,0.0255,High,2024-01-07,2,0,1562449.12
M9251,Starlight Logistics,Electronics & Computers,5732,DE,0.0217,Moderate,2020-11-06,2,0,2099210.62
M5197,Nova Ventures,Electronics & Computers,5732,GB,0.0216,Moderate,2024-02-09,1,0,1119557.09
M4529,Vanguard Cafe,Gaming & Virtual Goods,7995,GB,0.0326,High,2022-04-19,2,0,1646205.41
M2879,Swift Cafe,Crypto & Digital Assets,6051,US,0.0393,Extreme,2024-08-23,2,0,807277.39
M1277,Titan Pay,Financial Services & SaaS,5999,SG,0.0263,Moderate,2024-03-23,1,0,422100.48
M6199,Summit Direct,Grocery & Supermarket,5411,CA,0.0182,Low,2024-01-24,2,0,2338162.47
M1075,SilverLine Cloud,Electronics & Computers,5732,DE,0.024,Moderate,2020-09-07,2,0,2345400.88
M6117,Vanguard Solutions,Healthcare & Wellness,8099,US,0.0176,Low,2022-12-06,1,0,1620030.77
M8572,Apex Hub,Gaming & Virtual Goods,7995,AU,0.0318,High,2020-06-18,3,1,1096845.2
M3860,Starlight Ventures,Crypto & Digital Assets,6051,GB,0.0352,Extreme,2023-09-18,7,0,2248231.52
M1928,Apex Cloud,Crypto & Digital Assets,6051,FR,0.0367,Extreme,2023-05-31,2,1,2274717.35
M2055,Beacon Foods,Financial Services & SaaS,5999,GB,0.0259,Moderate,2020-12-21,3,0,1942816.57
M8534,Pulse Foods,E-Commerce & Marketplaces,5311,CA,0.024,Moderate,2022-03-14,2,0,1125815.98
M7459,Swift Holdings,Travel & Airlines,4511,IN,0.0286,High,2022-11-27,7,0,1979557.31
M4625,Cyber Cafe,Travel & Airlines,4511,US,0.0254,High,2023-05-24,1,0,1058438.18
M5166,Global Holdings,Financial Services & SaaS,5999,SG,0.0272,Moderate,2023-08-16,3,0,1614074.02
M5730,Starlight Retail,Food & Dining,5812,GB,0.0204,Low,2020-12-08,2,0,1229030.86
M8929,Cyber Express,E-Commerce & Marketplaces,5311,CA,0.0273,Moderate,2022-05-01,1,0,2122290.73
M4225,Aero Cloud,Healthcare & Wellness,8099,AU,0.0195,Low,2024-07-06,2,0,1790759.11
M8151,Vanguard Air,Travel & Airlines,4511,CA,0.032,High,2023-08-16,3,0,1664531.46
M3135,Horizon Foods,Travel & Airlines,4511,US,0.0329,High,2022-03-04,2,1,1671248.06
M3266,Global Solutions,Crypto & Digital Assets,6051,DE,0.0352,High,2022-03-26,2,1,1889199.56
M8500,Apex Direct,Food & Dining,5812,CA,0.0223,Low,2023-11-30,3,0,1433365.07
M6043,Titan Store,Electronics & Computers,5732,AU,0.0221,Moderate,2024-01-13,2,0,1888482.68
M7525,Vanguard Hub,Electronics & Computers,5732,DE,0.0259,Moderate,2021-01-10,2,0,1327493.95
M3611,Cyber Tech,Healthcare & Wellness,8099,AU,0.0159,Low,2023-07-12,2,0,927849.93
M2290,Titan Air,Travel & Airlines,4511,US,0.028,High,2023-10-25,2,0,164899.33
M3892,Zenith Express,E-Commerce & Marketplaces,5311,FR,0.0227,Moderate,2020-08-22,3,0,1059870.28
M2664,Alpha Hub,Electronics & Computers,5732,GB,0.0221,Moderate,2020-11-26,2,0,454206.61
M4193,Swift Solutions,Grocery & Supermarket,5411,DE,0.0177,Low,2023-06-29,2,0,600563.38
M1758,Quantum Tech,Grocery & Supermarket,5411,SG,0.0151,Low,2023-05-04,3,0,890481.4
M8021,Horizon Mart,Electronics & Computers,5732,DE,0.0241,High,2023-11-14,7,0,21883.78
M1242,BlueSky Cafe,Crypto & Digital Assets,6051,CA,0.0399,Extreme,2023-05-24,1,0,1513773.4
M1254,Pioneer Ventures,Financial Services & SaaS,5999,AU,0.025,Moderate,2020-09-01,2,0,1205732.71
M4381,Hyper Tech,Electronics & Computers,5732,US,0.0209,Moderate,2024-03-12,7,0,1256846.2
M8639,Horizon Cloud,Grocery & Supermarket,5411,GB,0.0126,Low,2021-02-24,3,0,848266.11
M2221,Vertex Direct,Food & Dining,5812,FR,0.0215,Low,2024-01-06,2,0,1534372.64
M8422,Horizon Express,Travel & Airlines,4511,US,0.0284,High,2021-01-19,1,1,1142793.06
M2470,Swift Store,Electronics & Computers,5732,US,0.0201,Low,2021-12-07,7,0,971537.16
M4692,Horizon Tech,Food & Dining,5812,FR,0.0213,Low,2021-11-08,2,0,1009019.19
M7210,Prime Store,Travel & Airlines,4511,US,0.0305,High,2020-05-09,3,0,621268.63
M4779,Titan Logistics,Crypto & Digital Assets,6051,FR,0.0399,Moderate,2023-11-27,7,0,354049.37
M9433,Vanguard Direct,Gaming & Virtual Goods,7995,DE,0.0305,High,2022-08-30,7,1,2471898.72
M9028,Swift Pay,Healthcare & Wellness,8099,IN,0.0192,Low,2021-11-28,3,0,1630832.95
M5990,Global Logistics,Travel & Airlines,4511,IN,0.0291,High,2022-06-15,2,0,2093032.86
M8514,Apex Express,Electronics & Computers,5732,AU,0.0251,Moderate,2022-12-05,2,0,828395.53
M7635,Swift Logistics,Crypto & Digital Assets,6051,IN,0.0426,Low,2021-04-11,7,0,302897.7
M6590,SilverLine Express,Gaming & Virtual Goods,7995,US,0.0338,High,2020-08-31,1,0,56748.99
M2041,Nexus Cafe,Healthcare & Wellness,8099,US,0.0182,Low,2020-02-24,3,0,758677.56
M7212,Pulse Retail,Financial Services & SaaS,5999,US,0.0272,Low,2020-04-26,1,0,186595.16
M4134,Alpha Retail,Electronics & Computers,5732,DE,0.0192,Moderate,2021-06-23,3,0,1486660.8
M2197,Starlight Holdings,Electronics & Computers,5732,AU,0.0199,Moderate,2022-04-04,1,0,2371572.71
M9907,Nova Ventures,Crypto & Digital Assets,6051,US,0.0392,Extreme,2021-11-28,3,1,2478375.05
M5647,Aero Logistics,Travel & Airlines,4511,FR,0.0298,High,2024-05-21,1,1,1229219.46
M8985,Vanguard Ventures,Financial Services & SaaS,5999,AU,0.0253,Moderate,2022-12-05,3,0,2201481.37
M6726,Alpha Air,Travel & Airlines,4511,US,0.0264,Moderate,2022-06-18,7,0,886849.83
M4476,Prime Pay,Financial Services & SaaS,5999,US,0.0264,Moderate,2022-09-24,7,0,824596.9
M1140,Titan Tech,Electronics & Computers,5732,AU,0.0236,Moderate,2022-03-31,3,0,728810.31
M1534,Nova Retail,Healthcare & Wellness,8099,US,0.0165,Low,2021-10-30,2,0,228712.0
M1387,Alpha Hub,Crypto & Digital Assets,6051,US,0.0402,Extreme,2022-06-13,3,0,1773223.53
M5012,BlueSky Cafe,E-Commerce & Marketplaces,5311,AU,0.0258,Moderate,2023-09-21,3,0,160251.28
M8237,Cyber Foods,Electronics & Computers,5732,GB,0.0229,Moderate,2021-02-27,1,0,442896.01
M1347,BlueSky Cloud,E-Commerce & Marketplaces,5311,IN,0.026,High,2022-11-22,7,0,1480111.4
M7814,Swift Store,E-Commerce & Marketplaces,5311,US,0.0269,Moderate,2022-10-03,1,0,518495.36
M8636,Nova Holdings,E-Commerce & Marketplaces,5311,DE,0.0273,Moderate,2020-02-15,1,0,1523869.42
M3918,BlueSky Logistics,Food & Dining,5812,FR,0.0217,Low,2021-03-29,1,0,2014533.39
M2232,Vanguard Store,Grocery & Supermarket,5411,FR,0.014,Low,2023-11-24,2,0,227435.02
M6462,Swift Holdings,Grocery & Supermarket,5411,SG,0.0158,Low,2022-05-12,2,0,200247.69
M5016,Nexus Foods,Electronics & Computers,5732,SG,0.0197,Moderate,2023-03-14,2,0,327287.6
M3415,Quantum Holdings,Gaming & Virtual Goods,7995,US,0.0349,High,2022-04-14,7,0,1674966.75
M5462,Horizon Store,Crypto & Digital Assets,6051,FR,0.0351,Extreme,2024-07-21,1,0,476888.2
M5656,Starlight Direct,Travel & Airlines,4511,US,0.0325,High,2022-07-06,1,0,1404588.27
M1230,Pioneer Foods,E-Commerce & Marketplaces,5311,GB,0.0236,Moderate,2020-08-21,1,0,1173968.58
M6798,Summit Tech,E-Commerce & Marketplaces,5311,IN,0.0238,Low,2020-06-06,2,0,1767667.04
M5708,Nova Air,Crypto & Digital Assets,6051,SG,0.0375,Extreme,2023-02-13,3,1,1506023.73
M6824,Nexus Hub,Healthcare & Wellness,8099,US,0.0198,Low,2022-11-14,1,0,739368.59
M3933,Quantum Express,Healthcare & Wellness,8099,DE,0.0193,Low,2020-04-28,1,0,1797492.5
M1426,Zenith Direct,Crypto & Digital Assets,6051,DE,0.0366,Extreme,2020-09-26,1,0,898814.53
M4203,Titan Retail,Financial Services & SaaS,5999,US,0.0298,Moderate,2023-10-19,2,0,102717.12
M3228,Nexus Cafe,Food & Dining,5812,GB,0.0191,Low,2022-02-11,3,0,1135530.52
M9763,Swift Tech,Healthcare & Wellness,8099,CA,0.0185,Low,2021-07-16,2,0,472241.73
M6922,Summit Pay,Electronics & Computers,5732,DE,0.0194,Moderate,2022-01-14,7,0,1173382.03
M6168,Pulse Cloud,Food & Dining,5812,DE,0.0177,High,2024-02-16,1,0,848266.66
M1844,Hyper Ventures,Food & Dining,5812,GB,0.0229,Low,2022-10-28,7,0,829642.89
M2561,Quantum Direct,Gaming & Virtual Goods,7995,US,0.0297,High,2022-05-15,1,0,860649.38
M2459,Vertex Retail,Electronics & Computers,5732,US,0.0249,Moderate,2020-10-02,3,0,1884171.03
M5415,Alpha Air,Electronics & Computers,5732,US,0.0257,Moderate,2023-04-22,7,0,422940.26
M2072,BlueSky Store,Healthcare & Wellness,8099,CA,0.0162,Low,2021-11-30,2,0,1181626.92
M8768,Nova Pay,Gaming & Virtual Goods,7995,GB,0.0363,High,2020-04-22,1,1,2444988.84
M8104,Cyber Ventures,Grocery & Supermarket,5411,US,0.02,Low,2020-07-20,2,0,1662779.54
M9969,Cyber Solutions,Crypto & Digital Assets,6051,SG,0.0372,Extreme,2020-11-20,3,1,16819.41
M3175,Alpha Solutions,Food & Dining,5812,SG,0.0192,Low,2024-09-23,1,0,550212.14
M8064,Titan Express,Grocery & Supermarket,5411,IN,0.0153,Low,2023-05-07,3,0,2175773.06
M6937,SilverLine Express,Financial Services & SaaS,5999,FR,0.0254,Moderate,2022-04-30,1,0,346260.17
M8777,Beacon Direct,Grocery & Supermarket,5411,CA,0.0188,Low,2020-12-27,1,0,203223.85
M3480,Nova Cloud,Travel & Airlines,4511,AU,0.0309,High,2022-11-03,1,1,849389.54
M8763,Hyper Ventures,Crypto & Digital Assets,6051,CA,0.0363,Extreme,2020-02-28,2,1,1202255.62
M1659,Velocity Cafe,Travel & Airlines,4511,DE,0.0306,High,2021-05-12,2,0,642429.68
M4631,Nexus Ventures,Healthcare & Wellness,8099,US,0.0196,Low,2022-04-02,1,0,688394.52
M8995,Zenith Pay,Financial Services & SaaS,5999,FR,0.0264,Moderate,2023-12-26,1,0,583750.47
M4275,Velocity Ventures,Crypto & Digital Assets,6051,IN,0.0384,Low,2022-07-07,2,0,1103446.12
M2831,Summit Mart,Electronics & Computers,5732,US,0.0231,Moderate,2024-07-15,3,0,1739953.17
M1048,Prime Direct,Gaming & Virtual Goods,7995,US,0.0314,High,2023-05-04,1,0,1944108.45
M1786,Vanguard Hub,Crypto & Digital Assets,6051,GB,0.0383,Extreme,2024-05-27,1,1,2259294.85
M9377,Swift Mart,Electronics & Computers,5732,US,0.0268,Moderate,2022-01-29,2,0,2310067.02
M3550,Horizon Store,Grocery & Supermarket,5411,GB,0.0145,Low,2020-02-25,1,0,1689476.85
M4324,Vanguard Logistics,Travel & Airlines,4511,CA,0.0304,High,2021-02-09,1,1,1488672.53
M2924,Alpha Express,Gaming & Virtual Goods,7995,US,0.0323,High,2022-08-16,3,0,612270.74
M8011,Alpha Foods,Financial Services & SaaS,5999,US,0.0269,Moderate,2023-09-21,1,0,680211.64
M5673,Zenith Hub,E-Commerce & Marketplaces,5311,US,0.0283,Extreme,2021-12-14,7,0,2094614.43
M8868,Beacon Hub,Grocery & Supermarket,5411,FR,0.0139,Low,2021-04-20,2,0,1169756.11
M4076,Zenith Air,Healthcare & Wellness,8099,US,0.0152,Low,2022-02-20,1,0,207985.39
M3852,Swift Direct,Electronics & Computers,5732,CA,0.0218,Low,2021-10-19,7,0,714517.24
M3083,Starlight Pay,Electronics & Computers,5732,US,0.0231,Moderate,2022-02-03,2,0,308515.9
M6912,BlueSky Direct,Grocery & Supermarket,5411,IN,0.0182,Low,2023-10-27,1,0,1476986.32
M1187,Horizon Hub,Gaming & Virtual Goods,7995,CA,0.0303,High,2022-08-03,3,0,1931127.78
M5985,Prime Cafe,Financial Services & SaaS,5999,DE,0.0273,Moderate,2022-05-18,2,0,2317195.53
M9184,Zenith Solutions,Healthcare & Wellness,8099,US,0.0202,Low,2021-01-07,3,0,387936.73
M1391,Quantum Hub,Financial Services & SaaS,5999,IN,0.0259,Moderate,2023-10-31,7,0,2315733.65
M7907,Nova Holdings,E-Commerce & Marketplaces,5311,US,0.024,Moderate,2022-05-29,7,0,791924.7
M7453,Vanguard Mart,Grocery & Supermarket,5411,CA,0.0131,Low,2023-12-26,1,0,41625.99
M3556,Alpha Air,Crypto & Digital Assets,6051,FR,0.0377,Extreme,2023-07-01,2,0,384989.84
M7783,Beacon Direct,Gaming & Virtual Goods,7995,FR,0.0329,High,2023-07-12,1,1,1991170.88
M6271,Apex Retail,Electronics & Computers,5732,CA,0.0255,Extreme,2022-11-24,1,1,769788.42
M2901,Swift Pay,Healthcare & Wellness,8099,CA,0.0182,Low,2023-09-06,3,0,1408309.03
M4622,Quantum Foods,E-Commerce & Marketplaces,5311,DE,0.0259,Moderate,2021-06-03,7,0,896382.55
M6242,Pioneer Mart,Financial Services & SaaS,5999,FR,0.0243,Moderate,2023-08-31,1,0,669471.16
M7722,Alpha Pay,Grocery & Supermarket,5411,GB,0.0134,Low,2023-12-25,3,0,2205349.63
M4021,Pulse Logistics,Gaming & Virtual Goods,7995,SG,0.0293,Low,2023-09-15,2,0,1894780.35
M3307,Nexus Pay,Electronics & Computers,5732,FR,0.0222,Moderate,2023-07-28,1,0,1183762.6
M7867,BlueSky Solutions,Financial Services & SaaS,5999,DE,0.025,Moderate,2021-02-17,2,0,147181.43
M6800,Alpha Mart,E-Commerce & Marketplaces,5311,FR,0.0267,Moderate,2023-06-03,1,0,2264242.11
M8248,Vertex Mart,Electronics & Computers,5732,US,0.0217,Moderate,2021-09-10,1,0,587417.65
M6652,Apex Cloud,Food & Dining,5812,US,0.0169,Extreme,2024-02-24,2,1,305367.2
M2526,Alpha Hub,Financial Services & SaaS,5999,US,0.0225,Moderate,2021-04-26,7,0,1728580.33
M7914,Zenith Cloud,Travel & Airlines,4511,IN,0.0258,High,2020-09-03,1,0,213640.04
M6915,Zenith Cafe,Electronics & Computers,5732,US,0.0192,Moderate,2022-07-24,1,0,287619.82
M8127,Pioneer Logistics,Crypto & Digital Assets,6051,SG,0.0384,Low,2024-07-22,2,0,1282568.53
M7249,Cyber Logistics,Healthcare & Wellness,8099,DE,0.0181,Low,2020-03-28,1,0,754448.6
M3457,Zenith Retail,Gaming & Virtual Goods,7995,GB,0.0304,High,2022-02-14,1,1,2263411.86
M3796,Apex Express,Travel & Airlines,4511,IN,0.0267,High,2023-01-22,1,0,1176808.77
M8352,Swift Cloud,Food & Dining,5812,US,0.023,Low,2022-03-03,2,0,349346.47
M9932,Titan Direct,Financial Services & SaaS,5999,IN,0.0237,Moderate,2020-06-18,2,0,729213.7
M3128,Prime Solutions,Healthcare & Wellness,8099,US,0.0186,Low,2024-08-07,1,0,554057.14
M1880,Quantum Tech,Electronics & Computers,5732,DE,0.0258,Moderate,2024-09-01,3,0,890002.76
M3870,Summit Store,Travel & Airlines,4511,US,0.0324,High,2024-03-09,1,0,1926640.76
M5948,Pulse Tech,E-Commerce & Marketplaces,5311,US,0.0271,Moderate,2020-02-12,2,0,386105.06
M7945,Pioneer Hub,Travel & Airlines,4511,US,0.0299,High,2020-09-26,1,0,1628956.64
M3597,Velocity Logistics,Travel & Airlines,4511,DE,0.0256,High,2022-10-19,2,0,162990.55
M4483,Prime Air,Grocery & Supermarket,5411,IN,0.0154,Low,2023-11-01,1,0,1211762.71
M1032,Pioneer Cloud,Grocery & Supermarket,5411,SG,0.0182,Low,2021-01-09,1,0,2498747.02
M1995,Nexus Store,Crypto & Digital Assets,6051,GB,0.0376,Extreme,2022-04-27,1,0,1199456.37
M3805,Cyber Mart,E-Commerce & Marketplaces,5311,IN,0.0238,Extreme,2021-09-20,1,0,1091834.27
M1329,Beacon Cafe,Crypto & Digital Assets,6051,US,0.0405,Extreme,2020-02-24,2,0,1655097.67
M9298,SilverLine Holdings,Financial Services & SaaS,5999,IN,0.0279,Moderate,2020-12-29,1,0,819670.36
M6620,Quantum Air,Gaming & Virtual Goods,7995,GB,0.0336,High,2022-08-08,2,0,1797659.63
M6202,Swift Ventures,Financial Services & SaaS,5999,US,0.027,Moderate,2023-07-05,1,0,1339905.9
M3544,SilverLine Cloud,Healthcare & Wellness,8099,AU,0.0153,Low,2020-03-26,2,0,1379368.42
M4382,Aero Foods,Travel & Airlines,4511,US,0.0266,High,2022-07-16,7,1,391032.68
M6539,Alpha Solutions,Healthcare & Wellness,8099,AU,0.0216,Low,2022-05-12,7,0,249266.95
M6460,Alpha Express,Travel & Airlines,4511,GB,0.0323,Extreme,2020-03-23,1,0,2155661.84
M2135,Vertex Foods,Electronics & Computers,5732,IN,0.025,Moderate,2021-06-16,1,0,1051420.56
M1479,Nova Foods,E-Commerce & Marketplaces,5311,CA,0.028,Moderate,2023-08-11,7,0,768175.81
M1850,Vertex Air,Travel & Airlines,4511,US,0.0313,High,2021-10-05,1,1,2430897.39
M6081,BlueSky Holdings,Grocery & Supermarket,5411,SG,0.019,Low,2020-07-25,7,0,1109707.52
M1894,Starlight Pay,E-Commerce & Marketplaces,5311,US,0.0274,Moderate,2020-07-09,1,0,2394382.46
M4125,BlueSky Store,Financial Services & SaaS,5999,CA,0.0283,Moderate,2023-01-20,1,0,2047200.3
M3074,Prime Holdings,Food & Dining,5812,US,0.0166,Low,2024-06-14,2,0,259969.96
M5849,Starlight Foods,Food & Dining,5812,SG,0.0193,Low,2023-08-29,3,0,2348745.53
M8886,Cyber Holdings,Crypto & Digital Assets,6051,CA,0.0418,Extreme,2023-10-12,3,0,1770668.17
M8678,Nova Cloud,Electronics & Computers,5732,AU,0.025,Moderate,2024-08-22,1,0,1836847.69
M5629,Summit Hub,Gaming & Virtual Goods,7995,AU,0.029,High,2021-08-17,7,1,2456010.64
M8407,Vertex Mart,Grocery & Supermarket,5411,US,0.0166,Low,2020-11-07,2,0,2303094.24
M9236,Cyber Hub,E-Commerce & Marketplaces,5311,AU,0.0222,Moderate,2020-12-07,1,0,805347.11
M2179,Prime Air,Food & Dining,5812,FR,0.0213,Low,2022-08-07,1,0,319505.53
M3639,Velocity Tech,Healthcare & Wellness,8099,FR,0.0224,Low,2023-07-12,7,0,342793.36
M3263,Quantum Cloud,Financial Services & SaaS,5999,SG,0.026,Moderate,2020-12-08,2,0,1458265.37
M7588,Vertex Holdings,Grocery & Supermarket,5411,DE,0.0146,Low,2020-08-23,3,0,556262.85
M6397,Apex Pay,Grocery & Supermarket,5411,AU,0.0179,Low,2023-08-21,2,0,400455.29
M3398,Vertex Retail,Gaming & Virtual Goods,7995,IN,0.0295,Extreme,2022-06-16,3,1,1471898.45
M1832,Apex Holdings,Electronics & Computers,5732,US,0.0191,Moderate,2024-04-20,1,0,2367700.14
M5893,Pioneer Holdings,Food & Dining,5812,US,0.02,Low,2022-07-13,2,0,1649747.15
M2943,Pioneer Pay,Electronics & Computers,5732,GB,0.0197,Moderate,2020-11-19,3,0,951561.85
M4005,Summit Holdings,Gaming & Virtual Goods,7995,GB,0.0335,High,2023-05-27,2,0,942745.39
M7592,Prime Pay,E-Commerce & Marketplaces,5311,DE,0.0226,Moderate,2020-06-10,2,0,2303243.11
M5181,Apex Foods,Travel & Airlines,4511,IN,0.0305,Extreme,2021-05-24,2,1,1050464.34
M6584,Summit Logistics,Healthcare & Wellness,8099,GB,0.0206,Low,2024-03-01,7,0,117380.34
M6742,Velocity Pay,Travel & Airlines,4511,GB,0.027,High,2021-09-01,3,1,2222665.85
M8078,Vertex Holdings,Crypto & Digital Assets,6051,DE,0.0421,Extreme,2022-12-31,1,0,2465677.46
M6200,Quantum Hub,E-Commerce & Marketplaces,5311,US,0.0239,Extreme,2020-10-21,2,0,326277.85
M2358,Summit Holdings,E-Commerce & Marketplaces,5311,AU,0.0282,Low,2022-03-01,2,0,1282458.13
M8187,Quantum Mart,Electronics & Computers,5732,US,0.0199,Moderate,2024-04-18,1,0,2498442.66
M4237,Vanguard Hub,Grocery & Supermarket,5411,IN,0.013,Low,2020-12-23,2,0,332142.65
M6586,Global Hub,Crypto & Digital Assets,6051,US,0.0398,Extreme,2023-05-23,3,1,1368590.91
M1208,Velocity Air,Food & Dining,5812,US,0.0219,Low,2024-08-31,1,0,1679289.26
M9360,SilverLine Foods,Food & Dining,5812,CA,0.0229,Low,2024-03-27,1,0,91553.62
M8485,Beacon Foods,Crypto & Digital Assets,6051,US,0.0374,Extreme,2021-05-12,1,0,347542.37
M2870,Global Cloud,Gaming & Virtual Goods,7995,US,0.0291,Moderate,2024-03-14,1,0,2207045.49
M7238,Prime Pay,Grocery & Supermarket,5411,GB,0.019,Low,2022-05-14,7,0,1977260.76
M6807,Nova Retail,Grocery & Supermarket,5411,SG,0.0171,Low,2022-07-15,3,0,2178216.26
M7435,Beacon Ventures,Travel & Airlines,4511,IN,0.0328,High,2021-11-18,2,1,1519901.51
M8507,Titan Cafe,Electronics & Computers,5732,GB,0.0235,Moderate,2020-12-26,2,0,1971092.83
M9700,Global Ventures,E-Commerce & Marketplaces,5311,FR,0.0267,Moderate,2021-05-24,2,0,2183925.74
M7774,SilverLine Pay,Travel & Airlines,4511,FR,0.0326,High,2021-07-26,1,0,1442688.99
M6034,Hyper Express,Grocery & Supermarket,5411,GB,0.0151,Low,2020-02-28,7,0,1033879.06
M9278,Titan Direct,Travel & Airlines,4511,US,0.0278,High,2023-01-09,3,1,791692.9
M4536,Horizon Mart,Financial Services & SaaS,5999,IN,0.0249,Moderate,2022-01-18,1,0,1626389.77
M4493,BlueSky Solutions,Healthcare & Wellness,8099,CA,0.0175,Low,2022-12-19,1,0,1518771.1
M6306,SilverLine Store,Healthcare & Wellness,8099,US,0.0206,Low,2021-09-06,2,0,2346927.96
M5202,Nova Cafe,E-Commerce & Marketplaces,5311,US,0.0211,Low,2021-10-17,2,0,169692.09
M9240,Velocity Store,Healthcare & Wellness,8099,DE,0.018,Low,2020-02-03,3,0,1739107.83
M6065,BlueSky Air,Financial Services & SaaS,5999,SG,0.0269,Moderate,2023-12-04,1,0,2308903.2
M8062,BlueSky Holdings,Crypto & Digital Assets,6051,DE,0.039,Extreme,2023-08-30,2,0,1749705.14
M4343,Cyber Retail,Food & Dining,5812,AU,0.017,Low,2020-09-11,2,0,1456243.32
M9678,Nova Mart,Electronics & Computers,5732,DE,0.0236,Moderate,2023-07-10,2,0,2280269.69
M7084,Pulse Hub,E-Commerce & Marketplaces,5311,IN,0.0238,Moderate,2021-11-14,3,0,1346078.25
M6297,Cyber Cafe,Travel & Airlines,4511,US,0.0264,High,2020-10-21,2,0,454625.42
M3466,Titan Ventures,Crypto & Digital Assets,6051,SG,0.0394,High,2022-08-05,3,0,2113107.07
M4392,Summit Hub,Grocery & Supermarket,5411,CA,0.0197,Low,2020-07-10,3,0,1632444.44
M5803,Swift Tech,Electronics & Computers,5732,FR,0.0196,Moderate,2021-12-16,2,0,1483337.96
M3997,Aero Tech,Travel & Airlines,4511,DE,0.0257,High,2020-12-03,1,1,866561.3
M3095,SilverLine Direct,Healthcare & Wellness,8099,CA,0.0207,Low,2020-08-30,1,0,49049.21
M8052,Quantum Pay,E-Commerce & Marketplaces,5311,US,0.0252,Moderate,2021-09-08,7,0,2099777.98
M8938,Apex Foods,Financial Services & SaaS,5999,AU,0.0259,Moderate,2023-09-30,2,0,1789966.15
M6198,SilverLine Logistics,Crypto & Digital Assets,6051,DE,0.0386,Extreme,2022-09-16,3,0,1031266.6
M4994,Summit Mart,E-Commerce & Marketplaces,5311,SG,0.0262,Moderate,2022-12-23,2,0,2392948.83
M7860,Velocity Air,E-Commerce & Marketplaces,5311,US,0.024,Moderate,2020-03-16,1,0,1721054.31
M4209,Nexus Solutions,Grocery & Supermarket,5411,AU,0.0188,Low,2023-03-07,7,0,1888805.63
M8647,Beacon Express,Financial Services & SaaS,5999,US,0.0235,Moderate,2022-06-21,7,0,270983.63
M9832,Starlight Air,Food & Dining,5812,FR,0.018,Low,2022-11-26,2,0,2434437.01
M2366,Summit Ventures,Travel & Airlines,4511,AU,0.026,High,2020-08-17,1,0,1533529.03
M3657,Nexus Hub,Grocery & Supermarket,5411,US,0.016,Low,2021-09-21,1,0,2286158.61
M7245,Horizon Cloud,Grocery & Supermarket,5411,US,0.0137,Low,2022-02-10,7,0,1529274.36
M4138,Prime Ventures,Gaming & Virtual Goods,7995,SG,0.0354,High,2022-11-01,7,0,2427982.91
M7862,Pulse Direct,Gaming & Virtual Goods,7995,SG,0.0366,High,2021-05-30,3,1,1385420.32
M3795,Apex Express,Grocery & Supermarket,5411,US,0.0162,High,2023-07-13,7,1,2046268.61
M6931,Global Foods,E-Commerce & Marketplaces,5311,US,0.0272,Moderate,2023-02-24,1,0,1343273.37
M6686,Hyper Logistics,Gaming & Virtual Goods,7995,US,0.0324,High,2023-11-03,3,0,1678251.49
M1829,Titan Holdings,Crypto & Digital Assets,6051,AU,0.0358,Moderate,2023-10-20,1,0,2058116.48
M3326,Alpha Ventures,Electronics & Computers,5732,IN,0.0254,Extreme,2024-08-14,1,0,2069144.87
M9962,SilverLine Mart,Financial Services & SaaS,5999,US,0.0241,Moderate,2020-10-01,7,0,1561512.21
M3777,Cyber Tech,Gaming & Virtual Goods,7995,DE,0.03,High,2024-04-25,2,0,193639.33
M2363,Vertex Mart,Grocery & Supermarket,5411,AU,0.0168,Low,2020-11-01,2,0,2452208.13
M2256,Vertex Holdings,Gaming & Virtual Goods,7995,SG,0.0296,High,2022-06-02,2,0,2241313.18
M6301,Alpha Store,Travel & Airlines,4511,AU,0.027,High,2022-01-29,7,0,1703549.53
M2712,Prime Ventures,Financial Services & SaaS,5999,FR,0.027,High,2024-04-30,3,0,2077064.48
M6575,Swift Express,Food & Dining,5812,US,0.0233,Low,2022-11-16,1,0,952340.17
M4478,Aero Pay,Electronics & Computers,5732,DE,0.027,Moderate,2022-05-22,1,0,24191.82
M1003,Cyber Holdings,Travel & Airlines,4511,US,0.0323,Extreme,2020-04-27,1,0,526228.75
M6526,Vertex Ventures,Food & Dining,5812,DE,0.02,Low,2022-12-29,3,0,1861916.38
M3772,Vanguard Store,Food & Dining,5812,AU,0.0214,Low,2022-06-25,3,0,1234908.16
M6879,Aero Retail,E-Commerce & Marketplaces,5311,DE,0.0281,Moderate,2022-08-09,7,0,495984.36
M1833,Titan Ventures,Electronics & Computers,5732,AU,0.0258,Moderate,2022-08-21,1,0,2441364.85
M6639,Vanguard Express,E-Commerce & Marketplaces,5311,FR,0.0228,Moderate,2023-02-07,1,0,2320098.8
M7246,Zenith Express,Gaming & Virtual Goods,7995,US,0.0331,High,2024-06-12,7,0,975027.65
M4445,Titan Cafe,E-Commerce & Marketplaces,5311,US,0.0248,Moderate,2024-08-01,3,0,2072634.13
M4715,Global Solutions,Financial Services & SaaS,5999,US,0.0258,Low,2021-08-22,1,0,1500007.46
M8604,Beacon Cafe,Crypto & Digital Assets,6051,IN,0.0361,Extreme,2022-03-29,1,1,353571.81
M4066,Pioneer Retail,Financial Services & SaaS,5999,FR,0.029,Moderate,2023-11-02,3,0,1097106.17
M4659,Global Foods,Financial Services & SaaS,5999,CA,0.0221,Moderate,2023-07-11,2,0,1957909.78
M7200,Velocity Solutions,Crypto & Digital Assets,6051,US,0.0383,Extreme,2024-02-18,7,0,1494940.93
M5636,Swift Air,Travel & Airlines,4511,GB,0.0322,High,2024-09-07,7,0,1828304.61
M6052,Horizon Air,Grocery & Supermarket,5411,SG,0.0182,Low,2020-05-22,7,0,39466.66
M7346,Nova Solutions,Travel & Airlines,4511,US,0.0251,High,2023-07-20,1,1,2496126.01
M8574,Apex Logistics,E-Commerce & Marketplaces,5311,DE,0.0241,Moderate,2024-07-20,7,0,439497.01
M2673,Nova Holdings,Healthcare & Wellness,8099,CA,0.0178,Low,2020-12-21,3,0,1044287.41
M4981,Alpha Cloud,Grocery & Supermarket,5411,DE,0.0168,Low,2024-04-10,2,0,786833.46
M5417,BlueSky Express,Food & Dining,5812,FR,0.0177,Low,2024-05-26,3,0,1954952.06
M9292,SilverLine Retail,Grocery & Supermarket,5411,FR,0.0176,Low,2021-06-03,3,0,1579271.17
M3288,Alpha Holdings,Travel & Airlines,4511,US,0.0319,Moderate,2021-11-06,3,0,1443309.01
M8816,Titan Retail,Gaming & Virtual Goods,7995,CA,0.0304,High,2021-10-10,7,0,924808.81
M1809,Starlight Store,Healthcare & Wellness,8099,AU,0.022,Low,2023-03-30,1,0,270228.47
M5127,Velocity Logistics,Healthcare & Wellness,8099,FR,0.0215,High,2023-09-19,7,0,2088658.86
M2334,Horizon Mart,Healthcare & Wellness,8099,US,0.0166,High,2023-01-31,2,0,1752893.42
M1867,Swift Ventures,Gaming & Virtual Goods,7995,DE,0.0307,High,2024-04-26,1,1,465878.57
M3649,Summit Air,Healthcare & Wellness,8099,FR,0.0194,Low,2022-03-28,1,0,2062505.8
M3493,Cyber Tech,Financial Services & SaaS,5999,IN,0.0232,Extreme,2020-06-15,1,0,2015167.22
M3356,Global Foods,Healthcare & Wellness,8099,FR,0.0178,Low,2021-05-25,2,0,56320.0
M8337,Horizon Retail,Food & Dining,5812,GB,0.0198,Low,2023-12-19,1,0,1798895.98
M6577,Nova Store,Grocery & Supermarket,5411,IN,0.0131,Low,2021-11-13,2,0,324033.89
M1554,Prime Air,Financial Services & SaaS,5999,CA,0.0232,Moderate,2023-12-15,7,0,1427307.67
M2368,Global Ventures,Financial Services & SaaS,5999,GB,0.0246,Moderate,2023-03-01,2,0,1140295.34
M6629,Vertex Express,Electronics & Computers,5732,FR,0.0202,Moderate,2021-12-04,2,0,2168339.75
M9974,Global Solutions,E-Commerce & Marketplaces,5311,CA,0.0265,Moderate,2024-06-30,7,0,833126.88
M9114,Vanguard Direct,E-Commerce & Marketplaces,5311,IN,0.0275,Moderate,2023-08-24,3,0,2311032.82
M1107,Swift Pay,Healthcare & Wellness,8099,SG,0.0222,Low,2020-03-26,1,0,492547.07
M5046,Swift Logistics,E-Commerce & Marketplaces,5311,US,0.0277,Moderate,2024-02-03,1,0,461239.08
M9173,Velocity Cloud,Gaming & Virtual Goods,7995,FR,0.0301,High,2020-09-21,3,0,1876916.23
M7006,Beacon Hub,Grocery & Supermarket,5411,FR,0.0161,Low,2020-10-09,2,0,2425125.26
M6088,Aero Air,Electronics & Computers,5732,IN,0.0194,Low,2022-05-22,2,0,1559429.24
M9328,Velocity Retail,Healthcare & Wellness,8099,FR,0.02,Low,2022-05-16,3,0,857382.31
M4811,Starlight Retail,Electronics & Computers,5732,IN,0.0191,Extreme,2020-02-29,2,0,1750667.79
M8103,Titan Tech,Food & Dining,5812,DE,0.0195,Low,2021-08-10,1,0,199065.7
M9715,Nexus Air,Travel & Airlines,4511,US,0.0299,High,2021-01-05,1,0,2203274.3
M8624,Apex Store,Healthcare & Wellness,8099,US,0.0175,Low,2024-04-19,2,0,158900.76
M6149,Nexus Tech,Food & Dining,5812,CA,0.0192,Low,2022-02-26,3,0,286361.92
M8241,Summit Direct,Crypto & Digital Assets,6051,IN,0.0364,Extreme,2023-12-17,3,0,1499823.62
M6696,Nova Logistics,Crypto & Digital Assets,6051,US,0.0395,Extreme,2020-03-17,2,0,741866.19
M1076,Summit Tech,Food & Dining,5812,GB,0.0173,Low,2022-07-26,2,0,1212923.7
M4684,BlueSky Direct,E-Commerce & Marketplaces,5311,IN,0.0216,Low,2021-12-21,1,0,478604.06
M4856,BlueSky Ventures,E-Commerce & Marketplaces,5311,AU,0.0289,Moderate,2021-05-29,1,0,1834889.32
M9471,Nexus Pay,Travel & Airlines,4511,AU,0.0299,High,2023-04-15,1,0,464904.78
M5633,Quantum Hub,Travel & Airlines,4511,US,0.0257,High,2021-04-27,2,0,427925.89
M7997,Beacon Mart,Crypto & Digital Assets,6051,US,0.0384,Extreme,2020-03-17,1,0,2484261.65
M4972,Swift Solutions,Food & Dining,5812,US,0.0192,Low,2023-02-17,1,0,669872.9
M8543,Titan Direct,Healthcare & Wellness,8099,FR,0.0176,Low,2020-03-16,2,0,562482.2
M1962,Vertex Store,Travel & Airlines,4511,FR,0.0287,High,2021-02-24,2,1,1806154.14
M2159,Titan Ventures,Grocery & Supermarket,5411,US,0.0128,Low,2020-09-13,3,0,580120.67
M2833,Velocity Pay,E-Commerce & Marketplaces,5311,GB,0.025,Moderate,2020-10-30,2,0,777296.84
M3306,SilverLine Hub,Financial Services & SaaS,5999,GB,0.0295,Moderate,2021-08-26,1,0,1955819.5
M1778,Cyber Cloud,Electronics & Computers,5732,SG,0.0248,Moderate,2020-10-23,3,0,1649734.17
M3000,Vanguard Store,Electronics & Computers,5732,US,0.0261,Moderate,2022-02-09,1,0,586103.07
M4501,SilverLine Express,Crypto & Digital Assets,6051,CA,0.0399,Moderate,2022-08-03,7,0,1965525.07
M2739,Swift Foods,Financial Services & SaaS,5999,AU,0.0283,Moderate,2023-12-12,7,0,2465192.36
M2394,Swift Tech,Healthcare & Wellness,8099,CA,0.017,Low,2023-12-17,7,0,595434.07
M6839,Titan Foods,Crypto & Digital Assets,6051,IN,0.0429,Extreme,2021-09-10,2,1,39870.96
M6218,Pulse Mart,Food & Dining,5812,US,0.0173,Moderate,2023-08-04,1,0,162464.52
M5037,Titan Cloud,Crypto & Digital Assets,6051,US,0.036,Extreme,2023-02-15,2,1,173098.24
M8996,Velocity Ventures,Healthcare & Wellness,8099,IN,0.0201,Low,2021-09-08,3,0,2247119.58
M3831,Aero Ventures,Crypto & Digital Assets,6051,DE,0.0428,Extreme,2022-05-11,2,0,1437461.8
M1622,Vertex Foods,Electronics & Computers,5732,US,0.0233,Moderate,2021-01-21,1,0,861412.74
M1020,Vertex Ventures,Financial Services & SaaS,5999,US,0.0226,Moderate,2020-10-10,3,0,831361.81
M8269,Zenith Retail,Gaming & Virtual Goods,7995,IN,0.0295,High,2024-01-21,1,0,363955.14
M6795,Summit Hub,Crypto & Digital Assets,6051,AU,0.0421,Extreme,2022-12-20,7,0,1479480.32
M1118,Summit Hub,E-Commerce & Marketplaces,5311,US,0.021,High,2021-03-30,7,1,605837.79
M4869,Cyber Tech,Healthcare & Wellness,8099,US,0.0201,Low,2021-12-11,3,0,1521756.02
M6077,Vertex Cafe,Gaming & Virtual Goods,7995,FR,0.0353,High,2023-10-05,1,1,1998209.86
M5669,Vertex Express,Crypto & Digital Assets,6051,CA,0.0414,Extreme,2023-10-02,1,1,1648446.81
M3975,Alpha Direct,Crypto & Digital Assets,6051,US,0.0407,Extreme,2023-10-13,2,0,1179929.24
M3638,SilverLine Pay,Travel & Airlines,4511,GB,0.0316,High,2022-10-11,2,0,564436.43
M5561,Alpha Holdings,Healthcare & Wellness,8099,US,0.0189,Low,2021-11-10,7,0,1958522.93
M9879,Titan Retail,Travel & Airlines,4511,US,0.0328,High,2021-05-09,1,0,1902409.97
M4947,Prime Foods,Crypto & Digital Assets,6051,US,0.0364,Extreme,2023-08-04,2,0,2311412.37
M8696,Titan Solutions,Food & Dining,5812,GB,0.0189,Low,2021-12-13,1,0,1324114.18
M6387,Nova Store,Financial Services & SaaS,5999,US,0.0298,Moderate,2022-09-16,3,0,1930210.12
M5587,Velocity Express,Food & Dining,5812,AU,0.0225,Low,2021-05-21,1,0,1889016.0
M4159,Beacon Express,Healthcare & Wellness,8099,GB,0.0219,Moderate,2022-03-17,1,0,2113852.71
M3879,Hyper Tech,Gaming & Virtual Goods,7995,CA,0.0302,High,2020-02-29,1,1,2401789.77
M3451,Starlight Cafe,Grocery & Supermarket,5411,US,0.0145,Low,2021-09-08,2,0,1688221.52
M2407,Beacon Ventures,Gaming & Virtual Goods,7995,US,0.0307,High,2022-02-06,7,0,2471554.73
M5489,Nova Express,Electronics & Computers,5732,CA,0.0193,Moderate,2022-11-25,3,0,1694124.1
M3568,BlueSky Holdings,Travel & Airlines,4511,US,0.0258,High,2020-02-23,2,0,1037945.61
M2902,Hyper Cafe,Healthcare & Wellness,8099,CA,0.019,Low,2022-09-17,2,0,1563186.42
M3662,Prime Air,E-Commerce & Marketplaces,5311,US,0.0232,Moderate,2020-08-22,2,0,2096815.96
M8464,Pioneer Mart,Electronics & Computers,5732,US,0.0269,Moderate,2023-04-22,1,0,281542.67
M3088,Beacon Solutions,Gaming & Virtual Goods,7995,DE,0.0343,High,2022-01-22,7,0,2040814.32
M5960,Cyber Retail,Food & Dining,5812,SG,0.0227,Low,2023-04-18,2,0,809693.59
M7801,Cyber Direct,Electronics & Computers,5732,US,0.0202,Moderate,2021-04-03,1,0,752546.82
M1026,Starlight Express,Crypto & Digital Assets,6051,GB,0.0391,Extreme,2022-10-30,1,1,1215880.31
M5778,Horizon Hub,Gaming & Virtual Goods,7995,US,0.0352,High,2023-02-22,7,0,975022.93
M6561,Vanguard Tech,Food & Dining,5812,US,0.0183,Low,2023-10-12,3,0,23225.96
M9692,Alpha Express,Financial Services & SaaS,5999,FR,0.029,Low,2021-10-25,3,0,2028411.77
M3695,Aero Mart,Travel & Airlines,4511,CA,0.0294,High,2022-04-29,7,1,127940.48
M8633,Alpha Foods,Financial Services & SaaS,5999,FR,0.0237,Moderate,2022-10-30,1,0,1886691.43
M4181,Velocity Ventures,Gaming & Virtual Goods,7995,AU,0.0314,High,2022-01-20,2,0,830273.67
M7436,Velocity Hub,Financial Services & SaaS,5999,FR,0.0236,Moderate,2023-01-13,7,0,402620.32
M3979,Nova Foods,Healthcare & Wellness,8099,US,0.016,Low,2021-11-02,1,0,1487301.7
M3355,Titan Store,Food & Dining,5812,US,0.0163,Low,2023-07-02,1,0,1855112.42
M7556,Horizon Mart,Grocery & Supermarket,5411,US,0.018,Low,2021-11-09,1,0,1950810.33
M5178,Swift Direct,Electronics & Computers,5732,US,0.0201,Moderate,2022-03-12,2,0,2495835.37
M1414,Nova Ventures,Grocery & Supermarket,5411,CA,0.0173,Low,2020-06-28,2,0,1770816.31
M8441,Summit Cloud,Healthcare & Wellness,8099,CA,0.0225,Low,2022-02-27,1,0,1745614.46
M9067,Velocity Mart,Crypto & Digital Assets,6051,IN,0.0417,Extreme,2022-06-28,1,0,1513488.36
M4369,Titan Cafe,Travel & Airlines,4511,US,0.0279,High,2021-01-20,2,1,496357.11
M8214,Horizon Mart,Financial Services & SaaS,5999,FR,0.0276,Moderate,2024-03-31,1,0,1119843.06
M5898,Global Cloud,E-Commerce & Marketplaces,5311,US,0.0241,Moderate,2020-12-26,3,0,986934.67
M2349,Beacon Hub,E-Commerce & Marketplaces,5311,IN,0.0276,Moderate,2022-03-17,1,0,1393264.78
M5931,Vanguard Retail,Grocery & Supermarket,5411,US,0.0184,Low,2022-03-04,2,0,867299.62
M8006,Apex Mart,E-Commerce & Marketplaces,5311,US,0.0265,Moderate,2024-08-09,1,0,1206200.18
M8175,Quantum Mart,Crypto & Digital Assets,6051,DE,0.0403,Extreme,2021-01-04,1,0,911577.93
M6302,Vanguard Mart,Food & Dining,5812,GB,0.0215,Low,2020-04-27,1,0,742310.72
M1934,Global Foods,Gaming & Virtual Goods,7995,DE,0.0298,High,2024-01-07,1,1,1524251.88
M4995,Velocity Cafe,Food & Dining,5812,US,0.0188,High,2024-06-06,2,1,2379938.84
M8745,BlueSky Direct,Gaming & Virtual Goods,7995,US,0.029,High,2022-05-16,2,0,1943867.99
M1330,Nexus Mart,Food & Dining,5812,GB,0.0183,Low,2021-06-20,3,0,1813163.51
M6711,Aero Ventures,Crypto & Digital Assets,6051,FR,0.0364,Extreme,2020-06-19,7,0,2268423.15
M9274,Quantum Holdings,Travel & Airlines,4511,DE,0.0252,Extreme,2020-04-25,7,0,2322730.66
M2052,Horizon Express,E-Commerce & Marketplaces,5311,AU,0.0232,Moderate,2021-12-13,1,0,312600.85
M8302,Alpha Air,Financial Services & SaaS,5999,CA,0.0227,Moderate,2020-09-30,1,0,952874.42
M7927,Beacon Holdings,Healthcare & Wellness,8099,SG,0.0214,Low,2024-09-16,3,0,64500.25
M8803,SilverLine Mart,Gaming & Virtual Goods,7995,CA,0.0309,High,2021-08-30,1,1,2247471.23
M1882,BlueSky Tech,E-Commerce & Marketplaces,5311,AU,0.0257,Moderate,2024-03-21,2,0,1293889.07
M1802,Swift Cafe,Financial Services & SaaS,5999,IN,0.029,Moderate,2023-08-30,3,0,734028.37
M6240,Cyber Ventures,Travel & Airlines,4511,US,0.0303,High,2021-02-05,1,1,2292617.9
M1050,Aero Mart,Grocery & Supermarket,5411,GB,0.0148,Low,2020-04-28,2,0,2309977.47
M7057,Vanguard Solutions,Financial Services & SaaS,5999,SG,0.0243,Moderate,2021-06-06,2,0,2354899.67
M9587,Aero Holdings,Food & Dining,5812,DE,0.0163,Low,2022-11-25,1,0,739497.82
M7269,SilverLine Retail,Financial Services & SaaS,5999,AU,0.0298,Moderate,2021-03-28,2,0,2356243.92
M3888,Nexus Air,Healthcare & Wellness,8099,US,0.0199,Low,2021-10-29,7,0,1392420.95
M8858,Pulse Direct,E-Commerce & Marketplaces,5311,SG,0.0283,Moderate,2022-09-02,7,0,2329910.16
M8699,Alpha Pay,Crypto & Digital Assets,6051,GB,0.0351,Extreme,2022-09-19,1,0,2054941.21
M5887,Cyber Hub,Travel & Airlines,4511,GB,0.0271,High,2023-07-06,3,0,476361.92
M4879,Summit Ventures,Crypto & Digital Assets,6051,US,0.0357,Extreme,2023-12-09,2,0,2285173.42
M7508,Summit Pay,Gaming & Virtual Goods,7995,US,0.0344,High,2021-05-30,3,0,1478872.4
M8266,Alpha Cloud,Crypto & Digital Assets,6051,AU,0.0395,Low,2021-03-25,2,0,366990.27
M3416,Nexus Cafe,Electronics & Computers,5732,DE,0.0202,Moderate,2022-09-30,3,0,524791.37
M7685,Vertex Hub,Grocery & Supermarket,5411,FR,0.0192,Low,2023-08-24,1,0,2493569.78
M7620,Nexus Retail,Financial Services & SaaS,5999,SG,0.0289,Moderate,2024-07-02,2,0,2107738.09
M8528,Pioneer Express,Food & Dining,5812,CA,0.0168,Low,2021-12-14,1,0,1257073.7
M2461,Cyber Cloud,Gaming & Virtual Goods,7995,US,0.032,High,2020-09-18,2,1,2284986.93
M1143,Hyper Ventures,Healthcare & Wellness,8099,DE,0.0183,Low,2023-12-10,1,0,1518956.89
M4158,Vanguard Retail,Gaming & Virtual Goods,7995,FR,0.0318,High,2022-02-21,1,0,2072565.86
M6143,Vanguard Mart,Grocery & Supermarket,5411,SG,0.0166,Low,2021-01-04,7,0,1048033.55
M7948,Vanguard Cloud,Food & Dining,5812,GB,0.0205,Low,2021-09-20,2,0,2064398.37
M2202,Zenith Logistics,Food & Dining,5812,AU,0.018,Low,2022-05-03,2,0,2157714.9
M6029,Global Store,Healthcare & Wellness,8099,US,0.0223,Low,2021-04-25,2,0,757150.91
M1064,Nexus Express,E-Commerce & Marketplaces,5311,IN,0.0256,Moderate,2023-12-14,1,0,239600.8
M4436,Beacon Store,Healthcare & Wellness,8099,US,0.0225,Low,2021-01-22,3,0,159968.53
M8887,Prime Direct,Healthcare & Wellness,8099,GB,0.0163,Low,2020-04-16,1,0,447720.39
M6836,Vertex Ventures,E-Commerce & Marketplaces,5311,DE,0.0238,Extreme,2022-08-13,1,1,1394765.06
M5464,Beacon Hub,Healthcare & Wellness,8099,CA,0.0228,Low,2020-08-09,7,0,2232642.42
M1321,Zenith Holdings,Gaming & Virtual Goods,7995,CA,0.0312,High,2022-03-02,1,0,1833011.7
M7671,Global Air,Gaming & Virtual Goods,7995,SG,0.0292,High,2022-01-19,1,1,673297.41
M5555,Quantum Store,Gaming & Virtual Goods,7995,FR,0.0328,High,2022-03-15,7,1,1431061.34
M7690,Global Solutions,Financial Services & SaaS,5999,US,0.026,Moderate,2024-04-05,2,0,1347507.92
M2839,Hyper Solutions,Food & Dining,5812,GB,0.0162,Low,2022-12-02,2,0,1831320.65
M2629,Alpha Holdings,Electronics & Computers,5732,US,0.0212,Moderate,2020-06-04,2,0,508209.41
M9277,Apex Mart,Food & Dining,5812,US,0.0222,Low,2022-10-06,2,0,245083.34
M9599,Pioneer Tech,E-Commerce & Marketplaces,5311,DE,0.0259,Low,2021-03-28,2,0,27561.71
M5182,Global Air,Gaming & Virtual Goods,7995,SG,0.0291,High,2023-03-27,2,1,393894.58
M9712,Titan Tech,Healthcare & Wellness,8099,SG,0.0217,Low,2021-12-25,7,0,1388979.79
M3570,Aero Cafe,Healthcare & Wellness,8099,US,0.0175,Low,2024-07-04,2,0,1680659.28
M5753,Beacon Cloud,Healthcare & Wellness,8099,GB,0.0164,Moderate,2023-07-04,3,0,1824940.47
M2218,BlueSky Express,Travel & Airlines,4511,AU,0.0287,Extreme,2023-08-19,2,1,1939889.67
M5348,Vanguard Ventures,Gaming & Virtual Goods,7995,DE,0.0341,Low,2024-09-20,2,0,384623.53
M7800,Global Foods,Electronics & Computers,5732,CA,0.0257,Moderate,2023-01-02,2,0,1326262.81
M3277,Aero Retail,Food & Dining,5812,GB,0.0165,Low,2021-02-24,3,0,1133554.22
M1689,Alpha Holdings,Crypto & Digital Assets,6051,US,0.0362,Extreme,2021-08-17,1,0,883031.01
M9846,Apex Retail,Grocery & Supermarket,5411,FR,0.0187,Low,2020-03-30,7,0,1090421.95
M4464,Cyber Foods,Food & Dining,5812,IN,0.0234,Low,2020-08-04,2,0,201293.41
M7618,Swift Solutions,Travel & Airlines,4511,DE,0.0265,High,2022-10-19,2,0,493011.15
M3357,Cyber Ventures,Grocery & Supermarket,5411,IN,0.0152,Low,2022-12-12,1,0,1615394.3
M5224,Alpha Foods,Crypto & Digital Assets,6051,FR,0.0361,Extreme,2022-01-11,7,0,206226.52
M3872,Alpha Ventures,Financial Services & SaaS,5999,SG,0.0229,Moderate,2020-05-30,3,0,1091584.76
M8592,Velocity Foods,Healthcare & Wellness,8099,DE,0.0178,Low,2023-07-12,1,0,2178258.22
M9062,Titan Direct,E-Commerce & Marketplaces,5311,GB,0.0272,Moderate,2024-06-19,3,0,157516.73
M4858,Beacon Hub,Grocery & Supermarket,5411,US,0.0174,Low,2023-12-20,1,0,1253403.35
M2111,Prime Direct,Food & Dining,5812,SG,0.0161,Low,2020-04-21,7,0,1234499.52
M5161,Aero Store,Healthcare & Wellness,8099,AU,0.0151,Extreme,2020-02-23,1,0,2469325.38
M4523,Pulse Holdings,Electronics & Computers,5732,GB,0.0209,Moderate,2023-01-16,3,0,2458537.93
M2711,Pulse Solutions,Healthcare & Wellness,8099,US,0.0194,Low,2022-03-30,2,0,2408822.74
M3069,Apex Mart,Healthcare & Wellness,8099,SG,0.019,Low,2020-07-30,1,0,1226685.76
M2282,Aero Retail,Food & Dining,5812,US,0.0212,Low,2021-12-24,2,0,2339991.44
M3155,BlueSky Tech,Food & Dining,5812,DE,0.0239,Low,2023-09-29,1,0,1196128.33
M9810,Velocity Pay,Crypto & Digital Assets,6051,US,0.0351,Extreme,2022-10-05,2,0,1963643.19
M6367,Titan Store,Grocery & Supermarket,5411,US,0.0158,Low,2021-03-13,1,0,730571.92
M1294,Apex Hub,Travel & Airlines,4511,SG,0.0271,High,2020-12-15,1,0,452811.22
M1688,Nexus Hub,E-Commerce & Marketplaces,5311,US,0.0267,Moderate,2020-07-04,2,0,1729825.46
M8249,Prime Pay,Travel & Airlines,4511,US,0.032,High,2022-09-14,1,1,2405058.27
M2530,Summit Cloud,E-Commerce & Marketplaces,5311,CA,0.0288,Moderate,2024-05-05,2,0,826393.3
M4824,Swift Tech,Electronics & Computers,5732,US,0.0229,High,2024-07-04,7,0,1243293.4
M8810,Velocity Tech,Electronics & Computers,5732,IN,0.0245,Moderate,2022-08-24,1,0,2278881.59
M4033,Pulse Solutions,Travel & Airlines,4511,FR,0.0295,Moderate,2020-05-18,7,0,1394839.87
M4527,Vertex Air,E-Commerce & Marketplaces,5311,IN,0.0212,Moderate,2020-05-20,1,0,2104008.51
M2372,Alpha Tech,Gaming & Virtual Goods,7995,DE,0.031,Low,2022-02-05,1,0,1091185.59
M2465,Cyber Mart,Healthcare & Wellness,8099,GB,0.022,Low,2022-11-27,3,0,1132109.51
M2631,Beacon Cloud,Financial Services & SaaS,5999,US,0.0295,Moderate,2020-09-28,2,0,1744969.53
M5074,Swift Logistics,Food & Dining,5812,CA,0.0173,Low,2024-09-23,1,0,1235927.48
M4573,Pulse Holdings,Electronics & Computers,5732,SG,0.0253,Moderate,2021-05-10,7,0,200978.83
M3141,Pulse Solutions,Financial Services & SaaS,5999,GB,0.03,Extreme,2023-10-02,3,1,1666224.63
M8860,Starlight Logistics,Healthcare & Wellness,8099,US,0.016,Low,2022-05-09,1,0,1811219.16
M7847,SilverLine Mart,Financial Services & SaaS,5999,CA,0.0257,Moderate,2023-12-11,3,0,751974.0
M4473,Alpha Pay,Financial Services & SaaS,5999,US,0.0259,Moderate,2020-10-23,3,0,1528382.08
M8697,Alpha Solutions,Healthcare & Wellness,8099,US,0.0163,Low,2023-06-25,1,0,390670.86
M9060,Global Retail,E-Commerce & Marketplaces,5311,CA,0.0235,Moderate,2023-02-19,1,0,1717827.71
M7396,Global Air,Grocery & Supermarket,5411,DE,0.0121,Low,2023-01-13,7,0,1749592.11
M7197,Aero Hub,Financial Services & SaaS,5999,CA,0.0275,Moderate,2023-01-29,2,0,1372934.27
M6228,Swift Logistics,Financial Services & SaaS,5999,US,0.0256,Moderate,2023-10-23,1,0,1905779.11
M2736,Quantum Direct,Electronics & Computers,5732,DE,0.0219,Moderate,2020-06-30,1,0,991242.02
M7366,Zenith Air,Electronics & Computers,5732,SG,0.0242,Extreme,2021-08-09,1,1,858941.56
M9989,Global Solutions,Food & Dining,5812,US,0.0228,Low,2021-02-04,7,0,1161477.31
M8794,Alpha Mart,E-Commerce & Marketplaces,5311,AU,0.0268,Moderate,2020-02-08,7,0,317081.22
M5149,Nexus Store,Crypto & Digital Assets,6051,IN,0.0416,Extreme,2022-04-20,7,0,155365.39
M1673,Cyber Cafe,Grocery & Supermarket,5411,FR,0.0189,Low,2024-07-26,3,0,511385.85
M1949,Alpha Store,E-Commerce & Marketplaces,5311,AU,0.0216,Moderate,2022-04-06,1,0,1345755.55
M9801,Global Holdings,E-Commerce & Marketplaces,5311,CA,0.023,Moderate,2020-02-28,7,0,2498874.41
M9857,Vanguard Direct,Healthcare & Wellness,8099,CA,0.0203,Low,2022-03-06,3,0,992747.41
M6241,Alpha Air,Grocery & Supermarket,5411,US,0.0131,Low,2024-01-29,3,0,1872623.22
M2012,Vanguard Foods,Grocery & Supermarket,5411,FR,0.013,Low,2022-03-15,2,0,2084430.55
M9431,Zenith Holdings,E-Commerce & Marketplaces,5311,SG,0.023,Moderate,2020-06-02,2,0,1083013.4
M4613,Pioneer Pay,Grocery & Supermarket,5411,GB,0.0186,Low,2021-02-09,2,0,1011644.93
M4153,BlueSky Ventures,Electronics & Computers,5732,US,0.0233,Moderate,2021-04-18,7,0,1854455.1
M7156,Starlight Logistics,Food & Dining,5812,AU,0.0185,Low,2023-11-04,2,0,2240877.4
M8168,Apex Hub,Travel & Airlines,4511,US,0.0318,High,2020-05-06,1,1,2275095.98
M1052,Summit Pay,Financial Services & SaaS,5999,US,0.0241,Moderate,2020-02-20,7,0,1383159.37
M5459,Horizon Cafe,Financial Services & SaaS,5999,CA,0.0284,Moderate,2023-06-22,2,0,1459713.06
M8405,Pulse Holdings,Travel & Airlines,4511,FR,0.0311,High,2020-05-12,2,0,1403540.01
M8932,Nexus Tech,Crypto & Digital Assets,6051,US,0.0378,Extreme,2020-07-29,1,0,1167110.84
M9559,Cyber Cloud,Gaming & Virtual Goods,7995,GB,0.0322,High,2023-10-21,2,0,1801639.53
M8946,Beacon Cafe,Financial Services & SaaS,5999,DE,0.0236,Moderate,2024-06-13,1,0,327345.32
M2981,Prime Pay,Financial Services & SaaS,5999,FR,0.0286,Moderate,2022-03-16,7,0,837496.99
M3179,Cyber Store,Electronics & Computers,5732,US,0.0214,Moderate,2021-02-25,3,0,372436.54
M6799,Cyber Holdings,Gaming & Virtual Goods,7995,DE,0.033,High,2023-09-17,1,0,1812729.59
M1063,Prime Tech,Travel & Airlines,4511,AU,0.0329,High,2021-03-14,3,1,824551.57
M3927,Horizon Air,Grocery & Supermarket,5411,DE,0.0175,Low,2023-10-17,7,0,808328.67
M9847,Nova Ventures,Healthcare & Wellness,8099,US,0.0171,Low,2022-02-14,2,0,1764444.0
M6892,BlueSky Retail,Food & Dining,5812,IN,0.0167,Low,2020-12-02,2,0,487596.43
M7296,BlueSky Store,Food & Dining,5812,GB,0.0236,Extreme,2022-02-17,1,1,1476011.02
M2719,Vertex Air,Healthcare & Wellness,8099,CA,0.0176,Low,2024-03-08,1,0,1953830.41
M7877,BlueSky Direct,Grocery & Supermarket,5411,FR,0.0162,Low,2022-04-11,1,0,365816.0
M5590,Prime Logistics,Grocery & Supermarket,5411,US,0.012,Low,2021-12-08,7,0,897666.75
M1373,Horizon Retail,Crypto & Digital Assets,6051,GB,0.0371,Extreme,2023-10-18,2,1,1999620.87
M6553,Starlight Direct,Grocery & Supermarket,5411,US,0.017,Low,2021-01-21,2,0,775084.9
M9314,Hyper Cafe,Grocery & Supermarket,5411,US,0.0176,Low,2024-04-27,1,0,1423396.62
M5163,Summit Cafe,Travel & Airlines,4511,SG,0.0263,High,2024-01-06,3,1,603128.65
M3019,Quantum Air,Gaming & Virtual Goods,7995,IN,0.0357,High,2020-02-14,2,0,1631757.27
M9699,Horizon Air,E-Commerce & Marketplaces,5311,US,0.0218,Moderate,2022-04-17,1,0,714370.71
M4442,Apex Foods,Gaming & Virtual Goods,7995,FR,0.0338,High,2023-05-29,7,1,778920.07
M2062,Swift Air,Travel & Airlines,4511,US,0.0302,High,2024-01-22,1,1,302730.82
M5439,Titan Pay,Travel & Airlines,4511,SG,0.0271,High,2022-11-03,1,0,251418.86
M2928,Aero Hub,Food & Dining,5812,US,0.0194,Low,2024-04-26,2,0,1007369.3
M3530,Cyber Tech,Electronics & Computers,5732,AU,0.0245,Moderate,2023-02-03,1,0,2353658.26
M6344,Aero Hub,Financial Services & SaaS,5999,IN,0.03,Moderate,2021-11-06,2,0,2464348.25
M7010,Prime Pay,Financial Services & SaaS,5999,IN,0.0247,Moderate,2024-03-10,2,0,1065177.97
M7619,BlueSky Air,Healthcare & Wellness,8099,FR,0.0158,Low,2022-01-08,2,0,1970518.14
M3386,Vanguard Cafe,Financial Services & SaaS,5999,US,0.0252,Moderate,2022-12-20,2,0,1266605.73
M5756,Pioneer Cloud,Financial Services & SaaS,5999,GB,0.0284,Moderate,2021-02-04,2,0,211235.77
M7068,Vanguard Hub,Crypto & Digital Assets,6051,US,0.0408,Low,2020-08-14,2,0,2113166.24
M4328,Pioneer Mart,Healthcare & Wellness,8099,IN,0.0204,Low,2021-12-28,3,0,1588645.23
M5905,Titan Air,Financial Services & SaaS,5999,US,0.0269,Moderate,2020-03-21,1,0,1629024.87
M2484,Aero Cloud,Travel & Airlines,4511,FR,0.0328,High,2023-04-14,1,0,1879574.27
M7115,Pulse Cafe,Grocery & Supermarket,5411,US,0.0138,Moderate,2024-04-12,1,0,2084637.28
M2942,Apex Hub,E-Commerce & Marketplaces,5311,US,0.0274,Moderate,2023-05-05,7,0,2360265.08
M7239,Vertex Air,Food & Dining,5812,AU,0.0216,Low,2023-08-06,3,0,1979656.73
M7320,Zenith Hub,Financial Services & SaaS,5999,AU,0.0278,Moderate,2024-06-30,1,0,1158548.69
M3481,Cyber Foods,Healthcare & Wellness,8099,US,0.0159,Low,2020-05-07,2,0,2227602.58
M7264,Vanguard Foods,Electronics & Computers,5732,GB,0.0213,Moderate,2022-05-20,7,0,55197.37
M5517,Cyber Pay,Crypto & Digital Assets,6051,US,0.04,High,2023-06-30,7,0,30496.61
M4325,Apex Cafe,Electronics & Computers,5732,IN,0.0241,Moderate,2020-10-30,2,0,191067.56
M8637,Cyber Mart,Food & Dining,5812,SG,0.0187,Low,2021-01-29,7,0,524236.97
M6630,Pulse Retail,E-Commerce & Marketplaces,5311,US,0.0264,Moderate,2021-01-20,1,0,804659.96
M6951,Hyper Direct,Healthcare & Wellness,8099,US,0.0175,Low,2020-07-03,1,0,2029770.42
M1779,Quantum Foods,Food & Dining,5812,GB,0.0168,Low,2023-10-21,3,0,528413.94
M4162,Titan Retail,Grocery & Supermarket,5411,US,0.0141,Low,2023-04-08,2,0,1592633.49
M4011,Titan Tech,Grocery & Supermarket,5411,US,0.013,Low,2024-03-17,2,0,630132.72
M5713,Pulse Pay,Electronics & Computers,5732,US,0.0236,Moderate,2020-04-24,2,0,1352278.56
M6960,BlueSky Express,E-Commerce & Marketplaces,5311,US,0.0264,Moderate,2020-04-24,1,0,1536437.02
M3575,Aero Cafe,Gaming & Virtual Goods,7995,AU,0.0309,Extreme,2023-08-17,2,0,599390.56
M2934,Cyber Air,Financial Services & SaaS,5999,US,0.0283,Moderate,2020-06-18,1,0,384393.1
M4889,Aero Retail,Financial Services & SaaS,5999,US,0.0295,Moderate,2021-05-07,7,0,68049.58
M1399,Nexus Express,Food & Dining,5812,DE,0.0226,Low,2020-06-29,1,0,1915962.98
M7906,Titan Holdings,E-Commerce & Marketplaces,5311,FR,0.0255,Moderate,2020-06-06,7,0,355758.9
M8066,Quantum Store,E-Commerce & Marketplaces,5311,US,0.0252,Moderate,2021-03-07,2,0,158683.72
M8280,Vanguard Direct,Healthcare & Wellness,8099,IN,0.0184,Low,2021-01-30,2,0,577490.79
M4978,Beacon Logistics,E-Commerce & Marketplaces,5311,IN,0.0231,Moderate,2024-03-07,1,0,1639236.6
M1617,BlueSky Pay,Financial Services & SaaS,5999,AU,0.025,Moderate,2021-11-07,2,0,120823.08
M1884,Beacon Foods,E-Commerce & Marketplaces,5311,IN,0.0216,Moderate,2022-03-14,2,0,1369524.68
M9772,Horizon Solutions,Food & Dining,5812,US,0.0179,Low,2020-01-28,2,0,1173744.45
M2791,Global Store,Travel & Airlines,4511,SG,0.0299,High,2020-03-08,3,0,1399870.36
M2575,Pioneer Pay,Grocery & Supermarket,5411,AU,0.0139,Low,2024-09-12,7,0,1955947.5
M7911,SilverLine Pay,Crypto & Digital Assets,6051,CA,0.0398,Extreme,2022-02-03,1,0,195171.85
M1175,Zenith Foods,Food & Dining,5812,US,0.0238,Low,2021-03-06,2,0,2070260.41
M5932,Pulse Foods,Crypto & Digital Assets,6051,US,0.0412,Extreme,2022-08-07,3,0,822677.71
M9591,Zenith Foods,Crypto & Digital Assets,6051,US,0.0355,Extreme,2023-12-17,3,1,1831580.86
M9118,Summit Hub,Food & Dining,5812,FR,0.018,High,2023-12-14,2,1,1787441.53
M6411,Prime Retail,Food & Dining,5812,US,0.0177,Low,2020-05-06,2,0,2084855.49
M5903,Zenith Logistics,Travel & Airlines,4511,US,0.0281,High,2020-05-13,1,1,537666.36
M8669,Hyper Tech,E-Commerce & Marketplaces,5311,CA,0.0218,Moderate,2020-04-11,2,0,2199947.22
M7653,Beacon Ventures,Electronics & Computers,5732,US,0.0228,Moderate,2021-07-09,2,0,1359187.51
M1034,Prime Tech,Financial Services & SaaS,5999,IN,0.028,Moderate,2020-06-09,2,0,1722224.09
M7973,BlueSky Holdings,Healthcare & Wellness,8099,US,0.0222,Moderate,2024-09-15,2,0,1135972.25
M4252,Titan Foods,Electronics & Computers,5732,DE,0.0192,Moderate,2021-04-18,1,0,1902271.54
M3867,Alpha Pay,Healthcare & Wellness,8099,GB,0.0193,Extreme,2020-08-03,2,1,2246735.98
M9470,Pioneer Foods,Healthcare & Wellness,8099,GB,0.0167,Low,2022-10-12,1,0,1813910.36
M3930,Vanguard Ventures,Crypto & Digital Assets,6051,GB,0.0418,Extreme,2023-11-19,1,0,940998.99
M7332,Apex Express,Grocery & Supermarket,5411,IN,0.0129,Low,2020-01-29,1,0,1590434.91
M1487,Pulse Air,Healthcare & Wellness,8099,US,0.0184,Low,2022-06-03,1,0,2405421.98
M7872,Prime Cafe,Crypto & Digital Assets,6051,CA,0.0373,Extreme,2023-11-18,2,0,1184404.13
M1619,Zenith Store,Grocery & Supermarket,5411,CA,0.0198,Low,2022-03-19,3,0,1109960.63
M7612,Velocity Pay,E-Commerce & Marketplaces,5311,AU,0.0253,Moderate,2024-04-29,1,0,769040.26
M6834,Alpha Hub,Healthcare & Wellness,8099,US,0.0212,Low,2021-06-02,2,0,777195.59
M6226,Alpha Ventures,Healthcare & Wellness,8099,GB,0.0218,Low,2021-04-28,1,0,835382.82
M2857,Zenith Ventures,Electronics & Computers,5732,IN,0.0199,Extreme,2024-06-04,2,0,619433.09
M5441,Titan Air,Gaming & Virtual Goods,7995,GB,0.0335,High,2021-10-16,1,0,128421.05
M1505,Prime Cloud,Gaming & Virtual Goods,7995,US,0.037,High,2021-12-22,1,0,901499.98
M9056,Vanguard Foods,Gaming & Virtual Goods,7995,GB,0.0339,High,2024-06-20,3,0,1070532.13
M9943,Quantum Retail,Travel & Airlines,4511,US,0.0325,High,2024-03-03,2,0,920209.6
M7707,Prime Foods,Electronics & Computers,5732,IN,0.0223,Moderate,2021-03-01,2,0,516673.12
M4734,Pioneer Tech,Grocery & Supermarket,5411,US,0.0169,Low,2021-05-04,2,0,2210352.65
M9034,Titan Store,E-Commerce & Marketplaces,5311,CA,0.0248,Moderate,2021-03-21,1,0,2213085.33
M5746,BlueSky Direct,E-Commerce & Marketplaces,5311,AU,0.0288,Moderate,2020-02-24,2,0,1367997.1
M9731,Starlight Tech,Electronics & Computers,5732,SG,0.0218,Moderate,2021-10-26,2,0,1134595.43
M1494,Titan Cafe,Crypto & Digital Assets,6051,AU,0.0369,Extreme,2020-12-24,7,0,2047247.71
M6399,BlueSky Store,Electronics & Computers,5732,US,0.0222,Moderate,2020-07-29,3,0,2066323.43
M8211,Apex Solutions,Financial Services & SaaS,5999,FR,0.0244,Moderate,2020-08-04,2,0,885069.92
M3757,Cyber Hub,Food & Dining,5812,US,0.017,Low,2021-04-09,2,0,1686583.71
M4575,Vertex Ventures,Gaming & Virtual Goods,7995,CA,0.0348,High,2022-08-15,7,0,1873704.69
M5919,Summit Holdings,Food & Dining,5812,IN,0.0199,Low,2020-06-02,2,0,1872994.49
M9753,Vanguard Logistics,Gaming & Virtual Goods,7995,US,0.0331,High,2021-03-21,2,1,817388.21
M1992,Pulse Air,Travel & Airlines,4511,FR,0.0273,High,2021-03-27,7,0,1429954.42
M1422,Titan Logistics,E-Commerce & Marketplaces,5311,CA,0.0226,Moderate,2023-12-06,7,0,167989.18
M3001,Beacon Solutions,Gaming & Virtual Goods,7995,AU,0.0327,High,2023-01-18,2,1,1066275.88
M7881,Apex Direct,Travel & Airlines,4511,US,0.0311,High,2023-03-22,1,0,1510766.34
M5711,Prime Retail,Electronics & Computers,5732,CA,0.0248,Moderate,2021-04-07,3,0,236371.38
M6503,SilverLine Hub,Grocery & Supermarket,5411,GB,0.0183,Low,2020-08-26,1,0,1454195.3
M3431,Pulse Store,E-Commerce & Marketplaces,5311,FR,0.0283,Moderate,2023-06-09,1,0,696199.76
M5391,Prime Direct,Financial Services & SaaS,5999,GB,0.0258,Moderate,2023-12-19,2,0,2075417.63
M2395,Global Foods,Grocery & Supermarket,5411,AU,0.0164,Low,2023-05-08,1,0,655707.84
M7294,Quantum Hub,Travel & Airlines,4511,FR,0.0276,Low,2021-10-07,2,0,905710.68
M3619,Vanguard Express,Electronics & Computers,5732,US,0.0225,Moderate,2020-02-25,3,0,847719.67
M8213,Cyber Air,Financial Services & SaaS,5999,US,0.0259,Moderate,2021-07-18,1,0,737903.86
M8817,Beacon Hub,Gaming & Virtual Goods,7995,US,0.0328,High,2023-04-29,2,0,864465.13
M3935,Starlight Direct,E-Commerce & Marketplaces,5311,AU,0.0217,High,2022-09-01,7,0,131623.76
M2810,BlueSky Ventures,Gaming & Virtual Goods,7995,US,0.0366,High,2021-11-10,7,0,2449586.76
M5431,Beacon Holdings,Crypto & Digital Assets,6051,FR,0.038,Extreme,2020-02-29,2,0,1377769.73
M6851,Cyber Ventures,Electronics & Computers,5732,US,0.021,Moderate,2022-09-22,7,0,2279097.44
M3159,Aero Tech,E-Commerce & Marketplaces,5311,US,0.0285,Moderate,2023-09-05,7,0,1367206.87
M5510,Starlight Cafe,E-Commerce & Marketplaces,5311,FR,0.0238,Moderate,2022-08-15,1,0,205316.15
M6812,Quantum Cloud,Grocery & Supermarket,5411,FR,0.0166,Low,2021-09-10,1,0,2358846.87
M4261,BlueSky Solutions,Grocery & Supermarket,5411,US,0.0177,Low,2021-06-12,2,0,448720.95
M2190,Horizon Foods,Electronics & Computers,5732,FR,0.0244,Moderate,2022-11-20,7,0,1323551.97
M4993,Horizon Pay,E-Commerce & Marketplaces,5311,FR,0.0217,Moderate,2021-07-20,2,0,602733.97
M3818,BlueSky Store,Food & Dining,5812,IN,0.0222,Low,2024-07-01,2,0,1978619.07
M2039,Aero Pay,Healthcare & Wellness,8099,GB,0.0227,Low,2020-11-14,7,0,1350934.3
M1178,Nova Cloud,Financial Services & SaaS,5999,US,0.0267,Moderate,2024-02-07,2,0,827805.84
M5370,Pioneer Air,Travel & Airlines,4511,US,0.0276,Low,2024-05-17,2,0,2192187.67
M3830,Swift Air,Crypto & Digital Assets,6051,SG,0.0424,Extreme,2020-10-05,3,1,2203134.28
M7307,Nova Hub,Food & Dining,5812,US,0.0199,Low,2020-10-07,1,0,140148.6
M4251,Titan Retail,Crypto & Digital Assets,6051,US,0.0364,Extreme,2024-09-23,1,1,1927343.12
M6884,Pulse Direct,Financial Services & SaaS,5999,CA,0.023,Moderate,2021-04-10,1,0,937203.8
M2584,Vertex Cloud,Electronics & Computers,5732,US,0.0257,Moderate,2021-06-08,3,0,2015874.51
M1296,Quantum Solutions,Healthcare & Wellness,8099,FR,0.0222,Low,2022-12-02,1,0,2441711.75
M3765,Vertex Mart,Grocery & Supermarket,5411,SG,0.0186,Low,2022-10-07,1,0,2481803.77
M3610,Global Holdings,E-Commerce & Marketplaces,5311,US,0.0243,Moderate,2021-05-12,1,0,849313.03
M4716,Starlight Express,Crypto & Digital Assets,6051,IN,0.0423,Extreme,2021-06-06,1,0,312893.26
M6337,Aero Solutions,Crypto & Digital Assets,6051,CA,0.0356,Moderate,2024-08-01,1,0,785532.13
M6895,Starlight Store,Crypto & Digital Assets,6051,AU,0.0429,Low,2023-03-19,2,0,1430070.36
M9225,Nexus Cafe,Electronics & Computers,5732,US,0.0243,Moderate,2021-02-16,2,0,1323595.97
M4213,Apex Pay,Travel & Airlines,4511,US,0.0269,High,2021-05-20,7,0,2358506.54
M3934,Pulse Ventures,Healthcare & Wellness,8099,DE,0.0184,Low,2020-02-24,1,0,932756.84
M3315,Quantum Cloud,Healthcare & Wellness,8099,CA,0.0213,Low,2020-03-23,1,0,2314160.92
M5199,Quantum Solutions,E-Commerce & Marketplaces,5311,US,0.0222,Moderate,2023-03-20,3,0,2272274.71
M6115,Prime Pay,Travel & Airlines,4511,DE,0.0259,High,2021-05-13,7,1,736990.85
M9913,Quantum Solutions,Food & Dining,5812,CA,0.0197,Low,2020-12-22,3,0,1573807.86
M5977,Starlight Express,Financial Services & SaaS,5999,FR,0.026,High,2021-04-09,2,0,573743.23
M2636,Titan Logistics,Travel & Airlines,4511,IN,0.0298,High,2022-10-04,2,0,1847705.79
M4330,Quantum Tech,Crypto & Digital Assets,6051,SG,0.042,Extreme,2020-11-11,2,0,1911734.77
M1455,Zenith Solutions,Grocery & Supermarket,5411,IN,0.019,Low,2023-04-21,3,0,667162.97
M4718,Zenith Mart,Gaming & Virtual Goods,7995,AU,0.036,High,2020-09-16,2,0,1441718.66
M2510,Quantum Express,E-Commerce & Marketplaces,5311,AU,0.0239,Moderate,2023-11-22,2,0,1796780.53
M9577,Apex Air,Grocery & Supermarket,5411,US,0.0156,Low,2024-09-17,2,0,1950076.81
M1632,Nova Solutions,Healthcare & Wellness,8099,CA,0.0213,Low,2024-01-24,1,0,1536323.07
M7082,SilverLine Tech,Food & Dining,5812,SG,0.0171,Moderate,2022-05-13,1,0,1141431.74
M6244,Vertex Cloud,Grocery & Supermarket,5411,US,0.0137,Low,2021-02-21,1,0,314118.61
M6954,Nexus Solutions,Crypto & Digital Assets,6051,CA,0.0355,Extreme,2020-07-15,1,0,2487654.59
M3282,Alpha Direct,Food & Dining,5812,US,0.02,Low,2023-08-31,3,0,1746404.48
M9929,Zenith Store,Grocery & Supermarket,5411,US,0.0144,Low,2021-02-23,2,0,2077564.2
M7740,Vertex Ventures,Grocery & Supermarket,5411,GB,0.0176,Low,2020-05-15,3,0,542662.45
M1112,Hyper Pay,Crypto & Digital Assets,6051,US,0.0352,Extreme,2021-06-03,1,1,796343.33
M2991,Titan Mart,Grocery & Supermarket,5411,US,0.0147,Low,2020-08-24,1,0,1373614.95
M1639,Prime Holdings,Financial Services & SaaS,5999,AU,0.0262,Moderate,2022-08-05,1,0,1999922.8
M2343,Alpha Hub,Crypto & Digital Assets,6051,IN,0.0369,Extreme,2020-07-18,1,0,1641308.7
M3407,Vertex Store,Travel & Airlines,4511,US,0.0265,High,2022-07-09,2,1,1896938.41
M4650,Vanguard Ventures,Travel & Airlines,4511,CA,0.026,High,2020-02-14,1,0,906385.61
M3222,Beacon Foods,Financial Services & SaaS,5999,DE,0.0249,Moderate,2021-11-08,1,0,123225.82
M2326,Cyber Cloud,Financial Services & SaaS,5999,US,0.0283,Moderate,2020-02-07,1,0,1475959.6
M3409,Nexus Cafe,Financial Services & SaaS,5999,US,0.024,Moderate,2023-03-16,7,0,2052487.54
M9451,Global Foods,Healthcare & Wellness,8099,DE,0.0217,Low,2023-05-02,7,0,389181.23
M2693,Summit Ventures,Healthcare & Wellness,8099,AU,0.0179,Moderate,2024-03-03,2,0,115084.07
M3893,Hyper Store,Travel & Airlines,4511,GB,0.0274,High,2023-04-28,2,0,697908.43
M8694,Aero Cloud,Gaming & Virtual Goods,7995,DE,0.033,High,2021-07-13,2,0,898289.34
M6653,Titan Mart,Gaming & Virtual Goods,7995,US,0.0352,High,2023-08-31,1,0,35712.13
M7788,BlueSky Cloud,Gaming & Virtual Goods,7995,GB,0.0345,High,2022-12-04,2,0,258381.08
M6027,Global Store,Financial Services & SaaS,5999,US,0.0299,Moderate,2023-10-24,3,0,452297.58
M3082,Global Foods,Financial Services & SaaS,5999,US,0.0226,Moderate,2021-02-18,2,0,244692.8
M1923,Prime Solutions,Crypto & Digital Assets,6051,CA,0.0416,Low,2023-11-09,1,0,485789.19
M9593,Zenith Retail,Healthcare & Wellness,8099,SG,0.0194,Low,2024-01-27,7,0,180911.19
M9765,Alpha Solutions,Travel & Airlines,4511,SG,0.0277,Moderate,2024-05-24,7,0,1303709.7
M1129,Horizon Pay,Food & Dining,5812,AU,0.0182,Low,2020-06-04,2,0,293175.86
M1890,Velocity Tech,Travel & Airlines,4511,AU,0.0326,High,2023-12-31,3,1,185239.37
M6580,Nexus Mart,Gaming & Virtual Goods,7995,IN,0.0313,High,2020-02-26,2,0,1393208.29
M6862,Zenith Cloud,Crypto & Digital Assets,6051,SG,0.0384,Extreme,2021-09-14,3,0,89805.44
M5682,Swift Express,Electronics & Computers,5732,DE,0.0218,Moderate,2023-06-21,1,0,518245.21
M8350,Quantum Express,Travel & Airlines,4511,FR,0.0264,High,2024-06-10,7,1,1884880.51
M6948,Aero Logistics,Financial Services & SaaS,5999,CA,0.0239,Moderate,2021-06-20,2,0,1174657.14
M4136,Alpha Cloud,Electronics & Computers,5732,IN,0.0259,Moderate,2020-10-02,7,0,134849.25
M6415,Zenith Tech,Electronics & Computers,5732,DE,0.0248,Moderate,2022-03-15,2,0,1785567.91
M2044,Pulse Solutions,Electronics & Computers,5732,US,0.0215,Low,2024-09-14,2,0,1244371.53
M7677,Summit Retail,Grocery & Supermarket,5411,FR,0.0182,Low,2024-05-03,2,0,1078156.18
M1611,Hyper Hub,Electronics & Computers,5732,SG,0.0223,Moderate,2021-09-24,1,0,1891016.49
M7224,Alpha Foods,Financial Services & SaaS,5999,IN,0.0245,Moderate,2024-02-02,2,0,869198.43
M9573,Prime Logistics,Crypto & Digital Assets,6051,DE,0.0351,Extreme,2023-09-03,2,1,632330.43
M8595,Velocity Foods,Grocery & Supermarket,5411,IN,0.0127,Low,2020-09-24,3,0,1009756.75
M4603,Vertex Store,Food & Dining,5812,GB,0.0205,Low,2022-02-28,7,0,444818.66
M8450,Vanguard Holdings,Gaming & Virtual Goods,7995,IN,0.035,High,2021-04-16,2,1,1089216.58
M9590,SilverLine Cafe,Electronics & Computers,5732,AU,0.0233,Moderate,2022-07-31,1,0,1350447.14
M7216,Global Solutions,Healthcare & Wellness,8099,US,0.0203,Low,2021-01-06,1,0,472248.6
M9263,Swift Foods,Food & Dining,5812,AU,0.0235,Low,2024-08-09,2,0,2477989.22
M3340,Summit Air,Grocery & Supermarket,5411,CA,0.0123,Low,2022-12-13,7,0,793050.9
M3428,Vanguard Logistics,Travel & Airlines,4511,AU,0.0275,High,2023-12-03,2,1,267525.84
M5528,Apex Direct,Crypto & Digital Assets,6051,AU,0.0429,Extreme,2022-01-10,2,0,1623405.76
M9501,Quantum Holdings,Gaming & Virtual Goods,7995,GB,0.0325,Moderate,2021-03-10,2,0,185835.56
M8711,Hyper Direct,Financial Services & SaaS,5999,GB,0.0234,Moderate,2023-12-06,2,0,401752.73
M8502,SilverLine Air,Grocery & Supermarket,5411,DE,0.0144,Low,2022-05-01,2,0,130918.71
M8233,Starlight Holdings,Gaming & Virtual Goods,7995,FR,0.0311,High,2020-06-07,2,0,414957.79
M3014,Vertex Foods,Grocery & Supermarket,5411,GB,0.0175,Low,2023-07-31,1,0,1709228.46
M9135,Cyber Pay,Electronics & Computers,5732,CA,0.0263,Extreme,2024-01-06,7,0,1487168.99
M6042,Pulse Logistics,Food & Dining,5812,SG,0.0196,Low,2021-02-05,2,0,1581383.12
M9212,Nova Air,Healthcare & Wellness,8099,US,0.0156,Low,2021-11-26,3,0,2077877.45
M9904,SilverLine Ventures,E-Commerce & Marketplaces,5311,GB,0.0264,Low,2021-07-26,1,0,1131741.11
M2067,Cyber Holdings,Electronics & Computers,5732,US,0.0218,High,2020-12-10,2,0,1311340.27
M6581,Vertex Hub,Crypto & Digital Assets,6051,SG,0.0368,Extreme,2021-08-31,7,0,1803151.74
M3394,Apex Cloud,Electronics & Computers,5732,US,0.0246,Moderate,2021-04-10,2,0,13011.17
M7182,Vanguard Tech,Electronics & Computers,5732,AU,0.0258,Moderate,2022-09-15,3,0,1836661.18
M7982,Vertex Cloud,Electronics & Computers,5732,FR,0.0214,High,2021-02-08,3,0,297336.09
M8719,Beacon Store,Gaming & Virtual Goods,7995,US,0.0324,High,2024-01-19,7,1,193950.32
M1837,Global Direct,Grocery & Supermarket,5411,SG,0.0183,Low,2020-09-14,2,0,1510138.19
M5725,Beacon Direct,Travel & Airlines,4511,DE,0.0275,High,2020-02-25,3,1,1338269.23
M1740,Nexus Logistics,Financial Services & SaaS,5999,SG,0.027,Moderate,2020-10-02,1,0,2442288.58
M1273,Beacon Retail,Crypto & Digital Assets,6051,GB,0.0353,Extreme,2023-06-19,7,0,1001846.52
M9288,Alpha Cloud,E-Commerce & Marketplaces,5311,DE,0.0289,Low,2020-09-10,1,0,1475249.3
M2658,Global Direct,Financial Services & SaaS,5999,SG,0.0247,Moderate,2021-11-04,7,0,1060164.01
M7381,SilverLine Cafe,Electronics & Computers,5732,US,0.0205,Extreme,2024-01-16,1,1,1104192.79
M6414,Apex Pay,Gaming & Virtual Goods,7995,AU,0.0338,High,2021-08-02,3,0,1960423.7
M3849,Hyper Store,Food & Dining,5812,CA,0.0185,Low,2023-11-23,2,0,2029176.24
M1441,Starlight Cafe,Healthcare & Wellness,8099,US,0.0163,Low,2024-01-23,1,0,753343.06
M7330,Alpha Express,Food & Dining,5812,US,0.0182,Extreme,2023-05-04,7,0,1089950.71
M6564,Beacon Express,E-Commerce & Marketplaces,5311,AU,0.0271,Moderate,2021-04-17,2,0,704018.7
M4404,Beacon Mart,Grocery & Supermarket,5411,DE,0.0177,Low,2023-07-05,7,0,68765.25
M4016,Velocity Holdings,Grocery & Supermarket,5411,SG,0.0188,Low,2023-02-26,2,0,551545.07
M4895,Starlight Solutions,Food & Dining,5812,CA,0.023,Low,2023-11-13,1,0,2214408.62
M2872,Aero Direct,Food & Dining,5812,CA,0.0213,Low,2022-12-07,2,0,671886.23
M9454,Horizon Retail,Food & Dining,5812,DE,0.0172,Low,2022-12-18,2,0,1446784.69
M3258,Nexus Hub,Electronics & Computers,5732,GB,0.0257,Low,2024-02-23,3,0,1583634.63
M6058,Zenith Direct,Crypto & Digital Assets,6051,GB,0.0379,Moderate,2020-10-10,2,0,1415871.24
M6091,Horizon Store,Healthcare & Wellness,8099,US,0.0182,Low,2021-03-21,1,0,399528.68
M7111,Velocity Tech,Travel & Airlines,4511,AU,0.0258,High,2024-08-30,1,0,28411.92
M6282,Horizon Direct,Grocery & Supermarket,5411,US,0.0132,Low,2022-06-13,1,0,522146.61
M3747,Apex Store,Food & Dining,5812,GB,0.0178,Low,2020-06-16,3,0,116313.17
M5858,Starlight Solutions,Financial Services & SaaS,5999,GB,0.0294,Moderate,2022-04-12,7,0,1757985.92
M2160,Nova Holdings,Financial Services & SaaS,5999,SG,0.0268,Moderate,2023-06-23,2,0,52498.06
M1634,Swift Hub,Crypto & Digital Assets,6051,DE,0.0355,Extreme,2020-07-18,1,1,503493.62
M8216,Prime Express,Financial Services & SaaS,5999,US,0.0268,Low,2020-04-19,2,0,531386.93
M3453,SilverLine Hub,Crypto & Digital Assets,6051,SG,0.0425,Extreme,2021-03-28,1,0,1168584.11
M1871,Quantum Store,Financial Services & SaaS,5999,CA,0.0253,Moderate,2022-08-09,2,0,2448327.4
M7312,Starlight Ventures,Crypto & Digital Assets,6051,GB,0.0396,Extreme,2023-07-21,2,0,1102651.8
M1964,Prime Ventures,E-Commerce & Marketplaces,5311,FR,0.0237,Moderate,2023-12-26,3,0,1013961.58
M7344,SilverLine Solutions,Financial Services & SaaS,5999,IN,0.0268,Moderate,2020-05-25,7,0,626027.88
M2529,Summit Store,Gaming & Virtual Goods,7995,FR,0.0305,High,2020-08-05,2,0,712609.37
M3381,Swift Cafe,Gaming & Virtual Goods,7995,GB,0.0351,High,2021-12-12,1,0,904567.73
M6515,Cyber Store,Crypto & Digital Assets,6051,US,0.0392,Moderate,2020-09-17,2,0,1732207.07
M2277,Vertex Direct,Electronics & Computers,5732,US,0.024,Moderate,2020-06-17,7,0,1266955.49
M7377,Titan Direct,Gaming & Virtual Goods,7995,US,0.0294,High,2020-06-19,1,0,673276.66
M4782,Pulse Solutions,Food & Dining,5812,CA,0.0177,Low,2023-01-07,3,0,603943.8
M6875,Nova Hub,Crypto & Digital Assets,6051,DE,0.0423,Extreme,2020-06-19,1,1,1726395.79
M1498,Summit Tech,Financial Services & SaaS,5999,AU,0.0282,Moderate,2024-04-01,2,0,763237.73
M6265,Starlight Direct,Crypto & Digital Assets,6051,SG,0.0424,Extreme,2021-02-22,1,1,2360814.4
M1864,Prime Ventures,Grocery & Supermarket,5411,US,0.0148,Low,2024-06-14,1,0,1803227.2
M4908,Nova Hub,Grocery & Supermarket,5411,GB,0.0185,Low,2020-02-02,7,0,249399.88
M2590,BlueSky Pay,Electronics & Computers,5732,GB,0.0244,Moderate,2021-06-27,1,0,1344339.48
M9141,Aero Holdings,Electronics & Computers,5732,AU,0.0229,Moderate,2021-01-26,3,0,1839516.45
M7196,Titan Air,Grocery & Supermarket,5411,DE,0.0138,Low,2023-10-30,2,0,420631.46
M3201,Alpha Hub,Grocery & Supermarket,5411,DE,0.0188,Low,2022-10-31,1,0,157893.42
M1606,Nexus Foods,Crypto & Digital Assets,6051,US,0.0374,Extreme,2023-06-14,3,0,2199697.41
M1115,Zenith Air,E-Commerce & Marketplaces,5311,FR,0.0251,Moderate,2022-09-05,3,0,1479027.09
M5107,Vanguard Solutions,Crypto & Digital Assets,6051,US,0.0383,Extreme,2023-08-25,3,1,854293.75
M2893,Pulse Direct,Financial Services & SaaS,5999,US,0.0241,Moderate,2021-01-22,1,0,1513183.05
M4463,Pulse Retail,Food & Dining,5812,GB,0.0194,Low,2021-11-03,3,0,753078.87
M1621,Zenith Logistics,Electronics & Computers,5732,FR,0.0209,Moderate,2021-07-05,1,0,95661.44
M2163,Pioneer Foods,Travel & Airlines,4511,US,0.0256,High,2024-07-19,2,0,372577.16
M9942,Vertex Retail,Travel & Airlines,4511,CA,0.0286,High,2021-10-03,1,1,1519901.06
M7220,Nova Ventures,E-Commerce & Marketplaces,5311,AU,0.0214,High,2024-06-16,1,1,2454441.97
M3903,Vertex Direct,Financial Services & SaaS,5999,GB,0.0273,Moderate,2023-06-30,2,0,1352437.44
M8757,Vanguard Express,Food & Dining,5812,AU,0.0222,Low,2021-12-10,7,0,1487054.35
M6681,Titan Hub,Gaming & Virtual Goods,7995,SG,0.0314,High,2024-03-04,2,0,959219.33
M3257,Global Solutions,Electronics & Computers,5732,CA,0.0263,Moderate,2020-01-30,2,0,1504499.63
M3670,Hyper Store,Crypto & Digital Assets,6051,GB,0.0364,Extreme,2024-05-13,2,0,1848943.64
M7287,Nova Logistics,Gaming & Virtual Goods,7995,US,0.0307,High,2022-04-21,2,1,829668.7
M1319,Pulse Ventures,Travel & Airlines,4511,IN,0.0279,High,2022-01-28,3,1,396932.74
M6683,Starlight Cloud,Grocery & Supermarket,5411,CA,0.0131,Low,2024-07-06,1,0,953419.25
M8880,Aero Direct,Financial Services & SaaS,5999,IN,0.0226,Moderate,2022-11-14,3,0,2299730.2
M9900,Apex Air,Electronics & Computers,5732,IN,0.025,Moderate,2020-10-26,1,0,55838.38
M3843,Prime Pay,Electronics & Computers,5732,GB,0.0191,Moderate,2020-06-01,3,0,660998.18
M4457,Aero Store,Electronics & Computers,5732,FR,0.0252,Moderate,2024-06-16,1,0,1141875.76
M1325,BlueSky Air,Electronics & Computers,5732,CA,0.0194,Moderate,2022-04-27,7,0,1747708.46
M8824,Quantum Store,Grocery & Supermarket,5411,US,0.0134,Low,2020-10-10,2,0,2078504.01
M9058,Cyber Logistics,Food & Dining,5812,IN,0.0236,Low,2022-07-02,7,0,2295565.78
M1084,Nova Express,Food & Dining,5812,GB,0.0196,Low,2024-01-16,7,0,926051.35
M7933,Hyper Logistics,Grocery & Supermarket,5411,IN,0.0168,Low,2023-01-08,1,0,49758.89
M9254,Alpha Cafe,Electronics & Computers,5732,SG,0.0212,High,2022-03-30,1,1,1741224.89
M1608,Prime Store,Electronics & Computers,5732,US,0.0234,Moderate,2022-09-21,1,0,2344041.08
M2178,BlueSky Air,Gaming & Virtual Goods,7995,US,0.0295,High,2024-05-09,2,0,2321381.85
M5062,Nova Hub,Electronics & Computers,5732,US,0.0195,Moderate,2024-05-13,1,0,1391675.03
M8619,Vertex Store,Travel & Airlines,4511,US,0.033,High,2023-11-26,2,0,91207.88
M9384,Pioneer Pay,Gaming & Virtual Goods,7995,US,0.0317,Moderate,2020-04-01,2,0,874859.42
M9896,Global Logistics,Electronics & Computers,5732,GB,0.0233,Moderate,2024-07-01,1,0,695841.37
M3478,Apex Store,Healthcare & Wellness,8099,SG,0.0169,Moderate,2023-05-30,3,0,1827998.46
M1883,Prime Hub,Healthcare & Wellness,8099,AU,0.0155,Low,2022-07-19,1,0,1226487.16
M4748,Vertex Pay,Healthcare & Wellness,8099,US,0.0177,High,2022-04-24,7,0,2077709.72
M5082,Velocity Tech,Food & Dining,5812,US,0.0185,Low,2023-09-10,1,0,921788.25
M1603,Hyper Pay,Financial Services & SaaS,5999,DE,0.0269,Moderate,2022-11-29,1,0,696219.62
M3100,Apex Hub,E-Commerce & Marketplaces,5311,GB,0.0277,Moderate,2021-10-23,7,0,796139.18
M8071,SilverLine Tech,Grocery & Supermarket,5411,CA,0.0157,Low,2024-04-01,1,0,1503284.7
M9160,BlueSky Mart,Grocery & Supermarket,5411,US,0.0183,Low,2023-01-19,3,0,2160510.49
M2347,Cyber Store,Financial Services & SaaS,5999,AU,0.0286,Moderate,2020-04-19,7,0,1607449.04
M9209,Zenith Express,Electronics & Computers,5732,US,0.0198,Moderate,2024-01-17,1,0,1630206.94
M6499,Nova Mart,Financial Services & SaaS,5999,CA,0.0244,Moderate,2021-02-28,1,0,2134257.67
M9000,Titan Store,Gaming & Virtual Goods,7995,GB,0.0324,High,2022-04-12,1,0,2492421.51
M4569,Nova Express,Financial Services & SaaS,5999,AU,0.0245,Moderate,2024-05-20,2,0,676902.66
M8733,Aero Foods,Financial Services & SaaS,5999,IN,0.0236,Moderate,2024-08-28,7,0,340491.29
M6579,Nova Express,Healthcare & Wellness,8099,FR,0.0181,Low,2023-04-29,2,0,638856.18
M5723,Beacon Cafe,Healthcare & Wellness,8099,CA,0.0159,Low,2024-08-08,2,0,1215459.96
M2269,Pioneer Holdings,Healthcare & Wellness,8099,CA,0.017,Low,2024-02-13,7,0,648102.86
M1004,Quantum Tech,Food & Dining,5812,CA,0.0176,Low,2023-07-02,7,0,1589293.22
M6947,Nexus Solutions,Food & Dining,5812,DE,0.0197,Low,2021-11-07,2,0,100529.0
M5583,Nova Pay,Financial Services & SaaS,5999,IN,0.0272,Moderate,2023-05-14,3,0,16678.53
M9774,Vanguard Air,Grocery & Supermarket,5411,GB,0.015,Low,2020-06-25,1,0,712005.92
M4907,Vertex Direct,Healthcare & Wellness,8099,US,0.0224,Low,2021-05-09,3,0,601067.59
M2967,Cyber Mart,Grocery & Supermarket,5411,DE,0.02,Low,2022-03-12,2,0,1582951.15
M6002,Prime Pay,Electronics & Computers,5732,SG,0.0239,Moderate,2023-10-09,2,0,91553.85
M3500,BlueSky Cloud,Grocery & Supermarket,5411,DE,0.0194,High,2022-10-16,1,0,1135509.2
M3183,Starlight Air,Financial Services & SaaS,5999,US,0.0234,Moderate,2022-02-06,2,0,408824.76
M7714,Pulse Holdings,Electronics & Computers,5732,SG,0.0199,Moderate,2023-02-18,1,0,1400664.09
M6102,Nexus Express,Food & Dining,5812,US,0.0238,Moderate,2022-07-24,1,0,1619872.54
M2652,Vertex Cloud,Electronics & Computers,5732,FR,0.0237,Moderate,2024-08-22,1,0,2018191.24
M3427,Hyper Pay,Electronics & Computers,5732,SG,0.0262,Moderate,2022-07-17,7,0,2121227.9
M9385,Global Holdings,Food & Dining,5812,US,0.0163,Low,2022-08-27,2,0,1475006.47
M2659,Titan Logistics,Grocery & Supermarket,5411,CA,0.0179,Low,2022-11-22,2,0,1597092.24
M8002,Starlight Ventures,Grocery & Supermarket,5411,CA,0.0188,Extreme,2021-05-02,2,0,381672.86
M2365,SilverLine Direct,Electronics & Computers,5732,US,0.0206,Moderate,2024-06-17,2,0,80404.29
M5879,Titan Pay,Healthcare & Wellness,8099,US,0.0195,Low,2023-04-12,7,0,1944501.06
M5642,Nova Ventures,Healthcare & Wellness,8099,CA,0.0157,Low,2024-08-21,1,0,1116878.65
M7630,Nexus Retail,Electronics & Computers,5732,US,0.0204,Moderate,2020-12-30,1,0,1801872.72
M9582,Vertex Holdings,Food & Dining,5812,DE,0.0206,Low,2024-04-14,2,0,270908.97
M9104,Nexus Cloud,Gaming & Virtual Goods,7995,IN,0.0301,High,2021-07-05,3,0,311592.61
M9139,Pulse Foods,Electronics & Computers,5732,US,0.0219,Moderate,2020-05-20,1,0,132627.95
M8562,Swift Holdings,Financial Services & SaaS,5999,US,0.0252,Moderate,2022-12-10,1,0,1707316.92
M4140,Global Cafe,E-Commerce & Marketplaces,5311,US,0.0287,Moderate,2023-07-18,1,0,1306041.5
M9362,Nova Mart,Gaming & Virtual Goods,7995,AU,0.032,High,2021-05-23,7,0,718244.7
M7811,Aero Cafe,Financial Services & SaaS,5999,US,0.0227,Moderate,2021-06-13,2,0,148749.19
M4458,SilverLine Ventures,Crypto & Digital Assets,6051,US,0.0383,Extreme,2022-06-26,3,0,288792.89
M1297,Vanguard Express,Financial Services & SaaS,5999,US,0.0241,Moderate,2020-06-28,2,0,2273983.63
M5918,Alpha Solutions,Crypto & Digital Assets,6051,FR,0.0411,Extreme,2024-01-23,2,0,1388624.31
M2339,Pulse Foods,Financial Services & SaaS,5999,US,0.0245,Moderate,2022-05-09,1,0,164227.78
M1270,Aero Direct,Financial Services & SaaS,5999,US,0.0226,Moderate,2022-10-03,7,0,2080569.86
M6548,Velocity Solutions,Crypto & Digital Assets,6051,US,0.0429,Extreme,2021-07-13,1,1,1359168.85
M8100,Horizon Pay,Travel & Airlines,4511,US,0.0289,High,2021-04-27,3,0,2093693.8
M6125,Titan Logistics,Healthcare & Wellness,8099,GB,0.0208,Low,2022-06-02,3,0,154942.03
M6185,Aero Direct,Grocery & Supermarket,5411,FR,0.0148,Low,2022-11-08,2,0,1347540.31
M7470,Apex Logistics,Crypto & Digital Assets,6051,SG,0.0357,Extreme,2024-03-13,1,0,840799.13
M3857,Alpha Store,Healthcare & Wellness,8099,US,0.0225,Low,2022-01-16,2,0,45637.34
M2015,Alpha Foods,Financial Services & SaaS,5999,US,0.0261,Moderate,2022-07-22,3,0,418797.36
M5389,Nova Pay,Electronics & Computers,5732,US,0.0199,Moderate,2021-04-26,2,0,1441578.02
M9698,Velocity Air,Travel & Airlines,4511,DE,0.0301,High,2023-04-29,3,1,1469577.33
M3957,Cyber Cafe,Healthcare & Wellness,8099,IN,0.0205,Low,2021-12-02,2,0,251427.36
M1420,Cyber Air,Financial Services & SaaS,5999,SG,0.0284,Moderate,2022-08-03,3,0,1825988.58
M1383,Vertex Solutions,Gaming & Virtual Goods,7995,FR,0.031,High,2023-10-08,1,0,1052067.68
M2182,Velocity Store,Crypto & Digital Assets,6051,IN,0.0424,Extreme,2022-08-10,2,0,425334.32
M9171,Quantum Store,Travel & Airlines,4511,AU,0.0317,High,2021-11-11,7,1,1885975.07
M7487,Global Air,Crypto & Digital Assets,6051,FR,0.0398,Extreme,2021-05-26,2,0,1056960.89
M7215,Apex Retail,E-Commerce & Marketplaces,5311,IN,0.0251,Moderate,2023-09-24,1,0,502772.37
M9673,Quantum Hub,Gaming & Virtual Goods,7995,US,0.0335,High,2022-11-25,1,1,2285620.75
M6104,Summit Solutions,Gaming & Virtual Goods,7995,CA,0.0351,High,2021-02-20,2,0,656067.39
M2047,Pulse Cloud,Gaming & Virtual Goods,7995,AU,0.0299,High,2023-02-22,1,0,1653151.43
M7891,Prime Logistics,Gaming & Virtual Goods,7995,CA,0.0366,Low,2024-08-30,1,0,1729590.85
M8419,Quantum Cafe,E-Commerce & Marketplaces,5311,FR,0.022,Moderate,2023-06-09,1,0,492686.29
M3635,Summit Tech,Food & Dining,5812,US,0.0208,Low,2022-09-12,2,0,90805.14
M9369,Swift Retail,Grocery & Supermarket,5411,US,0.0197,Low,2021-07-19,1,0,2389977.14
M3916,Summit Hub,Food & Dining,5812,GB,0.0187,Low,2020-09-01,2,0,1932827.61
M1661,BlueSky Direct,Healthcare & Wellness,8099,US,0.0207,Low,2024-07-30,2,0,863047.08
M5535,Pulse Pay,E-Commerce & Marketplaces,5311,US,0.026,Moderate,2022-08-09,2,0,1147798.68
M8223,Swift Cloud,Financial Services & SaaS,5999,US,0.0267,Moderate,2020-04-11,2,0,1965255.17
M4679,Vertex Air,Healthcare & Wellness,8099,SG,0.0225,Low,2020-11-07,1,0,1991561.9
M6379,Aero Foods,Healthcare & Wellness,8099,US,0.0162,Low,2023-03-08,1,0,2120887.68
M7398,Summit Foods,Travel & Airlines,4511,US,0.0274,High,2024-01-19,1,0,845201.13
M5300,Zenith Cloud,E-Commerce & Marketplaces,5311,US,0.0232,Extreme,2020-10-19,1,0,826678.78
M6219,Hyper Cloud,Financial Services & SaaS,5999,US,0.0255,Moderate,2020-08-26,2,0,55138.72
M3187,Quantum Hub,Food & Dining,5812,US,0.0195,Low,2020-08-10,2,0,1025663.38
M2417,Velocity Direct,E-Commerce & Marketplaces,5311,AU,0.0231,Moderate,2024-08-03,2,0,2021037.24
M9752,Pioneer Cloud,E-Commerce & Marketplaces,5311,US,0.0244,Moderate,2023-11-22,1,0,2383724.4
M1652,Global Pay,Travel & Airlines,4511,GB,0.0329,High,2022-11-06,7,0,982129.48
M9408,Beacon Mart,Healthcare & Wellness,8099,GB,0.0194,Extreme,2023-09-29,3,0,2489155.57
M6391,Alpha Logistics,Crypto & Digital Assets,6051,US,0.0359,Extreme,2024-03-04,2,0,1594888.24
M5347,Velocity Air,Travel & Airlines,4511,GB,0.0304,Extreme,2021-07-25,1,0,384456.27
M2136,Pioneer Cafe,E-Commerce & Marketplaces,5311,GB,0.0237,Moderate,2021-07-14,3,0,1096318.49
M8754,SilverLine Store,Electronics & Computers,5732,SG,0.0219,Moderate,2024-08-27,1,0,2496728.85
M8303,Nova Ventures,E-Commerce & Marketplaces,5311,SG,0.0268,Moderate,2023-08-14,2,0,914545.16
M2606,Pulse Direct,Grocery & Supermarket,5411,US,0.0125,Low,2024-03-08,7,0,2212705.64
M1983,Pioneer Holdings,Gaming & Virtual Goods,7995,IN,0.0368,High,2023-03-23,2,0,1619107.25
M7194,Velocity Express,Grocery & Supermarket,5411,US,0.013,Low,2023-06-16,1,0,1763087.78
M1451,Cyber Holdings,Travel & Airlines,4511,US,0.0329,High,2023-02-05,2,0,503765.1
M5921,Summit Air,Travel & Airlines,4511,US,0.0269,High,2022-03-11,1,0,2148081.21
M8781,Prime Store,Electronics & Computers,5732,US,0.0233,Moderate,2022-04-12,2,0,2086319.91
M2964,Nexus Ventures,Grocery & Supermarket,5411,AU,0.0186,Low,2022-04-14,1,0,855791.82
M4071,BlueSky Tech,E-Commerce & Marketplaces,5311,US,0.0224,Extreme,2022-02-02,7,0,139160.83
M2494,Zenith Tech,Healthcare & Wellness,8099,US,0.016,Low,2022-03-14,7,0,820542.32
M1696,Summit Store,Gaming & Virtual Goods,7995,US,0.0326,High,2022-04-04,2,1,273795.72
M6624,Global Hub,Food & Dining,5812,US,0.0226,Low,2022-10-12,2,0,443104.62
M3803,Cyber Foods,Electronics & Computers,5732,FR,0.0203,Low,2020-09-01,2,0,1621756.59
M3140,Titan Solutions,Electronics & Computers,5732,FR,0.0199,Moderate,2023-03-15,1,0,2035253.48
M8025,Summit Logistics,Food & Dining,5812,SG,0.0213,Low,2022-09-23,2,0,1891545.23
M2177,Pulse Retail,Grocery & Supermarket,5411,IN,0.0198,Low,2021-01-03,3,0,2108578.94
M4813,Starlight Pay,Electronics & Computers,5732,US,0.0223,Moderate,2020-07-14,2,0,1490541.87
M8675,Vanguard Mart,Grocery & Supermarket,5411,GB,0.012,Low,2021-03-27,2,0,16670.39
M3569,Horizon Solutions,Electronics & Computers,5732,AU,0.0249,Moderate,2021-03-28,7,0,1269793.13
M5664,Summit Solutions,Electronics & Computers,5732,US,0.0241,Moderate,2023-06-10,2,0,2440597.33
M4405,Alpha Pay,E-Commerce & Marketplaces,5311,US,0.026,Moderate,2022-05-24,7,0,720874.16
M1881,Hyper Store,Crypto & Digital Assets,6051,SG,0.0391,Extreme,2024-08-13,3,1,871516.61
M1562,Vertex Ventures,Healthcare & Wellness,8099,FR,0.0222,Low,2020-02-09,7,0,2243922.97
M5975,Beacon Mart,E-Commerce & Marketplaces,5311,US,0.0216,Moderate,2023-03-16,7,0,191333.34
M9522,Summit Solutions,Travel & Airlines,4511,DE,0.0292,Extreme,2020-12-03,7,0,144122.21
M8829,Hyper Mart,Gaming & Virtual Goods,7995,CA,0.0347,High,2023-10-22,1,1,1568869.84
M6296,Starlight Direct,Gaming & Virtual Goods,7995,US,0.0327,High,2023-10-26,3,0,778228.04
M1433,Swift Pay,Crypto & Digital Assets,6051,CA,0.0408,Extreme,2023-11-05,1,1,308487.43
M8593,BlueSky Logistics,Electronics & Computers,5732,DE,0.0251,Moderate,2022-05-31,3,0,76543.42
M1398,Nova Foods,Financial Services & SaaS,5999,DE,0.0273,Moderate,2020-08-11,2,0,1820161.5
M4059,Prime Ventures,E-Commerce & Marketplaces,5311,US,0.0226,Moderate,2023-10-20,7,0,1669227.52
M9662,Summit Direct,Gaming & Virtual Goods,7995,GB,0.0352,High,2023-01-12,2,0,155395.05
M4196,Pulse Logistics,Financial Services & SaaS,5999,FR,0.0229,Moderate,2021-03-23,1,0,637429.95
M8896,Zenith Logistics,Financial Services & SaaS,5999,US,0.0253,Moderate,2020-07-22,3,0,1435244.68
M1564,SilverLine Solutions,Electronics & Computers,5732,US,0.0241,Moderate,2022-06-30,1,0,1276434.3
M5377,SilverLine Direct,Grocery & Supermarket,5411,US,0.015,Low,2024-01-24,2,0,1073475.34
M3736,Zenith Pay,Electronics & Computers,5732,GB,0.0227,Moderate,2021-10-23,1,0,2068987.09
M7530,Aero Hub,Electronics & Computers,5732,SG,0.0261,Low,2020-09-22,1,0,2445288.84
M7005,Cyber Logistics,Food & Dining,5812,DE,0.0178,Moderate,2020-05-19,2,0,91822.59
M2457,Quantum Direct,Crypto & Digital Assets,6051,US,0.0353,Extreme,2021-05-09,2,1,30885.09
M8298,Cyber Solutions,Gaming & Virtual Goods,7995,US,0.0337,High,2022-10-30,7,0,2273023.73
M1203,Global Pay,E-Commerce & Marketplaces,5311,US,0.0247,Moderate,2020-02-02,2,0,2227640.34
M6747,Pioneer Express,Travel & Airlines,4511,DE,0.028,High,2022-02-28,3,0,1780387.31
M5104,Prime Logistics,E-Commerce & Marketplaces,5311,IN,0.0223,Moderate,2021-08-10,1,0,1664170.26
M9108,Apex Cloud,Electronics & Computers,5732,US,0.0269,Moderate,2020-06-27,2,0,234793.94
M2230,Cyber Holdings,Food & Dining,5812,US,0.0207,Low,2021-11-15,2,0,1753311.81
M8809,Swift Foods,Travel & Airlines,4511,DE,0.0306,High,2021-12-17,2,1,970584.61
M7527,BlueSky Air,Crypto & Digital Assets,6051,DE,0.0385,Low,2024-04-06,7,0,2331322.47
M2662,Quantum Store,E-Commerce & Marketplaces,5311,US,0.0262,Moderate,2020-07-19,2,0,1753515.02
M9227,Prime Hub,Travel & Airlines,4511,US,0.0285,High,2020-04-21,2,0,154829.78
M4873,Beacon Ventures,Grocery & Supermarket,5411,IN,0.0145,Low,2020-11-07,2,0,1359394.09
M6813,Cyber Mart,Grocery & Supermarket,5411,CA,0.017,Low,2020-06-02,2,0,966404.77
M2607,Apex Cafe,Grocery & Supermarket,5411,GB,0.0138,Low,2023-03-13,1,0,1837600.65
M1952,Pulse Tech,E-Commerce & Marketplaces,5311,AU,0.0275,Moderate,2024-08-08,3,0,2123080.19
M3644,Horizon Express,Grocery & Supermarket,5411,SG,0.016,Low,2022-03-08,7,0,1137259.01
M8518,Global Hub,Financial Services & SaaS,5999,FR,0.0288,Moderate,2020-02-16,1,0,171133.94
M8660,Horizon Holdings,Gaming & Virtual Goods,7995,IN,0.0294,High,2024-01-05,1,0,487153.27
M8252,Apex Ventures,Healthcare & Wellness,8099,SG,0.015,Extreme,2022-05-01,2,0,1530641.51
M7559,Cyber Retail,Crypto & Digital Assets,6051,GB,0.0401,Extreme,2020-08-08,2,0,2333395.5
M7980,Nexus Hub,Healthcare & Wellness,8099,SG,0.0159,Low,2023-01-30,7,0,1741188.01
M4341,Prime Tech,E-Commerce & Marketplaces,5311,DE,0.0266,Moderate,2021-11-17,7,0,1642894.61
M5354,SilverLine Mart,Crypto & Digital Assets,6051,DE,0.0376,Extreme,2023-12-07,7,0,1487118.47
M2612,Beacon Express,E-Commerce & Marketplaces,5311,US,0.024,Moderate,2021-10-16,2,0,837289.34
M8238,BlueSky Foods,E-Commerce & Marketplaces,5311,SG,0.0233,Moderate,2023-04-22,2,0,259778.11
M4015,Swift Cafe,Gaming & Virtual Goods,7995,FR,0.0307,High,2020-06-26,2,1,2278195.77
M4703,Nexus Cafe,Healthcare & Wellness,8099,US,0.0198,Low,2020-09-10,1,0,2230177.9
M7449,Hyper Mart,Gaming & Virtual Goods,7995,US,0.03,High,2023-06-18,7,0,1851623.45
M6227,Titan Air,Healthcare & Wellness,8099,US,0.0227,Low,2022-01-31,7,0,87749.89
M9836,Velocity Air,Travel & Airlines,4511,AU,0.0275,High,2023-09-10,2,0,660088.0
M9995,Horizon Air,Crypto & Digital Assets,6051,DE,0.0399,Extreme,2022-07-19,2,1,1009871.0
M8146,Vanguard Hub,E-Commerce & Marketplaces,5311,US,0.024,Moderate,2020-06-30,7,0,359994.26
M8345,Hyper Cafe,Electronics & Computers,5732,IN,0.0258,Moderate,2023-01-04,3,0,282384.16
M8067,Vanguard Hub,E-Commerce & Marketplaces,5311,FR,0.0257,Moderate,2024-09-10,2,0,1939611.58
M2724,Pulse Cloud,Healthcare & Wellness,8099,DE,0.0154,Low,2024-04-02,3,0,1232298.02
M8901,Nova Foods,Gaming & Virtual Goods,7995,DE,0.0353,Extreme,2020-07-13,1,0,675618.08
M4740,Pulse Pay,Travel & Airlines,4511,IN,0.0273,High,2024-04-15,1,1,1373793.24
M3854,Velocity Air,Travel & Airlines,4511,US,0.0304,High,2022-04-16,2,1,1083727.5
M1409,Apex Hub,Grocery & Supermarket,5411,SG,0.0142,Low,2020-12-07,7,0,1981111.84
M9866,Pulse Holdings,Gaming & Virtual Goods,7995,US,0.0364,High,2020-11-07,1,0,1249453.94
M7044,Pulse Store,Food & Dining,5812,US,0.0165,Low,2020-05-01,7,0,2139170.58
M3780,Quantum Hub,Food & Dining,5812,AU,0.0236,Low,2024-05-29,1,0,203665.89
M8907,Quantum Cafe,E-Commerce & Marketplaces,5311,US,0.0215,Moderate,2020-07-13,2,0,758899.49
M8048,Prime Holdings,Electronics & Computers,5732,DE,0.0232,Low,2020-09-04,2,0,1588826.36
M8931,Cyber Hub,Crypto & Digital Assets,6051,DE,0.0355,High,2020-07-15,1,0,1732754.75
M9061,Vertex Store,Travel & Airlines,4511,IN,0.0287,High,2023-04-13,1,0,43481.51
M5372,BlueSky Hub,Food & Dining,5812,DE,0.0234,Low,2021-04-10,1,0,939866.15
M1841,Starlight Hub,E-Commerce & Marketplaces,5311,CA,0.0211,Moderate,2021-03-05,2,0,983102.53
M4757,Swift Express,Grocery & Supermarket,5411,GB,0.0168,Low,2020-09-23,1,0,1807430.39
M8111,Pioneer Store,Healthcare & Wellness,8099,DE,0.0155,Low,2022-05-21,2,0,1030385.59
M4122,Alpha Hub,Electronics & Computers,5732,AU,0.0211,Moderate,2021-07-26,7,0,1758040.75
M1755,Quantum Mart,Electronics & Computers,5732,CA,0.0254,Moderate,2021-06-13,3,0,412418.41
M6525,Apex Store,Crypto & Digital Assets,6051,GB,0.04,Extreme,2023-11-06,2,0,2008536.08
M4689,Beacon Solutions,Financial Services & SaaS,5999,CA,0.0294,Moderate,2020-07-19,2,0,2462234.27
M4061,Prime Holdings,Electronics & Computers,5732,FR,0.0213,Moderate,2022-01-19,7,0,1481829.08
M2767,Cyber Logistics,Financial Services & SaaS,5999,US,0.0246,Moderate,2021-11-21,1,0,2317064.23
M3220,Prime Direct,Electronics & Computers,5732,SG,0.0261,Moderate,2021-11-29,7,0,588293.5
M9713,Vertex Cafe,Financial Services & SaaS,5999,FR,0.023,Moderate,2023-12-08,1,0,1751800.91
M4754,Global Hub,E-Commerce & Marketplaces,5311,US,0.0289,Moderate,2024-06-20,2,0,1530084.42
M1289,Starlight Logistics,E-Commerce & Marketplaces,5311,US,0.0277,Moderate,2023-08-02,2,0,971670.46
M1117,Hyper Express,Financial Services & SaaS,5999,US,0.0234,Moderate,2020-02-13,1,0,56957.06
M5817,Nova Solutions,Grocery & Supermarket,5411,US,0.0194,Low,2020-02-03,3,0,1920221.45
M3489,Apex Solutions,Electronics & Computers,5732,US,0.0197,Moderate,2023-07-01,1,0,1702746.57
M4818,Cyber Holdings,Crypto & Digital Assets,6051,US,0.0384,Extreme,2024-06-15,1,1,17277.64
M9829,Cyber Foods,Financial Services & SaaS,5999,US,0.0292,Moderate,2020-09-06,7,0,1714264.52
M5504,Quantum Logistics,Travel & Airlines,4511,DE,0.0307,High,2020-10-23,3,0,989441.3
M9803,Titan Express,Crypto & Digital Assets,6051,US,0.0417,Extreme,2022-04-15,7,1,1167277.54
M4794,BlueSky Logistics,Travel & Airlines,4511,FR,0.027,High,2021-08-07,1,0,1813299.05
M9827,Pioneer Cafe,Electronics & Computers,5732,SG,0.0247,Low,2021-07-07,7,0,2049579.34
M5775,BlueSky Solutions,Electronics & Computers,5732,DE,0.0215,Moderate,2021-08-29,7,0,1045289.32
M2640,Quantum Express,Food & Dining,5812,GB,0.0183,Low,2021-08-26,1,0,1398101.2
M7286,Alpha Logistics,Electronics & Computers,5732,US,0.0201,Moderate,2022-05-21,1,0,880288.93
M3329,Vertex Logistics,Electronics & Computers,5732,US,0.0249,Moderate,2023-02-08,2,0,2315442.5
M6329,Hyper Store,Grocery & Supermarket,5411,IN,0.0131,Moderate,2020-11-05,3,0,1129077.74
M6290,Prime Hub,Electronics & Computers,5732,IN,0.0266,High,2021-05-30,3,0,272182.37
M9948,Aero Air,Healthcare & Wellness,8099,US,0.0213,Extreme,2024-07-16,2,0,2220065.12
M9319,Global Air,Healthcare & Wellness,8099,DE,0.0157,Low,2023-06-15,7,0,288884.8
M6716,Aero Hub,E-Commerce & Marketplaces,5311,GB,0.0239,Moderate,2023-03-10,7,0,1649675.88
M4731,Pioneer Holdings,Crypto & Digital Assets,6051,CA,0.0409,Moderate,2020-02-23,7,0,1275152.8
M5953,Velocity Hub,E-Commerce & Marketplaces,5311,FR,0.0272,Moderate,2024-01-09,1,0,476071.62
M7155,Nova Cafe,Grocery & Supermarket,5411,CA,0.0178,Low,2022-12-05,7,0,1228893.11
M7578,Vertex Tech,Food & Dining,5812,SG,0.0168,Low,2022-12-24,3,0,2071703.65
M6715,Prime Tech,Food & Dining,5812,GB,0.0208,Low,2024-05-11,2,0,379146.32
M8348,Summit Retail,Financial Services & SaaS,5999,SG,0.0254,Moderate,2020-07-17,2,0,758990.04
M1682,Alpha Holdings,Healthcare & Wellness,8099,GB,0.0181,Moderate,2024-04-30,2,0,294100.6
M8467,Swift Solutions,Food & Dining,5812,IN,0.0226,Low,2022-03-23,3,0,2410174.19
M5061,Nova Store,Crypto & Digital Assets,6051,DE,0.0414,Extreme,2021-12-29,3,1,2032523.23
M6054,Nexus Express,Crypto & Digital Assets,6051,AU,0.0419,Extreme,2022-06-03,2,0,104903.14
M4314,Global Solutions,E-Commerce & Marketplaces,5311,IN,0.027,Moderate,2021-07-09,7,0,288533.64
M4892,Hyper Cloud,Electronics & Computers,5732,IN,0.0194,Moderate,2021-01-24,2,0,740023.88
M7415,Cyber Hub,E-Commerce & Marketplaces,5311,US,0.0287,Moderate,2023-10-13,7,0,2111772.39
M3524,Horizon Air,E-Commerce & Marketplaces,5311,AU,0.0224,Moderate,2022-06-01,7,0,138975.18
M1382,Summit Direct,Electronics & Computers,5732,FR,0.024,Moderate,2023-08-14,2,0,1766262.75
M4539,Horizon Mart,Healthcare & Wellness,8099,SG,0.0222,High,2024-01-06,1,1,282651.78
M4738,Starlight Pay,Crypto & Digital Assets,6051,US,0.0428,Extreme,2020-12-16,7,0,51955.32
M3391,Apex Cloud,Travel & Airlines,4511,US,0.0281,High,2021-09-28,3,1,1467454.09
M6914,Vertex Solutions,Travel & Airlines,4511,GB,0.0319,Low,2022-08-24,2,0,415115.24
M6388,Pulse Solutions,Financial Services & SaaS,5999,DE,0.029,Moderate,2023-01-27,1,0,697926.69
M5238,Apex Tech,Electronics & Computers,5732,US,0.0242,Moderate,2020-12-07,3,0,1936218.45
M5334,Summit Ventures,Healthcare & Wellness,8099,GB,0.0187,Low,2024-05-02,2,0,132002.86
M7625,Global Logistics,Grocery & Supermarket,5411,AU,0.0166,Extreme,2023-01-01,2,0,1586924.15
M3467,Vanguard Direct,E-Commerce & Marketplaces,5311,GB,0.0269,Moderate,2023-05-27,2,0,800217.77
M4342,Beacon Foods,E-Commerce & Marketplaces,5311,US,0.0276,Moderate,2021-04-12,2,0,94309.65
M1874,Swift Pay,E-Commerce & Marketplaces,5311,SG,0.0255,Moderate,2022-01-11,2,0,220591.93
M3299,Quantum Cloud,Food & Dining,5812,US,0.0163,Low,2022-07-05,7,0,592432.44
M7358,Pioneer Express,Grocery & Supermarket,5411,AU,0.0147,Low,2021-05-31,1,0,119260.22
M8366,Hyper Air,E-Commerce & Marketplaces,5311,SG,0.0223,Moderate,2022-11-26,1,0,1220771.4
M5545,Zenith Direct,Financial Services & SaaS,5999,AU,0.0273,Moderate,2023-07-29,2,0,228663.11
M9934,Apex Ventures,Financial Services & SaaS,5999,IN,0.0272,Moderate,2021-08-09,2,0,1291872.43
M5024,Vertex Retail,Financial Services & SaaS,5999,US,0.0273,Moderate,2020-05-01,7,0,962876.88
M5003,Alpha Ventures,Crypto & Digital Assets,6051,SG,0.0382,High,2021-10-21,1,0,120817.45
M7569,Nexus Ventures,Food & Dining,5812,SG,0.0174,Low,2020-09-10,7,0,2498435.18
M3120,Hyper Tech,Healthcare & Wellness,8099,SG,0.0211,Low,2021-01-11,2,0,1917448.4
M7170,Cyber Cloud,Travel & Airlines,4511,GB,0.0265,High,2021-10-10,2,1,1032136.27
M2133,Vertex Cafe,Healthcare & Wellness,8099,US,0.0184,Low,2021-01-03,2,0,683769.95
M3716,BlueSky Tech,Gaming & Virtual Goods,7995,FR,0.0339,High,2021-07-05,2,0,1420937.54
M4727,Pioneer Solutions,Financial Services & SaaS,5999,IN,0.0263,Moderate,2023-01-15,7,0,321408.08
M8271,Titan Pay,Food & Dining,5812,AU,0.0165,Low,2023-12-23,3,0,1617932.93
M9642,Vanguard Cafe,Crypto & Digital Assets,6051,DE,0.0418,Extreme,2021-08-21,2,0,1892748.06
M9811,Quantum Tech,Crypto & Digital Assets,6051,US,0.0363,Extreme,2023-02-11,1,1,743734.53
M3588,Vanguard Express,Travel & Airlines,4511,US,0.0271,High,2023-06-30,2,0,1235124.19
M7753,Horizon Pay,Grocery & Supermarket,5411,AU,0.017,Low,2020-10-04,3,0,2005152.35
M7660,Quantum Air,E-Commerce & Marketplaces,5311,US,0.0223,Moderate,2021-12-13,1,0,821947.77
M1807,Pioneer Solutions,Grocery & Supermarket,5411,CA,0.0125,Low,2022-12-26,1,0,1242799.43
M2931,Cyber Solutions,Financial Services & SaaS,5999,SG,0.0232,Moderate,2023-11-15,2,0,1098400.99
