customer_id,first_name,last_name,email,country_code,state_province,kyc_status,risk_tier,credit_score,annual_income,account_balance,account_created_at,account_tier,has_crypto_wallet,is_pep
C93810,Richard,Sharma,richard.sharma336@yahoo.com,US,AZ,Rejected,Critical,476,195774,11431.77,2024-04-10,Platinum,0,0
C24592,Mark,Scott,mark.scott853@outlook.com,US,CA,Verified,Low,396,132133,21121.08,2024-01-16,VIP,0,0
C13278,Karen,Walker,karen.walker869@fintechmail.io,DE,N/A,Verified,Low,475,110213,1736.07,2021-08-01,Standard,0,0
C46048,Barbara,Wilson,barbara.wilson708@outlook.com,IN,N/A,Verified,Medium,810,57032,44456.61,2023-06-11,Silver,0,0
C42098,Daniel,Thompson,daniel.thompson658@proton.me,US,PA,Under Review,Low,702,34398,31981.24,2020-10-28,Standard,0,0
C39256,Ashley,Perez,ashley.perez955@icloud.com,IN,N/A,Verified,Medium,691,312836,30563.12,2021-05-30,VIP,1,0
C28289,Jennifer,Harris,jennifer.harris184@outlook.com,FR,N/A,Under Review,Medium,737,131648,53291.47,2021-11-21,VIP,0,0
C23434,Patricia,Taylor,patricia.taylor553@icloud.com,CA,N/A,Verified,Medium,,200980,63639.93,2023-07-21,Standard,0,0
C98696,Aarav,Tanaka,aarav.tanaka421@icloud.com,GB,N/A,Verified,Medium,401,41395,64103.33,2020-10-08,VIP,1,0
C81482,Lisa,Sharma,lisa.sharma255@outlook.com,SG,N/A,Verified,Medium,569,258716,17436.56,2024-07-03,Standard,1,0
C21395,Anthony,Brown,anthony.brown178@fintechmail.io,US,GA,Pending,Critical,600,136673,24317.49,2020-03-26,Silver,0,0
C87397,Charles,Perez,charles.perez840@yahoo.com,DE,N/A,Verified,High,582,264798,25808.85,2023-04-30,Gold,0,0
C65302,Amara,Moore,amara.moore248@gmail.com,US,MA,Verified,High,,50396,17028.13,2020-04-03,VIP,1,0
C14165,Elizabeth,Silva,elizabeth.silva234@fintechmail.io,IN,N/A,Verified,Medium,774,275464,9060.41,2023-12-05,Gold,1,0
C13905,Linda,Martinez,linda.martinez922@yahoo.com,US,OH,Rejected,Medium,408,160560,9130.69,2024-02-27,Platinum,1,0
C22280,Thomas,Jones,thomas.jones155@outlook.com,FR,N/A,Verified,Low,452,113902,15541.78,2023-08-27,Gold,0,0
C38657,Kimberly,Muller,kimberly.muller91@outlook.com,DE,N/A,Verified,Low,500,52822,51815.84,2020-09-28,Gold,0,0
C40495,Paul,Sharma,paul.sharma399@gmail.com,SG,N/A,Under Review,Low,560,195381,22492.3,2020-08-05,Platinum,0,0
C76237,Michelle,Johnson,michelle.johnson859@outlook.com,IN,N/A,Under Review,Low,362,78258,46166.26,2022-04-22,VIP,1,0
C88907,Emily,King,emily.king478@gmail.com,AU,N/A,Verified,High,820,88116,24181.99,2020-05-05,Gold,0,0
C13478,Paul,Brown,paul.brown256@proton.me,DE,N/A,Under Review,High,412,130002,7135.69,2021-12-08,VIP,0,0
C83563,Nancy,Harris,nancy.harris171@yahoo.com,AU,N/A,Verified,Low,827,54646,9502.74,2021-06-21,VIP,0,0
C36062,Daniel,Rodriguez,daniel.rodriguez912@proton.me,IN,N/A,Verified,Low,455,210889,3560.96,2019-11-15,Platinum,0,0
C95181,Mateo,Perez,mateo.perez337@proton.me,GB,N/A,Verified,Critical,,50942,33851.37,2020-12-24,Gold,0,0
C81426,Sarah,Lee,sarah.lee766@icloud.com,US,FL,Pending,Low,394,58807,1080.85,2022-11-24,Gold,0,0
C64987,Donald,Flores,donald.flores887@gmail.com,CA,N/A,Pending,Low,403,52269,64970.76,2022-12-28,Standard,0,0
C38893,Margaret,Flores,margaret.flores330@icloud.com,US,MA,Under Review,High,536,292898,14514.82,2024-07-24,Gold,0,0
C68878,Margaret,Thompson,margaret.thompson690@gmail.com,SG,N/A,Under Review,Medium,778,312307,47506.97,2022-11-13,Gold,0,0
C87236,Aarav,Taylor,aarav.taylor611@yahoo.com,GB,N/A,Verified,Low,597,245118,72096.67,2021-05-07,Platinum,1,0
C46463,Donna,Rodriguez,donna.rodriguez950@outlook.com,AU,N/A,Pending,Critical,764,26737,69865.4,2019-10-22,Gold,0,0
C10851,Daniel,Gonzalez,daniel.gonzalez342@yahoo.com,SG,N/A,Verified,Critical,752,142209,36240.03,2020-11-29,Standard,0,0
C30926,Wei,Robinson,wei.robinson185@fintechmail.io,US,GA,Verified,Critical,816,204181,60193.0,2021-03-13,VIP,0,0
C65392,Karen,Martinez,karen.martinez907@fintechmail.io,CA,N/A,Pending,Medium,,87726,8031.98,2023-03-10,Standard,0,0
C54597,Priya,Moore,priya.moore741@fintechmail.io,DE,N/A,Rejected,Medium,668,150452,37868.24,2020-10-17,Standard,1,0
C46421,Emma,Rossi,emma.rossi731@icloud.com,AU,N/A,Verified,Critical,632,75057,17581.97,2022-01-04,Platinum,1,0
C30379,Mary,Smith,mary.smith811@proton.me,DE,N/A,Pending,Low,716,229728,63293.69,2020-07-27,Standard,1,1
C38221,James,Garcia,james.garcia900@gmail.com,US,AZ,Pending,Critical,787,292255,60493.52,2019-09-10,Silver,0,0
C54118,Lisa,Miller,lisa.miller768@gmail.com,DE,N/A,Verified,Critical,652,305860,32593.0,2022-12-01,Silver,1,0
C23396,Michael,Gonzalez,michael.gonzalez958@fintechmail.io,GB,N/A,Rejected,Medium,624,291967,67626.93,2022-09-23,VIP,1,0
C22156,Michael,Robinson,michael.robinson307@icloud.com,US,GA,Verified,Medium,438,123434,70339.74,2023-11-02,Standard,0,0
C59797,Matthew,Lee,matthew.lee731@outlook.com,US,TX,Verified,Low,,35665,10211.03,2021-10-11,Standard,0,0
C22676,Sarah,Thompson,sarah.thompson789@outlook.com,US,OH,Pending,Low,520,281670,25058.96,2024-11-08,VIP,1,0
C57052,David,Sanchez,david.sanchez793@icloud.com,SG,N/A,Verified,Critical,600,41748,1616.8,2020-09-29,Standard,0,0
C55082,Priya,Rodriguez,priya.rodriguez532@outlook.com,SG,N/A,Pending,Medium,539,226501,55708.24,2024-01-29,Standard,0,0
C89131,Liam,Flores,liam.flores224@outlook.com,US,IL,Pending,Low,363,183129,69012.03,2022-03-29,VIP,0,0
C44671,Betty,Wilson,betty.wilson939@outlook.com,DE,N/A,Verified,Critical,495,47128,52004.99,2019-09-19,Standard,0,0
C15695,Mary,Sanchez,mary.sanchez933@fintechmail.io,US,VA,Under Review,Critical,797,270293,12196.25,2023-05-23,Gold,1,0
C70217,James,Jones,james.jones981@outlook.com,AU,N/A,Rejected,Medium,682,253528,23838.02,2020-10-28,Platinum,1,0
C80284,Thomas,Gonzalez,thomas.gonzalez17@gmail.com,CA,N/A,Rejected,Critical,440,213285,60440.83,2020-05-22,Gold,0,0
C26361,Christopher,Gonzalez,christopher.gonzalez438@proton.me,DE,N/A,Under Review,Low,833,119777,71974.2,2023-12-13,VIP,0,0
C59615,Kimberly,Johnson,kimberly.johnson127@fintechmail.io,CA,N/A,Under Review,Low,780,97339,38707.5,2020-06-29,Gold,1,0
C20328,John,Smith,john.smith841@icloud.com,SG,N/A,Under Review,Low,742,125125,63739.94,2024-06-01,Standard,1,0
C82357,Joseph,Ramirez,joseph.ramirez738@proton.me,AU,N/A,Rejected,Low,616,110569,72290.52,2021-02-03,Silver,0,0
C48427,Patricia,Miller,patricia.miller545@outlook.com,GB,N/A,Under Review,Medium,393,69712,52179.06,2024-10-09,Silver,1,1
C92397,Thomas,Miller,thomas.miller640@icloud.com,AU,N/A,Verified,Low,407,186004,59373.7,2019-09-19,Gold,0,0
C91070,Barbara,Tanaka,barbara.tanaka327@proton.me,AU,N/A,Rejected,Critical,538,48969,72622.67,2019-11-08,Silver,1,0
C57400,Thomas,Torres,thomas.torres779@fintechmail.io,IN,N/A,Rejected,Critical,574,174706,66763.89,2024-03-08,VIP,0,0
C85674,Sarah,Thompson,sarah.thompson960@gmail.com,IN,N/A,Rejected,Medium,557,55556,51372.49,2024-09-14,Standard,1,0
C35203,Michelle,Ramirez,michelle.ramirez408@fintechmail.io,SG,N/A,Verified,Low,534,39245,40110.61,2023-10-15,VIP,1,0
C19116,Sandra,Patel,sandra.patel525@proton.me,CA,N/A,Verified,High,593,284845,53005.05,2024-07-20,VIP,0,0
C16006,Andrew,Perez,andrew.perez495@proton.me,DE,N/A,Pending,Low,847,77417,48772.7,2024-05-22,Silver,1,0
C96673,Sandra,Jackson,sandra.jackson898@fintechmail.io,GB,N/A,Under Review,Low,,300626,12227.67,2023-10-04,Standard,0,0
C39871,Patricia,Harris,patricia.harris575@outlook.com,GB,N/A,Under Review,Low,680,249632,5405.57,2024-06-05,Platinum,0,0
C47930,Kimberly,Hill,kimberly.hill107@fintechmail.io,US,WA,Verified,Low,646,181478,64215.9,2021-07-04,VIP,0,0
C20458,Daniel,Wilson,daniel.wilson425@outlook.com,US,FL,Under Review,Medium,629,181530,69294.69,2020-10-21,VIP,0,0
C40512,John,Moore,john.moore660@proton.me,FR,N/A,Verified,Low,615,84924,29896.21,2020-05-05,Platinum,0,0
C23238,Jessica,Brown,jessica.brown150@yahoo.com,US,TX,Verified,Medium,427,217745,12738.68,2020-01-13,Silver,0,0
C59823,Aarav,Davis,aarav.davis436@outlook.com,DE,N/A,Verified,High,539,132860,36918.48,2020-02-23,Silver,0,0
C46434,Wei,Smith,wei.smith790@gmail.com,IN,N/A,Verified,Low,664,241833,28013.83,2021-03-17,Platinum,0,0
C69429,Yuki,Gonzalez,yuki.gonzalez20@outlook.com,FR,N/A,Verified,Critical,782,39184,52206.31,2020-02-02,Standard,0,0
C93320,Sofia,Silva,sofia.silva426@outlook.com,DE,N/A,Verified,High,822,79694,5946.23,2024-01-20,Standard,0,0
C57819,David,Davis,david.davis974@outlook.com,AU,N/A,Rejected,Critical,694,315500,40174.29,2021-01-26,Silver,0,0
C31319,Emily,Torres,emily.torres637@fintechmail.io,DE,N/A,Under Review,Medium,568,178366,307.1,2019-10-12,VIP,0,0
C58520,Donna,Clark,donna.clark295@icloud.com,DE,N/A,Pending,High,638,131633,37059.17,2023-10-17,Standard,0,0
C56566,Charles,Torres,charles.torres637@icloud.com,FR,N/A,Pending,Medium,536,50666,68197.68,2020-08-12,Platinum,0,0
C37460,Karen,Garcia,karen.garcia353@icloud.com,CA,N/A,Rejected,Low,744,253385,63289.88,2020-01-20,Gold,0,0
C97841,Betty,Williams,betty.williams554@outlook.com,AU,N/A,Pending,Low,681,238466,12189.14,2021-03-11,Silver,0,0
C44993,Mateo,Hill,mateo.hill621@gmail.com,AU,N/A,Verified,Critical,694,52146,37393.6,2023-09-22,Silver,0,0
C99593,Michelle,Muller,michelle.muller498@yahoo.com,FR,N/A,Rejected,Low,376,35571,65171.68,2023-07-31,Silver,0,0
C94939,Emily,Silva,emily.silva869@outlook.com,FR,N/A,Verified,Critical,644,135848,73741.74,2022-09-12,Platinum,0,0
C19358,Jessica,Scott,jessica.scott977@icloud.com,FR,N/A,Rejected,Low,510,48097,54536.85,2021-04-09,Platinum,0,0
C89840,Wei,Thompson,wei.thompson353@fintechmail.io,US,TX,Verified,High,695,245118,22068.9,2021-07-14,Standard,1,0
C93227,John,Jackson,john.jackson993@yahoo.com,DE,N/A,Verified,Medium,628,301979,714.99,2020-01-16,Platinum,0,0
C32431,Anthony,Lopez,anthony.lopez176@yahoo.com,US,TX,Rejected,Medium,598,135522,7569.14,2022-11-02,Platinum,1,0
C80010,Sandra,Williams,sandra.williams594@fintechmail.io,SG,N/A,Verified,Medium,740,178652,58554.86,2019-11-19,Standard,0,0
C42087,Anthony,Nguyen,anthony.nguyen832@yahoo.com,US,MA,Under Review,Low,612,112013,47617.63,2022-02-15,Platinum,0,0
C31417,Lisa,Martin,lisa.martin787@fintechmail.io,SG,N/A,Pending,Low,362,190864,64579.84,2022-04-02,Standard,1,0
C70589,Christopher,Clark,christopher.clark599@proton.me,SG,N/A,Verified,High,804,66712,69735.28,2024-02-22,Platinum,0,0
C59735,Mateo,Young,mateo.young28@outlook.com,AU,N/A,Verified,Critical,668,193246,940.56,2022-07-23,Standard,0,0
C45382,Anthony,Silva,anthony.silva487@fintechmail.io,SG,N/A,Under Review,Critical,740,233641,21794.6,2019-12-13,Platinum,0,0
C93886,Priya,Torres,priya.torres511@proton.me,SG,N/A,Verified,Low,720,195479,35721.39,2019-11-15,Silver,0,0
C83000,William,Rossi,william.rossi715@gmail.com,SG,N/A,Pending,High,791,295044,420.98,2023-01-11,Gold,1,0
C38785,Betty,Martin,betty.martin71@fintechmail.io,FR,N/A,Verified,Medium,553,135852,5868.51,2020-05-23,Standard,0,0
C99733,Matthew,Young,matthew.young407@icloud.com,US,MI,Verified,Medium,355,100244,59061.65,2022-08-14,Gold,0,0
C52504,Sarah,Martinez,sarah.martinez229@gmail.com,US,NC,Under Review,Low,733,94387,62661.51,2020-02-24,VIP,0,0
C17331,Lisa,Williams,lisa.williams277@icloud.com,CA,N/A,Verified,Low,555,68963,41015.03,2024-05-11,Standard,0,0
C40021,Lisa,Garcia,lisa.garcia129@fintechmail.io,CA,N/A,Rejected,High,784,260288,68365.54,2024-01-14,VIP,0,0
C14207,Karen,Walker,karen.walker990@proton.me,SG,N/A,Rejected,Medium,456,209799,51168.02,2021-02-20,VIP,0,0
C51347,Emily,Dubois,emily.dubois660@yahoo.com,US,WA,Verified,Critical,406,232776,49249.5,2021-11-03,Gold,1,0
C62581,Ashley,Harris,ashley.harris29@outlook.com,SG,N/A,Rejected,Medium,389,179543,47202.47,2022-01-30,Gold,1,0
C45093,Sofia,Lee,sofia.lee49@fintechmail.io,AU,N/A,Verified,Low,729,159283,28134.82,2020-02-23,Silver,0,0
C18675,Barbara,Nguyen,barbara.nguyen285@icloud.com,SG,N/A,Verified,Low,602,296474,19161.24,2020-09-08,Platinum,0,0
C37653,Andrew,Martinez,andrew.martinez700@yahoo.com,SG,N/A,Pending,Low,469,289226,67978.74,2019-09-11,Standard,0,0
C84341,William,Smith,william.smith891@outlook.com,DE,N/A,Under Review,Medium,413,45286,71550.02,2021-07-11,Platinum,1,0
C51245,Aarav,Wilson,aarav.wilson807@outlook.com,US,MI,Under Review,Critical,652,290672,39739.92,2020-02-16,Standard,1,0
C37869,Michelle,Lopez,michelle.lopez756@gmail.com,SG,N/A,Under Review,Critical,459,64814,52551.74,2024-11-24,Standard,1,0
C95909,Charles,Lopez,charles.lopez146@fintechmail.io,DE,N/A,Rejected,Medium,437,100773,12178.28,2021-02-09,VIP,0,0
C75435,Barbara,Williams,barbara.williams483@icloud.com,DE,N/A,Verified,Critical,473,163054,10383.62,2021-09-08,Gold,0,0
C61856,Sandra,Young,sandra.young700@gmail.com,AU,N/A,Verified,Medium,646,104605,1218.82,2020-01-08,Gold,0,0
C94259,Sandra,Rodriguez,sandra.rodriguez86@gmail.com,SG,N/A,Verified,Medium,466,22104,21268.67,2023-10-30,Standard,0,0
C70142,Betty,Clark,betty.clark278@icloud.com,FR,N/A,Pending,Medium,671,250745,71080.05,2023-08-16,Platinum,1,0
C28726,Sarah,Lewis,sarah.lewis198@icloud.com,US,GA,Verified,Medium,468,86616,54352.05,2022-01-29,Platinum,0,0
C44718,Kimberly,Thomas,kimberly.thomas483@gmail.com,AU,N/A,Verified,Low,526,302067,5848.36,2021-08-31,VIP,0,0
C28301,Barbara,Lee,barbara.lee724@fintechmail.io,US,NJ,Verified,Low,708,211682,18693.31,2024-01-28,Standard,1,0
C42325,Susan,Allen,susan.allen987@icloud.com,IN,N/A,Under Review,Medium,742,197973,19558.78,2023-08-23,Standard,0,0
C83579,Wei,Wilson,wei.wilson920@outlook.com,US,MA,Verified,Critical,716,255451,7241.84,2021-12-02,Gold,0,0
C80644,James,Hill,james.hill194@icloud.com,GB,N/A,Verified,High,669,145192,35216.74,2021-09-21,Gold,0,0
C44438,William,Williams,william.williams127@icloud.com,US,GA,Verified,Medium,413,182472,50901.17,2022-01-24,Standard,0,0
C86622,Joseph,Allen,joseph.allen462@yahoo.com,GB,N/A,Rejected,High,437,23339,21590.13,2020-09-13,Platinum,0,0
C66155,Michelle,Sanchez,michelle.sanchez940@gmail.com,US,MA,Rejected,Medium,620,204280,56688.07,2020-06-12,Platinum,1,0
C86484,Barbara,Taylor,barbara.taylor159@yahoo.com,US,FL,Verified,Low,443,24566,14834.84,2023-10-23,Silver,0,0
C62350,Sandra,Jones,sandra.jones82@outlook.com,US,PA,Pending,Low,422,318209,45995.27,2020-03-20,Silver,0,0
C57447,Mary,Moore,mary.moore31@fintechmail.io,US,NC,Pending,Low,722,295526,4410.46,2023-10-31,Gold,0,0
C38746,Lisa,Chen,lisa.chen303@proton.me,DE,N/A,Rejected,Medium,608,176156,74983.89,2019-09-14,Standard,0,0
C28131,Ashley,Thomas,ashley.thomas748@icloud.com,AU,N/A,Rejected,High,622,30889,50532.24,2019-12-14,VIP,0,0
C76784,Emily,Lee,emily.lee900@icloud.com,CA,N/A,Verified,Medium,537,95857,73177.74,2020-03-12,Platinum,0,0
C74686,Yuki,Martinez,yuki.martinez63@icloud.com,US,TX,Verified,High,612,209459,25304.83,2020-05-29,Standard,1,0
C21915,Mateo,Martinez,mateo.martinez633@fintechmail.io,US,VA,Under Review,Low,515,308525,42473.45,2021-06-29,VIP,0,0
C16175,Robert,Harris,robert.harris781@proton.me,FR,N/A,Verified,High,451,235589,56635.07,2020-10-10,VIP,1,0
C24371,Linda,Allen,linda.allen529@gmail.com,FR,N/A,Verified,Medium,803,260326,17348.45,2022-02-24,Platinum,0,0
C30033,Joseph,Williams,joseph.williams783@proton.me,US,VA,Rejected,Low,376,76272,29337.05,2023-01-27,VIP,1,0
C92240,Mateo,Taylor,mateo.taylor822@yahoo.com,US,VA,Rejected,Medium,424,319302,15789.72,2023-12-15,Platinum,0,0
C30969,Matthew,Anderson,matthew.anderson564@proton.me,US,FL,Under Review,Critical,828,78036,42215.63,2020-11-20,Standard,0,0
C99192,Andrew,Kim,andrew.kim744@yahoo.com,FR,N/A,Verified,Critical,684,164950,15653.95,2024-08-25,VIP,0,0
C65333,William,Lee,william.lee741@fintechmail.io,DE,N/A,Verified,Low,779,120292,1475.92,2021-04-02,Silver,0,0
C88172,Jessica,Martinez,jessica.martinez949@outlook.com,US,IL,Verified,Medium,669,116442,27130.65,2021-05-02,VIP,1,0
C18326,Wei,Allen,wei.allen377@outlook.com,CA,N/A,Under Review,Low,744,113964,33637.12,2020-03-11,VIP,0,0
C60432,Sofia,Dubois,sofia.dubois194@fintechmail.io,FR,N/A,Rejected,High,369,213093,61681.38,2022-12-03,Silver,0,0
C60019,Linda,Jones,linda.jones259@fintechmail.io,US,VA,Verified,Low,570,23321,47546.12,2021-04-08,Platinum,0,0
C88104,Steven,Walker,steven.walker846@icloud.com,CA,N/A,Verified,Medium,687,23874,29366.85,2021-07-14,Standard,0,0
C71348,Mateo,Scott,mateo.scott409@proton.me,IN,N/A,Rejected,Medium,483,115470,35877.12,2022-08-12,VIP,0,0
C79352,Ashley,Walker,ashley.walker703@outlook.com,GB,N/A,Verified,Medium,355,124649,33784.06,2024-05-30,VIP,1,0
C42953,Richard,Harris,richard.harris314@proton.me,US,NY,Verified,Medium,526,284906,1979.92,2021-05-22,Platinum,1,0
C82512,Liam,Hernandez,liam.hernandez382@proton.me,IN,N/A,Verified,Medium,759,59138,17078.36,2023-08-28,VIP,0,0
C11504,Daniel,Martinez,daniel.martinez854@outlook.com,GB,N/A,Verified,High,550,108212,9689.07,2020-04-21,Silver,0,0
C99166,Susan,Smith,susan.smith552@fintechmail.io,US,AZ,Under Review,Medium,649,59299,24023.89,2022-02-21,Silver,0,0
C25014,Michelle,Harris,michelle.harris972@yahoo.com,FR,N/A,Verified,Medium,640,299166,7843.14,2021-03-12,Platinum,0,0
C99353,Joseph,Walker,joseph.walker183@fintechmail.io,CA,N/A,Verified,High,839,184409,26142.49,2019-10-10,Standard,1,0
C80381,Donald,Robinson,donald.robinson10@yahoo.com,FR,N/A,Under Review,Low,732,250101,8231.91,2022-08-15,Gold,0,0
C44973,Steven,Lopez,steven.lopez711@fintechmail.io,CA,N/A,Rejected,Medium,512,257900,27155.17,2020-06-19,Platinum,0,0
C94012,Carlos,Perez,carlos.perez346@yahoo.com,US,AZ,Verified,Critical,438,281314,28288.59,2019-10-16,Platinum,1,0
C54587,Wei,Wright,wei.wright12@yahoo.com,CA,N/A,Verified,High,708,255849,54640.77,2022-04-02,Gold,0,0
C24621,Amara,Kim,amara.kim823@fintechmail.io,DE,N/A,Under Review,Medium,457,60312,14036.92,2024-02-14,VIP,0,0
C48469,Aarav,Young,aarav.young780@yahoo.com,US,NY,Rejected,High,567,305367,21534.78,2019-12-29,VIP,0,0
C66985,Mary,Lee,mary.lee579@fintechmail.io,DE,N/A,Verified,Medium,641,180786,54845.12,2022-05-12,Platinum,1,0
C30730,Margaret,Chen,margaret.chen362@gmail.com,IN,N/A,Under Review,Low,732,154171,12323.49,2021-09-10,VIP,0,0
C69470,Christopher,Silva,christopher.silva158@gmail.com,US,MI,Rejected,Low,792,197000,2101.85,2020-05-02,Platinum,0,0
C10425,Patricia,Robinson,patricia.robinson310@outlook.com,GB,N/A,Rejected,Low,533,207713,2149.87,2022-12-13,Standard,0,0
C44522,Wei,Taylor,wei.taylor423@yahoo.com,IN,N/A,Verified,Medium,657,112025,28071.77,2022-04-30,VIP,0,0
C75612,Kimberly,Martinez,kimberly.martinez846@icloud.com,IN,N/A,Under Review,Critical,674,250163,73636.7,2019-08-26,Gold,0,0
C33416,Nancy,Anderson,nancy.anderson157@gmail.com,AU,N/A,Verified,Low,792,108625,48603.7,2019-12-15,Silver,0,0
C76542,Donna,Martin,donna.martin136@outlook.com,GB,N/A,Rejected,Medium,742,286716,22661.58,2020-02-14,VIP,0,0
C23947,Anthony,Miller,anthony.miller443@icloud.com,DE,N/A,Verified,High,493,272087,32650.65,2021-01-19,Platinum,0,0
C91959,Liam,Muller,liam.muller137@proton.me,IN,N/A,Under Review,Medium,803,39940,29840.31,2023-07-03,Platinum,1,0
C49117,Michelle,Moore,michelle.moore988@outlook.com,US,CA,Pending,High,416,279921,65161.68,2022-02-06,Standard,0,0
C93748,Joseph,Patel,joseph.patel366@icloud.com,DE,N/A,Verified,Low,614,272737,12826.05,2021-01-08,VIP,0,0
C76540,Sofia,Hill,sofia.hill323@gmail.com,SG,N/A,Under Review,Medium,391,160141,50304.35,2021-09-14,Gold,1,0
C89818,Donna,Kim,donna.kim625@yahoo.com,US,WA,Verified,Low,525,190327,34869.15,2022-07-23,Silver,0,0
C36071,Sarah,Walker,sarah.walker468@yahoo.com,CA,N/A,Pending,Medium,494,306678,67110.15,2020-08-28,Standard,0,0
C30032,Paul,Gonzalez,paul.gonzalez956@gmail.com,AU,N/A,Verified,Critical,372,24068,2537.56,2024-04-12,Platinum,0,0
C59009,Michelle,Scott,michelle.scott317@gmail.com,US,GA,Rejected,Low,802,104006,18673.51,2021-03-03,Silver,0,0
C31174,Priya,Walker,priya.walker983@outlook.com,US,TX,Pending,Low,488,102174,59654.49,2023-11-02,VIP,1,0
C80697,Donald,Scott,donald.scott138@proton.me,AU,N/A,Verified,Medium,401,285809,70053.88,2019-07-26,Platinum,0,0
C79514,James,Smith,james.smith110@outlook.com,DE,N/A,Verified,Medium,,157818,51991.03,2022-08-28,VIP,1,0
C10074,Robert,Taylor,robert.taylor662@gmail.com,SG,N/A,Verified,Medium,848,115720,31990.07,2021-10-23,Platinum,0,0
C88504,Nancy,Martinez,nancy.martinez530@fintechmail.io,US,PA,Rejected,High,549,204916,2402.52,2021-06-15,Gold,0,0
C52487,Matthew,Sharma,matthew.sharma762@fintechmail.io,GB,N/A,Verified,Critical,370,167339,62881.18,2022-05-06,Silver,0,0
C74042,James,Garcia,james.garcia198@proton.me,GB,N/A,Pending,Critical,468,63300,72230.64,2023-11-02,Silver,0,0
C12552,Nancy,Nguyen,nancy.nguyen450@proton.me,DE,N/A,Rejected,Medium,459,318507,5631.61,2019-11-10,Platinum,0,0
C24662,Mary,Perez,mary.perez886@icloud.com,CA,N/A,Verified,Low,655,249892,23332.82,2020-01-08,VIP,1,0
C57576,Sofia,Robinson,sofia.robinson570@icloud.com,SG,N/A,Verified,High,798,25764,46148.42,2024-08-16,Gold,1,0
C50306,Jennifer,Patel,jennifer.patel18@yahoo.com,DE,N/A,Rejected,Low,754,186831,74375.92,2020-10-06,Standard,1,0
C41385,Joshua,Sanchez,joshua.sanchez688@gmail.com,IN,N/A,Verified,Medium,427,251567,66647.97,2024-07-13,Silver,0,0
C17592,Christopher,King,christopher.king648@icloud.com,US,TX,Verified,Low,700,185284,74136.04,2019-10-07,Platinum,0,0
C41571,Donna,Tanaka,donna.tanaka732@icloud.com,FR,N/A,Verified,Low,798,177662,16082.85,2022-09-21,Gold,0,0
C84364,Elizabeth,Robinson,elizabeth.robinson171@proton.me,US,FL,Pending,Medium,577,309375,56739.02,2024-11-08,Standard,0,0
C20322,Kimberly,Anderson,kimberly.anderson385@outlook.com,US,GA,Verified,Low,779,119394,59877.85,2022-08-29,Standard,1,0
C21226,Anthony,Harris,anthony.harris531@outlook.com,GB,N/A,Verified,Low,350,45136,18893.4,2024-07-24,Silver,0,0
C73699,Yuki,Martin,yuki.martin394@fintechmail.io,US,TX,Pending,High,630,251096,41486.55,2023-12-19,Platinum,1,0
C19071,Joshua,Garcia,joshua.garcia485@gmail.com,CA,N/A,Verified,Low,646,89858,53308.83,2023-05-31,Standard,0,0
C79822,Mateo,Martin,mateo.martin35@gmail.com,IN,N/A,Pending,High,433,197253,73359.45,2020-09-07,Silver,0,0
C26483,Sarah,Lee,sarah.lee640@yahoo.com,CA,N/A,Pending,Medium,575,127619,37495.29,2022-11-12,Standard,0,0
C26828,Mark,Perez,mark.perez243@outlook.com,AU,N/A,Verified,Low,825,256350,19095.48,2019-10-31,Platinum,0,1
C96474,Mary,Sharma,mary.sharma185@proton.me,AU,N/A,Under Review,Critical,816,241848,27519.19,2023-07-11,Gold,1,0
C72296,Wei,Lewis,wei.lewis423@yahoo.com,SG,N/A,Under Review,High,694,304199,35348.25,2022-10-01,Gold,0,0
C82063,Charles,Silva,charles.silva630@outlook.com,AU,N/A,Pending,High,494,204168,35891.69,2022-11-02,Standard,0,0
C31643,Linda,Johnson,linda.johnson907@icloud.com,IN,N/A,Verified,Critical,850,258070,38148.87,2021-09-13,Platinum,1,0
C44741,Lisa,Martinez,lisa.martinez858@outlook.com,US,IL,Pending,High,385,42470,41077.71,2022-04-29,Standard,1,0
C79163,Yuki,Walker,yuki.walker869@proton.me,AU,N/A,Verified,Critical,832,60198,18886.32,2023-09-25,Silver,0,0
C89507,Robert,Allen,robert.allen278@proton.me,FR,N/A,Rejected,Low,476,318688,28292.07,2021-05-09,Platinum,0,0
C65461,Mark,Jackson,mark.jackson693@gmail.com,US,MI,Pending,Low,639,44163,26913.47,2023-06-21,Gold,0,0
C37760,Michael,Young,michael.young583@yahoo.com,US,TX,Under Review,Critical,384,275588,19437.84,2022-12-27,Platinum,0,0
C80686,Donna,Harris,donna.harris649@gmail.com,IN,N/A,Verified,Low,493,38696,68699.38,2021-03-26,Standard,0,0
C36365,Donald,Thompson,donald.thompson880@icloud.com,IN,N/A,Verified,Medium,518,215652,61781.17,2019-11-11,Platinum,0,0
C50857,Richard,Chen,richard.chen10@fintechmail.io,IN,N/A,Rejected,High,737,53775,15516.87,2020-10-02,Gold,1,0
C62296,Amara,Martinez,amara.martinez671@icloud.com,CA,N/A,Verified,Medium,510,189039,72273.9,2019-12-07,Gold,0,0
C98039,Liam,Torres,liam.torres459@outlook.com,GB,N/A,Pending,Critical,772,100697,50679.62,2024-03-05,Gold,0,0
C95180,Ashley,Torres,ashley.torres156@outlook.com,FR,N/A,Pending,Medium,816,300088,53413.56,2021-04-10,Gold,0,0
C58944,John,Torres,john.torres52@proton.me,US,NY,Under Review,Medium,744,245881,65665.59,2022-12-03,Gold,0,0
C67422,Sofia,Smith,sofia.smith162@fintechmail.io,US,NJ,Verified,Low,611,107599,4292.15,2020-01-06,Silver,0,0
C77839,Emma,Young,emma.young711@icloud.com,SG,N/A,Verified,Critical,515,44978,9763.46,2022-04-18,Platinum,0,0
C69177,Nancy,Torres,nancy.torres43@outlook.com,CA,N/A,Verified,Low,740,256687,74083.52,2023-03-06,Gold,1,0
C25860,Daniel,Taylor,daniel.taylor541@outlook.com,SG,N/A,Rejected,Critical,658,186518,66500.75,2019-08-04,Standard,0,0
C42493,David,Flores,david.flores788@outlook.com,US,MI,Under Review,Critical,560,26734,9250.89,2024-04-01,Standard,0,0
C39451,Michael,Wright,michael.wright304@yahoo.com,IN,N/A,Verified,High,441,213844,52490.33,2021-05-14,Silver,0,0
C18392,Ashley,Smith,ashley.smith725@gmail.com,US,MA,Under Review,Medium,791,48632,58994.3,2019-11-28,VIP,1,0
C54313,Jennifer,Moore,jennifer.moore467@yahoo.com,US,NJ,Rejected,Medium,735,154329,11207.14,2023-01-23,Standard,0,0
C12757,Wei,Dubois,wei.dubois693@proton.me,US,CA,Rejected,Critical,461,156270,8915.53,2024-09-18,Silver,0,0
C87110,Donna,Silva,donna.silva956@fintechmail.io,US,VA,Pending,High,360,24169,69701.11,2024-04-14,Platinum,0,0
C82603,Christopher,Brown,christopher.brown112@fintechmail.io,CA,N/A,Under Review,Medium,842,57854,35665.88,2024-02-12,Gold,0,0
C40161,Charles,Young,charles.young183@outlook.com,IN,N/A,Rejected,High,505,201824,9542.85,2019-07-19,Gold,1,0
C87128,Robert,Gonzalez,robert.gonzalez869@fintechmail.io,SG,N/A,Verified,Medium,807,184253,72123.26,2020-08-10,VIP,1,0
C38864,Mateo,Tanaka,mateo.tanaka953@yahoo.com,FR,N/A,Pending,High,525,83790,63012.45,2022-01-23,Platinum,1,0
C10942,Michelle,Tanaka,michelle.tanaka905@outlook.com,GB,N/A,Verified,Medium,738,141657,60461.81,2020-11-11,Standard,0,0
C19305,Mary,Chen,mary.chen678@yahoo.com,DE,N/A,Verified,Low,368,66759,37848.07,2020-04-08,Gold,0,0
C92719,Priya,Johnson,priya.johnson839@outlook.com,AU,N/A,Verified,Critical,561,281181,38588.04,2021-03-28,Silver,1,0
C17716,Jessica,Muller,jessica.muller413@fintechmail.io,SG,N/A,Pending,Low,695,153720,8434.62,2022-05-05,Gold,0,0
C40007,Sarah,Tanaka,sarah.tanaka78@fintechmail.io,US,MI,Rejected,Medium,640,185949,38588.47,2023-04-10,Standard,0,0
C18834,Wei,Clark,wei.clark299@gmail.com,US,TX,Under Review,Low,657,276720,11517.37,2020-02-03,Platinum,1,0
C14117,Paul,Harris,paul.harris304@icloud.com,US,VA,Verified,Medium,482,304344,60315.53,2023-12-02,Silver,1,0
C53309,Wei,Flores,wei.flores474@gmail.com,SG,N/A,Under Review,Medium,823,297882,62984.39,2021-11-02,Standard,0,0
C19287,Robert,Clark,robert.clark849@fintechmail.io,GB,N/A,Verified,Critical,634,41802,26582.2,2021-07-01,VIP,1,0
C77391,Thomas,Torres,thomas.torres450@gmail.com,DE,N/A,Rejected,Low,622,23266,29934.44,2020-01-14,Silver,0,0
C41195,Betty,Martin,betty.martin750@fintechmail.io,US,NJ,Verified,Low,450,300996,66377.0,2021-01-25,Platinum,0,0
C46500,Carlos,Perez,carlos.perez400@proton.me,AU,N/A,Verified,Medium,592,241704,34621.38,2021-04-23,VIP,1,0
C97684,Aarav,Silva,aarav.silva130@fintechmail.io,GB,N/A,Pending,Critical,663,191487,37025.4,2022-11-21,Gold,1,0
C73624,Liam,Jones,liam.jones817@icloud.com,GB,N/A,Pending,Low,520,260864,22273.18,2022-09-13,Silver,1,0
C38080,Linda,Miller,linda.miller191@gmail.com,DE,N/A,Pending,Low,427,163912,13693.55,2020-03-25,Platinum,0,0
C80678,Wei,Hill,wei.hill69@gmail.com,AU,N/A,Rejected,Low,587,163647,23408.69,2021-02-14,Gold,0,0
C27342,Amara,Dubois,amara.dubois815@outlook.com,AU,N/A,Verified,Medium,745,125639,53459.98,2022-06-03,Gold,0,0
C84847,John,Perez,john.perez907@outlook.com,IN,N/A,Verified,Low,427,63962,18362.26,2020-07-25,Standard,1,0
C85525,Aarav,Rossi,aarav.rossi980@proton.me,US,PA,Verified,Critical,734,139954,57298.32,2024-01-16,Silver,0,0
C71953,Wei,Tanaka,wei.tanaka478@proton.me,IN,N/A,Rejected,Critical,661,151888,46925.06,2024-10-23,VIP,0,0
C41850,Betty,Sanchez,betty.sanchez648@outlook.com,SG,N/A,Pending,High,666,109099,52894.6,2023-01-14,Platinum,0,0
C71993,Betty,White,betty.white981@outlook.com,FR,N/A,Verified,High,520,266942,28051.58,2022-12-06,Platinum,0,0
C63354,Ashley,Robinson,ashley.robinson964@proton.me,US,GA,Pending,Medium,437,292220,57181.56,2023-01-17,Standard,0,0
C34957,Amara,Lewis,amara.lewis379@icloud.com,US,FL,Verified,Low,360,88928,10862.21,2022-09-18,Standard,1,0
C22363,Sarah,Johnson,sarah.johnson865@fintechmail.io,DE,N/A,Verified,Medium,738,310725,18106.3,2021-04-22,Gold,0,0
C22704,Patricia,Scott,patricia.scott938@fintechmail.io,SG,N/A,Verified,Medium,775,263367,70735.61,2022-03-30,Gold,1,0
C96374,Liam,Flores,liam.flores303@outlook.com,SG,N/A,Pending,Medium,593,93028,18190.72,2023-08-09,Gold,1,0
C66498,William,Jackson,william.jackson139@yahoo.com,DE,N/A,Rejected,Medium,519,139868,71443.61,2019-08-05,Gold,0,0
C56438,Charles,Thomas,charles.thomas538@yahoo.com,GB,N/A,Pending,Medium,549,93040,70210.28,2019-09-16,VIP,0,0
C65519,Patricia,Rossi,patricia.rossi861@fintechmail.io,SG,N/A,Pending,Medium,678,222772,66336.54,2024-01-07,Silver,1,0
C63883,Daniel,Anderson,daniel.anderson843@gmail.com,DE,N/A,Rejected,Critical,469,279830,36554.07,2022-05-29,Gold,0,0
C71213,Liam,Clark,liam.clark716@proton.me,SG,N/A,Under Review,High,462,184114,15134.39,2021-09-01,VIP,0,0
C17100,Michael,Tanaka,michael.tanaka323@yahoo.com,GB,N/A,Pending,Low,560,170688,63297.96,2021-08-03,Standard,0,0
C98259,Nancy,Scott,nancy.scott462@yahoo.com,GB,N/A,Pending,Medium,597,94682,4370.35,2021-11-25,Silver,0,0
C95649,Donald,Chen,donald.chen602@yahoo.com,DE,N/A,Under Review,Low,448,117888,38757.91,2023-04-26,Standard,0,0
C94696,Michelle,Dubois,michelle.dubois429@proton.me,FR,N/A,Verified,High,631,61716,22801.11,2022-11-20,Gold,0,0
C22899,Sandra,Thomas,sandra.thomas518@yahoo.com,DE,N/A,Verified,Low,766,52386,16412.83,2020-05-10,Platinum,1,0
C17944,Mark,Miller,mark.miller900@fintechmail.io,IN,N/A,Rejected,Low,719,93193,43647.62,2022-11-29,Gold,0,0
C62772,Barbara,Moore,barbara.moore644@fintechmail.io,IN,N/A,Verified,Low,843,174630,12838.61,2022-12-09,VIP,0,0
C54473,Sandra,Ramirez,sandra.ramirez937@gmail.com,GB,N/A,Verified,Critical,527,36593,70095.39,2020-03-20,Silver,0,0
C24322,Christopher,Lopez,christopher.lopez772@outlook.com,GB,N/A,Pending,Low,637,129528,13458.73,2023-07-23,Gold,0,0
C42591,Aarav,Flores,aarav.flores620@yahoo.com,IN,N/A,Verified,Critical,713,127258,45803.39,2024-03-28,Standard,0,0
C35112,James,King,james.king959@outlook.com,US,MI,Under Review,Low,455,71421,48322.62,2021-06-29,Platinum,1,0
C34931,Michael,Ramirez,michael.ramirez247@proton.me,US,IL,Verified,Low,634,194474,30240.58,2023-04-24,Standard,1,0
C80292,Wei,Perez,wei.perez593@gmail.com,CA,N/A,Verified,High,704,33758,17226.72,2020-08-28,Platinum,0,0
C68800,Joshua,Sanchez,joshua.sanchez153@outlook.com,US,OH,Verified,Medium,596,217180,55220.62,2022-12-05,Gold,0,0
C28373,Anthony,Rodriguez,anthony.rodriguez796@icloud.com,DE,N/A,Rejected,Low,835,81605,74410.15,2021-08-07,Platinum,0,0
C65296,John,Silva,john.silva957@icloud.com,US,PA,Verified,Critical,793,112166,15580.64,2024-02-14,Platinum,0,0
C34050,Joshua,Patel,joshua.patel166@proton.me,DE,N/A,Verified,Medium,634,269475,27622.83,2024-07-15,Platinum,1,0
C46509,Robert,Taylor,robert.taylor234@proton.me,DE,N/A,Under Review,High,593,26507,5221.2,2020-09-15,VIP,1,0
C70637,Yuki,Brown,yuki.brown837@fintechmail.io,FR,N/A,Verified,High,472,111900,24742.01,2020-05-09,Platinum,0,0
C42742,Barbara,Gonzalez,barbara.gonzalez327@outlook.com,FR,N/A,Verified,Medium,358,170837,50410.85,2022-07-31,Gold,0,0
C19880,Robert,Torres,robert.torres267@icloud.com,DE,N/A,Verified,Medium,404,57456,54697.48,2023-09-25,Platinum,1,0
C68082,James,Ramirez,james.ramirez451@gmail.com,DE,N/A,Pending,Low,727,173420,8709.39,2022-01-19,Platinum,0,0
C82132,Wei,Hernandez,wei.hernandez235@yahoo.com,DE,N/A,Verified,Medium,657,44487,25674.76,2021-04-27,Standard,0,0
C22833,Betty,Davis,betty.davis119@outlook.com,GB,N/A,Rejected,Medium,486,281075,39719.03,2021-09-19,VIP,0,0
C16630,Margaret,Miller,margaret.miller405@outlook.com,CA,N/A,Verified,Medium,821,277424,29241.77,2020-08-20,Silver,0,0
C95477,Jennifer,Gonzalez,jennifer.gonzalez764@proton.me,CA,N/A,Verified,Medium,662,203767,65004.53,2024-07-08,Platinum,0,0
C80855,Mateo,Robinson,mateo.robinson292@gmail.com,AU,N/A,Pending,High,480,61771,72662.6,2023-11-03,Standard,0,0
C11934,Charles,Jones,charles.jones675@proton.me,DE,N/A,Under Review,Medium,844,87244,55097.56,2021-08-23,VIP,0,0
C22224,David,Sanchez,david.sanchez981@proton.me,IN,N/A,Verified,Critical,383,55874,54132.63,2021-02-04,Silver,0,0
C40982,Carlos,Lee,carlos.lee527@proton.me,IN,N/A,Verified,Medium,645,169952,35933.32,2024-07-09,Platinum,1,0
C31798,Linda,Chen,linda.chen631@icloud.com,US,OH,Rejected,Low,657,59457,42357.01,2021-02-19,Platinum,1,0
C63269,Christopher,Flores,christopher.flores909@gmail.com,AU,N/A,Rejected,Low,702,191906,73199.4,2020-12-27,Standard,0,0
C73653,Elizabeth,Patel,elizabeth.patel442@gmail.com,AU,N/A,Verified,Low,714,230224,45271.0,2022-02-15,Gold,1,0
C73092,Aarav,Anderson,aarav.anderson184@yahoo.com,FR,N/A,Under Review,Medium,707,185752,68413.49,2022-11-26,Silver,0,0
C38016,Mark,Robinson,mark.robinson665@yahoo.com,SG,N/A,Verified,Critical,404,168830,69118.07,2022-04-07,VIP,1,0
C62565,Sofia,Wright,sofia.wright44@yahoo.com,FR,N/A,Verified,Medium,605,297138,50914.92,2024-06-04,Gold,0,0
C17685,Matthew,Sanchez,matthew.sanchez429@gmail.com,SG,N/A,Pending,Low,451,125343,70933.37,2024-11-29,Gold,0,0
C31579,Mateo,Brown,mateo.brown913@fintechmail.io,FR,N/A,Pending,Medium,505,169906,30809.5,2023-05-31,Platinum,0,0
C59672,Karen,Nguyen,karen.nguyen795@gmail.com,US,AZ,Rejected,Low,689,82895,67065.5,2024-05-23,Standard,0,0
C10282,Steven,Walker,steven.walker556@gmail.com,FR,N/A,Under Review,Low,653,214321,61037.43,2019-11-13,Standard,1,0
C61173,Amara,Sanchez,amara.sanchez875@proton.me,US,NC,Verified,Critical,621,67946,61250.27,2019-07-21,Gold,1,0
C44760,Matthew,Chen,matthew.chen530@yahoo.com,US,CA,Verified,Low,424,166508,45733.24,2023-06-13,Standard,0,0
C69638,Michelle,Silva,michelle.silva128@icloud.com,US,MA,Rejected,Low,604,58507,37840.53,2024-11-03,Platinum,0,0
C47388,Lisa,Johnson,lisa.johnson667@proton.me,DE,N/A,Verified,Medium,551,213067,3252.85,2024-08-13,Standard,0,0
C65444,Amara,Rodriguez,amara.rodriguez223@yahoo.com,SG,N/A,Under Review,High,720,310573,67267.89,2020-11-11,Gold,1,0
C82845,Donald,Jones,donald.jones818@fintechmail.io,US,IL,Verified,Critical,665,186339,9867.64,2021-01-26,Platinum,0,0
C96752,Jennifer,Miller,jennifer.miller475@icloud.com,GB,N/A,Pending,Medium,465,29928,21033.02,2024-03-06,Gold,0,0
C73788,Joshua,Kim,joshua.kim251@fintechmail.io,GB,N/A,Under Review,Low,821,251256,20729.42,2020-06-19,VIP,0,0
C30289,Priya,Miller,priya.miller716@outlook.com,FR,N/A,Pending,High,454,240296,44403.8,2022-01-22,Gold,0,0
C34890,Andrew,Thompson,andrew.thompson74@proton.me,US,CA,Pending,Medium,551,141769,32760.08,2024-03-03,VIP,1,0
C48890,Wei,Walker,wei.walker250@yahoo.com,GB,N/A,Pending,Medium,615,122896,72977.7,2019-08-19,Platinum,0,0
C38534,Elizabeth,Ramirez,elizabeth.ramirez725@outlook.com,SG,N/A,Pending,Medium,667,104458,43496.42,2020-12-13,Silver,0,0
C17665,Anthony,Scott,anthony.scott123@gmail.com,IN,N/A,Rejected,High,393,57147,60901.99,2021-05-07,VIP,1,0
C85914,Barbara,Thompson,barbara.thompson844@fintechmail.io,US,VA,Under Review,Low,766,281368,38075.69,2019-12-08,Silver,0,0
C81066,Mateo,Silva,mateo.silva699@fintechmail.io,US,WA,Verified,Medium,533,86317,36586.29,2023-02-08,Standard,0,0
C17989,Donna,Allen,donna.allen761@yahoo.com,US,GA,Rejected,Critical,583,161245,52363.97,2024-07-27,VIP,1,0
C51104,Margaret,White,margaret.white693@icloud.com,GB,N/A,Verified,High,640,120516,37473.2,2021-01-11,Gold,0,0
C17492,Joseph,Martin,joseph.martin328@icloud.com,DE,N/A,Verified,Medium,553,183993,17999.2,2020-09-10,Standard,0,1
C16572,Elizabeth,Patel,elizabeth.patel819@fintechmail.io,FR,N/A,Rejected,Medium,555,232344,48821.16,2024-05-01,Standard,0,0
C86569,Anthony,Johnson,anthony.johnson732@gmail.com,US,TX,Rejected,Low,431,297726,22295.75,2020-11-16,Silver,0,0
C72493,Richard,Thomas,richard.thomas755@fintechmail.io,IN,N/A,Rejected,High,572,78488,68088.46,2024-07-03,Platinum,1,0
C75909,Aarav,Harris,aarav.harris204@icloud.com,IN,N/A,Rejected,Medium,720,228726,37223.56,2024-07-18,Platinum,0,0
C79615,Donna,Walker,donna.walker845@proton.me,US,AZ,Under Review,Medium,415,155634,6248.6,2024-05-01,Platinum,0,0
C30635,James,Gonzalez,james.gonzalez507@outlook.com,US,MA,Pending,Low,680,288249,20647.16,2019-07-23,Gold,0,0
C17455,Charles,Martin,charles.martin30@proton.me,US,NJ,Verified,Medium,764,96785,46286.08,2024-09-01,VIP,0,0
C76562,Wei,Rodriguez,wei.rodriguez392@fintechmail.io,DE,N/A,Pending,Low,452,137481,52310.98,2024-03-01,Silver,0,0
C20500,Joseph,King,joseph.king169@yahoo.com,US,GA,Under Review,High,811,241690,17404.75,2021-01-18,Gold,1,0
C34356,Linda,Wright,linda.wright636@proton.me,SG,N/A,Verified,Medium,550,91577,59265.76,2024-04-08,Platinum,0,0
C18981,Nancy,Torres,nancy.torres439@gmail.com,IN,N/A,Rejected,Critical,718,183517,33461.51,2020-07-14,Standard,0,0
C87992,Joseph,Rodriguez,joseph.rodriguez866@outlook.com,IN,N/A,Under Review,Low,518,231731,43035.96,2024-04-02,Platinum,1,1
C18907,Mateo,Perez,mateo.perez967@outlook.com,GB,N/A,Verified,Medium,605,90878,7921.82,2021-07-05,VIP,0,1
C98501,Yuki,Perez,yuki.perez243@gmail.com,SG,N/A,Rejected,Medium,495,61408,68680.72,2021-04-22,Platinum,1,0
C40828,Mary,King,mary.king814@yahoo.com,FR,N/A,Verified,Critical,829,77643,26283.24,2021-04-11,Silver,0,0
C62923,Ashley,Young,ashley.young606@gmail.com,CA,N/A,Under Review,Critical,618,182751,35245.06,2021-11-13,Platinum,1,0
C25713,Joshua,Anderson,joshua.anderson184@outlook.com,US,CA,Under Review,High,837,233192,73207.48,2020-08-08,Platinum,0,0
C84668,Sarah,Sanchez,sarah.sanchez168@gmail.com,US,IL,Verified,High,525,180718,55532.6,2024-09-15,Platinum,1,0
C42271,Emily,Thomas,emily.thomas508@gmail.com,GB,N/A,Verified,High,450,247074,29473.13,2022-05-23,Platinum,0,0
C85880,Aarav,Miller,aarav.miller926@fintechmail.io,CA,N/A,Rejected,Critical,533,58267,25867.08,2022-04-08,Gold,0,0
C87924,Charles,Harris,charles.harris519@outlook.com,DE,N/A,Pending,Medium,376,170673,38896.52,2023-12-12,Gold,0,0
C15209,James,Flores,james.flores894@icloud.com,DE,N/A,Verified,Low,558,233001,59445.96,2021-04-15,Standard,0,0
C91183,Thomas,Scott,thomas.scott77@proton.me,GB,N/A,Under Review,High,798,107089,23354.98,2021-11-22,VIP,0,0
C20745,James,Smith,james.smith495@gmail.com,IN,N/A,Pending,Low,516,47509,1102.33,2023-06-25,Platinum,1,0
C64948,Lisa,Thomas,lisa.thomas286@outlook.com,US,NY,Verified,High,623,269553,3338.3,2022-06-27,Gold,0,0
C96163,Emily,Muller,emily.muller187@outlook.com,AU,N/A,Verified,Medium,462,101631,57489.63,2022-04-12,Standard,0,0
C86503,John,Lee,john.lee634@gmail.com,GB,N/A,Rejected,Critical,384,253339,16671.94,2023-10-16,Standard,0,0
C84085,Donna,Brown,donna.brown33@yahoo.com,GB,N/A,Rejected,Critical,424,23518,72867.87,2022-09-03,Standard,0,0
C78522,Aarav,Lee,aarav.lee334@yahoo.com,AU,N/A,Under Review,Medium,388,81753,65220.75,2020-08-22,Standard,0,0
C51467,Kimberly,Flores,kimberly.flores408@yahoo.com,CA,N/A,Pending,Low,574,42297,19537.7,2021-01-09,Standard,0,0
C44179,Matthew,Harris,matthew.harris72@yahoo.com,US,FL,Verified,Critical,369,275174,18905.47,2021-11-03,Gold,0,0
C36772,Nancy,Tanaka,nancy.tanaka287@fintechmail.io,SG,N/A,Rejected,Critical,634,189504,49736.13,2024-02-25,Gold,0,0
C97782,Margaret,Robinson,margaret.robinson159@gmail.com,FR,N/A,Verified,Low,656,100081,49765.56,2022-06-03,Silver,0,0
C51180,Sofia,Nguyen,sofia.nguyen198@yahoo.com,US,PA,Verified,High,613,183406,63640.66,2023-08-21,Standard,0,0
C41285,John,Smith,john.smith143@outlook.com,SG,N/A,Verified,Medium,830,43216,10669.02,2024-05-28,Gold,0,0
C44814,Sofia,Ramirez,sofia.ramirez364@gmail.com,US,MI,Verified,Low,458,130388,14390.94,2022-04-06,Gold,1,0
C61876,Patricia,Nguyen,patricia.nguyen395@icloud.com,US,VA,Verified,Critical,836,147534,34663.27,2023-06-05,Silver,1,0
C27154,Aarav,Hernandez,aarav.hernandez742@icloud.com,CA,N/A,Rejected,Medium,368,193476,39080.38,2023-08-10,Standard,1,0
C94607,John,Clark,john.clark509@proton.me,SG,N/A,Pending,Low,698,176423,44887.61,2021-05-16,Standard,1,0
C49321,William,Sanchez,william.sanchez694@gmail.com,DE,N/A,Verified,Critical,486,133000,62574.3,2022-03-19,VIP,0,0
C69929,John,Harris,john.harris99@fintechmail.io,SG,N/A,Verified,Low,393,112321,29480.11,2020-07-25,VIP,1,0
C51441,Barbara,Muller,barbara.muller729@yahoo.com,FR,N/A,Pending,Critical,485,94121,72105.7,2022-10-28,Gold,0,0
C19508,Mark,Sharma,mark.sharma121@icloud.com,GB,N/A,Under Review,High,394,63401,67134.19,2023-06-27,Platinum,0,0
C11220,Betty,Thompson,betty.thompson839@fintechmail.io,AU,N/A,Verified,Medium,588,264221,17879.24,2023-07-29,Platinum,0,0
C70068,Joshua,Chen,joshua.chen675@outlook.com,SG,N/A,Pending,Low,849,41428,35889.25,2021-11-29,VIP,0,0
C91416,Robert,Wright,robert.wright559@gmail.com,US,MA,Pending,Medium,631,144106,32197.02,2024-04-27,Platinum,0,0
C83792,Steven,Martin,steven.martin314@yahoo.com,US,NC,Under Review,Low,783,137012,33861.42,2022-06-28,VIP,0,0
C23104,Anthony,Tanaka,anthony.tanaka482@fintechmail.io,CA,N/A,Pending,High,658,191530,64359.8,2024-06-15,Platinum,1,0
C19602,Wei,Moore,wei.moore265@fintechmail.io,DE,N/A,Verified,Medium,848,79473,38166.93,2021-01-17,Standard,0,0
C80468,Liam,Martin,liam.martin776@icloud.com,GB,N/A,Under Review,Medium,515,94850,37513.89,2024-02-05,Standard,0,0
C37938,Amara,Hernandez,amara.hernandez846@icloud.com,CA,N/A,Verified,Low,818,217500,52607.7,2021-05-27,Standard,0,0
C76307,Christopher,Johnson,christopher.johnson375@proton.me,FR,N/A,Under Review,Low,798,61404,45002.3,2023-08-16,Silver,0,0
C27361,Kimberly,Wright,kimberly.wright890@proton.me,US,WA,Verified,Medium,658,149563,59743.14,2021-02-23,Platinum,1,0
C55745,Elizabeth,Thompson,elizabeth.thompson43@outlook.com,US,MA,Under Review,Low,762,311175,2192.59,2023-06-04,Platinum,0,0
C19016,Carlos,Robinson,carlos.robinson577@gmail.com,IN,N/A,Verified,High,510,196071,34950.09,2023-07-07,Standard,0,0
C42018,Priya,Hill,priya.hill291@yahoo.com,GB,N/A,Verified,Medium,721,216135,21185.77,2022-09-04,Platinum,0,0
C58434,Sandra,Jackson,sandra.jackson374@fintechmail.io,IN,N/A,Rejected,Medium,480,79787,20659.26,2019-12-30,Silver,0,0
C47353,Linda,Hernandez,linda.hernandez428@gmail.com,AU,N/A,Rejected,Low,642,204922,4838.09,2022-07-23,VIP,0,0
C30676,Emily,Jackson,emily.jackson392@fintechmail.io,IN,N/A,Verified,Medium,523,68716,25864.22,2022-03-07,Gold,0,0
C67433,David,Wilson,david.wilson665@proton.me,SG,N/A,Under Review,Medium,379,220250,62939.33,2020-03-29,Gold,0,1
C81200,Mateo,Flores,mateo.flores213@gmail.com,SG,N/A,Verified,High,639,195343,37841.7,2022-02-11,Silver,0,0
C49651,Aarav,Thomas,aarav.thomas315@outlook.com,SG,N/A,Pending,Medium,455,271126,74228.17,2022-06-05,VIP,0,0
C90173,Richard,Moore,richard.moore581@fintechmail.io,FR,N/A,Pending,Medium,766,231196,63085.43,2022-08-24,Platinum,1,0
C95717,Priya,Rodriguez,priya.rodriguez324@fintechmail.io,IN,N/A,Under Review,Medium,599,280502,40461.18,2022-10-23,Standard,1,0
C79329,Priya,Jones,priya.jones316@icloud.com,US,TX,Rejected,Low,439,102978,20182.57,2019-11-13,Gold,0,0
C11025,Daniel,Martin,daniel.martin654@gmail.com,AU,N/A,Verified,Low,685,197316,15788.56,2021-09-16,Gold,1,0
C97538,Daniel,Walker,daniel.walker39@outlook.com,DE,N/A,Verified,Low,651,78386,39679.07,2019-10-24,VIP,0,0
C82692,Liam,Lewis,liam.lewis887@proton.me,GB,N/A,Under Review,Critical,696,60120,21821.26,2020-05-08,Silver,0,0
C49240,Yuki,Allen,yuki.allen61@fintechmail.io,IN,N/A,Verified,Critical,549,172321,12102.9,2023-08-27,Standard,0,0
C96951,Elizabeth,Wilson,elizabeth.wilson275@gmail.com,FR,N/A,Verified,Medium,479,57548,42027.82,2022-12-29,VIP,0,0
C23577,Jessica,Tanaka,jessica.tanaka848@icloud.com,US,NC,Verified,Low,362,78384,59318.73,2021-12-30,VIP,0,0
C27601,Mary,Harris,mary.harris831@gmail.com,US,NY,Rejected,High,477,115395,38344.97,2022-08-02,Gold,0,0
C44664,Yuki,Miller,yuki.miller203@proton.me,US,OH,Verified,Low,664,301568,62762.32,2020-01-13,Platinum,0,0
C25129,Andrew,Hernandez,andrew.hernandez190@gmail.com,IN,N/A,Verified,Critical,621,41517,4747.07,2022-07-13,Platinum,0,0
C24029,Ashley,Muller,ashley.muller104@fintechmail.io,FR,N/A,Pending,Critical,826,186697,2371.75,2020-01-02,Gold,1,0
C30374,Steven,Torres,steven.torres495@outlook.com,GB,N/A,Rejected,Low,433,188047,29510.4,2023-03-08,VIP,0,0
C45697,Margaret,Martinez,margaret.martinez832@outlook.com,GB,N/A,Verified,Critical,841,126927,3231.94,2020-09-09,Gold,1,1
C46930,Kimberly,Tanaka,kimberly.tanaka964@icloud.com,DE,N/A,Verified,High,377,318831,40863.79,2023-08-18,Silver,1,0
C89276,Lisa,Rossi,lisa.rossi196@outlook.com,US,TX,Rejected,Low,834,247447,37911.71,2020-05-05,Platinum,1,0
C37607,Lisa,Hernandez,lisa.hernandez560@icloud.com,SG,N/A,Verified,Low,624,274305,62744.6,2020-10-31,VIP,0,0
C54942,Paul,Flores,paul.flores76@proton.me,US,IL,Rejected,Medium,557,71002,8154.29,2023-01-26,Gold,1,0
C36685,Jessica,Scott,jessica.scott935@outlook.com,US,IL,Verified,Medium,617,153630,48829.0,2019-07-20,Standard,0,0
C93130,Donna,Wright,donna.wright239@gmail.com,IN,N/A,Under Review,Low,754,277420,67839.02,2024-04-27,Standard,0,0
C44600,Elizabeth,Ramirez,elizabeth.ramirez747@fintechmail.io,AU,N/A,Pending,Medium,489,95920,40155.53,2022-12-12,VIP,0,0
C76244,Ashley,Perez,ashley.perez602@fintechmail.io,FR,N/A,Verified,Medium,395,66635,17450.39,2023-11-04,Gold,0,0
C74032,Anthony,Young,anthony.young302@fintechmail.io,IN,N/A,Under Review,Medium,706,134065,4288.06,2020-10-19,Gold,0,0
C42914,Robert,White,robert.white980@outlook.com,US,CA,Pending,Critical,796,310124,39971.26,2024-03-31,Platinum,1,0
C16658,Christopher,Dubois,christopher.dubois672@fintechmail.io,DE,N/A,Verified,Low,792,204575,13946.95,2023-08-07,Silver,0,0
C22097,Mateo,Miller,mateo.miller681@yahoo.com,DE,N/A,Under Review,High,387,65421,54932.89,2024-01-10,VIP,0,0
C93136,Yuki,Robinson,yuki.robinson924@fintechmail.io,AU,N/A,Verified,High,746,226712,16267.06,2021-10-13,Gold,1,0
C65518,Linda,King,linda.king75@fintechmail.io,SG,N/A,Verified,Medium,496,34215,74431.61,2022-11-29,Silver,0,0
C46265,Aarav,Gonzalez,aarav.gonzalez601@fintechmail.io,US,GA,Rejected,Medium,488,222370,17549.58,2023-11-01,Gold,0,0
C15778,Nancy,Gonzalez,nancy.gonzalez135@proton.me,SG,N/A,Verified,Medium,468,274829,68372.35,2023-07-03,Silver,0,0
C10464,Donna,Johnson,donna.johnson829@proton.me,DE,N/A,Rejected,Low,400,73933,33815.45,2021-03-21,Silver,0,0
C53719,Yuki,Walker,yuki.walker348@proton.me,US,IL,Rejected,Medium,810,51512,25119.47,2021-04-12,Silver,0,0
C27146,William,Rodriguez,william.rodriguez459@yahoo.com,IN,N/A,Pending,Low,675,106139,53317.14,2024-06-26,Gold,0,0
C93507,Mark,Flores,mark.flores750@proton.me,US,MA,Under Review,Low,696,44944,18030.14,2020-11-22,VIP,0,0
C44335,Jennifer,Lopez,jennifer.lopez309@yahoo.com,US,AZ,Under Review,Medium,463,269563,47090.93,2021-01-29,VIP,1,0
C31178,Ashley,Ramirez,ashley.ramirez297@icloud.com,FR,N/A,Verified,Medium,577,69978,58991.58,2022-01-12,Standard,0,0
C67912,Emma,Ramirez,emma.ramirez91@icloud.com,US,NC,Verified,Critical,612,67896,623.34,2020-08-04,Standard,0,0
C82309,Sandra,Martin,sandra.martin99@fintechmail.io,US,IL,Rejected,High,477,37343,71894.49,2024-04-27,Standard,0,0
C66057,Joseph,Muller,joseph.muller519@fintechmail.io,CA,N/A,Rejected,Medium,357,106099,50772.27,2024-09-22,Silver,0,0
C83519,Christopher,Miller,christopher.miller35@icloud.com,SG,N/A,Under Review,Medium,399,99118,3093.43,2019-07-18,Gold,0,0
C11267,Sandra,Hernandez,sandra.hernandez578@proton.me,US,OH,Verified,Low,740,310717,63149.74,2023-05-09,Silver,0,0
C24663,Matthew,Nguyen,matthew.nguyen389@yahoo.com,US,GA,Verified,High,423,175515,11190.06,2022-08-07,VIP,0,0
C19862,Jessica,Ramirez,jessica.ramirez12@yahoo.com,US,AZ,Pending,Medium,618,312604,50374.21,2020-03-09,Platinum,0,0
C29536,Elizabeth,Jackson,elizabeth.jackson839@gmail.com,US,GA,Under Review,Medium,725,148830,15017.53,2024-05-09,Gold,0,0
C81511,Wei,Moore,wei.moore691@gmail.com,US,NC,Verified,Medium,607,194531,40594.24,2022-11-08,Silver,0,0
C14722,Wei,Gonzalez,wei.gonzalez35@outlook.com,AU,N/A,Under Review,Low,448,304026,33878.66,2021-04-19,Gold,0,0
C58393,Margaret,Nguyen,margaret.nguyen907@gmail.com,CA,N/A,Verified,Medium,,118510,4766.57,2021-02-06,Platinum,0,0
C86350,Michael,Smith,michael.smith879@fintechmail.io,AU,N/A,Verified,High,554,157972,31325.18,2021-08-01,Standard,0,0
C82420,Matthew,Walker,matthew.walker236@outlook.com,US,NY,Under Review,Medium,801,184215,48550.31,2024-03-03,VIP,1,0
C29410,Sarah,Gonzalez,sarah.gonzalez309@outlook.com,IN,N/A,Verified,Low,377,185822,20158.33,2022-05-17,Platinum,0,0
C66333,David,Martinez,david.martinez266@icloud.com,US,PA,Rejected,Medium,649,277698,12480.49,2024-07-20,Gold,0,1
C26704,Michelle,Lewis,michelle.lewis994@outlook.com,AU,N/A,Rejected,Medium,436,238184,54630.07,2023-06-19,Standard,0,0
C15482,Thomas,Young,thomas.young122@proton.me,GB,N/A,Verified,Low,568,72484,44920.36,2021-08-14,VIP,0,0
C50404,Donald,Anderson,donald.anderson550@yahoo.com,FR,N/A,Pending,Critical,775,202339,48528.0,2024-05-31,VIP,0,0
C57795,Aarav,Silva,aarav.silva756@icloud.com,US,FL,Verified,Low,389,298567,15757.43,2021-10-09,Silver,1,0
C15229,Joshua,Muller,joshua.muller87@gmail.com,US,PA,Verified,Low,518,100965,33138.9,2023-01-11,Standard,0,0
C56898,Charles,Moore,charles.moore760@yahoo.com,US,AZ,Verified,Critical,619,241261,1432.74,2020-03-19,Gold,0,0
C37535,Barbara,Kim,barbara.kim709@outlook.com,US,NC,Under Review,Low,632,285304,58165.06,2021-03-06,Gold,1,0
C99399,James,Scott,james.scott446@gmail.com,US,FL,Verified,Medium,477,312688,41476.07,2023-07-18,Platinum,0,0
C42706,Priya,Chen,priya.chen672@fintechmail.io,US,CA,Under Review,Low,657,151936,10739.45,2023-12-01,Silver,1,0
C97416,Jennifer,Clark,jennifer.clark726@icloud.com,US,MI,Pending,Critical,403,45606,53012.46,2021-11-16,Gold,0,0
C23473,William,Moore,william.moore210@yahoo.com,IN,N/A,Verified,Medium,550,268315,53449.25,2020-04-27,VIP,1,0
C56357,Andrew,Wright,andrew.wright180@icloud.com,CA,N/A,Verified,Low,393,163837,73525.24,2020-02-03,Gold,0,0
C83385,Betty,Young,betty.young982@proton.me,AU,N/A,Verified,High,687,160630,47141.65,2022-11-11,VIP,0,0
C63264,Margaret,Scott,margaret.scott183@outlook.com,SG,N/A,Verified,Medium,436,288808,29052.73,2021-12-15,Gold,0,0
C91351,Karen,Kim,karen.kim892@outlook.com,CA,N/A,Under Review,Low,372,277224,24829.78,2020-07-27,Silver,0,0
C30257,Ashley,Muller,ashley.muller433@proton.me,FR,N/A,Rejected,Low,602,113675,41052.58,2019-07-20,Standard,1,0
C41029,Thomas,Sanchez,thomas.sanchez61@icloud.com,IN,N/A,Rejected,High,355,105506,45451.74,2024-09-22,Standard,0,0
C31299,Sarah,Allen,sarah.allen115@outlook.com,IN,N/A,Rejected,High,544,138059,52957.57,2022-11-19,Gold,0,0
C33206,Steven,Martin,steven.martin60@icloud.com,US,NC,Rejected,Medium,498,40400,36358.52,2021-12-05,Gold,1,0
C64040,Elizabeth,Rossi,elizabeth.rossi838@gmail.com,IN,N/A,Under Review,Critical,755,85795,54224.92,2024-09-26,Platinum,1,0
C13248,Carlos,Gonzalez,carlos.gonzalez248@proton.me,DE,N/A,Verified,Medium,434,318348,38316.84,2023-07-12,Silver,1,0
C33509,Aarav,Moore,aarav.moore152@proton.me,US,FL,Verified,Low,729,93042,6006.68,2019-09-11,Gold,0,0
C53540,Steven,Torres,steven.torres664@yahoo.com,US,MI,Verified,Medium,427,191955,11505.82,2020-06-11,Gold,0,0
C63964,Ashley,Anderson,ashley.anderson703@fintechmail.io,CA,N/A,Under Review,Critical,602,227398,14032.6,2023-11-15,VIP,0,0
C97806,Thomas,Tanaka,thomas.tanaka650@icloud.com,IN,N/A,Rejected,Low,380,217016,10045.74,2023-05-12,Platinum,0,0
C42527,Jessica,Moore,jessica.moore564@proton.me,DE,N/A,Under Review,Medium,476,38728,8723.43,2019-11-13,VIP,1,0
C44970,Mark,Harris,mark.harris384@outlook.com,US,IL,Verified,Low,416,108249,13396.87,2022-06-29,Platinum,0,0
C30866,Carlos,Thompson,carlos.thompson939@icloud.com,AU,N/A,Rejected,High,811,66306,43766.92,2019-10-22,Gold,0,0
C24168,Nancy,Thomas,nancy.thomas545@proton.me,US,IL,Verified,Medium,607,65886,6100.35,2021-08-23,Standard,1,0
C60140,William,Lee,william.lee242@gmail.com,CA,N/A,Pending,Medium,728,146615,48098.43,2020-02-19,Silver,1,0
C15075,William,Allen,william.allen973@fintechmail.io,US,IL,Verified,Low,413,119947,36995.93,2021-05-01,Gold,0,0
C71694,Karen,White,karen.white958@outlook.com,US,MA,Verified,High,408,108410,36660.85,2020-02-26,Gold,1,0
C39154,Ashley,Muller,ashley.muller250@proton.me,SG,N/A,Verified,High,562,134016,49696.17,2020-02-18,Standard,1,0
C36158,Kimberly,Sanchez,kimberly.sanchez49@outlook.com,SG,N/A,Pending,Medium,396,303542,28703.68,2024-10-01,Platinum,0,0
C70332,Ashley,Muller,ashley.muller428@fintechmail.io,US,NC,Under Review,Low,485,165075,59935.59,2024-03-04,VIP,0,0
C55830,Kimberly,Williams,kimberly.williams256@icloud.com,AU,N/A,Rejected,High,580,300732,33766.68,2021-06-03,VIP,0,0
C50001,Mary,Harris,mary.harris530@proton.me,SG,N/A,Verified,Low,471,41535,30735.05,2024-01-07,Silver,0,0
C39831,Jessica,Sanchez,jessica.sanchez842@proton.me,US,PA,Rejected,High,575,119823,56358.22,2021-01-21,VIP,0,0
C39219,Ashley,Martin,ashley.martin314@yahoo.com,IN,N/A,Pending,Critical,592,299716,5073.04,2023-05-29,Silver,1,0
C13101,Sandra,Hill,sandra.hill959@icloud.com,US,WA,Verified,Medium,649,189484,6720.42,2023-01-01,VIP,0,0
C96511,Wei,Rossi,wei.rossi838@gmail.com,CA,N/A,Rejected,Critical,569,186379,27415.16,2022-01-02,Gold,0,0
C35313,Betty,Rossi,betty.rossi965@proton.me,US,AZ,Verified,Low,753,252557,11737.55,2021-01-29,VIP,0,1
C62227,Anthony,Moore,anthony.moore863@proton.me,FR,N/A,Verified,Medium,456,282069,60552.49,2024-02-22,Silver,0,0
C53025,Emma,White,emma.white88@fintechmail.io,AU,N/A,Under Review,Low,457,135851,66251.57,2024-09-22,Standard,0,0
C46517,Jennifer,Anderson,jennifer.anderson34@gmail.com,DE,N/A,Rejected,Medium,758,264227,39777.59,2024-11-19,Standard,0,0
C19099,Ashley,Jones,ashley.jones324@gmail.com,US,TX,Under Review,Medium,730,279696,1573.05,2020-04-18,Silver,0,0
C46585,Andrew,Hill,andrew.hill562@icloud.com,SG,N/A,Pending,Low,604,183470,43286.96,2023-09-17,Silver,0,0
C56025,Wei,Allen,wei.allen286@yahoo.com,AU,N/A,Rejected,Medium,738,269540,57407.02,2023-03-23,VIP,1,0
C94080,James,Sharma,james.sharma837@proton.me,CA,N/A,Verified,Medium,727,181270,19084.89,2019-09-12,Silver,1,0
C76768,Liam,Thomas,liam.thomas222@outlook.com,GB,N/A,Verified,High,762,228113,68265.38,2022-11-29,Gold,1,0
C62386,Carlos,Lewis,carlos.lewis32@yahoo.com,AU,N/A,Rejected,Medium,719,112720,2938.49,2020-10-11,Gold,0,0
C99065,Joshua,Scott,joshua.scott700@fintechmail.io,IN,N/A,Under Review,Low,710,68057,29842.62,2021-06-13,Standard,1,0
C80282,Kimberly,Clark,kimberly.clark354@outlook.com,AU,N/A,Rejected,Medium,687,112905,40225.58,2020-06-11,Gold,0,0
C53404,Paul,Taylor,paul.taylor816@yahoo.com,AU,N/A,Under Review,Medium,566,167516,46156.55,2022-10-06,Platinum,1,0
C13617,Aarav,Wilson,aarav.wilson431@outlook.com,IN,N/A,Verified,Medium,447,141419,31884.82,2022-03-22,VIP,0,0
C25118,Christopher,Harris,christopher.harris629@gmail.com,SG,N/A,Verified,Low,517,55888,51818.0,2021-11-13,Gold,0,0
C44237,William,Young,william.young20@yahoo.com,US,IL,Under Review,Low,445,86794,2159.22,2024-02-25,Silver,0,0
C33405,Mark,Wilson,mark.wilson559@proton.me,AU,N/A,Verified,Low,679,119134,43818.32,2022-11-02,VIP,1,0
C86099,James,Williams,james.williams103@yahoo.com,US,NJ,Verified,Medium,847,183956,48809.07,2023-11-07,Gold,1,0
C44795,Andrew,Flores,andrew.flores813@gmail.com,AU,N/A,Pending,Medium,565,269363,25734.18,2021-07-12,VIP,0,0
C15014,Lisa,Scott,lisa.scott500@proton.me,US,MI,Rejected,Critical,794,281793,67960.03,2022-04-01,Silver,0,0
C24208,David,Nguyen,david.nguyen534@gmail.com,US,MA,Verified,Low,503,185553,15803.5,2022-05-16,VIP,1,0
C88193,Charles,Thompson,charles.thompson985@proton.me,DE,N/A,Pending,Medium,751,257082,70589.8,2021-01-28,Standard,0,0
C66959,Kimberly,Flores,kimberly.flores234@proton.me,SG,N/A,Verified,High,387,50419,5976.26,2022-01-25,Silver,1,0
C55309,Michelle,Hernandez,michelle.hernandez116@gmail.com,SG,N/A,Verified,Low,410,197463,33487.81,2024-03-11,Silver,1,1
C51114,Priya,Rossi,priya.rossi241@outlook.com,GB,N/A,Pending,High,836,55374,49923.36,2021-12-20,Silver,1,0
C67199,Mark,Silva,mark.silva990@icloud.com,GB,N/A,Rejected,High,773,86608,56976.8,2021-02-26,Gold,0,0
C89457,Karen,Wright,karen.wright934@outlook.com,SG,N/A,Verified,High,458,86606,37399.86,2024-10-07,Silver,0,0
C77033,Charles,Patel,charles.patel729@yahoo.com,US,MI,Pending,Low,576,40700,15920.95,2020-06-03,VIP,1,0
C25157,Amara,Clark,amara.clark535@gmail.com,AU,N/A,Pending,Low,746,75694,39010.77,2019-11-15,Platinum,0,0
C60488,Amara,King,amara.king28@outlook.com,DE,N/A,Verified,Medium,651,66392,44437.49,2021-10-04,Platinum,0,0
C85574,Patricia,Rossi,patricia.rossi64@gmail.com,FR,N/A,Rejected,High,612,142779,22385.76,2020-09-09,Platinum,0,0
C34914,Amara,Jones,amara.jones637@icloud.com,US,CA,Under Review,Medium,536,275897,70811.3,2023-11-18,Gold,1,0
C43386,Betty,Robinson,betty.robinson671@gmail.com,AU,N/A,Verified,High,802,225483,30041.91,2024-04-24,Standard,0,0
C15817,Jessica,Williams,jessica.williams730@outlook.com,US,AZ,Pending,Medium,682,311295,74321.63,2024-01-14,Standard,0,0
C67154,Ashley,Davis,ashley.davis673@proton.me,SG,N/A,Rejected,High,809,302903,67762.87,2024-07-04,Platinum,0,0
C10221,Yuki,Scott,yuki.scott192@proton.me,US,PA,Pending,Low,500,47795,4143.47,2020-06-02,Platinum,1,0
C78146,Robert,Brown,robert.brown104@yahoo.com,SG,N/A,Verified,Critical,478,145476,27536.26,2024-11-12,Standard,0,0
C80575,Priya,Davis,priya.davis445@outlook.com,SG,N/A,Rejected,High,467,70822,48697.4,2022-05-19,Platinum,0,0
C97900,Karen,Brown,karen.brown192@outlook.com,US,VA,Verified,Medium,,240729,3286.33,2020-03-28,Gold,0,0
C35825,Linda,Walker,linda.walker308@outlook.com,DE,N/A,Under Review,Critical,490,35676,9149.37,2024-04-13,Platinum,1,0
C57739,Christopher,Martin,christopher.martin740@yahoo.com,US,WA,Under Review,Low,769,292526,12377.44,2020-08-17,Silver,0,0
C66531,Steven,Clark,steven.clark764@proton.me,CA,N/A,Rejected,Medium,797,227328,11382.96,2021-05-21,Gold,0,0
C19171,Steven,Clark,steven.clark988@yahoo.com,CA,N/A,Rejected,Low,801,107474,26999.95,2021-03-24,Platinum,1,0
C97062,Betty,Anderson,betty.anderson631@proton.me,GB,N/A,Under Review,Low,492,147297,6466.86,2020-03-25,Silver,0,0
C53279,Sofia,Sharma,sofia.sharma165@yahoo.com,US,MA,Under Review,Medium,508,212688,35279.01,2019-08-01,Gold,0,0
C91678,Michelle,Nguyen,michelle.nguyen82@proton.me,GB,N/A,Under Review,Medium,668,63623,40044.21,2024-10-09,Silver,0,0
C51145,Richard,Young,richard.young995@yahoo.com,US,WA,Under Review,Critical,394,115898,68450.19,2021-03-10,Gold,0,0
C26334,Linda,Lewis,linda.lewis189@fintechmail.io,GB,N/A,Verified,High,717,194983,12424.98,2023-07-12,VIP,0,0
C49363,Wei,Young,wei.young191@proton.me,US,NJ,Under Review,Critical,394,240930,12179.97,2024-10-16,VIP,0,0
C76469,Joshua,Garcia,joshua.garcia552@gmail.com,US,TX,Verified,Low,606,125019,46002.77,2021-06-03,Silver,0,0
C50538,Robert,Robinson,robert.robinson942@outlook.com,US,MI,Pending,Critical,465,47769,55233.61,2022-02-06,Gold,1,0
C97410,Christopher,White,christopher.white617@icloud.com,SG,N/A,Verified,Critical,593,287423,65925.78,2020-02-28,Silver,0,0
C63528,Margaret,Walker,margaret.walker569@fintechmail.io,IN,N/A,Pending,Medium,417,243644,10641.39,2021-11-26,Silver,0,0
C52753,Karen,Thomas,karen.thomas982@fintechmail.io,GB,N/A,Under Review,Low,493,317265,39897.02,2023-08-18,Gold,0,0
C62743,Daniel,Anderson,daniel.anderson535@icloud.com,US,IL,Verified,Medium,,167640,51680.42,2019-12-11,Platinum,1,0
C48752,Richard,Johnson,richard.johnson949@yahoo.com,CA,N/A,Under Review,High,731,214799,53909.05,2020-04-11,Gold,1,0
C82667,Margaret,Williams,margaret.williams97@yahoo.com,FR,N/A,Under Review,Low,625,236122,14084.52,2022-08-13,Silver,0,0
C26683,Charles,Taylor,charles.taylor620@outlook.com,US,WA,Pending,High,589,244962,15983.84,2022-08-19,Gold,0,0
C35144,Margaret,Anderson,margaret.anderson709@proton.me,CA,N/A,Pending,Low,,305430,26747.27,2020-04-05,VIP,0,0
C65108,Karen,Davis,karen.davis343@icloud.com,AU,N/A,Rejected,Critical,550,319246,44183.25,2024-10-28,Platinum,0,0
C97153,Sandra,Hernandez,sandra.hernandez645@yahoo.com,AU,N/A,Under Review,Medium,391,51412,65169.18,2019-09-14,Standard,1,0
C59695,Barbara,Sanchez,barbara.sanchez27@fintechmail.io,DE,N/A,Verified,Low,794,77955,25003.21,2022-01-13,Silver,0,0
C98777,Margaret,Rossi,margaret.rossi230@gmail.com,GB,N/A,Verified,Medium,464,205160,14067.5,2019-12-10,Platinum,0,0
C32810,Barbara,Martin,barbara.martin41@gmail.com,DE,N/A,Pending,Medium,722,240219,56087.56,2022-07-03,Standard,1,0
C90676,Emily,Harris,emily.harris792@icloud.com,AU,N/A,Pending,Critical,651,124530,56824.25,2023-08-22,Platinum,0,0
C84593,Aarav,Harris,aarav.harris600@yahoo.com,US,MA,Rejected,Medium,758,205663,35629.03,2021-05-28,VIP,0,0
C49446,Charles,Hill,charles.hill993@fintechmail.io,IN,N/A,Verified,Medium,710,116120,70771.49,2024-03-15,Silver,0,0
C63225,Aarav,Thompson,aarav.thompson891@outlook.com,US,TX,Under Review,Medium,449,249733,60804.46,2020-08-01,Standard,0,0
C81819,Mark,Harris,mark.harris589@fintechmail.io,CA,N/A,Verified,Critical,493,265901,49978.63,2024-03-01,Silver,1,0
C10053,Andrew,Nguyen,andrew.nguyen864@yahoo.com,GB,N/A,Rejected,High,600,128776,51613.89,2019-09-08,Gold,0,0
C49829,Emma,Moore,emma.moore104@yahoo.com,SG,N/A,Pending,High,371,292308,43430.95,2021-09-05,Gold,0,0
C47606,William,Chen,william.chen169@fintechmail.io,DE,N/A,Verified,Medium,449,299942,56244.09,2021-10-18,Standard,1,0
C37549,Priya,Tanaka,priya.tanaka50@fintechmail.io,IN,N/A,Verified,Medium,689,57463,23434.56,2023-05-10,Silver,1,0
C66346,Susan,Young,susan.young213@yahoo.com,US,NJ,Verified,Critical,757,219158,41803.86,2022-06-17,Standard,0,0
C86019,Lisa,Williams,lisa.williams369@icloud.com,CA,N/A,Under Review,Medium,629,247293,16617.62,2023-07-17,Platinum,0,0
C89516,William,Garcia,william.garcia162@yahoo.com,GB,N/A,Under Review,Medium,599,311248,53413.74,2022-06-30,Platinum,0,0
C95813,John,Lopez,john.lopez68@yahoo.com,US,AZ,Verified,Medium,552,66238,74905.93,2024-06-07,Standard,0,0
C52237,Sarah,Anderson,sarah.anderson731@fintechmail.io,FR,N/A,Pending,Critical,586,250221,37348.0,2020-11-23,Platinum,0,0
C70946,Priya,Martinez,priya.martinez964@fintechmail.io,US,NC,Verified,Low,784,195850,49974.44,2020-07-09,Gold,0,0
C67905,Emma,Jones,emma.jones785@outlook.com,US,FL,Verified,Medium,563,115452,16227.63,2021-01-08,Gold,0,0
C67954,Emily,Thomas,emily.thomas242@gmail.com,IN,N/A,Pending,Low,505,298108,26826.99,2023-11-25,VIP,0,0
C98555,Patricia,Jackson,patricia.jackson69@outlook.com,US,NC,Rejected,Medium,764,248495,73211.75,2019-11-12,Gold,0,0
C38010,Thomas,Smith,thomas.smith529@outlook.com,FR,N/A,Verified,Medium,377,65540,38783.77,2020-03-24,Platinum,1,0
C77000,Yuki,Patel,yuki.patel658@proton.me,DE,N/A,Verified,High,431,285505,32649.84,2023-03-02,Silver,1,0
C72021,Yuki,Lewis,yuki.lewis112@yahoo.com,IN,N/A,Under Review,High,473,284392,64055.36,2020-01-27,Silver,1,0
C32241,Sandra,Brown,sandra.brown139@fintechmail.io,IN,N/A,Pending,High,499,79984,47905.68,2023-06-05,Gold,1,0
C96356,Nancy,Anderson,nancy.anderson664@proton.me,FR,N/A,Rejected,Medium,593,293035,57748.11,2023-06-12,Platinum,0,0
C21114,Christopher,Williams,christopher.williams786@icloud.com,GB,N/A,Under Review,Medium,848,173235,43637.71,2021-09-10,Silver,0,0
C47196,Ashley,Williams,ashley.williams899@yahoo.com,DE,N/A,Pending,Low,580,204725,32335.09,2022-08-27,Platinum,0,0
C77561,Christopher,Clark,christopher.clark260@fintechmail.io,DE,N/A,Verified,Low,351,303235,16405.9,2021-07-17,Platinum,0,0
C97012,Andrew,Jackson,andrew.jackson507@outlook.com,IN,N/A,Under Review,Low,597,73242,72496.79,2020-01-10,Standard,1,0
C92960,Emma,Davis,emma.davis178@icloud.com,US,CA,Pending,Low,628,297474,18287.73,2019-09-04,VIP,0,0
C91167,Ashley,Williams,ashley.williams466@yahoo.com,AU,N/A,Pending,High,381,217288,27502.78,2020-12-16,Gold,0,0
C53933,Robert,Harris,robert.harris770@outlook.com,IN,N/A,Verified,Critical,584,241854,3194.96,2022-10-23,Standard,1,0
C22240,Elizabeth,Jackson,elizabeth.jackson190@yahoo.com,GB,N/A,Pending,High,699,307304,29007.28,2024-04-12,Silver,0,0
C40784,Anthony,Martin,anthony.martin447@icloud.com,DE,N/A,Verified,Medium,647,25398,46940.15,2022-10-21,Platinum,0,0
C98184,Susan,Lee,susan.lee353@fintechmail.io,DE,N/A,Verified,High,613,35585,44407.88,2024-04-27,Silver,0,0
C50687,Andrew,Sharma,andrew.sharma171@outlook.com,US,MI,Pending,Critical,683,171327,39200.35,2021-12-08,Standard,1,0
C39444,Jennifer,Tanaka,jennifer.tanaka504@proton.me,SG,N/A,Rejected,Medium,442,175408,70367.4,2023-01-03,Silver,0,0
C36100,Daniel,White,daniel.white601@proton.me,DE,N/A,Verified,High,843,220041,59936.63,2021-01-26,Platinum,1,0
C29313,Kimberly,Jackson,kimberly.jackson793@yahoo.com,IN,N/A,Rejected,Low,515,197979,31113.47,2024-08-01,Standard,1,0
C13201,Michael,Patel,michael.patel334@proton.me,CA,N/A,Verified,Low,664,86164,19485.82,2020-01-11,Silver,1,0
C16057,Jessica,White,jessica.white298@proton.me,US,PA,Verified,Low,435,31769,42687.91,2019-10-21,Platinum,0,0
C42092,Sandra,Wilson,sandra.wilson680@outlook.com,US,MI,Pending,Low,797,137239,2251.55,2022-04-13,VIP,0,0
C72277,Thomas,Taylor,thomas.taylor534@gmail.com,GB,N/A,Pending,Low,770,249734,65418.48,2019-10-24,Platinum,0,0
C90120,Paul,Harris,paul.harris14@proton.me,IN,N/A,Under Review,Medium,460,45148,60924.27,2019-10-18,Platinum,1,0
C19545,John,Hernandez,john.hernandez159@outlook.com,DE,N/A,Pending,Critical,575,120845,62248.81,2023-01-23,Platinum,0,0
C69692,Steven,Young,steven.young949@yahoo.com,FR,N/A,Under Review,Low,754,257712,12445.71,2019-12-10,Gold,0,0
C64321,Thomas,Hernandez,thomas.hernandez112@outlook.com,IN,N/A,Rejected,High,594,66158,57573.34,2024-04-27,Platinum,1,0
C92544,Richard,Rodriguez,richard.rodriguez766@proton.me,GB,N/A,Verified,Critical,706,216629,34844.64,2022-02-14,Gold,0,0
C85454,Joshua,Hernandez,joshua.hernandez661@yahoo.com,SG,N/A,Pending,Medium,496,290517,48455.97,2022-11-29,Gold,0,0
C35485,James,Rossi,james.rossi199@icloud.com,AU,N/A,Under Review,Medium,477,244582,28690.14,2020-05-27,Platinum,0,0
C60328,Richard,Scott,richard.scott152@fintechmail.io,CA,N/A,Rejected,Medium,491,251785,14838.75,2020-08-15,Standard,0,0
C74799,Lisa,Brown,lisa.brown955@gmail.com,FR,N/A,Verified,Medium,581,111291,35731.22,2021-02-03,Silver,0,0
C62383,Jessica,Torres,jessica.torres358@proton.me,AU,N/A,Verified,Medium,425,156050,74815.1,2024-08-23,Gold,0,0
C41979,James,Sharma,james.sharma908@fintechmail.io,FR,N/A,Rejected,Low,664,33716,63368.24,2020-10-03,VIP,1,0
C29342,David,Young,david.young523@outlook.com,GB,N/A,Under Review,Low,830,296839,15810.32,2022-11-01,Silver,0,0
C95990,James,King,james.king167@fintechmail.io,US,NC,Verified,Medium,641,112724,33269.91,2022-11-20,Standard,0,0
C10726,Lisa,Muller,lisa.muller43@gmail.com,AU,N/A,Verified,High,650,261933,37662.17,2023-06-28,Gold,0,0
C23970,Anthony,Martin,anthony.martin309@proton.me,SG,N/A,Pending,Low,695,296532,10695.36,2020-07-22,VIP,0,0
C65724,Betty,Walker,betty.walker830@outlook.com,US,VA,Under Review,Low,453,133951,36557.01,2023-02-11,Gold,0,0
C38683,Anthony,Williams,anthony.williams149@fintechmail.io,DE,N/A,Rejected,Low,665,89008,6010.87,2023-08-07,VIP,0,0
C33053,Linda,Martinez,linda.martinez628@yahoo.com,IN,N/A,Pending,High,682,299321,2486.95,2022-12-21,Standard,1,0
C77889,Thomas,Rodriguez,thomas.rodriguez297@outlook.com,US,OH,Verified,Low,360,196155,46713.67,2020-10-11,Platinum,1,0
C70889,James,Hill,james.hill676@proton.me,US,CA,Verified,Critical,574,61045,71252.1,2021-08-30,Platinum,0,0
C16582,Yuki,Lee,yuki.lee899@gmail.com,DE,N/A,Rejected,Low,797,73275,47323.45,2021-10-01,Platinum,0,0
C83060,Richard,Garcia,richard.garcia296@fintechmail.io,SG,N/A,Verified,High,775,86553,43538.09,2024-02-29,Silver,1,0
C42662,Nancy,Patel,nancy.patel531@proton.me,AU,N/A,Rejected,Low,566,138469,37300.67,2020-10-22,Silver,0,0
C25906,Lisa,Harris,lisa.harris916@outlook.com,DE,N/A,Pending,Medium,683,38602,72746.7,2021-10-14,Silver,0,0
C69829,Liam,Rossi,liam.rossi747@fintechmail.io,GB,N/A,Verified,Low,776,225675,16418.15,2021-03-18,Standard,0,0
C27477,Ashley,Smith,ashley.smith979@icloud.com,US,MI,Under Review,Low,505,44635,11113.39,2024-03-10,Platinum,0,0
C70901,Sofia,King,sofia.king660@gmail.com,IN,N/A,Verified,Low,622,255481,64682.19,2021-10-23,Platinum,1,0
C97500,Liam,Flores,liam.flores365@gmail.com,GB,N/A,Verified,Medium,472,297774,10162.71,2020-01-08,Silver,0,0
C79616,Betty,Clark,betty.clark800@proton.me,GB,N/A,Verified,Medium,631,112651,4860.75,2023-04-18,Standard,0,0
C83259,Aarav,Thomas,aarav.thomas386@fintechmail.io,AU,N/A,Pending,Medium,483,261161,8910.88,2024-03-12,VIP,0,0
C88047,Lisa,Nguyen,lisa.nguyen670@gmail.com,DE,N/A,Verified,Low,,302212,6874.55,2020-01-22,Standard,1,0
C51588,Emily,Brown,emily.brown626@fintechmail.io,SG,N/A,Pending,Medium,458,184530,38355.61,2020-01-29,Platinum,0,0
C68008,Yuki,Wilson,yuki.wilson297@outlook.com,US,NJ,Verified,High,513,165842,9787.72,2019-11-14,Standard,0,0
C90301,Donna,Thomas,donna.thomas778@gmail.com,FR,N/A,Pending,Low,,157502,51988.88,2023-07-29,Gold,0,0
C76162,Steven,Lopez,steven.lopez809@proton.me,AU,N/A,Verified,Medium,,25014,63680.2,2024-01-20,Platinum,0,0
C65933,Sarah,Silva,sarah.silva128@proton.me,DE,N/A,Under Review,Critical,840,192302,61449.81,2019-08-04,VIP,1,0
C81810,Charles,Lopez,charles.lopez419@outlook.com,AU,N/A,Rejected,Low,620,124250,55410.2,2022-11-23,Gold,1,0
C68446,Margaret,Garcia,margaret.garcia958@icloud.com,US,AZ,Verified,Medium,507,29807,31778.71,2020-11-24,Standard,0,0
C30861,Elizabeth,Jones,elizabeth.jones277@outlook.com,US,MI,Pending,High,710,204622,44985.3,2023-11-26,Standard,1,0
C72216,Patricia,Perez,patricia.perez351@icloud.com,DE,N/A,Verified,Medium,607,270566,46368.41,2024-05-21,Platinum,1,0
C68991,Patricia,Wilson,patricia.wilson955@gmail.com,AU,N/A,Rejected,Medium,617,96456,59733.01,2024-10-01,Silver,0,0
C43972,Mark,Thompson,mark.thompson435@yahoo.com,AU,N/A,Rejected,Low,740,46637,70849.4,2019-10-13,Gold,1,0
C42406,Jessica,Williams,jessica.williams74@gmail.com,GB,N/A,Verified,Critical,838,245550,49563.94,2019-11-10,Standard,0,0
C93579,Wei,Davis,wei.davis751@yahoo.com,AU,N/A,Verified,High,759,274159,66561.95,2022-10-21,Gold,0,0
C46347,Anthony,Wright,anthony.wright607@gmail.com,FR,N/A,Pending,Medium,825,243439,58062.18,2023-03-05,Silver,1,0
C78327,Jessica,Patel,jessica.patel844@yahoo.com,SG,N/A,Verified,Critical,721,300825,34336.47,2021-12-07,VIP,0,0
C73517,Anthony,Martinez,anthony.martinez247@gmail.com,US,MA,Rejected,High,522,145298,69075.99,2021-06-23,VIP,1,0
C92149,Nancy,Walker,nancy.walker639@fintechmail.io,US,PA,Under Review,Low,,249880,58343.85,2023-11-12,Gold,0,0
C41358,Wei,Perez,wei.perez655@icloud.com,US,MA,Verified,High,422,191650,25272.36,2024-06-23,Silver,0,0
C45992,Kimberly,Anderson,kimberly.anderson281@icloud.com,CA,N/A,Under Review,Low,815,246922,36284.76,2022-09-27,Standard,0,0
C67654,Michelle,Tanaka,michelle.tanaka783@gmail.com,US,FL,Verified,Critical,655,237867,57581.65,2023-12-20,Gold,0,0
C20155,Richard,Muller,richard.muller834@outlook.com,DE,N/A,Rejected,Low,640,69370,49506.5,2021-10-18,Standard,0,0
C47450,David,Davis,david.davis410@proton.me,US,NJ,Under Review,Low,355,78013,55236.67,2020-08-25,Standard,0,0
C40735,Patricia,Muller,patricia.muller948@yahoo.com,US,NC,Verified,Critical,399,241920,45150.53,2022-03-22,Standard,0,0
C45614,Sofia,Brown,sofia.brown205@icloud.com,US,WA,Rejected,High,797,79430,28399.54,2022-02-27,Standard,0,0
C54020,Donald,Young,donald.young605@outlook.com,DE,N/A,Verified,Low,656,84872,36242.81,2019-11-25,Standard,0,0
C51904,Joshua,Garcia,joshua.garcia129@yahoo.com,US,PA,Verified,Medium,438,80889,16702.77,2024-03-14,Silver,0,0
C80798,Carlos,Rodriguez,carlos.rodriguez726@yahoo.com,US,OH,Under Review,High,501,74627,25285.38,2022-10-19,Standard,0,0
C20561,Anthony,Hernandez,anthony.hernandez674@icloud.com,GB,N/A,Pending,Medium,526,155899,13308.97,2023-07-11,Gold,1,0
C28136,Barbara,Johnson,barbara.johnson487@gmail.com,CA,N/A,Pending,Critical,750,179747,24274.3,2022-09-12,VIP,0,0
C29769,Michael,Brown,michael.brown730@yahoo.com,SG,N/A,Verified,Medium,473,71877,68658.22,2020-09-14,VIP,1,0
C40311,Carlos,Miller,carlos.miller969@fintechmail.io,DE,N/A,Verified,High,437,249873,2413.85,2020-09-25,Gold,0,0
C60205,Christopher,Wright,christopher.wright738@gmail.com,IN,N/A,Rejected,Low,655,246473,12484.6,2019-11-11,Standard,0,0
C30028,Sofia,Kim,sofia.kim182@yahoo.com,IN,N/A,Rejected,Medium,413,288257,67563.15,2022-04-16,Silver,0,0
C38043,Susan,Hill,susan.hill248@fintechmail.io,US,NJ,Verified,Low,535,267813,66458.31,2023-04-16,Platinum,0,0
C18418,Amara,Lopez,amara.lopez43@outlook.com,FR,N/A,Verified,Critical,669,89362,56464.57,2022-07-03,Platinum,1,0
C64377,Thomas,Williams,thomas.williams187@fintechmail.io,IN,N/A,Verified,Critical,354,132015,48005.06,2020-09-09,Standard,1,0
C63424,Barbara,Walker,barbara.walker456@icloud.com,GB,N/A,Under Review,Medium,845,37467,67234.79,2024-04-19,VIP,0,0
C53369,Matthew,Hernandez,matthew.hernandez315@fintechmail.io,US,GA,Verified,Critical,717,227940,13731.69,2021-04-07,Gold,1,0
C81121,Michael,Ramirez,michael.ramirez376@fintechmail.io,AU,N/A,Pending,High,795,319816,23421.02,2023-02-05,Gold,0,0
C71069,Mateo,Harris,mateo.harris567@proton.me,DE,N/A,Rejected,Low,848,229269,55331.06,2021-03-11,VIP,1,0
C64496,Jessica,Anderson,jessica.anderson204@outlook.com,US,CA,Under Review,High,759,216327,53318.3,2024-06-27,Silver,0,0
C18161,Emily,Johnson,emily.johnson894@outlook.com,US,OH,Verified,Low,559,126443,22219.67,2021-11-02,VIP,1,0
C37110,Liam,Scott,liam.scott968@icloud.com,AU,N/A,Verified,Medium,353,119015,21074.75,2019-10-25,Gold,1,0
C65069,John,Smith,john.smith243@gmail.com,SG,N/A,Pending,High,,285833,3308.8,2023-07-20,Gold,0,0
C61049,Michael,Torres,michael.torres558@gmail.com,DE,N/A,Verified,Medium,502,156538,48362.86,2021-12-17,Silver,0,0
C86556,Carlos,Johnson,carlos.johnson561@proton.me,CA,N/A,Verified,Low,400,318446,70840.71,2021-12-23,Standard,0,0
C12560,Amara,Ramirez,amara.ramirez709@outlook.com,US,PA,Under Review,Low,443,169453,51189.43,2023-02-21,Standard,1,0
C85456,Elizabeth,Kim,elizabeth.kim268@fintechmail.io,US,WA,Rejected,Low,379,22595,60739.14,2019-10-19,Platinum,0,0
C59857,Patricia,Jackson,patricia.jackson392@gmail.com,US,GA,Verified,Critical,711,25479,38921.47,2023-07-06,VIP,1,0
C72518,Joseph,Miller,joseph.miller869@fintechmail.io,DE,N/A,Under Review,Medium,479,37168,45742.24,2023-12-13,Silver,0,0
C10772,Jennifer,Anderson,jennifer.anderson348@yahoo.com,FR,N/A,Rejected,Critical,780,37201,35699.77,2024-10-17,Platinum,0,0
C56105,Joshua,Scott,joshua.scott599@yahoo.com,US,TX,Under Review,High,724,153485,47806.07,2023-10-06,VIP,1,0
C49139,Charles,Flores,charles.flores793@proton.me,SG,N/A,Pending,Medium,720,206853,17055.59,2020-02-05,Silver,1,0
C61116,Margaret,Kim,margaret.kim478@icloud.com,GB,N/A,Verified,Critical,781,266942,1411.11,2022-05-30,Silver,1,0
C64921,Ashley,Walker,ashley.walker842@icloud.com,SG,N/A,Verified,Medium,797,249796,1456.96,2023-01-20,Gold,0,0
C80545,Priya,Torres,priya.torres245@yahoo.com,FR,N/A,Rejected,Critical,698,42735,19103.13,2020-05-16,Standard,0,0
C81582,Aarav,Muller,aarav.muller640@outlook.com,IN,N/A,Verified,Critical,,175254,19630.43,2019-11-03,VIP,0,0
C89069,Sarah,Jackson,sarah.jackson672@fintechmail.io,US,WA,Verified,Low,462,116682,19535.44,2024-05-10,Standard,0,0
C38906,Amara,Martinez,amara.martinez223@outlook.com,GB,N/A,Rejected,Low,819,132978,73508.16,2024-01-09,Silver,0,0
C73993,Steven,King,steven.king987@outlook.com,US,VA,Verified,Medium,611,33778,1065.26,2024-10-20,Silver,0,0
C38760,Donald,Hill,donald.hill879@gmail.com,AU,N/A,Verified,Low,637,69432,65604.63,2023-07-02,Platinum,0,0
C45774,Wei,Young,wei.young654@yahoo.com,DE,N/A,Pending,High,597,298775,46863.99,2023-08-26,VIP,1,0
C67125,Wei,Ramirez,wei.ramirez757@outlook.com,AU,N/A,Rejected,High,602,283306,20993.16,2021-08-05,VIP,0,0
C73654,Lisa,Lee,lisa.lee435@gmail.com,US,CA,Under Review,Low,549,149928,74100.89,2022-06-08,Gold,0,0
C13804,Jennifer,Lewis,jennifer.lewis378@yahoo.com,US,AZ,Rejected,Low,576,222058,52537.11,2020-04-28,Platinum,1,0
C60968,Sarah,Lee,sarah.lee297@yahoo.com,CA,N/A,Verified,Low,728,139129,55439.65,2023-04-25,Platinum,0,0
C54057,Lisa,Lee,lisa.lee60@yahoo.com,FR,N/A,Verified,Low,759,135678,37164.29,2020-04-01,Platinum,0,0
C97670,Christopher,Garcia,christopher.garcia699@gmail.com,DE,N/A,Under Review,High,722,215674,26570.41,2024-03-12,Silver,0,0
C99016,Anthony,Sharma,anthony.sharma781@proton.me,US,WA,Under Review,Medium,491,104385,17824.04,2024-01-08,Silver,1,0
C62994,Jessica,Tanaka,jessica.tanaka612@fintechmail.io,CA,N/A,Under Review,High,724,249955,40558.93,2023-01-13,Platinum,0,0
C31632,Amara,Tanaka,amara.tanaka376@proton.me,DE,N/A,Verified,Critical,527,163537,45913.94,2021-10-03,Standard,1,0
C71261,Donald,Lopez,donald.lopez701@yahoo.com,FR,N/A,Verified,Low,464,262501,6347.81,2023-09-15,Platinum,1,0
C26728,Nancy,Silva,nancy.silva770@fintechmail.io,SG,N/A,Verified,Low,697,173688,19259.42,2021-07-29,Standard,0,0
C91560,Christopher,Brown,christopher.brown730@outlook.com,US,GA,Under Review,Critical,738,141469,42365.76,2021-10-11,Platinum,1,0
C80008,Matthew,Nguyen,matthew.nguyen693@yahoo.com,DE,N/A,Pending,Low,515,295407,66989.41,2021-02-07,VIP,1,0
C13534,Mark,Johnson,mark.johnson129@fintechmail.io,CA,N/A,Verified,Medium,482,206676,39328.52,2021-11-12,Standard,0,0
C61645,Charles,Ramirez,charles.ramirez373@outlook.com,US,FL,Verified,High,567,217569,12823.42,2020-01-14,Gold,0,0
C87580,Thomas,King,thomas.king79@icloud.com,FR,N/A,Rejected,Medium,727,246806,72938.29,2024-03-21,VIP,0,0
C83975,Michael,Chen,michael.chen914@icloud.com,AU,N/A,Verified,Low,761,200281,32416.06,2024-06-29,Gold,1,0
C96900,Susan,Rodriguez,susan.rodriguez355@proton.me,IN,N/A,Rejected,High,745,165431,31820.91,2021-11-14,Gold,1,0
C13552,Daniel,Thompson,daniel.thompson974@yahoo.com,GB,N/A,Under Review,Low,516,304284,1671.62,2020-01-16,Silver,0,0
C21003,Andrew,Lee,andrew.lee108@yahoo.com,US,WA,Verified,Medium,517,24713,37707.65,2021-08-04,Gold,1,0
C94246,Sarah,Lopez,sarah.lopez183@yahoo.com,IN,N/A,Rejected,Critical,540,226595,37104.22,2024-02-14,Standard,0,0
C66179,William,Brown,william.brown502@outlook.com,SG,N/A,Verified,Medium,354,246658,58402.19,2021-11-01,Gold,0,0
C27786,Jessica,Torres,jessica.torres28@outlook.com,FR,N/A,Verified,High,438,135927,4585.55,2024-06-28,Standard,0,0
C70515,Jessica,Scott,jessica.scott261@outlook.com,CA,N/A,Rejected,Medium,475,250902,4474.32,2023-09-26,Standard,0,0
C33819,Kimberly,Hill,kimberly.hill983@icloud.com,IN,N/A,Under Review,High,535,65702,49628.06,2024-04-29,Platinum,0,0
C16590,Paul,Garcia,paul.garcia360@gmail.com,US,CA,Rejected,Low,743,208693,20534.56,2021-10-06,Gold,0,0
C44099,William,Anderson,william.anderson566@outlook.com,US,FL,Pending,High,627,83757,38265.53,2021-02-27,Platinum,1,0
C59689,Charles,Jones,charles.jones456@gmail.com,FR,N/A,Pending,Low,507,235146,34974.66,2021-05-04,Standard,0,0
C52906,Michael,Tanaka,michael.tanaka33@yahoo.com,CA,N/A,Rejected,Low,680,253107,8096.77,2021-06-30,Gold,0,0
C37742,Wei,King,wei.king277@icloud.com,CA,N/A,Verified,Low,610,162493,67357.43,2021-08-03,Standard,1,0
C69598,Wei,Nguyen,wei.nguyen574@icloud.com,SG,N/A,Rejected,Critical,844,88544,28336.15,2020-09-22,Platinum,1,0
C52840,Margaret,White,margaret.white102@outlook.com,CA,N/A,Verified,High,695,118248,51343.29,2023-08-09,Platinum,1,0
C54236,Donald,Harris,donald.harris19@proton.me,IN,N/A,Verified,Low,546,112642,10366.72,2019-08-12,VIP,0,0
C59692,Sarah,Martinez,sarah.martinez755@fintechmail.io,US,TX,Under Review,High,850,123261,67659.93,2024-10-03,Standard,0,0
C46471,Daniel,Smith,daniel.smith879@gmail.com,IN,N/A,Pending,Low,362,227023,27034.51,2024-06-19,Gold,0,0
C65255,Lisa,Lewis,lisa.lewis890@icloud.com,US,TX,Under Review,Low,409,206750,621.83,2021-03-11,Silver,0,0
C43065,Michelle,Moore,michelle.moore583@icloud.com,US,AZ,Rejected,Medium,495,307790,11797.51,2023-12-25,Platinum,0,0
C20735,Thomas,Smith,thomas.smith191@fintechmail.io,DE,N/A,Pending,Medium,407,245261,23880.01,2021-04-24,Platinum,0,0
C71644,Matthew,Sanchez,matthew.sanchez403@fintechmail.io,AU,N/A,Rejected,High,526,105712,18355.35,2024-02-20,Silver,0,0
C12540,Michelle,Martinez,michelle.martinez674@proton.me,GB,N/A,Verified,Medium,675,271546,6451.78,2024-08-09,Standard,0,0
C80702,Margaret,Scott,margaret.scott745@fintechmail.io,US,IL,Under Review,Low,623,189572,1184.55,2021-04-15,Platinum,0,0
C16826,Michael,Flores,michael.flores829@fintechmail.io,IN,N/A,Verified,Medium,793,104139,65894.92,2023-11-26,Standard,1,0
C55870,Andrew,Brown,andrew.brown918@icloud.com,US,WA,Verified,Low,512,118806,31335.2,2022-02-12,Silver,1,0
C39389,Lisa,Taylor,lisa.taylor536@proton.me,SG,N/A,Verified,Low,785,218283,43942.62,2020-05-17,Gold,0,0
C95215,Michael,Garcia,michael.garcia261@gmail.com,SG,N/A,Verified,Low,806,131851,37665.45,2022-05-01,Platinum,1,0
C18993,Matthew,Robinson,matthew.robinson68@yahoo.com,IN,N/A,Under Review,Critical,677,250341,39053.8,2019-08-23,VIP,0,0
C95426,Betty,Tanaka,betty.tanaka264@gmail.com,DE,N/A,Verified,Critical,450,107286,58294.43,2019-08-27,Silver,0,0
C15276,Matthew,Torres,matthew.torres382@outlook.com,IN,N/A,Verified,Critical,769,192017,41270.45,2020-12-25,Standard,0,0
C14067,Karen,Thompson,karen.thompson218@yahoo.com,US,AZ,Rejected,Low,802,48295,33744.22,2022-10-04,Gold,0,0
C42411,Paul,Smith,paul.smith587@icloud.com,US,NC,Pending,Critical,675,306188,52555.8,2020-11-23,VIP,0,0
C36130,Emily,Johnson,emily.johnson308@yahoo.com,US,OH,Verified,High,615,44977,48899.03,2022-05-22,Standard,0,0
C12671,Yuki,Robinson,yuki.robinson311@fintechmail.io,SG,N/A,Under Review,Medium,807,89504,55248.8,2024-07-09,Gold,1,0
C91439,Emma,Rodriguez,emma.rodriguez324@gmail.com,GB,N/A,Verified,Low,489,283777,46641.91,2024-02-28,Silver,0,0
C29973,Joseph,Ramirez,joseph.ramirez348@icloud.com,CA,N/A,Under Review,Low,547,284228,36126.56,2023-02-20,Standard,1,0
C41266,Yuki,Allen,yuki.allen939@fintechmail.io,US,NC,Verified,Low,727,67603,66493.17,2024-04-26,Gold,0,0
C26544,Emma,Anderson,emma.anderson383@fintechmail.io,DE,N/A,Pending,Medium,592,303440,36782.21,2024-03-25,Gold,0,0
C72070,Elizabeth,Robinson,elizabeth.robinson96@gmail.com,SG,N/A,Verified,Low,424,226098,10035.58,2020-09-29,Silver,0,0
C97747,William,Harris,william.harris193@outlook.com,GB,N/A,Verified,Low,437,120473,42848.02,2020-09-25,Standard,0,0
C24993,Kimberly,Lewis,kimberly.lewis666@proton.me,SG,N/A,Verified,Medium,541,176865,8793.77,2023-07-09,Platinum,0,0
C83920,Anthony,Moore,anthony.moore812@fintechmail.io,CA,N/A,Verified,Critical,418,277704,17435.93,2021-08-11,Gold,0,0
C38569,Jennifer,Scott,jennifer.scott25@fintechmail.io,US,PA,Verified,Medium,459,185350,10974.63,2021-11-17,Gold,1,0
C70952,Joshua,Wright,joshua.wright377@gmail.com,AU,N/A,Pending,Critical,809,122176,49655.86,2023-07-31,Standard,0,0
C43586,Lisa,Garcia,lisa.garcia330@outlook.com,US,WA,Verified,High,748,198141,73272.14,2024-06-13,VIP,0,0
C58351,William,Dubois,william.dubois505@gmail.com,US,PA,Rejected,Low,473,65718,59702.63,2019-08-20,Silver,0,0
C31992,Betty,Harris,betty.harris31@fintechmail.io,FR,N/A,Pending,Medium,679,175530,21905.7,2024-01-03,Gold,1,0
C89415,Betty,Dubois,betty.dubois46@icloud.com,GB,N/A,Under Review,Medium,530,95857,9141.76,2023-03-04,Platinum,0,0
C89593,Mary,Rodriguez,mary.rodriguez642@fintechmail.io,IN,N/A,Under Review,Low,366,179952,30167.31,2022-01-01,VIP,1,0
C25012,John,Chen,john.chen664@proton.me,US,MA,Pending,Low,727,312525,23657.52,2021-07-23,Standard,0,0
C31465,William,Anderson,william.anderson421@proton.me,CA,N/A,Verified,Medium,473,278753,38868.47,2022-08-07,Standard,1,0
C50768,Susan,Rodriguez,susan.rodriguez610@fintechmail.io,US,IL,Verified,Medium,770,28955,10525.41,2024-07-14,VIP,0,0
C85849,Margaret,Flores,margaret.flores711@outlook.com,AU,N/A,Rejected,Medium,,195296,24390.08,2020-02-10,Silver,0,0
C13365,Wei,Rodriguez,wei.rodriguez462@outlook.com,CA,N/A,Verified,Low,539,118131,53668.86,2023-04-20,VIP,0,0
C50888,James,Lee,james.lee191@proton.me,US,NJ,Verified,Medium,398,215375,57438.95,2023-09-28,Platinum,0,0
C85470,Michelle,Williams,michelle.williams344@outlook.com,US,FL,Verified,Medium,827,148289,49894.45,2023-08-22,Standard,0,0
C98781,Liam,Lee,liam.lee223@gmail.com,FR,N/A,Pending,Medium,728,206583,9703.71,2019-10-12,Silver,0,0
C59192,Amara,Chen,amara.chen817@yahoo.com,FR,N/A,Verified,Medium,767,130034,20646.24,2022-12-30,Silver,1,0
C61990,Michelle,Nguyen,michelle.nguyen466@icloud.com,US,NY,Verified,High,556,255616,60753.4,2022-05-24,Silver,0,0
C35995,Thomas,Lee,thomas.lee578@yahoo.com,US,AZ,Verified,High,801,153090,16862.68,2019-09-28,Platinum,0,0
C19961,Linda,Anderson,linda.anderson434@proton.me,US,OH,Under Review,High,842,214922,17307.15,2020-04-23,Platinum,0,0
C87607,Susan,Anderson,susan.anderson20@icloud.com,AU,N/A,Rejected,Low,657,139171,40699.27,2023-06-24,Platinum,1,0
C92213,Mark,Nguyen,mark.nguyen705@outlook.com,SG,N/A,Pending,Medium,643,95016,35060.06,2020-04-30,Standard,0,0
C41830,Aarav,Lewis,aarav.lewis382@proton.me,US,MA,Under Review,Medium,,209754,30286.89,2024-01-17,VIP,1,0
C23356,Joseph,Muller,joseph.muller773@yahoo.com,FR,N/A,Pending,Low,480,37386,27114.8,2020-10-11,Silver,0,0
C49529,Karen,Martinez,karen.martinez462@gmail.com,AU,N/A,Rejected,Low,765,168396,7974.03,2023-11-13,Gold,1,0
C99687,Charles,Ramirez,charles.ramirez982@yahoo.com,US,AZ,Rejected,Low,478,318932,48154.04,2023-07-18,Standard,0,0
C88697,Sarah,Gonzalez,sarah.gonzalez250@outlook.com,AU,N/A,Verified,Low,545,258115,37407.15,2021-05-06,Gold,0,0
C25866,Mark,King,mark.king481@outlook.com,US,AZ,Pending,Critical,474,110715,3473.64,2022-04-15,Standard,0,0
C84177,Sofia,Smith,sofia.smith808@proton.me,GB,N/A,Verified,Low,805,182739,36266.27,2020-08-19,Platinum,0,0
C15383,Andrew,Allen,andrew.allen38@gmail.com,US,NJ,Rejected,Low,547,56689,52336.74,2020-05-08,Silver,0,0
C55508,Thomas,Wilson,thomas.wilson969@fintechmail.io,CA,N/A,Rejected,Medium,394,193245,8561.07,2022-07-28,Gold,1,0
C79827,Matthew,Johnson,matthew.johnson149@yahoo.com,CA,N/A,Pending,Critical,440,24316,43711.55,2021-01-31,Standard,0,0
C66148,Thomas,Thompson,thomas.thompson975@gmail.com,CA,N/A,Verified,Medium,358,221737,38405.63,2020-03-20,Platinum,1,0
C96706,Ashley,Thomas,ashley.thomas794@outlook.com,US,GA,Verified,Low,358,227353,52397.79,2021-06-14,Platinum,1,0
C58571,Kimberly,Jones,kimberly.jones710@proton.me,US,FL,Rejected,Medium,751,251051,27141.73,2020-02-09,Platinum,1,0
C19038,Lisa,Taylor,lisa.taylor308@fintechmail.io,IN,N/A,Under Review,Low,435,85241,43476.22,2024-11-15,Silver,0,0
C76317,Matthew,Flores,matthew.flores146@outlook.com,US,AZ,Verified,High,787,170359,10089.19,2022-02-03,Standard,1,0
C94874,Richard,Anderson,richard.anderson914@gmail.com,GB,N/A,Rejected,Medium,567,137960,55958.04,2024-05-26,Standard,0,0
C54725,Karen,Ramirez,karen.ramirez223@gmail.com,CA,N/A,Rejected,Critical,681,140528,17610.98,2021-08-15,VIP,0,0
C11658,Priya,Anderson,priya.anderson998@outlook.com,AU,N/A,Verified,Medium,353,165842,36873.82,2021-01-12,Platinum,1,0
C65057,David,Williams,david.williams476@outlook.com,US,TX,Verified,Low,780,258634,39456.2,2019-07-26,Gold,1,0
C74251,Betty,Brown,betty.brown245@icloud.com,GB,N/A,Verified,Medium,605,130028,11652.4,2023-06-29,Platinum,1,0
C23833,Robert,Anderson,robert.anderson864@gmail.com,GB,N/A,Verified,Low,694,287549,60600.85,2023-03-20,Silver,1,0
C66822,David,Hill,david.hill285@icloud.com,DE,N/A,Pending,Critical,717,204671,49801.39,2019-12-30,Silver,0,0
C57472,Charles,Lee,charles.lee388@gmail.com,CA,N/A,Under Review,Medium,786,286299,9502.84,2024-11-20,Standard,1,0
C93307,Emily,Miller,emily.miller857@icloud.com,AU,N/A,Verified,Critical,770,64313,27227.16,2024-04-08,Standard,0,0
C70258,Patricia,Johnson,patricia.johnson816@fintechmail.io,US,NC,Pending,Medium,557,229112,19454.86,2021-12-17,Platinum,0,0
C30052,Thomas,Ramirez,thomas.ramirez44@outlook.com,US,NC,Rejected,Low,565,78225,9445.2,2024-05-06,Gold,0,0
C67080,Karen,Robinson,karen.robinson267@gmail.com,AU,N/A,Verified,Medium,363,127016,32248.91,2021-07-28,Gold,0,0
C33086,Michelle,Ramirez,michelle.ramirez130@icloud.com,US,IL,Verified,Medium,782,162957,18767.26,2019-09-28,Gold,0,0
C78386,Emily,Davis,emily.davis620@outlook.com,FR,N/A,Rejected,Low,766,318744,11568.35,2024-08-30,Platinum,0,0
C95256,Anthony,Jackson,anthony.jackson194@yahoo.com,US,TX,Under Review,Low,786,45468,31410.33,2024-03-17,VIP,0,0
C45400,Lisa,Sharma,lisa.sharma43@proton.me,IN,N/A,Verified,Medium,486,295398,29785.68,2024-06-28,Silver,0,0
C90728,Donald,Young,donald.young80@fintechmail.io,US,AZ,Verified,Low,843,180737,25266.49,2020-07-14,Gold,0,0
C80539,Elizabeth,Scott,elizabeth.scott694@yahoo.com,DE,N/A,Verified,Low,835,148987,67923.8,2019-10-10,VIP,0,0
C73372,Priya,Scott,priya.scott267@yahoo.com,IN,N/A,Under Review,Critical,754,303786,13735.53,2022-11-15,Silver,0,0
C70931,Thomas,Sanchez,thomas.sanchez904@gmail.com,US,GA,Verified,Low,702,219262,32123.71,2020-05-28,Gold,0,0
C67091,Liam,Hill,liam.hill404@gmail.com,IN,N/A,Verified,High,375,145309,17306.44,2022-06-18,Standard,0,0
C87656,Richard,King,richard.king198@icloud.com,AU,N/A,Verified,Medium,642,98397,64719.39,2021-11-01,Gold,1,0
C45179,Michelle,Martin,michelle.martin572@fintechmail.io,US,AZ,Verified,High,480,44205,50413.07,2024-11-08,Standard,0,0
C52245,Lisa,Clark,lisa.clark782@outlook.com,SG,N/A,Verified,High,792,170351,5407.76,2019-10-09,VIP,0,0
C42177,Charles,Davis,charles.davis167@gmail.com,GB,N/A,Verified,Critical,448,51476,68667.44,2024-07-13,Silver,0,1
C21359,Linda,White,linda.white177@fintechmail.io,IN,N/A,Verified,Medium,752,233144,10151.61,2021-09-29,Silver,0,0
C46559,John,Thompson,john.thompson350@outlook.com,US,WA,Rejected,High,692,87045,51593.07,2023-03-26,Standard,0,0
C69087,Michael,Smith,michael.smith445@gmail.com,IN,N/A,Under Review,Low,442,260949,1896.15,2020-01-14,Platinum,0,0
C41963,Donald,Harris,donald.harris746@fintechmail.io,CA,N/A,Verified,Critical,726,161437,65505.89,2024-09-28,VIP,0,0
C70910,Susan,Martin,susan.martin762@proton.me,SG,N/A,Verified,High,784,41779,17650.22,2023-10-11,Platinum,0,0
C84691,Sarah,Patel,sarah.patel36@fintechmail.io,US,CA,Pending,Low,799,74183,23416.02,2022-02-26,Platinum,1,0
C89997,Mary,Nguyen,mary.nguyen102@outlook.com,US,IL,Verified,Critical,534,200329,60498.96,2023-12-05,Platinum,0,0
C97580,Susan,Anderson,susan.anderson472@gmail.com,FR,N/A,Verified,Low,450,24284,61752.77,2021-01-11,Platinum,0,0
C59674,Jennifer,Wilson,jennifer.wilson544@proton.me,US,OH,Verified,Medium,472,273028,70574.24,2020-09-20,Silver,0,0
C54092,Lisa,Sanchez,lisa.sanchez702@proton.me,US,TX,Under Review,Low,698,144744,52832.32,2020-05-03,VIP,0,0
C13761,Paul,Nguyen,paul.nguyen795@proton.me,DE,N/A,Rejected,Critical,735,152632,29365.12,2022-11-25,VIP,0,0
C74789,Mary,Williams,mary.williams702@gmail.com,US,OH,Rejected,Critical,529,302038,52008.38,2022-02-04,Platinum,0,0
C52600,Ashley,Silva,ashley.silva905@fintechmail.io,US,NY,Verified,Medium,645,191127,29384.49,2022-05-26,Platinum,0,0
C33834,Steven,Martin,steven.martin132@icloud.com,FR,N/A,Pending,Low,509,296802,53941.46,2020-01-08,Gold,0,0
C73904,Wei,Silva,wei.silva57@proton.me,GB,N/A,Verified,Low,483,53951,8520.06,2020-06-26,Standard,0,0
C37802,Patricia,Moore,patricia.moore636@fintechmail.io,US,OH,Rejected,Critical,799,94095,40459.27,2022-06-12,VIP,0,0
C56507,Robert,Hill,robert.hill810@outlook.com,IN,N/A,Verified,Critical,845,83321,53572.0,2021-09-16,Gold,0,0
C43862,Thomas,Lopez,thomas.lopez798@yahoo.com,IN,N/A,Pending,Critical,530,99346,33369.38,2021-12-28,Gold,0,0
C54608,Donald,Martinez,donald.martinez606@yahoo.com,FR,N/A,Verified,Low,729,310447,65364.92,2020-01-04,Gold,1,0
C46655,Lisa,Garcia,lisa.garcia599@fintechmail.io,IN,N/A,Rejected,Low,712,24567,13417.49,2024-07-14,Gold,1,0
C88139,Donald,Taylor,donald.taylor247@outlook.com,SG,N/A,Pending,Critical,565,288018,19893.16,2020-12-17,VIP,0,0
C46211,Sarah,Harris,sarah.harris554@yahoo.com,US,PA,Verified,Medium,401,212908,33704.89,2024-09-14,Silver,0,0
C82848,Richard,Torres,richard.torres834@gmail.com,GB,N/A,Under Review,High,726,31846,32252.16,2021-12-31,Standard,0,0
C11330,Michelle,Kim,michelle.kim750@fintechmail.io,US,NY,Rejected,Medium,461,51186,54903.38,2020-05-11,Platinum,0,0
C77715,Michael,Thomas,michael.thomas301@outlook.com,CA,N/A,Verified,High,617,95849,10160.39,2020-04-29,Platinum,0,0
C35042,Mateo,Brown,mateo.brown257@yahoo.com,DE,N/A,Under Review,Low,594,60707,73178.53,2024-07-09,Gold,0,0
C21221,Robert,Garcia,robert.garcia178@gmail.com,SG,N/A,Verified,Low,,258106,51615.44,2019-09-05,Silver,1,0
C41635,Andrew,Thompson,andrew.thompson506@gmail.com,US,AZ,Pending,High,490,243884,25233.06,2022-05-31,Silver,0,0
C63271,Sarah,Jackson,sarah.jackson91@gmail.com,FR,N/A,Verified,Low,833,51039,67097.24,2023-09-27,VIP,0,0
C74038,Michael,Lewis,michael.lewis83@outlook.com,US,MA,Verified,High,748,287859,11138.32,2020-08-01,Gold,0,0
C82768,Susan,Williams,susan.williams204@proton.me,US,VA,Verified,Medium,756,310230,56713.47,2023-11-14,Standard,0,0
C41499,Kimberly,Dubois,kimberly.dubois313@icloud.com,US,GA,Verified,High,556,252201,63428.76,2024-07-16,Standard,0,0
C72402,Susan,Torres,susan.torres772@yahoo.com,IN,N/A,Verified,High,828,26712,50815.5,2021-12-27,VIP,0,0
C94659,Yuki,King,yuki.king826@outlook.com,US,PA,Verified,Low,546,106015,21051.76,2023-06-15,Gold,0,0
C74332,William,Sharma,william.sharma61@outlook.com,DE,N/A,Rejected,High,401,122341,42734.44,2022-06-29,Silver,0,0
C68743,Patricia,Robinson,patricia.robinson305@icloud.com,DE,N/A,Rejected,High,472,216583,42824.86,2022-12-29,VIP,0,0
C12260,Mateo,Lee,mateo.lee941@gmail.com,CA,N/A,Verified,Low,814,62623,15806.57,2020-05-09,Silver,0,0
C22196,Michelle,Moore,michelle.moore772@proton.me,US,TX,Verified,Medium,665,169291,41917.53,2020-11-17,Silver,1,0
C48566,Paul,Dubois,paul.dubois312@proton.me,US,NC,Verified,High,471,191293,25718.0,2022-06-05,Platinum,0,0
C39045,Susan,Brown,susan.brown199@yahoo.com,SG,N/A,Under Review,Low,701,66906,11904.07,2023-04-04,Silver,0,0
C63005,Jennifer,Jones,jennifer.jones361@yahoo.com,DE,N/A,Under Review,High,376,313803,40924.33,2022-12-29,Standard,0,0
C41890,Lisa,Williams,lisa.williams744@fintechmail.io,CA,N/A,Rejected,Critical,700,155707,36359.62,2020-11-29,Platinum,0,0
C50135,Lisa,Walker,lisa.walker73@fintechmail.io,CA,N/A,Verified,Critical,705,219397,12865.79,2022-04-11,Platinum,1,0
C97026,Richard,Dubois,richard.dubois305@fintechmail.io,GB,N/A,Pending,High,385,41568,33459.63,2023-10-11,Gold,0,0
C86225,David,Sharma,david.sharma836@outlook.com,AU,N/A,Under Review,Low,503,294339,34568.3,2020-03-27,Silver,0,0
C58368,Lisa,Gonzalez,lisa.gonzalez304@fintechmail.io,US,NJ,Verified,Critical,605,37945,37956.48,2020-01-28,Platinum,0,0
C72031,Margaret,Tanaka,margaret.tanaka958@proton.me,CA,N/A,Under Review,Low,605,231586,67043.15,2020-04-19,Silver,0,0
C82544,Betty,Dubois,betty.dubois159@yahoo.com,US,MA,Verified,Critical,647,97832,57324.47,2020-09-04,Platinum,1,0
C79588,Daniel,Dubois,daniel.dubois328@yahoo.com,US,GA,Pending,Medium,507,250537,63945.84,2024-01-11,VIP,1,0
C55056,Charles,King,charles.king820@proton.me,AU,N/A,Verified,Medium,621,82463,21476.33,2024-11-09,VIP,0,0
C65771,Susan,Young,susan.young873@outlook.com,CA,N/A,Pending,Medium,844,130638,44648.41,2022-08-30,VIP,1,0
C82140,James,Lopez,james.lopez549@gmail.com,FR,N/A,Pending,Medium,429,193450,56432.81,2020-07-31,Standard,1,0
C53357,Wei,Nguyen,wei.nguyen192@proton.me,AU,N/A,Under Review,Critical,508,104108,15277.8,2023-01-18,Silver,1,0
C56112,Matthew,Tanaka,matthew.tanaka327@outlook.com,FR,N/A,Rejected,Medium,837,219973,44249.02,2019-08-23,Silver,0,0
C69473,Amara,Allen,amara.allen910@yahoo.com,US,MI,Verified,Low,845,62378,29705.63,2022-05-14,VIP,0,0
C45509,Yuki,Perez,yuki.perez501@gmail.com,SG,N/A,Rejected,Low,436,164561,43179.53,2022-08-15,Gold,0,1
C50189,Sofia,King,sofia.king251@gmail.com,FR,N/A,Verified,Medium,510,79295,2423.86,2022-01-10,Standard,1,0
C42951,Betty,Sharma,betty.sharma74@fintechmail.io,CA,N/A,Rejected,High,812,220589,43544.94,2023-07-15,Standard,0,0
C40217,Mark,Lopez,mark.lopez488@yahoo.com,GB,N/A,Verified,Low,738,30050,64830.7,2024-11-18,Standard,0,0
C25814,Michelle,Moore,michelle.moore495@outlook.com,AU,N/A,Pending,Low,377,231416,42055.77,2023-11-08,VIP,0,0
C35242,Lisa,Flores,lisa.flores856@proton.me,AU,N/A,Under Review,Low,432,41068,43704.09,2024-05-25,Gold,0,0
C51359,Emma,Martin,emma.martin471@yahoo.com,US,GA,Verified,Low,815,64879,63546.18,2021-01-06,Platinum,1,0
C25670,Richard,Martin,richard.martin469@icloud.com,US,GA,Verified,Medium,547,294356,54623.4,2024-04-27,Standard,0,0
C80236,Christopher,Torres,christopher.torres894@yahoo.com,US,NY,Under Review,Low,591,52915,73012.39,2023-01-10,Standard,0,0
C34267,Thomas,Perez,thomas.perez357@gmail.com,US,AZ,Rejected,Low,779,106321,42230.44,2023-12-08,VIP,1,0
C35105,Mateo,Smith,mateo.smith766@yahoo.com,GB,N/A,Pending,Medium,679,210899,21570.26,2020-09-18,Standard,0,0
C38361,Susan,Lee,susan.lee584@proton.me,GB,N/A,Verified,Critical,799,84278,62555.76,2024-05-06,Silver,1,0
C73464,Thomas,Patel,thomas.patel354@proton.me,GB,N/A,Rejected,Low,494,218794,35254.99,2022-06-10,VIP,0,0
C46241,Amara,Jones,amara.jones832@fintechmail.io,DE,N/A,Verified,High,815,136312,22048.12,2020-11-13,Gold,0,0
C87278,Anthony,Nguyen,anthony.nguyen864@gmail.com,SG,N/A,Verified,Medium,809,39318,15825.17,2020-10-01,Standard,0,0
C78765,Mary,Scott,mary.scott958@outlook.com,AU,N/A,Under Review,Low,361,275206,56250.05,2024-05-19,Platinum,0,0
C88222,Carlos,Garcia,carlos.garcia240@gmail.com,SG,N/A,Verified,Medium,769,187568,57789.78,2022-08-07,Gold,0,0
C47093,Jessica,Rodriguez,jessica.rodriguez766@outlook.com,GB,N/A,Verified,Medium,475,54662,46949.19,2021-08-12,Standard,0,0
C23176,Richard,Miller,richard.miller264@outlook.com,US,GA,Pending,Medium,360,25973,63196.1,2021-03-31,Standard,0,0
C35443,Susan,Smith,susan.smith216@proton.me,US,AZ,Pending,Medium,350,107854,13901.16,2022-06-23,Platinum,0,0
C48829,Elizabeth,Nguyen,elizabeth.nguyen917@proton.me,US,TX,Verified,Low,587,167441,45163.04,2023-12-10,Silver,1,0
C39816,Daniel,Robinson,daniel.robinson656@yahoo.com,US,NJ,Rejected,Critical,664,190139,74080.52,2022-06-09,Gold,0,0
C57301,Sandra,Clark,sandra.clark207@outlook.com,FR,N/A,Rejected,Medium,831,216786,6450.01,2024-10-26,Standard,0,0
C33519,Amara,Hernandez,amara.hernandez890@gmail.com,DE,N/A,Pending,Critical,391,159106,16308.07,2022-04-25,Silver,0,0
C49618,Mary,Scott,mary.scott992@fintechmail.io,US,MA,Pending,Critical,681,142437,70947.56,2022-02-22,Gold,0,0
C11854,William,Patel,william.patel525@outlook.com,US,VA,Pending,Medium,433,133164,12039.71,2023-11-12,VIP,1,0
C26591,Joshua,Muller,joshua.muller354@proton.me,IN,N/A,Pending,High,429,263981,53862.23,2023-10-21,VIP,1,0
C45954,Karen,Walker,karen.walker671@icloud.com,FR,N/A,Under Review,Medium,658,269134,74279.01,2024-05-09,Platinum,1,0
C15965,Liam,Moore,liam.moore253@proton.me,IN,N/A,Pending,Low,633,221420,9035.61,2020-12-01,Silver,0,0
C17146,Jessica,Walker,jessica.walker830@fintechmail.io,IN,N/A,Rejected,Medium,842,225992,36874.98,2024-07-19,VIP,1,0
C82529,Linda,Smith,linda.smith412@icloud.com,FR,N/A,Rejected,Low,721,103993,36813.9,2019-11-17,Silver,1,0
C48290,Andrew,Martin,andrew.martin701@outlook.com,US,FL,Pending,Low,584,272972,70105.37,2024-05-16,VIP,0,0
C26551,Anthony,Kim,anthony.kim454@gmail.com,FR,N/A,Verified,Low,731,268265,42520.51,2022-07-30,VIP,0,0
C93606,Daniel,Lewis,daniel.lewis674@gmail.com,SG,N/A,Verified,Low,412,194644,73400.41,2023-06-26,Platinum,0,0
C74340,Michelle,Hill,michelle.hill248@fintechmail.io,US,AZ,Rejected,High,584,154700,27526.98,2021-06-23,Gold,1,0
C23446,Charles,White,charles.white27@proton.me,SG,N/A,Rejected,Low,415,219635,21354.53,2020-01-03,Platinum,0,0
C11607,Ashley,Lee,ashley.lee91@outlook.com,IN,N/A,Verified,High,397,99413,45781.54,2023-12-02,VIP,0,0
C85243,Steven,Hernandez,steven.hernandez459@yahoo.com,FR,N/A,Pending,Low,689,135075,26340.77,2021-03-08,Gold,0,0
C47268,Margaret,Robinson,margaret.robinson470@proton.me,CA,N/A,Under Review,Low,817,177320,39341.92,2020-04-21,Gold,0,0
C71524,Liam,White,liam.white628@yahoo.com,SG,N/A,Verified,Low,539,98045,28693.93,2024-09-11,Silver,0,0
C72746,Mark,Jones,mark.jones127@gmail.com,US,MI,Verified,Medium,445,111909,66332.22,2019-07-20,Silver,0,0
C67733,Thomas,Flores,thomas.flores853@proton.me,DE,N/A,Verified,Medium,770,121314,65572.5,2023-11-19,Platinum,1,0
C54657,Carlos,Torres,carlos.torres945@proton.me,IN,N/A,Under Review,Medium,758,72779,44218.23,2024-11-01,Platinum,1,0
C34164,Yuki,Wilson,yuki.wilson469@proton.me,SG,N/A,Rejected,Medium,,134630,26075.3,2023-05-26,VIP,0,0
C16734,James,Harris,james.harris651@yahoo.com,CA,N/A,Verified,Medium,493,53173,3557.48,2019-09-05,Platinum,1,0
C43092,Karen,Jones,karen.jones450@proton.me,FR,N/A,Under Review,Medium,481,38217,52500.8,2024-02-23,Standard,0,0
C72616,Priya,Lopez,priya.lopez907@icloud.com,US,OH,Rejected,Low,737,43493,23754.58,2022-05-22,Platinum,1,0
C24953,Jennifer,Torres,jennifer.torres356@proton.me,CA,N/A,Verified,Low,577,230250,34838.4,2023-04-26,Platinum,0,0
C18564,Carlos,Anderson,carlos.anderson191@icloud.com,US,NY,Pending,Critical,441,73062,3084.79,2024-05-23,Silver,0,0
C62521,Michael,Ramirez,michael.ramirez62@proton.me,US,OH,Verified,Critical,428,157961,51554.95,2020-12-10,Standard,0,0
C74454,Sarah,Jones,sarah.jones408@yahoo.com,DE,N/A,Rejected,High,428,226111,49703.1,2021-11-18,Platinum,0,0
C19710,Wei,Jackson,wei.jackson326@icloud.com,AU,N/A,Rejected,High,813,304455,60170.18,2023-05-21,Standard,1,0
C85631,Thomas,Jones,thomas.jones308@gmail.com,CA,N/A,Verified,Medium,655,95101,40520.9,2024-08-19,VIP,0,0
C92502,Aarav,Ramirez,aarav.ramirez235@fintechmail.io,GB,N/A,Verified,Low,484,92156,4733.58,2022-10-07,Gold,0,0
C99974,Karen,Smith,karen.smith771@fintechmail.io,AU,N/A,Under Review,Medium,767,132655,49118.8,2021-03-05,Silver,0,0
C17026,Andrew,Williams,andrew.williams902@icloud.com,GB,N/A,Verified,Low,683,132266,557.21,2020-04-05,Gold,0,0
C29887,Matthew,Lee,matthew.lee106@proton.me,GB,N/A,Pending,High,,316995,29815.83,2023-11-18,VIP,1,0
C29555,Priya,Kim,priya.kim977@fintechmail.io,DE,N/A,Under Review,High,685,176872,74004.01,2022-05-11,Gold,0,0
C83772,Aarav,Garcia,aarav.garcia897@icloud.com,US,WA,Under Review,Critical,593,56064,2638.67,2023-06-16,Gold,0,0
C49824,Mark,Hernandez,mark.hernandez955@yahoo.com,SG,N/A,Under Review,Medium,736,276798,23035.94,2020-12-16,Platinum,1,0
C21164,Sarah,Smith,sarah.smith837@outlook.com,AU,N/A,Pending,Medium,535,210702,21408.04,2023-07-27,Silver,0,0
C42530,Liam,Muller,liam.muller878@yahoo.com,SG,N/A,Under Review,Medium,616,147900,63026.16,2023-02-08,Silver,0,0
C25525,Mateo,Tanaka,mateo.tanaka271@gmail.com,US,MI,Verified,Medium,730,209723,24712.42,2024-11-11,Silver,0,0
C83147,Christopher,Jackson,christopher.jackson908@outlook.com,US,NY,Verified,High,384,77122,49257.19,2022-02-13,Standard,0,0
C64548,Liam,Hernandez,liam.hernandez612@gmail.com,FR,N/A,Verified,Low,501,277578,65381.14,2022-04-27,Standard,0,0
C89471,William,Chen,william.chen626@gmail.com,US,MI,Under Review,Medium,542,254517,60752.7,2021-06-08,VIP,1,0
C88135,Andrew,Kim,andrew.kim789@proton.me,DE,N/A,Under Review,Medium,796,89322,57444.69,2019-12-12,Silver,0,0
C91057,Lisa,Jackson,lisa.jackson511@fintechmail.io,FR,N/A,Under Review,Low,753,228133,28223.94,2024-01-27,Gold,1,0
C39581,Susan,Brown,susan.brown120@yahoo.com,US,MA,Pending,Low,609,185259,10948.35,2019-08-08,Silver,1,0
C78494,Mary,Flores,mary.flores226@icloud.com,US,FL,Verified,Low,530,161660,12052.62,2022-04-15,VIP,0,0
C59856,Emma,Hill,emma.hill349@yahoo.com,CA,N/A,Verified,Low,829,120643,4025.72,2024-05-10,Gold,0,0
C69049,Mateo,Moore,mateo.moore456@gmail.com,SG,N/A,Verified,Medium,559,207756,23501.03,2023-12-20,Standard,0,0
C68028,Daniel,Perez,daniel.perez886@proton.me,US,NC,Verified,Medium,490,285601,11908.42,2023-02-09,Silver,0,0
C48974,Jennifer,Martinez,jennifer.martinez45@gmail.com,US,AZ,Rejected,Medium,443,90884,20860.95,2021-07-22,Gold,0,0
C87139,Mary,Perez,mary.perez623@proton.me,SG,N/A,Verified,Low,572,112730,19891.42,2019-10-24,VIP,1,0
C66207,Anthony,Harris,anthony.harris488@yahoo.com,CA,N/A,Under Review,Low,721,70882,16493.14,2020-09-08,Standard,1,0
C50026,Karen,Clark,karen.clark335@gmail.com,AU,N/A,Under Review,Low,445,139799,12806.24,2022-01-10,Silver,0,0
C84531,Thomas,Taylor,thomas.taylor978@gmail.com,CA,N/A,Under Review,Low,648,186304,20079.37,2023-04-27,Standard,0,0
C91399,Sofia,Thompson,sofia.thompson701@fintechmail.io,AU,N/A,Under Review,High,612,209668,10620.72,2023-01-24,VIP,0,0
C17894,Betty,Young,betty.young526@icloud.com,US,FL,Under Review,High,507,206983,46296.77,2020-05-17,Silver,1,0
C89905,Barbara,Taylor,barbara.taylor764@icloud.com,SG,N/A,Rejected,High,483,121657,6988.29,2022-12-21,Standard,0,0
C23006,William,Martin,william.martin618@proton.me,DE,N/A,Pending,Critical,416,121762,23123.67,2023-04-01,Gold,0,0
C37235,Andrew,Martin,andrew.martin992@yahoo.com,GB,N/A,Pending,Medium,565,88027,15297.02,2024-08-04,Silver,0,0
C91987,Karen,Hill,karen.hill118@gmail.com,IN,N/A,Pending,Low,639,168303,46130.3,2021-09-14,VIP,0,0
C37659,Carlos,Nguyen,carlos.nguyen13@gmail.com,SG,N/A,Under Review,High,743,57650,2728.94,2020-10-15,Standard,0,0
C44687,Daniel,Moore,daniel.moore641@gmail.com,US,GA,Verified,Low,372,186019,47952.25,2020-05-19,VIP,0,0
C96563,Matthew,Lewis,matthew.lewis711@gmail.com,SG,N/A,Verified,Low,373,316939,6522.76,2020-08-01,Platinum,0,0
C20641,Richard,Ramirez,richard.ramirez930@gmail.com,FR,N/A,Verified,Medium,427,184119,68235.49,2022-06-08,Platinum,0,0
C30585,Jennifer,Thompson,jennifer.thompson536@proton.me,DE,N/A,Verified,Critical,,258778,71567.98,2023-08-03,Gold,0,0
C41439,Anthony,Allen,anthony.allen988@outlook.com,IN,N/A,Verified,Medium,764,169888,46352.07,2022-04-11,VIP,0,0
C32782,Patricia,Nguyen,patricia.nguyen48@icloud.com,AU,N/A,Under Review,Medium,508,294280,18644.04,2022-08-09,Gold,0,0
C82350,Anthony,Thompson,anthony.thompson949@yahoo.com,AU,N/A,Verified,Medium,772,280622,32302.09,2022-05-24,Standard,0,0
C19838,Mary,Wright,mary.wright391@gmail.com,US,CA,Pending,High,640,81576,39446.34,2021-11-17,VIP,0,0
C30517,Patricia,White,patricia.white428@yahoo.com,US,IL,Verified,High,511,50971,11101.36,2024-09-19,Gold,0,0
C10350,Charles,Anderson,charles.anderson49@outlook.com,SG,N/A,Rejected,Critical,,150572,66638.15,2021-12-06,Platinum,0,0
C63545,Liam,Jackson,liam.jackson506@icloud.com,AU,N/A,Pending,Medium,645,170825,11625.35,2023-03-22,Platinum,0,0
C69048,Priya,Sanchez,priya.sanchez237@fintechmail.io,US,OH,Verified,Low,406,155767,71322.21,2023-11-05,Gold,0,0
C87832,David,Silva,david.silva373@proton.me,FR,N/A,Verified,Medium,364,301685,38535.82,2021-01-22,Standard,0,0
C71592,Yuki,Robinson,yuki.robinson487@fintechmail.io,GB,N/A,Rejected,Critical,555,83050,6155.54,2024-11-14,VIP,1,0
C48175,Betty,Allen,betty.allen153@fintechmail.io,US,OH,Verified,Medium,504,231977,13234.91,2021-06-03,Standard,1,0
C14278,Robert,Miller,robert.miller652@outlook.com,US,TX,Pending,Low,559,251919,10864.01,2022-10-14,Gold,0,0
C40340,Elizabeth,Taylor,elizabeth.taylor615@yahoo.com,US,AZ,Pending,Medium,484,111274,73837.21,2021-08-21,Gold,0,0
C47762,Yuki,Scott,yuki.scott688@proton.me,DE,N/A,Rejected,Critical,563,146545,49713.19,2023-07-11,Standard,0,0
C47056,Nancy,Martin,nancy.martin575@gmail.com,CA,N/A,Rejected,Low,563,27739,31383.69,2023-12-22,VIP,0,0
C69510,Lisa,Harris,lisa.harris821@proton.me,SG,N/A,Verified,Low,704,89854,31795.53,2020-02-14,Standard,0,0
C19329,David,White,david.white589@fintechmail.io,US,NJ,Pending,Low,759,93157,42568.32,2022-03-27,Standard,0,1
C40595,Joseph,Clark,joseph.clark670@gmail.com,US,IL,Under Review,High,412,50686,20150.37,2021-10-29,Silver,0,0
C44675,Betty,Martinez,betty.martinez336@icloud.com,SG,N/A,Rejected,Low,756,264953,9532.57,2019-10-28,Platinum,0,0
C91927,Barbara,Clark,barbara.clark203@proton.me,CA,N/A,Verified,Low,646,69166,44937.51,2024-05-07,Standard,0,0
C87304,Michelle,Jackson,michelle.jackson758@icloud.com,IN,N/A,Rejected,Medium,513,166071,19236.67,2021-08-03,VIP,1,0
C96662,James,Taylor,james.taylor81@gmail.com,GB,N/A,Rejected,Low,504,121516,33337.46,2020-12-01,VIP,0,0
C35928,Daniel,Thomas,daniel.thomas455@icloud.com,IN,N/A,Verified,Medium,449,46269,73991.55,2022-03-13,Silver,0,1
C65723,Mateo,Ramirez,mateo.ramirez728@outlook.com,DE,N/A,Verified,Low,630,266882,45086.2,2019-10-29,Silver,1,0
C25043,Kimberly,Dubois,kimberly.dubois725@icloud.com,US,PA,Under Review,Low,738,293006,1463.82,2020-03-21,VIP,0,0
C81376,Joseph,Garcia,joseph.garcia191@proton.me,IN,N/A,Verified,Low,822,279501,64583.0,2020-08-02,Gold,0,0
C39466,Matthew,White,matthew.white114@proton.me,SG,N/A,Verified,Critical,647,96626,34052.73,2021-07-29,Gold,0,0
C94886,James,Davis,james.davis735@icloud.com,CA,N/A,Rejected,Medium,418,96793,48888.64,2023-10-06,Standard,0,0
C29528,Michael,Davis,michael.davis115@outlook.com,US,PA,Pending,Low,470,116394,51626.77,2024-08-09,Silver,0,0
C44816,Lisa,Hernandez,lisa.hernandez718@yahoo.com,GB,N/A,Verified,Medium,367,71043,51658.55,2021-02-25,Platinum,0,0
C28643,Joseph,Allen,joseph.allen65@proton.me,CA,N/A,Verified,Low,808,52423,65910.9,2023-02-22,Silver,0,0
C19359,Anthony,Martinez,anthony.martinez510@gmail.com,US,FL,Pending,Low,591,125916,36101.24,2022-11-11,Platinum,1,0
C17816,Patricia,Moore,patricia.moore776@icloud.com,IN,N/A,Verified,Low,685,266889,35248.55,2024-11-29,VIP,1,0
C31747,Margaret,Williams,margaret.williams768@yahoo.com,US,NC,Pending,Low,759,243679,42514.35,2021-07-22,Standard,0,0
C50319,Michelle,Tanaka,michelle.tanaka269@icloud.com,GB,N/A,Verified,Medium,570,236041,19568.0,2019-09-11,Gold,0,0
C87993,Nancy,Wilson,nancy.wilson761@fintechmail.io,SG,N/A,Rejected,Medium,770,71681,22010.56,2020-01-06,Gold,0,0
C84607,Anthony,Dubois,anthony.dubois755@icloud.com,DE,N/A,Pending,Low,449,309288,29956.53,2021-12-12,Gold,0,0
C47828,Matthew,Moore,matthew.moore178@icloud.com,SG,N/A,Pending,Critical,421,314573,5061.54,2022-07-23,Platinum,0,0
C67560,Patricia,Taylor,patricia.taylor482@proton.me,US,WA,Verified,Low,554,291684,35806.02,2020-11-06,Silver,1,0
C26299,Ashley,Robinson,ashley.robinson619@gmail.com,US,MI,Under Review,Medium,488,180006,54142.77,2020-04-28,Gold,0,0
C71433,Richard,King,richard.king102@yahoo.com,DE,N/A,Under Review,Medium,487,24314,46103.38,2023-11-17,Silver,0,0
C49857,Margaret,Gonzalez,margaret.gonzalez476@fintechmail.io,GB,N/A,Pending,Low,838,85525,44741.13,2024-08-05,Gold,0,0
C62757,Emily,Nguyen,emily.nguyen933@gmail.com,FR,N/A,Verified,High,,297120,49654.78,2023-02-24,Gold,1,0
C45683,Sofia,White,sofia.white88@yahoo.com,US,MA,Under Review,Low,707,180066,22749.79,2022-08-20,Standard,0,0
C75597,Jennifer,Martin,jennifer.martin597@yahoo.com,IN,N/A,Under Review,Low,834,201660,60367.71,2021-09-13,VIP,0,0
C80776,Jennifer,Patel,jennifer.patel428@outlook.com,GB,N/A,Verified,Medium,732,150500,38255.35,2019-07-14,Platinum,0,0
C74722,Betty,Jones,betty.jones930@proton.me,US,OH,Verified,High,829,32563,13308.91,2021-07-10,VIP,1,1
C67377,Robert,Anderson,robert.anderson751@fintechmail.io,CA,N/A,Verified,Medium,747,66243,45666.89,2021-12-07,Gold,0,0
C20543,Betty,Thompson,betty.thompson911@icloud.com,US,NY,Verified,Critical,607,312451,72329.42,2023-10-10,VIP,0,0
C88385,Margaret,Davis,margaret.davis186@icloud.com,SG,N/A,Rejected,Low,444,256064,20921.57,2020-08-18,Platinum,0,0
C15224,Mary,Nguyen,mary.nguyen547@outlook.com,IN,N/A,Verified,Medium,448,207933,14892.33,2022-01-22,VIP,0,0
C66626,Michael,Thompson,michael.thompson380@yahoo.com,US,NC,Verified,Low,425,104714,19214.38,2023-03-27,Standard,0,0
C52247,Andrew,Rodriguez,andrew.rodriguez815@fintechmail.io,FR,N/A,Verified,Low,602,44064,65739.66,2024-07-08,VIP,0,0
C89129,John,White,john.white245@outlook.com,GB,N/A,Pending,Critical,767,193898,6349.57,2023-09-01,Platinum,1,0
C42816,Jennifer,Robinson,jennifer.robinson517@gmail.com,FR,N/A,Rejected,Low,652,79544,16922.04,2021-01-08,Silver,1,0
C13390,Thomas,Martinez,thomas.martinez494@gmail.com,US,MA,Under Review,Low,451,103701,17000.25,2022-01-07,VIP,0,0
C21970,Amara,Jackson,amara.jackson840@fintechmail.io,GB,N/A,Verified,High,711,26480,61833.3,2023-07-17,Silver,0,0
C40005,Carlos,Lopez,carlos.lopez712@fintechmail.io,CA,N/A,Pending,Critical,503,186858,48871.13,2021-12-14,Silver,0,0
C98381,Margaret,Anderson,margaret.anderson231@proton.me,CA,N/A,Pending,Medium,523,29591,37834.49,2021-11-15,Gold,0,0
C85392,Barbara,Allen,barbara.allen805@icloud.com,CA,N/A,Verified,Critical,589,57011,57854.42,2022-12-14,Gold,0,0
C86955,Liam,Miller,liam.miller253@outlook.com,AU,N/A,Verified,Medium,848,127260,52712.52,2022-03-18,Gold,1,0
C12719,Nancy,Chen,nancy.chen160@proton.me,DE,N/A,Verified,Low,443,252886,32807.39,2024-03-18,VIP,0,0
C98117,Michelle,King,michelle.king377@outlook.com,FR,N/A,Verified,Low,701,43502,27122.42,2020-10-31,VIP,0,0
C45325,Liam,Silva,liam.silva577@gmail.com,SG,N/A,Under Review,Low,844,134055,41127.58,2022-07-08,Gold,1,0
C85529,Mary,Hill,mary.hill302@yahoo.com,US,AZ,Under Review,High,,308997,58957.33,2019-12-18,Platinum,0,0
C15273,Emma,Gonzalez,emma.gonzalez99@gmail.com,AU,N/A,Verified,Critical,541,155635,32971.86,2024-03-13,Standard,1,0
C32962,Christopher,Robinson,christopher.robinson196@proton.me,DE,N/A,Rejected,Medium,584,254227,13583.66,2022-02-14,Standard,1,0
C71669,Emma,Lee,emma.lee780@yahoo.com,GB,N/A,Verified,Low,593,212686,26802.53,2024-02-05,VIP,0,0
C78021,Elizabeth,Harris,elizabeth.harris446@icloud.com,FR,N/A,Pending,Medium,704,120142,6807.84,2019-12-02,Gold,0,0
C95394,Barbara,Miller,barbara.miller346@icloud.com,US,TX,Verified,Medium,682,52022,46229.36,2021-03-10,Platinum,1,0
C67963,Betty,Jackson,betty.jackson174@gmail.com,CA,N/A,Verified,Medium,382,35712,33858.44,2022-03-29,VIP,0,1
C46458,Wei,Lopez,wei.lopez185@outlook.com,AU,N/A,Verified,Low,394,252774,64987.54,2019-12-27,Silver,0,0
C33788,Charles,Ramirez,charles.ramirez814@fintechmail.io,US,WA,Rejected,High,407,27555,65555.54,2020-08-31,Standard,1,0
C86720,Joshua,White,joshua.white616@proton.me,SG,N/A,Verified,Low,784,269681,7890.47,2021-07-30,Gold,0,0
C67132,Jessica,Harris,jessica.harris14@proton.me,IN,N/A,Verified,Medium,770,206212,68354.31,2022-07-05,Silver,0,0
C93202,Linda,Williams,linda.williams934@fintechmail.io,CA,N/A,Verified,Medium,412,121805,20177.85,2023-10-06,Standard,0,0
C74451,Mary,Scott,mary.scott933@icloud.com,US,WA,Under Review,Medium,696,138988,33890.11,2023-03-17,Platinum,1,0
C21959,David,Martin,david.martin746@gmail.com,SG,N/A,Verified,High,353,309092,26392.85,2022-10-28,Standard,0,0
C71605,Wei,Lopez,wei.lopez507@outlook.com,SG,N/A,Pending,Low,682,232851,22985.58,2022-02-08,VIP,0,0
C55607,Kimberly,Gonzalez,kimberly.gonzalez496@outlook.com,DE,N/A,Pending,Low,657,314307,62034.0,2022-10-23,Platinum,0,0
C63523,Richard,Williams,richard.williams676@fintechmail.io,FR,N/A,Verified,Critical,643,39657,31089.79,2020-01-10,VIP,1,0
C53687,Joshua,Martinez,joshua.martinez562@proton.me,US,VA,Rejected,Low,540,130413,59996.65,2022-06-13,VIP,0,0
C52081,Amara,Hill,amara.hill809@proton.me,US,NJ,Under Review,High,789,28952,69299.65,2022-10-04,Gold,0,0
C97835,Richard,Walker,richard.walker515@proton.me,GB,N/A,Verified,High,448,235124,36062.2,2020-07-04,Platinum,1,0
C23710,David,Rodriguez,david.rodriguez718@yahoo.com,IN,N/A,Pending,High,416,104007,14042.85,2024-09-04,Gold,0,0
C31079,Priya,Thompson,priya.thompson627@yahoo.com,US,GA,Rejected,High,502,141738,62988.25,2023-07-09,VIP,0,0
C53228,Ashley,Garcia,ashley.garcia185@fintechmail.io,US,TX,Verified,High,755,245536,39626.45,2021-11-21,VIP,0,0
C63955,Emma,Nguyen,emma.nguyen59@icloud.com,AU,N/A,Verified,Low,382,251428,43771.88,2020-02-03,Silver,0,0
C74942,Betty,Clark,betty.clark201@proton.me,US,OH,Verified,Low,410,116714,30408.17,2022-03-21,Standard,0,0
C47777,Sofia,Ramirez,sofia.ramirez26@proton.me,US,MA,Rejected,Low,754,238644,50065.9,2019-08-20,Standard,0,0
C96846,Mark,Ramirez,mark.ramirez740@proton.me,SG,N/A,Verified,High,531,57276,25130.73,2023-04-23,VIP,0,0
C62488,Ashley,Clark,ashley.clark377@outlook.com,US,FL,Verified,High,407,236721,68048.21,2022-04-11,Gold,0,0
C82102,Yuki,Ramirez,yuki.ramirez85@yahoo.com,US,MA,Rejected,Low,781,138597,32980.65,2022-02-23,Gold,0,0
C14809,Aarav,Flores,aarav.flores291@icloud.com,US,CA,Verified,Low,489,136254,31132.66,2023-11-14,Platinum,0,0
C69614,Nancy,Anderson,nancy.anderson350@outlook.com,US,TX,Rejected,Medium,767,297625,8092.72,2023-02-05,Gold,0,0
C21542,Nancy,Davis,nancy.davis427@gmail.com,IN,N/A,Under Review,Medium,426,136967,69797.21,2024-04-15,Silver,0,0
C51224,Michelle,Wright,michelle.wright434@yahoo.com,GB,N/A,Under Review,Medium,717,231332,73621.05,2021-11-22,Platinum,0,0
C43082,Sofia,Thompson,sofia.thompson684@icloud.com,US,NJ,Under Review,High,500,264600,60937.94,2024-06-02,VIP,0,0
C52372,Joseph,Ramirez,joseph.ramirez815@yahoo.com,SG,N/A,Pending,Low,771,247175,55513.67,2020-08-04,Standard,0,0
C25194,Linda,Sanchez,linda.sanchez673@yahoo.com,CA,N/A,Verified,Low,560,245918,66879.23,2024-05-26,Gold,0,0
C62976,Donald,Allen,donald.allen507@outlook.com,US,CA,Under Review,Medium,795,83363,34358.31,2023-10-30,VIP,1,0
C77449,Kimberly,Martinez,kimberly.martinez399@outlook.com,US,NJ,Rejected,High,741,108762,54969.68,2024-10-14,VIP,1,0
C10150,Betty,Ramirez,betty.ramirez984@icloud.com,US,IL,Pending,Medium,503,164726,44342.47,2020-10-08,Platinum,0,0
C96200,Robert,Allen,robert.allen951@outlook.com,US,MI,Verified,Medium,362,182562,28685.08,2024-05-25,VIP,0,0
C81118,Aarav,White,aarav.white643@icloud.com,US,WA,Verified,Low,669,179500,30515.9,2021-12-23,Gold,0,0
C70552,Susan,Johnson,susan.johnson894@outlook.com,CA,N/A,Verified,Critical,375,110626,26907.51,2024-10-08,Gold,1,0
C64165,Paul,Jackson,paul.jackson638@outlook.com,US,IL,Verified,Low,390,175074,51762.55,2020-12-12,Gold,0,0
C17104,Liam,Williams,liam.williams400@yahoo.com,US,NC,Verified,Low,730,273593,72378.99,2023-07-26,Gold,0,0
C34586,Margaret,Ramirez,margaret.ramirez554@fintechmail.io,US,OH,Under Review,Low,525,292492,30307.23,2021-09-19,VIP,1,0
C77952,Yuki,Jones,yuki.jones913@icloud.com,SG,N/A,Verified,Critical,373,221249,4903.94,2020-01-14,Platinum,0,0
C57419,David,Lopez,david.lopez446@icloud.com,GB,N/A,Under Review,Medium,596,110229,7106.71,2022-10-03,VIP,1,0
C91609,Margaret,Patel,margaret.patel574@fintechmail.io,FR,N/A,Verified,High,686,55412,3738.33,2019-09-10,Silver,0,0
C75338,Michael,Garcia,michael.garcia561@outlook.com,FR,N/A,Rejected,Medium,652,302461,67424.75,2023-05-29,Platinum,0,0
C91973,Emily,King,emily.king175@outlook.com,DE,N/A,Verified,Critical,693,286791,69238.89,2024-03-26,Silver,1,0
C67939,Nancy,Dubois,nancy.dubois128@fintechmail.io,US,NJ,Verified,Low,450,85708,43848.35,2024-10-26,Standard,0,0
C16764,Yuki,Chen,yuki.chen996@gmail.com,FR,N/A,Verified,Medium,781,176342,26795.64,2023-03-27,Standard,0,0
C36680,William,Chen,william.chen903@yahoo.com,DE,N/A,Pending,Medium,581,68428,31573.23,2021-08-26,Standard,0,0
C45003,Daniel,Johnson,daniel.johnson734@outlook.com,US,WA,Pending,Medium,528,42682,48297.77,2024-03-01,VIP,0,0
C81987,Priya,Garcia,priya.garcia37@icloud.com,CA,N/A,Verified,Medium,485,313776,23922.62,2020-11-21,VIP,0,0
C27172,Thomas,Ramirez,thomas.ramirez998@fintechmail.io,US,FL,Pending,High,429,194245,413.28,2020-12-05,Standard,0,0
C47752,Priya,Rossi,priya.rossi609@fintechmail.io,SG,N/A,Verified,Medium,542,134598,24432.07,2021-03-13,Platinum,0,0
C67424,Anthony,Perez,anthony.perez579@proton.me,AU,N/A,Verified,Medium,556,282646,73372.68,2023-05-05,Gold,0,0
C73532,Thomas,Brown,thomas.brown286@outlook.com,US,NY,Verified,Low,,219273,24128.87,2021-03-16,VIP,0,0
C25915,Lisa,Jones,lisa.jones460@fintechmail.io,US,IL,Verified,High,486,209467,24426.93,2021-02-06,Gold,0,0
C13783,Jessica,Kim,jessica.kim394@gmail.com,US,WA,Verified,High,698,231185,24267.92,2021-02-07,Silver,1,0
C92578,Jessica,Thompson,jessica.thompson926@yahoo.com,SG,N/A,Rejected,Critical,377,283697,53545.86,2022-09-04,Gold,0,0
C89806,Lisa,Hill,lisa.hill59@fintechmail.io,US,IL,Verified,High,353,77951,59367.33,2023-02-11,Platinum,0,0
C41365,Susan,Muller,susan.muller431@proton.me,US,AZ,Under Review,Low,493,170864,68640.65,2021-09-19,Standard,0,0
C30758,Elizabeth,King,elizabeth.king729@proton.me,AU,N/A,Verified,Critical,566,276283,16946.05,2021-08-01,Gold,0,0
C50730,Jessica,Martinez,jessica.martinez783@proton.me,US,PA,Verified,High,496,84555,34491.29,2021-11-22,VIP,0,0
C82199,William,Hernandez,william.hernandez71@gmail.com,SG,N/A,Verified,High,716,57286,65284.13,2023-12-23,Gold,1,0
C11792,Sofia,Young,sofia.young210@yahoo.com,GB,N/A,Rejected,High,629,49934,70074.32,2020-01-23,Platinum,0,0
C82384,Emily,Young,emily.young109@yahoo.com,US,WA,Under Review,Medium,354,58189,14351.5,2021-04-25,Platinum,0,0
C63476,Joshua,Perez,joshua.perez498@yahoo.com,US,NC,Verified,High,584,192393,50721.29,2020-05-23,Silver,0,0
C22217,Wei,Hill,wei.hill770@outlook.com,GB,N/A,Rejected,Critical,643,123652,25201.27,2022-09-02,Standard,0,0
C24871,Yuki,Lewis,yuki.lewis990@proton.me,SG,N/A,Under Review,Medium,403,274350,12758.43,2023-01-12,VIP,0,0
C70482,Kimberly,Tanaka,kimberly.tanaka271@icloud.com,US,AZ,Pending,Critical,818,284102,12644.28,2020-03-15,VIP,0,0
C25396,Jennifer,Taylor,jennifer.taylor588@fintechmail.io,CA,N/A,Rejected,Critical,410,22037,5413.31,2021-02-02,Silver,0,0
C94896,James,Martin,james.martin597@gmail.com,US,PA,Pending,Medium,703,217373,57345.66,2020-04-19,Platinum,0,0
C30181,Donna,Allen,donna.allen820@proton.me,GB,N/A,Verified,Medium,840,222613,7817.55,2021-03-24,Standard,0,0
C75323,Carlos,Hernandez,carlos.hernandez792@proton.me,US,PA,Under Review,Critical,738,25384,10611.72,2023-03-21,Platinum,1,0
C48254,Emma,Johnson,emma.johnson866@yahoo.com,CA,N/A,Rejected,High,566,137565,46442.17,2022-12-09,VIP,0,0
C76698,Elizabeth,Williams,elizabeth.williams253@yahoo.com,US,NC,Verified,Low,570,173023,60506.5,2020-03-25,Gold,1,0
C45838,James,Miller,james.miller728@proton.me,DE,N/A,Rejected,Low,794,70435,19432.85,2020-01-06,Gold,0,0
C64459,Priya,Muller,priya.muller839@fintechmail.io,US,FL,Rejected,Low,357,26474,26168.34,2021-10-08,VIP,0,0
C73242,Ashley,Williams,ashley.williams793@yahoo.com,US,NJ,Verified,Medium,560,118016,51815.1,2022-10-06,VIP,1,0
C71894,Michael,Torres,michael.torres130@icloud.com,IN,N/A,Under Review,High,749,120035,386.95,2022-08-24,Gold,0,0
C41946,Emily,Miller,emily.miller356@proton.me,US,WA,Pending,Medium,359,231505,30817.2,2021-10-09,Standard,0,0
C69871,Andrew,Gonzalez,andrew.gonzalez452@icloud.com,US,NJ,Verified,Low,803,159442,12663.65,2022-10-31,VIP,0,0
C82255,Mark,Garcia,mark.garcia874@yahoo.com,DE,N/A,Verified,Low,799,212990,1567.93,2021-10-16,Standard,1,0
C28958,Charles,Smith,charles.smith294@gmail.com,GB,N/A,Verified,Low,690,281667,29064.82,2020-08-01,Gold,0,0
C60277,Kimberly,Johnson,kimberly.johnson929@outlook.com,SG,N/A,Under Review,High,719,59943,31017.62,2019-11-01,VIP,0,0
C34983,Nancy,Hernandez,nancy.hernandez695@icloud.com,FR,N/A,Rejected,Low,368,56760,7452.94,2020-06-03,VIP,1,0
C88561,Michelle,Nguyen,michelle.nguyen736@icloud.com,CA,N/A,Rejected,Low,460,221269,25519.22,2024-07-25,VIP,0,0
C76616,Paul,Anderson,paul.anderson16@fintechmail.io,US,TX,Verified,Medium,,174943,26962.44,2023-02-04,VIP,0,0
C27892,David,Williams,david.williams426@outlook.com,GB,N/A,Verified,Medium,418,51733,24085.77,2019-11-26,Standard,0,0
C19150,Sarah,Williams,sarah.williams510@outlook.com,US,MI,Verified,Critical,,310716,3879.96,2021-05-08,Standard,0,0
C46208,James,Tanaka,james.tanaka777@icloud.com,CA,N/A,Verified,Low,600,246496,26673.57,2020-02-14,Platinum,0,0
C64387,Susan,Rodriguez,susan.rodriguez621@yahoo.com,GB,N/A,Verified,Critical,837,244362,7517.31,2021-08-03,Gold,0,0
C54548,David,Nguyen,david.nguyen366@icloud.com,DE,N/A,Verified,Low,542,233646,33465.88,2024-04-06,Standard,1,0
C76550,Kimberly,Patel,kimberly.patel950@fintechmail.io,US,NJ,Verified,High,,141837,49067.76,2023-05-15,Silver,1,1
C45018,Aarav,Thompson,aarav.thompson357@fintechmail.io,US,MA,Verified,Low,727,312786,58024.18,2020-11-18,Gold,0,0
C10336,Anthony,Thompson,anthony.thompson147@fintechmail.io,US,NC,Pending,Low,669,54051,41780.42,2019-12-25,Standard,0,0
C47072,Mary,Allen,mary.allen132@gmail.com,US,VA,Pending,Medium,827,289758,57802.73,2024-07-01,VIP,1,0
C49132,Amara,Jones,amara.jones751@gmail.com,DE,N/A,Verified,Critical,511,180432,1741.2,2021-11-14,Gold,1,0
C86931,Yuki,Torres,yuki.torres580@yahoo.com,SG,N/A,Verified,Low,,305384,54120.49,2023-02-08,VIP,0,0
C86011,Wei,Harris,wei.harris906@gmail.com,SG,N/A,Under Review,High,631,120200,12823.24,2021-07-11,VIP,0,0
C96499,Robert,Silva,robert.silva368@outlook.com,AU,N/A,Under Review,Medium,630,218393,34052.06,2021-12-27,VIP,0,0
C74178,Priya,Sharma,priya.sharma869@fintechmail.io,GB,N/A,Verified,High,751,77164,57835.31,2019-10-21,Silver,0,0
C29476,Michael,Jackson,michael.jackson811@gmail.com,DE,N/A,Verified,Low,669,282787,67062.43,2023-07-14,VIP,1,0
C68529,Charles,Brown,charles.brown475@yahoo.com,CA,N/A,Rejected,Low,816,318133,36878.9,2023-03-13,Standard,0,0
C80592,Kimberly,Walker,kimberly.walker720@outlook.com,SG,N/A,Rejected,Low,364,307835,21035.51,2024-09-21,Silver,0,0
C73483,Ashley,Hill,ashley.hill62@outlook.com,US,MI,Under Review,High,568,279197,12924.11,2022-03-19,Silver,0,0
C55236,Mateo,Nguyen,mateo.nguyen222@icloud.com,GB,N/A,Rejected,Medium,690,70336,4460.46,2023-08-13,Silver,1,0
C53573,Charles,White,charles.white925@proton.me,US,MA,Under Review,Critical,641,165916,2884.39,2023-12-25,Platinum,1,0
C82340,Liam,Gonzalez,liam.gonzalez61@fintechmail.io,SG,N/A,Verified,Medium,408,32142,43924.69,2024-03-14,VIP,0,0
C81228,Amara,Wilson,amara.wilson241@gmail.com,US,MI,Verified,High,726,158128,32430.29,2024-05-22,Gold,1,0
C59441,Wei,Wilson,wei.wilson744@icloud.com,US,OH,Verified,Low,666,304659,73772.59,2022-11-06,Silver,0,0
C69682,Carlos,Hill,carlos.hill695@proton.me,IN,N/A,Under Review,Low,714,173494,18734.41,2020-06-29,VIP,0,0
C52176,Sarah,Kim,sarah.kim941@icloud.com,AU,N/A,Pending,Low,425,294246,17691.27,2023-03-10,VIP,1,0
C34727,Donna,Hill,donna.hill484@fintechmail.io,GB,N/A,Verified,Medium,608,288452,27349.07,2022-09-28,Silver,0,0
C41300,Amara,Perez,amara.perez488@icloud.com,US,NC,Verified,Low,600,260175,69967.26,2022-12-15,Gold,1,0
C84946,Michael,Jones,michael.jones574@proton.me,US,FL,Verified,Medium,474,41290,48073.53,2021-10-14,VIP,1,0
C60196,Charles,Davis,charles.davis928@outlook.com,FR,N/A,Verified,Medium,720,137000,24332.64,2019-09-20,VIP,0,0
C40613,Betty,Anderson,betty.anderson747@gmail.com,FR,N/A,Under Review,Medium,761,170445,66313.51,2020-09-15,Standard,1,0
C63841,Paul,Garcia,paul.garcia467@icloud.com,FR,N/A,Pending,High,442,153200,57543.7,2023-01-17,Silver,0,0
C15720,Lisa,Silva,lisa.silva288@proton.me,DE,N/A,Verified,Low,793,140051,2599.6,2021-02-22,VIP,1,0
C51704,Linda,Smith,linda.smith231@outlook.com,AU,N/A,Rejected,Critical,726,240389,41687.57,2022-01-23,Gold,0,0
C59968,John,Taylor,john.taylor984@fintechmail.io,SG,N/A,Pending,Critical,488,41722,654.88,2020-09-16,Gold,0,0
C60604,Daniel,Clark,daniel.clark160@fintechmail.io,IN,N/A,Verified,Low,824,301677,17813.11,2019-09-18,Standard,0,0
C96991,Liam,Thomas,liam.thomas996@outlook.com,FR,N/A,Verified,Low,821,252726,65446.39,2022-06-08,VIP,0,0
C95461,Joshua,Walker,joshua.walker835@proton.me,SG,N/A,Verified,Medium,673,298779,68128.94,2022-07-25,Silver,0,0
C29936,Nancy,Moore,nancy.moore981@proton.me,US,IL,Verified,Low,,191114,1261.25,2021-10-22,Platinum,1,0
C74923,Emma,Flores,emma.flores903@proton.me,IN,N/A,Rejected,Medium,655,310191,72592.5,2022-06-05,Platinum,0,0
C14852,David,Brown,david.brown79@yahoo.com,CA,N/A,Under Review,Medium,741,54633,34815.26,2020-09-10,Standard,0,0
C26547,Amara,Hill,amara.hill413@icloud.com,SG,N/A,Pending,Low,462,275518,65112.53,2020-09-01,Platinum,0,0
C75836,Amara,Martin,amara.martin477@outlook.com,DE,N/A,Verified,Medium,531,307818,46906.5,2021-01-11,VIP,0,0
C87356,Jessica,Martinez,jessica.martinez122@proton.me,US,OH,Verified,Medium,493,101257,27600.67,2019-12-16,Standard,0,0
C53515,Aarav,Clark,aarav.clark290@fintechmail.io,FR,N/A,Under Review,Low,803,295935,70996.48,2023-01-29,Gold,0,0
C23154,Liam,Rossi,liam.rossi828@yahoo.com,FR,N/A,Under Review,Medium,833,206126,53173.39,2024-08-28,Silver,0,0
C67711,Margaret,Sharma,margaret.sharma825@fintechmail.io,CA,N/A,Verified,Low,578,271865,46735.45,2023-08-10,Platinum,0,0
C23069,Barbara,Johnson,barbara.johnson353@icloud.com,US,VA,Verified,Low,350,250076,54269.78,2024-03-09,Platinum,0,0
C78937,Margaret,Harris,margaret.harris809@icloud.com,FR,N/A,Verified,Medium,634,68577,68444.0,2023-01-13,VIP,0,0
C69890,Mary,Torres,mary.torres691@proton.me,IN,N/A,Verified,Low,625,219704,21173.43,2019-09-11,Standard,0,0
C12011,Donald,Hernandez,donald.hernandez61@gmail.com,AU,N/A,Verified,High,714,259129,58925.91,2022-08-08,Silver,0,0
C28894,Jennifer,Rodriguez,jennifer.rodriguez460@proton.me,AU,N/A,Verified,High,817,316935,30609.09,2021-01-21,Gold,0,0
C63736,Mateo,Miller,mateo.miller560@gmail.com,GB,N/A,Verified,Medium,765,169911,15738.06,2023-04-25,Standard,0,0
C95823,Michael,Patel,michael.patel44@yahoo.com,US,CA,Pending,Medium,808,231327,60553.42,2024-12-02,Gold,1,0
C30232,Sandra,Robinson,sandra.robinson52@fintechmail.io,DE,N/A,Verified,High,711,301577,7751.28,2021-05-24,Gold,0,0
C19807,Anthony,Jones,anthony.jones46@icloud.com,US,OH,Verified,Medium,791,110440,61879.31,2024-02-16,Silver,0,0
C71537,Sarah,Harris,sarah.harris868@icloud.com,IN,N/A,Verified,Low,650,216304,3245.34,2021-04-06,Gold,1,0
C44737,Robert,Walker,robert.walker233@gmail.com,AU,N/A,Rejected,Medium,540,172025,38809.64,2020-01-18,Standard,1,0
C54375,Andrew,Jackson,andrew.jackson74@icloud.com,IN,N/A,Rejected,High,818,234365,52541.86,2023-09-16,Platinum,1,0
C91691,Steven,Young,steven.young945@gmail.com,GB,N/A,Verified,High,456,238687,29236.08,2022-10-23,Silver,0,0
C62098,Sandra,Young,sandra.young488@gmail.com,DE,N/A,Under Review,Medium,500,56962,27785.64,2024-07-03,VIP,0,0
C95175,Donna,Taylor,donna.taylor928@gmail.com,US,VA,Pending,Low,387,27110,33685.99,2023-11-06,VIP,1,0
C20527,Betty,Sharma,betty.sharma374@gmail.com,AU,N/A,Verified,Low,702,226118,40290.93,2022-10-24,Gold,0,0
C53065,Sarah,Silva,sarah.silva841@proton.me,FR,N/A,Pending,Low,833,50204,20747.18,2019-12-18,Standard,0,0
C98389,Sandra,Robinson,sandra.robinson474@icloud.com,US,NC,Pending,Critical,492,105033,36564.95,2021-01-26,Standard,1,0
C79942,Yuki,Chen,yuki.chen597@gmail.com,US,NY,Pending,High,702,174947,53138.09,2019-12-26,Silver,0,0
C59808,Karen,Jackson,karen.jackson964@gmail.com,US,NJ,Pending,Medium,767,187829,3347.94,2021-05-01,VIP,1,0
C51505,Christopher,Hill,christopher.hill809@yahoo.com,FR,N/A,Verified,Critical,663,217521,60633.82,2024-07-01,Platinum,0,0
C92155,Thomas,Wilson,thomas.wilson37@fintechmail.io,US,IL,Rejected,Low,717,199858,49854.98,2021-07-03,Platinum,0,0
C73956,Donna,Garcia,donna.garcia60@outlook.com,FR,N/A,Under Review,Low,689,306849,68786.0,2021-06-06,Silver,1,0
C80912,Carlos,Muller,carlos.muller536@proton.me,FR,N/A,Verified,Medium,700,79181,14943.91,2022-08-11,VIP,0,0
C14705,Ashley,Lee,ashley.lee874@gmail.com,IN,N/A,Verified,Critical,434,239801,48684.35,2024-07-18,Gold,0,0
C90931,Michelle,Miller,michelle.miller317@fintechmail.io,AU,N/A,Verified,Medium,672,319704,69194.91,2024-05-17,Platinum,0,1
C18968,Priya,Muller,priya.muller999@icloud.com,SG,N/A,Verified,Low,613,230018,65672.65,2020-05-17,Gold,0,0
C40771,Jessica,Smith,jessica.smith238@icloud.com,IN,N/A,Under Review,Medium,534,154357,67893.54,2020-05-29,VIP,0,0
C92727,Michelle,King,michelle.king512@yahoo.com,US,CA,Rejected,Critical,514,229327,6854.53,2020-06-06,VIP,0,0
C99705,Mateo,Young,mateo.young164@yahoo.com,SG,N/A,Under Review,Medium,470,145222,34880.16,2020-12-16,Standard,0,0
C47667,Susan,King,susan.king648@proton.me,US,WA,Rejected,Low,569,306340,70997.77,2022-02-28,Standard,0,0
C39817,Paul,Lewis,paul.lewis248@proton.me,DE,N/A,Verified,High,624,246549,46882.31,2024-09-27,Platinum,0,0
C21846,Sofia,Lee,sofia.lee264@yahoo.com,IN,N/A,Verified,Low,541,92286,39147.49,2020-05-24,Platinum,1,0
C66881,Mark,White,mark.white278@fintechmail.io,US,AZ,Verified,Low,472,67006,9082.68,2024-04-25,Standard,0,0
C22903,Emma,Torres,emma.torres507@icloud.com,SG,N/A,Verified,Low,534,319560,35509.96,2024-01-22,VIP,0,0
C93066,Lisa,Brown,lisa.brown846@fintechmail.io,SG,N/A,Rejected,High,533,193920,4994.47,2024-06-26,VIP,0,0
C23173,Michelle,Thomas,michelle.thomas332@fintechmail.io,CA,N/A,Under Review,High,732,273105,48703.02,2023-06-21,VIP,0,0
C68153,Steven,Kim,steven.kim575@icloud.com,FR,N/A,Pending,Medium,559,130829,3030.17,2019-08-09,Standard,0,0
C31805,Sofia,Kim,sofia.kim460@proton.me,FR,N/A,Pending,Low,516,78243,41141.44,2022-04-06,Platinum,0,0
C49251,Jessica,Lewis,jessica.lewis636@outlook.com,CA,N/A,Pending,High,570,290154,41052.58,2021-12-11,Silver,0,0
C13794,Donald,Martin,donald.martin625@gmail.com,CA,N/A,Verified,High,656,82026,67874.56,2022-08-28,VIP,1,0
C16028,Paul,White,paul.white301@yahoo.com,DE,N/A,Under Review,Medium,712,95205,44555.46,2024-02-21,Silver,0,0
C52516,Wei,Moore,wei.moore892@proton.me,SG,N/A,Under Review,Medium,374,252630,52972.26,2020-07-13,Gold,0,0
C17355,Barbara,Young,barbara.young192@proton.me,US,GA,Rejected,Medium,765,169351,69921.2,2020-09-22,Gold,1,0
C48452,Sarah,Miller,sarah.miller989@gmail.com,US,GA,Verified,Low,403,312914,29607.71,2024-03-29,Standard,0,0
C56984,Karen,Moore,karen.moore74@yahoo.com,FR,N/A,Verified,Medium,602,209046,46128.08,2024-09-01,Gold,0,0
C59131,Sandra,Patel,sandra.patel743@fintechmail.io,CA,N/A,Rejected,Low,683,222790,20262.67,2022-04-28,VIP,0,0
C66450,Liam,Silva,liam.silva787@icloud.com,FR,N/A,Pending,High,391,286365,65336.03,2021-09-15,Standard,0,0
C29080,Amara,Smith,amara.smith333@outlook.com,US,NY,Verified,Medium,492,184526,50530.51,2023-10-24,Standard,1,0
C42007,Barbara,Moore,barbara.moore140@outlook.com,US,MA,Pending,Medium,464,27307,39086.67,2021-11-11,VIP,0,0
C79621,Sofia,Rodriguez,sofia.rodriguez934@gmail.com,IN,N/A,Verified,Medium,514,136771,63998.74,2021-05-10,Silver,0,0
C64008,Liam,Rodriguez,liam.rodriguez215@yahoo.com,US,GA,Verified,Critical,605,71699,60956.78,2024-03-07,VIP,0,0
C99364,Liam,Torres,liam.torres234@proton.me,CA,N/A,Verified,Low,758,301015,38101.2,2022-11-21,Platinum,0,0
C33600,Anthony,Torres,anthony.torres78@fintechmail.io,SG,N/A,Verified,Medium,790,87844,56019.82,2024-09-08,Platinum,1,0
C32280,William,Flores,william.flores804@fintechmail.io,DE,N/A,Verified,Critical,808,70331,26758.36,2022-09-12,VIP,0,0
C32946,Mateo,Sanchez,mateo.sanchez89@icloud.com,CA,N/A,Verified,Medium,419,115799,57731.22,2023-05-07,VIP,0,0
C20350,Linda,Chen,linda.chen189@outlook.com,FR,N/A,Verified,Low,653,146541,41644.27,2022-05-31,Silver,0,0
C89887,Michael,Lopez,michael.lopez80@icloud.com,IN,N/A,Verified,High,428,117115,48835.62,2020-10-28,Platinum,1,0
C91226,Michael,Martin,michael.martin60@outlook.com,US,PA,Pending,Low,445,299954,73976.0,2023-06-20,VIP,1,0
C99539,John,Walker,john.walker933@fintechmail.io,DE,N/A,Verified,Medium,662,289831,64482.16,2023-06-07,Platinum,0,0
C41566,Christopher,Clark,christopher.clark885@outlook.com,DE,N/A,Pending,Medium,495,223176,5641.08,2023-07-06,Platinum,0,0
C75230,Michelle,Walker,michelle.walker238@icloud.com,US,IL,Rejected,High,719,212584,1299.92,2024-07-15,Standard,0,0
C86435,Joseph,Nguyen,joseph.nguyen43@fintechmail.io,IN,N/A,Under Review,Low,674,146564,47664.2,2022-11-29,Standard,0,0
C28758,Jessica,Torres,jessica.torres622@fintechmail.io,US,FL,Pending,Medium,408,183035,73084.53,2021-12-19,VIP,0,0
C40433,Margaret,Jones,margaret.jones470@yahoo.com,GB,N/A,Pending,Critical,552,141151,36468.56,2024-09-12,Silver,0,0
C70443,Linda,Martin,linda.martin830@yahoo.com,DE,N/A,Under Review,Critical,818,242140,4035.12,2019-12-15,VIP,0,0
C93611,Joseph,Hernandez,joseph.hernandez194@proton.me,SG,N/A,Verified,Critical,373,80184,13666.77,2020-09-07,Platinum,0,0
C43289,Charles,Jones,charles.jones472@fintechmail.io,AU,N/A,Verified,Low,804,77746,1683.76,2022-01-18,VIP,1,0
C70236,Sarah,Kim,sarah.kim567@yahoo.com,US,TX,Verified,Critical,576,169659,38244.74,2022-07-21,Standard,1,0
C43466,Liam,Flores,liam.flores381@proton.me,CA,N/A,Rejected,Critical,819,199562,68490.49,2024-10-02,VIP,1,0
C97404,Mateo,Dubois,mateo.dubois849@outlook.com,IN,N/A,Verified,High,746,52708,72520.1,2020-01-22,Platinum,0,0
C11231,Aarav,Johnson,aarav.johnson39@gmail.com,GB,N/A,Verified,Low,821,189123,61221.87,2021-06-12,Platinum,0,0
C70981,Richard,Patel,richard.patel598@yahoo.com,GB,N/A,Verified,Medium,622,250434,16344.09,2020-08-20,Standard,0,0
C47700,Carlos,Muller,carlos.muller534@fintechmail.io,US,AZ,Verified,Critical,689,43287,8563.46,2021-10-03,Standard,0,0
C98815,Ashley,Hill,ashley.hill746@proton.me,US,VA,Rejected,Low,683,250713,61007.78,2024-05-15,Gold,0,0
C81643,Patricia,Clark,patricia.clark756@outlook.com,AU,N/A,Pending,Medium,576,116244,38267.14,2023-10-07,VIP,0,0
C30706,Ashley,Walker,ashley.walker825@gmail.com,DE,N/A,Verified,Low,729,137007,9901.24,2020-09-17,Platinum,0,0
C19681,Anthony,Moore,anthony.moore398@fintechmail.io,US,CA,Verified,Low,572,224281,68187.04,2020-06-21,VIP,0,0
C67898,Susan,Young,susan.young935@gmail.com,SG,N/A,Verified,Medium,696,274826,43640.63,2023-10-22,Standard,0,0
C55293,Elizabeth,Gonzalez,elizabeth.gonzalez304@icloud.com,GB,N/A,Verified,Medium,791,100604,7039.29,2021-09-15,Platinum,0,0
C87014,Christopher,Rodriguez,christopher.rodriguez111@icloud.com,IN,N/A,Verified,Low,736,205211,65329.42,2021-12-22,Standard,1,0
C49210,Matthew,Sharma,matthew.sharma625@proton.me,CA,N/A,Rejected,Low,464,261280,2180.63,2020-07-05,VIP,1,0
C93746,Mark,Scott,mark.scott89@fintechmail.io,AU,N/A,Rejected,Medium,509,148388,49514.09,2023-06-18,Standard,1,0
C65615,Anthony,Lopez,anthony.lopez490@gmail.com,CA,N/A,Pending,Medium,586,317435,16187.34,2024-11-17,Platinum,0,0
C42780,Nancy,Taylor,nancy.taylor305@gmail.com,AU,N/A,Verified,High,,210521,36397.2,2023-09-10,Platinum,1,0
C69878,Mateo,Robinson,mateo.robinson188@icloud.com,GB,N/A,Verified,Critical,501,311540,67765.09,2024-10-04,Gold,0,0
C49599,Karen,Kim,karen.kim437@icloud.com,GB,N/A,Verified,High,737,250314,37046.9,2021-12-04,Silver,0,0
C36111,Patricia,Sharma,patricia.sharma525@fintechmail.io,AU,N/A,Pending,Medium,704,308527,49564.33,2021-03-17,VIP,1,0
C60422,Anthony,Robinson,anthony.robinson145@gmail.com,US,CA,Verified,Medium,730,318403,62410.98,2022-04-19,Platinum,0,0
C73335,Charles,Smith,charles.smith214@yahoo.com,US,CA,Verified,High,498,88886,12105.12,2022-04-22,Platinum,0,0
C23979,Andrew,Lee,andrew.lee895@proton.me,GB,N/A,Verified,Critical,792,267234,53214.3,2019-11-11,VIP,0,0
C41091,Nancy,Gonzalez,nancy.gonzalez797@icloud.com,US,AZ,Pending,Critical,513,142288,66916.15,2024-04-13,Standard,0,0
C59986,Michael,Lopez,michael.lopez655@outlook.com,US,FL,Verified,Low,732,39291,1984.96,2021-03-12,Standard,1,0
C84963,Lisa,Muller,lisa.muller626@fintechmail.io,GB,N/A,Pending,Medium,657,94147,28420.66,2020-02-10,VIP,0,0
C57049,Charles,Dubois,charles.dubois912@yahoo.com,AU,N/A,Verified,Critical,595,26841,62438.07,2023-12-02,Standard,1,0
C85341,Richard,Muller,richard.muller616@fintechmail.io,SG,N/A,Pending,High,486,296459,5396.66,2020-06-24,VIP,0,0
C48780,Joseph,Hernandez,joseph.hernandez644@gmail.com,AU,N/A,Pending,High,566,299477,45678.78,2024-07-10,Silver,0,0
C48696,Mark,Walker,mark.walker971@fintechmail.io,DE,N/A,Verified,High,595,156770,43441.88,2020-08-14,Standard,0,0
C12875,Priya,King,priya.king261@proton.me,US,MA,Verified,Critical,633,52992,56425.54,2021-01-08,Standard,0,0
C96275,Christopher,Martinez,christopher.martinez235@fintechmail.io,DE,N/A,Verified,Medium,550,230797,3748.62,2019-09-08,VIP,0,0
C61879,Sandra,King,sandra.king31@outlook.com,GB,N/A,Under Review,Low,724,215591,35261.74,2022-04-28,Standard,1,0
C45976,Patricia,Allen,patricia.allen896@yahoo.com,GB,N/A,Verified,Low,651,287293,70563.06,2020-02-25,Platinum,0,0
C11061,John,Moore,john.moore14@gmail.com,DE,N/A,Verified,Low,607,25286,42127.86,2022-09-21,Silver,0,0
C99889,Matthew,White,matthew.white862@yahoo.com,GB,N/A,Rejected,Critical,416,73155,45406.55,2024-05-03,Platinum,0,0
C16428,Michelle,Martinez,michelle.martinez544@outlook.com,CA,N/A,Pending,Low,731,197316,36263.98,2023-03-14,Standard,0,0
C89482,Jennifer,Harris,jennifer.harris852@fintechmail.io,DE,N/A,Under Review,Critical,543,28401,6261.86,2024-10-20,Silver,0,0
C75107,Linda,Garcia,linda.garcia742@icloud.com,US,WA,Verified,Critical,729,109494,62567.65,2021-08-14,Gold,0,0
C47512,Lisa,Patel,lisa.patel136@icloud.com,CA,N/A,Verified,High,445,148082,16930.03,2021-07-14,Silver,0,0
C40162,Anthony,Taylor,anthony.taylor872@fintechmail.io,US,IL,Pending,Medium,483,136475,34750.73,2023-04-06,Platinum,0,0
C89569,Joseph,Smith,joseph.smith110@proton.me,US,TX,Pending,Critical,,263998,6934.43,2022-05-19,VIP,0,0
C56179,Mark,Patel,mark.patel148@gmail.com,DE,N/A,Verified,High,687,214322,58958.1,2021-04-07,Gold,1,0
C38705,Andrew,Hernandez,andrew.hernandez831@gmail.com,CA,N/A,Verified,Low,644,292950,66093.17,2024-09-04,Gold,0,0
C93442,David,Young,david.young835@outlook.com,US,CA,Verified,Low,543,282545,29274.87,2024-05-20,Platinum,0,0
C34920,Michelle,Thompson,michelle.thompson60@gmail.com,AU,N/A,Pending,High,802,158653,735.1,2024-11-24,Platinum,0,0
C91381,Joshua,Perez,joshua.perez213@yahoo.com,SG,N/A,Verified,Medium,827,49528,14399.77,2023-11-05,VIP,0,0
C42850,Aarav,Jones,aarav.jones209@outlook.com,DE,N/A,Under Review,Medium,402,98169,48377.99,2024-01-15,VIP,1,0
C98835,Andrew,Silva,andrew.silva960@yahoo.com,SG,N/A,Verified,Low,658,25235,53307.5,2020-12-24,Standard,0,0
C96400,William,Anderson,william.anderson138@yahoo.com,IN,N/A,Verified,Medium,843,29137,59326.14,2022-05-30,Platinum,0,0
C99241,Yuki,Patel,yuki.patel595@gmail.com,IN,N/A,Verified,Medium,374,137851,47170.62,2021-08-12,Gold,0,0
C27927,Steven,Jackson,steven.jackson787@proton.me,GB,N/A,Verified,Medium,451,185255,16478.75,2019-07-23,Silver,0,0
C92345,Robert,Torres,robert.torres830@icloud.com,US,OH,Verified,Low,391,75410,54807.62,2024-01-06,Silver,1,0
C22735,Mark,Chen,mark.chen921@proton.me,IN,N/A,Rejected,Low,561,150516,56479.46,2024-08-30,VIP,0,0
C92242,Karen,Sanchez,karen.sanchez834@outlook.com,CA,N/A,Verified,Low,789,35856,12034.72,2022-01-19,Standard,0,0
C94717,Matthew,Tanaka,matthew.tanaka901@outlook.com,CA,N/A,Verified,High,525,95423,53438.93,2024-09-08,VIP,0,0
C15167,Margaret,Flores,margaret.flores489@icloud.com,AU,N/A,Pending,Low,399,224637,41410.17,2023-11-28,Standard,0,0
C50492,Emma,Flores,emma.flores448@fintechmail.io,SG,N/A,Under Review,Low,447,247590,30959.45,2023-10-19,Gold,0,0
C67779,David,Dubois,david.dubois674@fintechmail.io,US,GA,Rejected,High,559,83728,61997.24,2020-01-31,Standard,1,0
C14373,Karen,Taylor,karen.taylor795@yahoo.com,DE,N/A,Verified,Low,398,248364,5313.77,2020-11-21,Standard,1,0
C85965,Amara,Martinez,amara.martinez957@yahoo.com,AU,N/A,Rejected,Critical,378,157975,73804.34,2024-01-15,VIP,0,0
C57823,Betty,Torres,betty.torres116@outlook.com,SG,N/A,Verified,Low,526,226157,18190.16,2021-07-09,Standard,0,0
C27224,Emma,Scott,emma.scott767@outlook.com,AU,N/A,Rejected,Low,559,36464,50031.56,2019-08-12,VIP,0,0
C21813,Emily,Sanchez,emily.sanchez318@icloud.com,US,NC,Rejected,Low,762,101875,6040.06,2020-08-29,VIP,0,0
C48680,Sofia,Wright,sofia.wright415@icloud.com,SG,N/A,Verified,Low,410,89508,5737.4,2021-04-05,Platinum,0,0
C52823,Robert,Jones,robert.jones108@icloud.com,FR,N/A,Under Review,Low,659,131020,23608.54,2021-09-15,Silver,0,0
C64460,Wei,Robinson,wei.robinson399@outlook.com,SG,N/A,Verified,Low,777,254350,60353.26,2023-08-16,Gold,0,0
C33021,Matthew,Kim,matthew.kim617@proton.me,US,WA,Verified,Medium,832,290120,61918.88,2021-09-02,Platinum,1,0
C36318,Matthew,Moore,matthew.moore229@fintechmail.io,US,TX,Rejected,High,499,315403,40023.95,2021-08-29,Platinum,1,0
C27322,Anthony,Johnson,anthony.johnson959@proton.me,FR,N/A,Verified,High,463,271156,56596.9,2020-08-10,Platinum,0,0
C80701,Anthony,White,anthony.white575@gmail.com,CA,N/A,Verified,Critical,581,61757,20520.69,2022-12-11,Platinum,0,0
C57953,Jennifer,Chen,jennifer.chen21@fintechmail.io,GB,N/A,Verified,Critical,379,102963,1677.03,2020-07-31,Standard,1,0
C79579,Priya,Moore,priya.moore33@proton.me,DE,N/A,Verified,Low,584,168787,61578.82,2020-11-08,Platinum,1,0
C75771,Kimberly,Wilson,kimberly.wilson297@icloud.com,DE,N/A,Verified,Low,743,126269,74297.84,2023-02-22,Silver,0,0
C45720,Michelle,White,michelle.white645@fintechmail.io,SG,N/A,Verified,High,640,177412,1368.89,2024-05-18,Standard,0,0
C31567,Susan,Tanaka,susan.tanaka527@proton.me,GB,N/A,Under Review,Medium,707,258638,69502.43,2021-01-07,Platinum,0,0
C43681,Joseph,Martin,joseph.martin210@gmail.com,US,OH,Rejected,Low,367,130859,26253.83,2023-06-14,Standard,0,0
C73156,Nancy,Smith,nancy.smith201@gmail.com,US,TX,Verified,Critical,699,250124,14675.8,2022-05-19,Silver,1,0
C48684,Mary,Sanchez,mary.sanchez291@outlook.com,DE,N/A,Pending,Critical,728,316021,1894.15,2020-11-13,Silver,1,0
C54396,William,Flores,william.flores839@yahoo.com,FR,N/A,Verified,Medium,429,105601,44654.85,2021-11-10,Silver,1,0
C25095,Liam,Johnson,liam.johnson400@fintechmail.io,GB,N/A,Rejected,Medium,584,185369,51371.76,2023-10-07,Gold,1,0
C71385,James,Brown,james.brown104@proton.me,IN,N/A,Verified,High,486,53107,61036.67,2019-10-26,Platinum,0,0
C19869,Sarah,Scott,sarah.scott982@proton.me,FR,N/A,Verified,Critical,810,60580,33665.19,2023-07-01,Platinum,0,0
C28449,Patricia,Lopez,patricia.lopez196@gmail.com,AU,N/A,Pending,Medium,538,250994,17748.58,2022-08-11,Platinum,0,0
C39571,Carlos,Sharma,carlos.sharma515@yahoo.com,AU,N/A,Verified,Low,496,61975,40347.37,2023-08-15,Silver,0,0
C98647,Ashley,Taylor,ashley.taylor955@outlook.com,US,NJ,Verified,Medium,792,211388,37137.19,2022-05-27,Standard,1,0
C98395,Christopher,Gonzalez,christopher.gonzalez702@proton.me,US,VA,Verified,Low,816,197092,72300.73,2022-05-09,Gold,1,0
C62089,Joseph,Martin,joseph.martin981@fintechmail.io,AU,N/A,Verified,High,788,59546,53028.89,2024-03-02,VIP,0,0
C83048,Mateo,Scott,mateo.scott257@icloud.com,DE,N/A,Under Review,Critical,554,312342,73033.94,2020-03-01,Standard,0,0
C57942,Aarav,Smith,aarav.smith824@icloud.com,FR,N/A,Under Review,Low,561,90579,13195.29,2022-07-10,Gold,1,0
C21836,Joshua,White,joshua.white33@proton.me,US,AZ,Verified,Medium,638,244953,70963.51,2021-04-06,VIP,0,0
C61717,Joshua,Hill,joshua.hill448@gmail.com,US,MA,Verified,Low,505,265891,46239.7,2020-01-06,Standard,1,0
C11824,Donna,Anderson,donna.anderson725@icloud.com,US,AZ,Verified,Medium,635,145820,4343.55,2022-02-07,Gold,0,0
C44663,Barbara,Anderson,barbara.anderson113@gmail.com,FR,N/A,Verified,Critical,779,226624,73284.59,2021-03-27,Standard,0,0
C80329,Barbara,Allen,barbara.allen705@gmail.com,US,IL,Under Review,Low,421,123443,14988.18,2020-02-08,Platinum,0,0
C26199,Donna,Hill,donna.hill211@proton.me,IN,N/A,Under Review,Critical,531,156444,9718.38,2020-01-06,Silver,0,0
C69609,Sofia,Nguyen,sofia.nguyen318@outlook.com,GB,N/A,Rejected,Medium,415,213508,12752.41,2021-07-21,Silver,0,0
C58311,Daniel,Muller,daniel.muller891@outlook.com,US,WA,Pending,Medium,665,222879,12113.12,2019-10-08,Silver,0,0
C98188,Michelle,Anderson,michelle.anderson739@yahoo.com,SG,N/A,Rejected,Low,584,318775,74770.25,2021-11-03,Standard,0,0
C98125,Patricia,Thompson,patricia.thompson253@fintechmail.io,DE,N/A,Under Review,Low,400,277210,69107.23,2020-07-28,VIP,0,0
C44362,Nancy,Wright,nancy.wright827@gmail.com,DE,N/A,Verified,Critical,690,203712,48547.06,2019-12-22,Standard,1,0
C86619,Emily,Rodriguez,emily.rodriguez449@icloud.com,US,OH,Verified,Medium,402,41570,72679.59,2020-02-15,Platinum,0,0
C59941,David,Sanchez,david.sanchez123@icloud.com,IN,N/A,Verified,Low,427,130675,24081.34,2024-04-29,Gold,1,0
C93695,Barbara,Chen,barbara.chen220@outlook.com,SG,N/A,Verified,Medium,519,202524,62749.18,2019-08-10,Standard,0,0
C58689,James,Jackson,james.jackson883@icloud.com,US,PA,Under Review,Low,572,100868,36130.82,2022-01-07,Platinum,0,0
C24201,Donald,Robinson,donald.robinson768@yahoo.com,SG,N/A,Verified,Critical,751,82532,22639.17,2022-07-22,Silver,0,0
C98452,Nancy,Chen,nancy.chen652@outlook.com,US,TX,Verified,Medium,622,151944,68164.83,2023-02-27,Gold,1,0
C40647,Christopher,Lee,christopher.lee109@icloud.com,CA,N/A,Rejected,High,577,57980,52650.48,2022-03-31,Gold,0,0
C71797,Mary,Silva,mary.silva564@outlook.com,FR,N/A,Verified,High,725,306207,3641.09,2023-09-23,Gold,0,0
C13280,Kimberly,Muller,kimberly.muller556@proton.me,CA,N/A,Pending,High,612,218877,6266.21,2023-10-22,Silver,1,0
C91205,Jessica,Williams,jessica.williams733@proton.me,US,NJ,Verified,High,735,292277,14051.13,2024-08-05,VIP,0,0
C83584,Emma,Sharma,emma.sharma34@yahoo.com,US,PA,Verified,Low,757,105609,19920.87,2021-09-03,Silver,0,0
C52992,Yuki,Davis,yuki.davis766@icloud.com,US,FL,Pending,Low,358,224575,12542.42,2023-11-22,Standard,0,0
C89964,Joseph,Miller,joseph.miller34@yahoo.com,IN,N/A,Pending,Critical,557,107251,29008.92,2022-09-22,Platinum,0,0
C39015,Mateo,Lewis,mateo.lewis326@fintechmail.io,US,VA,Rejected,Medium,689,103943,49699.02,2021-08-08,Gold,0,0
C94889,Sofia,Williams,sofia.williams938@outlook.com,CA,N/A,Pending,Critical,676,297757,68473.61,2024-08-25,Gold,1,0
C18285,Michael,Perez,michael.perez529@icloud.com,GB,N/A,Rejected,Medium,521,53923,40919.05,2021-06-09,Platinum,0,0
C93283,Linda,Garcia,linda.garcia13@gmail.com,FR,N/A,Rejected,Medium,804,93011,41120.69,2021-12-02,Platinum,0,0
C70852,Carlos,Scott,carlos.scott886@icloud.com,AU,N/A,Under Review,Low,681,297365,25989.09,2023-03-11,Standard,0,0
C49608,Jennifer,Silva,jennifer.silva955@proton.me,FR,N/A,Under Review,Critical,649,96974,28995.5,2024-10-21,Standard,0,0
C95097,Donald,Sanchez,donald.sanchez702@gmail.com,US,PA,Pending,Critical,,232962,55264.01,2021-07-14,Silver,0,0
C63516,Anthony,Sharma,anthony.sharma561@fintechmail.io,IN,N/A,Verified,Low,443,195338,64868.7,2023-05-22,Gold,0,0
C25292,Daniel,Torres,daniel.torres815@yahoo.com,FR,N/A,Verified,High,571,287035,43737.36,2022-05-21,Silver,0,0
C28320,Donald,Torres,donald.torres95@yahoo.com,US,VA,Verified,Medium,428,193027,48089.9,2021-05-02,Platinum,1,0
C15943,Jessica,Robinson,jessica.robinson66@fintechmail.io,SG,N/A,Verified,Critical,674,245189,32315.96,2020-03-22,Platinum,0,0
C14877,Elizabeth,Silva,elizabeth.silva703@yahoo.com,FR,N/A,Verified,Low,589,312861,51153.14,2020-03-09,Gold,1,0
C49893,Jessica,Lewis,jessica.lewis222@outlook.com,GB,N/A,Verified,Medium,778,167641,59046.98,2021-01-24,VIP,0,0
C74569,Sandra,Miller,sandra.miller133@yahoo.com,IN,N/A,Verified,Low,362,298970,19891.06,2021-09-20,Gold,0,0
C25220,Lisa,Harris,lisa.harris264@yahoo.com,GB,N/A,Verified,Critical,470,313631,33597.47,2024-04-15,Platinum,1,0
C22739,Michael,Ramirez,michael.ramirez800@gmail.com,FR,N/A,Verified,Medium,446,59166,16895.88,2022-08-07,Silver,1,0
C40775,Lisa,Gonzalez,lisa.gonzalez791@fintechmail.io,US,TX,Pending,Medium,746,223055,65159.1,2021-11-24,Silver,0,0
C80457,Donna,White,donna.white79@proton.me,CA,N/A,Pending,Critical,571,222101,8580.9,2024-10-25,Gold,0,0
C27781,Carlos,Lewis,carlos.lewis450@outlook.com,DE,N/A,Rejected,Low,598,283545,72035.41,2022-07-21,Standard,0,0
C60940,Patricia,Chen,patricia.chen852@fintechmail.io,FR,N/A,Rejected,Critical,464,294047,8731.5,2024-03-04,Gold,0,0
C69459,Ashley,Lewis,ashley.lewis249@icloud.com,SG,N/A,Under Review,High,558,201741,48183.05,2022-09-29,Standard,1,0
C58629,Andrew,Sanchez,andrew.sanchez288@fintechmail.io,IN,N/A,Verified,Medium,795,216016,61290.55,2020-12-20,Standard,1,0
C97881,Donna,Flores,donna.flores532@yahoo.com,DE,N/A,Verified,Low,609,107030,58412.77,2019-09-10,Standard,1,0
C80804,Lisa,Wilson,lisa.wilson560@icloud.com,US,FL,Verified,Low,659,161541,48729.99,2022-03-27,Silver,0,0
C64935,Amara,Ramirez,amara.ramirez683@fintechmail.io,US,NJ,Pending,Critical,590,229366,20277.97,2024-03-18,Silver,1,0
C86983,Mary,Allen,mary.allen228@outlook.com,US,TX,Verified,Medium,515,142110,70594.22,2022-12-25,Platinum,0,0
C30253,Steven,Jones,steven.jones425@gmail.com,GB,N/A,Verified,Low,351,260005,41268.92,2024-01-09,Platinum,0,0
C64379,James,Lopez,james.lopez152@outlook.com,US,GA,Verified,Medium,803,78251,61085.5,2021-06-27,Standard,0,0
C95841,Joshua,Brown,joshua.brown345@proton.me,DE,N/A,Under Review,Critical,508,84358,8167.14,2022-11-05,Platinum,1,0
C22978,David,Martinez,david.martinez76@proton.me,US,TX,Verified,Low,733,213643,15867.11,2021-03-14,Platinum,0,0
C74139,Jessica,Taylor,jessica.taylor315@icloud.com,GB,N/A,Verified,Low,848,30434,17773.56,2024-08-08,Platinum,0,0
C90694,Sofia,Chen,sofia.chen154@gmail.com,AU,N/A,Rejected,Medium,456,247002,57157.87,2024-05-25,Standard,1,0
C63492,Mateo,Anderson,mateo.anderson193@icloud.com,IN,N/A,Verified,Low,,273882,1655.86,2019-12-08,Standard,0,0
C46666,Christopher,Walker,christopher.walker125@outlook.com,US,MA,Verified,Medium,690,252334,64263.03,2021-11-03,Standard,1,0
C14288,Priya,Jones,priya.jones755@proton.me,AU,N/A,Verified,Low,710,111750,21672.76,2020-10-10,Platinum,0,0
C58566,Patricia,Flores,patricia.flores665@outlook.com,GB,N/A,Verified,Critical,431,313937,49247.01,2021-03-11,Platinum,0,0
C38477,Anthony,Garcia,anthony.garcia409@outlook.com,FR,N/A,Verified,Critical,542,48002,38071.66,2021-12-29,Gold,0,0
C68115,Mateo,Tanaka,mateo.tanaka914@proton.me,US,NY,Rejected,Medium,623,254412,74274.35,2019-09-15,Platinum,0,0
C68287,Amara,Perez,amara.perez735@gmail.com,US,GA,Pending,Low,665,42723,51596.94,2020-01-03,Platinum,0,0
C40947,Michelle,Martinez,michelle.martinez265@yahoo.com,AU,N/A,Under Review,Low,511,66273,25696.62,2022-12-06,VIP,1,0
C57537,Sandra,Scott,sandra.scott111@fintechmail.io,GB,N/A,Verified,Medium,847,289337,9312.53,2024-09-26,Standard,1,0
C23022,Anthony,Clark,anthony.clark432@proton.me,US,MI,Under Review,Low,814,51011,57642.46,2019-11-06,Gold,1,0
C99873,Anthony,Wright,anthony.wright111@gmail.com,US,MA,Rejected,High,757,286194,30555.41,2022-02-28,Platinum,0,0
C58147,Jennifer,Rossi,jennifer.rossi403@outlook.com,US,NC,Under Review,High,795,244169,62935.78,2023-02-17,Platinum,0,0
C81364,Mateo,Lopez,mateo.lopez672@gmail.com,AU,N/A,Pending,High,619,82895,9050.22,2020-04-27,Gold,0,0
C94518,Elizabeth,Hill,elizabeth.hill687@icloud.com,FR,N/A,Verified,Low,689,139410,11713.34,2022-12-26,VIP,0,0
C57012,Charles,Martin,charles.martin55@yahoo.com,IN,N/A,Rejected,Medium,411,88206,46914.61,2022-12-08,Gold,0,0
C17936,Michael,Lopez,michael.lopez277@gmail.com,US,VA,Verified,Low,369,213586,17865.61,2020-05-19,Standard,0,0
C62184,Sarah,Johnson,sarah.johnson201@gmail.com,IN,N/A,Pending,Low,702,137397,74399.82,2023-10-24,Standard,0,0
C46160,Christopher,King,christopher.king493@proton.me,DE,N/A,Under Review,High,381,61559,55648.61,2024-01-27,VIP,0,0
C34878,Joseph,Kim,joseph.kim120@yahoo.com,SG,N/A,Verified,Low,770,165318,47784.37,2020-11-04,VIP,0,0
C26011,Andrew,Ramirez,andrew.ramirez938@gmail.com,DE,N/A,Rejected,Low,821,253113,10731.28,2019-08-22,Platinum,1,0
C69600,Anthony,Thompson,anthony.thompson749@icloud.com,US,NC,Verified,Medium,801,76004,71051.28,2021-09-04,VIP,0,0
C22015,Elizabeth,Moore,elizabeth.moore196@yahoo.com,US,NY,Verified,Medium,531,60522,67803.85,2019-09-04,Standard,1,0
C96870,Anthony,Rodriguez,anthony.rodriguez440@proton.me,AU,N/A,Verified,Critical,631,156834,74742.0,2022-02-08,Standard,0,0
C37801,Aarav,Nguyen,aarav.nguyen377@yahoo.com,CA,N/A,Under Review,Low,420,49180,636.03,2020-09-03,Standard,1,0
C94109,Steven,Sanchez,steven.sanchez487@fintechmail.io,AU,N/A,Under Review,Medium,,139787,21366.38,2020-08-03,Gold,0,0
C93819,Kimberly,Brown,kimberly.brown611@gmail.com,AU,N/A,Under Review,Critical,394,276658,21283.07,2022-04-30,Platinum,1,0
C88269,Mark,Rossi,mark.rossi35@outlook.com,AU,N/A,Pending,Critical,427,261285,44342.37,2021-05-27,Standard,0,0
C12799,Daniel,Robinson,daniel.robinson333@yahoo.com,CA,N/A,Verified,High,356,46411,31238.38,2024-05-28,VIP,0,0
C16629,Nancy,Ramirez,nancy.ramirez643@outlook.com,IN,N/A,Verified,Medium,441,64449,53364.44,2023-02-01,Silver,0,0
C53713,Ashley,Brown,ashley.brown620@outlook.com,US,MA,Verified,Medium,797,106019,7882.42,2019-09-20,VIP,0,0
C41925,Charles,Moore,charles.moore916@outlook.com,AU,N/A,Verified,Low,398,184380,74065.67,2024-10-25,VIP,0,0
C26505,Elizabeth,Dubois,elizabeth.dubois117@proton.me,US,VA,Verified,High,417,92839,34841.9,2020-09-01,Standard,0,0
C84000,Barbara,Muller,barbara.muller552@proton.me,IN,N/A,Verified,Low,456,97725,31402.95,2019-10-21,Gold,0,0
C36896,Amara,Martin,amara.martin678@yahoo.com,GB,N/A,Verified,Medium,478,213501,12542.74,2021-02-23,Gold,0,0
C18992,William,Wilson,william.wilson986@yahoo.com,CA,N/A,Verified,Critical,822,280556,45181.53,2020-12-30,Silver,1,0
C82641,Susan,Lopez,susan.lopez592@outlook.com,SG,N/A,Verified,Medium,759,200566,44213.61,2022-08-01,Silver,1,0
C37152,Charles,Ramirez,charles.ramirez553@yahoo.com,US,TX,Verified,Medium,697,224136,3185.24,2022-01-07,Platinum,0,0
C86858,Paul,White,paul.white196@proton.me,AU,N/A,Verified,Medium,471,284921,67462.41,2020-05-26,Gold,1,0
C38305,Daniel,Jones,daniel.jones24@proton.me,IN,N/A,Pending,Low,825,85204,2185.66,2021-09-06,Platinum,0,0
C40539,Daniel,Silva,daniel.silva425@yahoo.com,SG,N/A,Verified,Medium,799,133102,65229.07,2020-05-18,VIP,0,0
C53064,Ashley,Patel,ashley.patel111@proton.me,US,VA,Under Review,Low,755,172315,280.48,2024-09-20,Gold,1,0
C29340,Margaret,Thompson,margaret.thompson15@proton.me,SG,N/A,Pending,Critical,652,50937,29118.88,2021-03-04,Standard,0,0
C88116,Anthony,King,anthony.king769@proton.me,FR,N/A,Pending,Low,471,143937,11449.26,2022-08-17,Gold,0,0
C10371,Richard,Wilson,richard.wilson733@proton.me,US,TX,Verified,Medium,649,266896,56007.46,2022-07-08,Gold,0,0
C46342,Andrew,Gonzalez,andrew.gonzalez795@outlook.com,FR,N/A,Verified,Critical,359,127409,28619.46,2020-12-11,Gold,1,0
C28964,Daniel,Lewis,daniel.lewis276@outlook.com,SG,N/A,Verified,Low,491,39580,53260.2,2022-04-24,VIP,1,0
C27038,Susan,Robinson,susan.robinson949@yahoo.com,US,TX,Rejected,Critical,792,136709,72788.76,2022-08-30,Gold,1,0
C80807,David,Patel,david.patel185@gmail.com,SG,N/A,Rejected,Low,522,216375,44809.33,2023-07-01,Silver,0,1
C42853,Michelle,Dubois,michelle.dubois435@yahoo.com,DE,N/A,Verified,Medium,426,115046,47818.61,2022-10-30,Standard,1,0
C32871,Jessica,Martin,jessica.martin783@gmail.com,FR,N/A,Under Review,Medium,584,150642,34452.18,2022-05-28,Platinum,1,0
C24408,Anthony,Robinson,anthony.robinson362@outlook.com,IN,N/A,Verified,Critical,,169765,64337.9,2022-02-06,Standard,0,0
C96646,Robert,Gonzalez,robert.gonzalez924@outlook.com,SG,N/A,Pending,Medium,776,102721,18415.44,2020-12-09,Silver,0,0
C13379,Anthony,Scott,anthony.scott786@gmail.com,DE,N/A,Verified,Low,606,82808,40255.11,2024-11-21,Gold,0,0
C27275,Anthony,Robinson,anthony.robinson281@proton.me,SG,N/A,Rejected,Low,587,70982,24648.53,2023-01-19,Silver,0,0
C11947,Emma,Torres,emma.torres951@fintechmail.io,SG,N/A,Verified,Medium,447,287317,65449.79,2020-03-02,Silver,0,1
C56955,Donald,Sanchez,donald.sanchez839@outlook.com,US,CA,Verified,Low,821,151397,47382.1,2024-01-17,VIP,0,0
C41186,Patricia,Brown,patricia.brown987@yahoo.com,US,TX,Rejected,High,601,309782,74288.88,2023-11-07,VIP,0,0
C87182,Wei,Martin,wei.martin336@fintechmail.io,SG,N/A,Verified,Critical,584,111388,5547.8,2022-02-23,Silver,0,0
C52437,Wei,Torres,wei.torres471@proton.me,US,PA,Rejected,Critical,472,30206,65415.1,2024-03-24,Platinum,0,0
C12068,Jennifer,Perez,jennifer.perez62@gmail.com,SG,N/A,Pending,Medium,806,167676,45268.76,2020-09-15,Standard,0,0
C32838,Richard,Davis,richard.davis889@icloud.com,DE,N/A,Rejected,High,638,96388,39252.13,2021-11-30,Standard,1,0
C44782,Steven,Kim,steven.kim295@yahoo.com,US,GA,Rejected,Low,567,277655,67157.95,2020-04-18,Silver,1,0
C16868,Joshua,Lopez,joshua.lopez85@proton.me,US,TX,Pending,Medium,485,241175,72405.02,2023-07-16,Silver,0,0
C26614,Amara,Kim,amara.kim28@outlook.com,CA,N/A,Pending,Medium,774,64157,57084.08,2021-11-28,VIP,0,0
C65176,Amara,Thomas,amara.thomas264@yahoo.com,US,PA,Rejected,High,374,294355,46764.02,2021-06-24,Platinum,0,0
C78955,Emma,Walker,emma.walker744@proton.me,US,FL,Pending,Critical,382,239290,56981.72,2023-07-19,Standard,0,0
C24896,Betty,Robinson,betty.robinson890@outlook.com,US,MA,Verified,Low,583,26868,71561.68,2023-12-12,VIP,0,0
C18330,Joseph,Muller,joseph.muller523@yahoo.com,SG,N/A,Rejected,Medium,844,61616,21410.54,2024-07-02,Platinum,1,0
C72422,Kimberly,Hill,kimberly.hill534@fintechmail.io,DE,N/A,Pending,Critical,830,268684,48969.85,2020-04-28,VIP,0,0
C68756,Ashley,Thomas,ashley.thomas842@proton.me,US,WA,Pending,Medium,830,244372,22219.31,2020-12-09,Platinum,0,0
C57453,Amara,Scott,amara.scott784@yahoo.com,US,CA,Verified,Low,818,171197,70474.68,2024-07-10,Standard,0,0
C77271,John,Wright,john.wright909@icloud.com,FR,N/A,Under Review,Medium,793,23830,4262.9,2020-01-13,VIP,1,0
C87812,Liam,Flores,liam.flores525@yahoo.com,AU,N/A,Under Review,Medium,510,252714,60649.03,2019-07-14,VIP,1,0
C24293,Ashley,Hill,ashley.hill768@outlook.com,FR,N/A,Verified,High,682,36386,43897.89,2022-09-05,Gold,0,0
C69245,Matthew,Anderson,matthew.anderson39@fintechmail.io,US,MI,Verified,High,826,221584,52944.75,2022-04-16,Standard,0,0
C76039,Sofia,Lee,sofia.lee321@fintechmail.io,US,PA,Verified,Low,621,56466,26307.13,2022-09-30,Silver,0,0
C39038,Sofia,Patel,sofia.patel241@icloud.com,US,GA,Under Review,Medium,495,179401,25547.34,2022-09-18,Platinum,0,0
C90623,Barbara,Hill,barbara.hill88@yahoo.com,SG,N/A,Verified,Low,699,315821,65988.07,2019-09-18,Silver,1,0
C15683,Matthew,Wright,matthew.wright106@proton.me,US,FL,Pending,Medium,786,310492,44866.31,2022-05-18,Platinum,1,0
C96363,Mark,Gonzalez,mark.gonzalez850@icloud.com,IN,N/A,Verified,Medium,705,281125,24116.12,2022-01-18,Silver,1,0
C78347,Barbara,Flores,barbara.flores621@outlook.com,FR,N/A,Verified,Medium,460,64037,20490.89,2024-02-19,Standard,0,0
C49535,Andrew,Moore,andrew.moore118@yahoo.com,IN,N/A,Pending,Low,796,168033,57515.29,2023-06-10,Platinum,1,0
C70036,Robert,Hill,robert.hill485@yahoo.com,FR,N/A,Verified,Medium,726,29508,44839.66,2023-06-26,VIP,1,0
C94323,Carlos,Smith,carlos.smith891@proton.me,SG,N/A,Under Review,Low,694,314942,33595.78,2020-05-18,Platinum,0,0
C14082,John,Walker,john.walker854@gmail.com,CA,N/A,Rejected,Low,465,78940,25841.32,2021-09-15,Gold,0,0
C17972,Patricia,Lopez,patricia.lopez15@proton.me,SG,N/A,Verified,Low,484,90986,829.4,2022-11-23,Platinum,0,0
C72781,Daniel,Johnson,daniel.johnson416@gmail.com,FR,N/A,Verified,Critical,745,218960,28670.07,2022-04-19,Silver,0,0
C62640,Steven,Sharma,steven.sharma629@gmail.com,FR,N/A,Verified,Low,737,287906,33237.75,2019-08-23,Silver,1,0
C65872,Linda,Williams,linda.williams726@outlook.com,US,VA,Verified,Medium,460,112287,60921.26,2021-06-01,Platinum,0,0
C99928,Anthony,Robinson,anthony.robinson943@yahoo.com,US,CA,Verified,Critical,363,265672,57356.83,2021-07-11,VIP,1,0
C24150,David,Robinson,david.robinson133@fintechmail.io,US,OH,Rejected,Low,464,232723,14489.96,2023-12-25,Platinum,0,0
C74260,Joseph,Thompson,joseph.thompson485@outlook.com,US,TX,Verified,Medium,831,35623,49038.1,2023-06-07,Standard,0,0
C68138,David,King,david.king105@fintechmail.io,DE,N/A,Pending,Critical,631,184588,20358.72,2023-12-29,VIP,0,0
C19632,Elizabeth,Perez,elizabeth.perez818@proton.me,SG,N/A,Under Review,Medium,599,167929,72097.61,2022-03-08,Standard,1,0
C20589,Susan,Anderson,susan.anderson124@gmail.com,GB,N/A,Verified,Medium,798,144038,62486.04,2020-07-07,Platinum,0,0
C52219,Carlos,Martin,carlos.martin711@yahoo.com,DE,N/A,Rejected,Critical,590,234049,51502.58,2020-01-25,Platinum,0,0
C89730,Charles,Garcia,charles.garcia973@fintechmail.io,IN,N/A,Verified,Low,733,159689,72108.21,2022-09-10,Gold,0,0
C29442,Yuki,Wright,yuki.wright407@gmail.com,GB,N/A,Verified,Low,498,63824,13130.0,2024-04-20,Silver,0,0
C18609,Nancy,Jones,nancy.jones918@outlook.com,AU,N/A,Verified,Critical,700,129546,58723.82,2020-09-29,Gold,0,0
C26540,Michelle,Miller,michelle.miller679@fintechmail.io,FR,N/A,Verified,Low,476,105727,64183.5,2019-09-09,Gold,0,0
C46046,Barbara,Chen,barbara.chen922@yahoo.com,FR,N/A,Rejected,High,494,210387,55759.32,2019-08-19,Standard,1,0
C91830,Donald,Jackson,donald.jackson321@gmail.com,FR,N/A,Verified,Low,626,298876,50810.21,2022-08-16,Silver,1,0
C92978,Charles,Garcia,charles.garcia170@fintechmail.io,IN,N/A,Verified,Critical,424,277451,67299.17,2023-03-03,Gold,0,0
C86724,Emma,Silva,emma.silva197@icloud.com,AU,N/A,Pending,Low,549,187633,69497.44,2020-02-29,Gold,0,0
C81874,Margaret,Hernandez,margaret.hernandez559@fintechmail.io,CA,N/A,Verified,Medium,552,74137,46972.5,2020-07-28,Standard,0,0
C52622,Mark,Hill,mark.hill290@yahoo.com,US,CA,Pending,Low,657,49890,53704.9,2022-08-15,VIP,0,0
C59925,Daniel,Davis,daniel.davis707@fintechmail.io,US,PA,Verified,Low,711,73685,66669.33,2020-06-22,Standard,1,0
C88301,Emily,Patel,emily.patel985@fintechmail.io,AU,N/A,Under Review,Low,628,47353,19154.42,2020-10-02,Gold,1,0
C79541,Steven,Young,steven.young277@proton.me,IN,N/A,Verified,Critical,370,263642,71118.62,2023-05-08,Silver,0,0
C48652,Michelle,Wilson,michelle.wilson933@outlook.com,CA,N/A,Pending,Critical,424,157109,9747.3,2021-10-23,Standard,0,0
C69469,Christopher,Allen,christopher.allen750@proton.me,US,GA,Verified,Low,390,121698,34152.89,2021-07-10,Gold,0,0
C76263,Mary,Torres,mary.torres38@proton.me,AU,N/A,Under Review,Medium,833,212681,48349.22,2024-05-14,Standard,1,0
C89354,Nancy,Patel,nancy.patel22@icloud.com,CA,N/A,Verified,Medium,848,251484,33313.84,2020-07-28,Standard,0,0
C66387,James,Scott,james.scott268@gmail.com,SG,N/A,Verified,Low,435,148275,12406.76,2022-01-19,Platinum,0,0
C22999,Charles,Thomas,charles.thomas983@proton.me,US,FL,Verified,Medium,684,166591,63515.41,2020-09-14,Gold,0,0
C24996,Lisa,Moore,lisa.moore346@proton.me,US,MI,Verified,Medium,646,285387,46539.42,2021-01-08,VIP,1,0
C95814,Sofia,Allen,sofia.allen82@fintechmail.io,FR,N/A,Pending,High,714,231902,55383.14,2023-07-08,Gold,0,0
C95316,Jessica,Allen,jessica.allen642@outlook.com,US,PA,Rejected,Low,621,132171,46359.0,2020-06-12,Gold,0,0
C82264,Sarah,Kim,sarah.kim97@yahoo.com,SG,N/A,Verified,Medium,640,101661,26457.1,2019-08-12,Platinum,0,0
C38183,Jennifer,Anderson,jennifer.anderson25@gmail.com,US,PA,Rejected,High,523,236473,65022.76,2022-09-15,Standard,1,0
C66370,Yuki,Sanchez,yuki.sanchez531@icloud.com,DE,N/A,Verified,Medium,404,215481,38749.73,2022-11-06,Gold,0,0
C69186,Betty,Chen,betty.chen150@outlook.com,SG,N/A,Pending,Medium,808,103385,51100.93,2021-05-14,Platinum,0,0
C39949,Christopher,Lee,christopher.lee915@fintechmail.io,SG,N/A,Verified,Medium,406,282607,30376.53,2021-12-06,Silver,0,0
C64239,Joseph,Martinez,joseph.martinez103@icloud.com,FR,N/A,Verified,Critical,597,31089,65331.48,2024-11-07,Silver,1,0
C54424,John,Wilson,john.wilson436@proton.me,IN,N/A,Verified,High,619,157039,36070.62,2024-02-04,Platinum,0,0
C69441,Mateo,Robinson,mateo.robinson27@gmail.com,SG,N/A,Verified,Medium,692,203250,31596.58,2022-02-15,Gold,0,0
C62262,Wei,Martinez,wei.martinez108@proton.me,CA,N/A,Under Review,Low,783,178486,403.26,2024-05-17,VIP,0,0
C64524,Daniel,Silva,daniel.silva529@gmail.com,US,NY,Pending,High,715,77689,52632.83,2022-04-07,Silver,0,0
C22463,Emily,Rossi,emily.rossi708@yahoo.com,GB,N/A,Pending,Critical,387,239201,19794.28,2022-05-10,Standard,0,0
C50966,Jessica,Clark,jessica.clark914@fintechmail.io,US,VA,Rejected,Medium,731,314351,57836.08,2022-01-31,VIP,1,0
C65936,Joshua,Rossi,joshua.rossi507@outlook.com,DE,N/A,Under Review,Low,738,275605,48950.39,2022-02-01,Platinum,0,0
C50963,Mary,White,mary.white887@yahoo.com,AU,N/A,Rejected,High,491,292423,72066.68,2021-08-21,Gold,1,0
C97177,Emma,Anderson,emma.anderson751@icloud.com,SG,N/A,Verified,Low,402,315294,31358.87,2020-07-23,Standard,1,0
C43408,Emma,Jackson,emma.jackson544@icloud.com,IN,N/A,Pending,Low,689,207331,2946.28,2022-06-03,Gold,0,0
C59060,Liam,Sanchez,liam.sanchez946@outlook.com,GB,N/A,Verified,Medium,360,139798,18638.45,2024-03-12,Silver,1,0
C30006,John,Silva,john.silva285@yahoo.com,US,CA,Pending,High,553,303332,65441.64,2023-12-09,Gold,0,0
C72163,Margaret,Harris,margaret.harris963@outlook.com,CA,N/A,Rejected,Critical,462,197705,62513.06,2024-11-01,Silver,0,0
C18799,Liam,Thomas,liam.thomas348@yahoo.com,SG,N/A,Verified,Medium,484,140885,39466.41,2021-09-03,VIP,1,0
C21957,Margaret,Lewis,margaret.lewis914@yahoo.com,US,FL,Under Review,Critical,712,161113,44582.32,2024-05-01,Platinum,0,0
C21188,Karen,Miller,karen.miller708@proton.me,FR,N/A,Pending,High,649,219041,34183.79,2021-09-14,Silver,1,0
C22219,Linda,Flores,linda.flores312@yahoo.com,IN,N/A,Verified,Low,480,187943,17861.87,2019-12-09,Platinum,0,0
C66606,Michelle,Williams,michelle.williams271@outlook.com,CA,N/A,Verified,Low,,232360,32067.14,2024-08-10,VIP,0,1
C22656,Priya,Silva,priya.silva823@outlook.com,US,OH,Verified,Critical,603,229125,29000.73,2022-03-21,Silver,0,0
C42738,Sandra,Clark,sandra.clark247@outlook.com,US,NJ,Under Review,Low,588,43302,58127.16,2019-08-22,VIP,0,0
C64934,Amara,Gonzalez,amara.gonzalez876@proton.me,AU,N/A,Pending,Low,586,176630,57621.42,2020-01-25,VIP,0,0
C11068,Aarav,Johnson,aarav.johnson880@gmail.com,DE,N/A,Verified,Medium,766,269914,17061.56,2020-09-20,Silver,0,0
C62595,Emma,Johnson,emma.johnson430@outlook.com,DE,N/A,Verified,Critical,367,23630,11984.77,2020-08-20,Platinum,1,0
C25907,Mark,Kim,mark.kim907@yahoo.com,GB,N/A,Verified,Medium,632,243028,42674.82,2023-01-28,Standard,0,0
C58610,John,King,john.king165@outlook.com,US,GA,Rejected,High,655,75411,10940.51,2022-11-20,Platinum,1,0
C43698,Robert,Johnson,robert.johnson522@gmail.com,CA,N/A,Verified,Medium,504,210702,4357.59,2023-07-23,Silver,1,0
C57838,James,Kim,james.kim464@proton.me,US,GA,Verified,Critical,605,84331,34747.82,2024-04-01,Standard,0,0
C99734,Nancy,Harris,nancy.harris261@fintechmail.io,GB,N/A,Verified,Low,824,267836,44111.59,2023-03-01,Gold,1,0
C77537,Barbara,Torres,barbara.torres965@gmail.com,GB,N/A,Under Review,Medium,563,270137,36549.38,2023-05-05,Gold,1,0
C33065,Robert,Lewis,robert.lewis43@yahoo.com,FR,N/A,Verified,High,633,265318,39355.77,2020-03-31,Standard,0,0
C15764,Emily,King,emily.king180@icloud.com,SG,N/A,Pending,Medium,775,174000,10389.99,2022-11-01,Gold,0,0
C83047,Wei,Lopez,wei.lopez318@proton.me,DE,N/A,Under Review,Low,843,281605,32237.82,2022-02-01,VIP,1,0
C23457,Linda,Sharma,linda.sharma527@yahoo.com,DE,N/A,Pending,Medium,567,63838,8290.4,2021-02-01,Standard,0,0
C10545,Aarav,Taylor,aarav.taylor240@fintechmail.io,US,VA,Verified,Low,394,60810,74054.32,2023-07-05,Gold,0,0
C77254,Donald,Wilson,donald.wilson268@icloud.com,IN,N/A,Under Review,High,477,274201,14747.63,2022-06-14,Silver,0,0
C73043,Sarah,Muller,sarah.muller412@outlook.com,CA,N/A,Rejected,Medium,792,123753,25631.9,2021-12-09,Standard,0,0
C85186,Margaret,White,margaret.white867@icloud.com,IN,N/A,Pending,High,410,240235,23833.32,2023-10-25,Gold,0,0
C67266,Susan,Young,susan.young668@outlook.com,AU,N/A,Rejected,Critical,627,50718,60404.61,2019-08-11,Gold,0,0
C22301,Paul,Garcia,paul.garcia867@yahoo.com,IN,N/A,Under Review,Critical,615,97061,40585.09,2021-07-12,Silver,0,0
C56372,Michael,Silva,michael.silva609@icloud.com,IN,N/A,Verified,Medium,773,189384,51652.59,2019-08-22,Platinum,0,0
C88869,Mateo,Williams,mateo.williams654@icloud.com,GB,N/A,Under Review,Low,789,109382,31878.71,2019-11-13,Gold,1,0
C43902,Kimberly,Brown,kimberly.brown841@gmail.com,DE,N/A,Rejected,High,512,125815,25647.48,2022-09-24,VIP,0,1
C88966,Matthew,Robinson,matthew.robinson574@icloud.com,SG,N/A,Rejected,High,396,196379,59301.36,2020-07-02,Standard,0,0
C13997,Daniel,Silva,daniel.silva721@fintechmail.io,CA,N/A,Verified,Medium,482,112301,2841.07,2024-05-14,VIP,1,0
C69575,Christopher,Clark,christopher.clark438@yahoo.com,SG,N/A,Pending,Medium,377,115907,51289.0,2023-05-23,Gold,1,0
C53472,Daniel,Moore,daniel.moore178@outlook.com,FR,N/A,Pending,Low,505,196660,57892.52,2020-05-21,VIP,1,0
C27393,William,Garcia,william.garcia467@proton.me,US,AZ,Verified,High,665,242277,60822.3,2020-11-26,Standard,0,0
C10400,Steven,Flores,steven.flores625@icloud.com,IN,N/A,Rejected,High,829,178623,30923.78,2020-01-19,VIP,0,0
C67760,John,Kim,john.kim465@icloud.com,IN,N/A,Verified,Medium,467,148797,28398.47,2023-03-19,Gold,1,0
C62733,Ashley,Walker,ashley.walker467@fintechmail.io,US,IL,Verified,Critical,774,313899,29814.41,2021-08-10,Gold,1,0
C58796,John,Gonzalez,john.gonzalez259@yahoo.com,AU,N/A,Rejected,Medium,736,179179,11614.71,2023-10-07,VIP,1,0
C26643,Yuki,Hernandez,yuki.hernandez99@outlook.com,US,NJ,Under Review,Critical,647,39099,19037.92,2022-11-04,Gold,0,0
C77150,William,Lewis,william.lewis873@outlook.com,CA,N/A,Verified,Critical,776,115099,18668.74,2020-06-03,VIP,0,0
C64414,Carlos,King,carlos.king349@yahoo.com,US,TX,Verified,Low,753,190269,67596.81,2024-01-08,Gold,0,0
C46169,Mateo,Davis,mateo.davis449@proton.me,DE,N/A,Verified,High,634,40538,20801.0,2021-05-09,Platinum,1,0
C89689,Donald,Moore,donald.moore242@outlook.com,CA,N/A,Verified,High,685,30410,56975.63,2022-07-12,Gold,1,0
C44143,Daniel,Davis,daniel.davis941@proton.me,US,IL,Verified,High,782,152671,51411.39,2024-01-11,Gold,1,0
C90802,Ashley,Jones,ashley.jones32@fintechmail.io,US,NJ,Verified,Medium,718,95665,25440.64,2023-09-17,Silver,1,0
C41334,James,Hernandez,james.hernandez573@fintechmail.io,US,OH,Verified,Medium,463,124975,10894.93,2022-05-31,Silver,1,0
C21800,Anthony,Miller,anthony.miller735@proton.me,SG,N/A,Verified,Low,374,105311,34991.6,2021-01-06,Gold,1,0
C46632,Kimberly,Rodriguez,kimberly.rodriguez482@outlook.com,US,TX,Under Review,Critical,756,103613,49140.61,2019-08-20,VIP,0,0
C17915,Donna,Tanaka,donna.tanaka606@fintechmail.io,FR,N/A,Verified,Critical,602,222154,28987.39,2021-04-11,VIP,1,0
C97623,Joshua,Rossi,joshua.rossi306@yahoo.com,US,PA,Rejected,Low,566,289348,10665.13,2021-11-25,VIP,1,0
C99947,Wei,Jackson,wei.jackson71@yahoo.com,AU,N/A,Rejected,Medium,494,315140,34505.75,2020-10-16,Gold,1,0
C24297,Sofia,Young,sofia.young52@gmail.com,IN,N/A,Verified,Critical,499,198732,28803.13,2022-02-10,VIP,0,0
C47969,David,Thompson,david.thompson607@proton.me,GB,N/A,Verified,Low,359,299495,51529.67,2024-08-30,Standard,0,0
C78754,Steven,Sharma,steven.sharma550@icloud.com,FR,N/A,Under Review,Critical,808,296550,54097.2,2020-10-13,Gold,0,0
C27132,Wei,Taylor,wei.taylor45@icloud.com,DE,N/A,Verified,Low,681,197037,63503.6,2024-06-08,Gold,1,0
C44366,David,Brown,david.brown532@fintechmail.io,AU,N/A,Rejected,Low,497,127072,7902.08,2024-03-30,Silver,0,0
C55252,Steven,Johnson,steven.johnson867@proton.me,US,CA,Verified,Critical,507,71507,4589.74,2021-06-28,VIP,1,0
C49883,John,Lee,john.lee254@proton.me,US,CA,Verified,Critical,817,261199,46349.31,2021-02-12,Gold,1,0
C34618,Liam,Sanchez,liam.sanchez409@yahoo.com,FR,N/A,Pending,High,819,83727,13338.62,2023-10-14,VIP,0,0
C93852,Nancy,Moore,nancy.moore224@yahoo.com,CA,N/A,Pending,Low,384,298401,7904.27,2020-12-29,VIP,0,0
C10731,Anthony,Flores,anthony.flores18@fintechmail.io,DE,N/A,Verified,Low,436,290488,46873.99,2023-04-30,Platinum,1,0
C62467,Donna,Moore,donna.moore269@outlook.com,GB,N/A,Verified,High,646,153309,62527.34,2019-11-30,Platinum,0,0
C45455,Elizabeth,Hernandez,elizabeth.hernandez215@gmail.com,US,CA,Verified,Low,578,119551,36485.63,2024-08-08,Gold,0,0
C20074,Andrew,Scott,andrew.scott229@icloud.com,SG,N/A,Pending,Low,360,292556,56677.11,2021-11-06,Standard,0,0
C53554,Donald,Thompson,donald.thompson423@icloud.com,FR,N/A,Rejected,Medium,493,243198,51461.23,2024-08-06,Silver,1,0
C27137,John,Miller,john.miller320@yahoo.com,FR,N/A,Rejected,Medium,652,98411,55469.47,2023-05-25,Platinum,0,0
C24793,Barbara,Wilson,barbara.wilson229@yahoo.com,US,FL,Rejected,Medium,657,197838,57539.04,2022-03-03,Gold,1,0
C44575,Charles,Hill,charles.hill647@fintechmail.io,US,IL,Verified,Low,,121245,21751.36,2019-12-10,Gold,0,0
C63779,Donald,Lewis,donald.lewis677@proton.me,DE,N/A,Pending,High,723,93507,31140.51,2019-10-29,Platinum,0,0
C42543,Margaret,Martin,margaret.martin742@proton.me,US,NC,Rejected,High,476,29153,63638.82,2023-11-07,VIP,0,0
C78614,Andrew,Moore,andrew.moore407@gmail.com,GB,N/A,Verified,High,754,43535,61587.02,2020-01-22,Standard,1,0
C28263,Lisa,Wilson,lisa.wilson119@icloud.com,US,MA,Rejected,Low,483,86076,58022.11,2023-08-11,Standard,0,0
C38234,Matthew,Anderson,matthew.anderson632@proton.me,FR,N/A,Verified,Critical,516,82569,30585.11,2023-04-30,Platinum,0,0
C17024,Robert,Clark,robert.clark837@icloud.com,SG,N/A,Rejected,Low,673,115660,10277.24,2023-03-04,Standard,1,0
C96035,Nancy,Anderson,nancy.anderson472@yahoo.com,DE,N/A,Verified,Medium,845,32159,27353.7,2024-02-27,Standard,0,0
C69903,Barbara,Flores,barbara.flores134@icloud.com,CA,N/A,Verified,Medium,680,187234,63210.08,2021-07-09,Standard,0,0
C63451,John,Kim,john.kim345@proton.me,DE,N/A,Pending,Medium,848,142412,12805.59,2023-10-08,Gold,0,1
C30018,Barbara,Patel,barbara.patel678@gmail.com,IN,N/A,Verified,Low,548,189996,25528.38,2021-02-06,Platinum,0,0
C21064,Linda,Muller,linda.muller167@fintechmail.io,FR,N/A,Pending,Low,493,52049,22249.12,2023-09-03,Standard,0,0
C85175,David,Kim,david.kim904@gmail.com,US,CA,Under Review,Low,785,237508,47475.99,2020-03-05,Platinum,0,0
C25671,David,Walker,david.walker717@gmail.com,AU,N/A,Pending,High,537,144829,10274.28,2023-11-08,Silver,0,0
C28895,Joseph,Allen,joseph.allen26@gmail.com,SG,N/A,Rejected,Medium,736,133424,8500.21,2020-01-11,Gold,1,0
C92893,Margaret,Martin,margaret.martin226@gmail.com,IN,N/A,Rejected,Medium,820,131219,42783.87,2020-03-09,Platinum,1,0
C69198,John,Smith,john.smith789@icloud.com,IN,N/A,Verified,Low,738,33340,21179.41,2023-06-04,Platinum,0,0
C64604,Michelle,Allen,michelle.allen367@gmail.com,US,FL,Verified,Low,833,73093,53393.81,2020-03-14,Gold,0,0
C47132,Aarav,Rossi,aarav.rossi51@proton.me,FR,N/A,Pending,High,391,35351,8297.57,2024-04-15,Gold,1,0
C16879,Charles,Thompson,charles.thompson142@proton.me,AU,N/A,Rejected,Low,850,142904,52442.97,2021-08-08,Standard,0,0
C75610,Emily,Taylor,emily.taylor694@icloud.com,SG,N/A,Rejected,Low,692,188739,62834.45,2022-07-22,Platinum,1,0
C10890,Yuki,Hernandez,yuki.hernandez387@outlook.com,DE,N/A,Rejected,Critical,661,128197,1943.62,2024-02-12,Standard,0,0
C62798,Mary,Harris,mary.harris890@icloud.com,CA,N/A,Rejected,Medium,444,130293,55925.28,2020-08-04,Gold,1,0
C47820,Barbara,Hill,barbara.hill438@icloud.com,AU,N/A,Verified,Low,705,184330,40280.98,2023-06-21,Standard,1,0
C42242,Margaret,Hill,margaret.hill52@outlook.com,SG,N/A,Verified,Critical,604,253780,44728.98,2020-05-22,Gold,0,0
C70693,Yuki,Thompson,yuki.thompson744@fintechmail.io,FR,N/A,Verified,Low,720,95995,34380.57,2019-09-24,Gold,1,0
C81542,Carlos,Lopez,carlos.lopez193@fintechmail.io,US,NY,Rejected,High,646,131729,65418.9,2023-11-07,Silver,0,0
C56481,Anthony,Chen,anthony.chen156@proton.me,DE,N/A,Rejected,Medium,731,294545,7307.48,2024-09-14,VIP,0,0
C49201,Emily,Clark,emily.clark429@yahoo.com,GB,N/A,Rejected,Medium,451,313018,72450.05,2021-06-02,Silver,0,0
C96421,Wei,Lewis,wei.lewis953@icloud.com,CA,N/A,Verified,Critical,583,206527,42563.31,2024-02-21,VIP,0,0
C34047,Kimberly,Wilson,kimberly.wilson89@outlook.com,AU,N/A,Verified,Low,442,105403,65393.08,2024-05-30,Silver,1,0
C61936,Paul,Gonzalez,paul.gonzalez857@fintechmail.io,FR,N/A,Verified,Critical,687,26314,11661.79,2024-06-24,Silver,0,0
C41546,Nancy,Smith,nancy.smith163@proton.me,CA,N/A,Pending,Critical,478,38270,73037.3,2023-04-23,Standard,1,0
C29130,Susan,Tanaka,susan.tanaka670@gmail.com,US,CA,Verified,Medium,650,35633,7772.95,2023-05-17,Silver,0,0
C96398,Emma,Martinez,emma.martinez680@proton.me,US,NJ,Under Review,High,739,165133,65815.55,2024-06-08,VIP,0,0
C10504,Steven,King,steven.king902@icloud.com,DE,N/A,Verified,Medium,659,227513,38663.15,2024-10-20,VIP,0,0
C91568,David,Tanaka,david.tanaka598@gmail.com,US,AZ,Verified,High,757,96793,22430.67,2023-05-15,Platinum,1,0
C91340,Yuki,Lewis,yuki.lewis980@fintechmail.io,US,MI,Verified,High,827,104011,42787.02,2020-08-02,Standard,0,0
C72706,Aarav,Torres,aarav.torres869@icloud.com,FR,N/A,Pending,Critical,409,24921,40546.53,2021-05-31,Silver,0,0
C34477,Elizabeth,Perez,elizabeth.perez980@outlook.com,FR,N/A,Pending,Medium,418,283972,73235.65,2020-05-20,Standard,0,0
C56968,James,Williams,james.williams61@yahoo.com,CA,N/A,Verified,Critical,707,241405,54301.52,2024-11-11,Standard,0,0
C32741,Lisa,Harris,lisa.harris367@icloud.com,DE,N/A,Pending,Low,605,94155,60857.92,2023-06-18,Gold,0,0
C27287,Christopher,Gonzalez,christopher.gonzalez425@proton.me,US,FL,Rejected,Medium,447,86684,19662.9,2021-05-27,Silver,1,0
C19990,Jessica,Flores,jessica.flores626@gmail.com,US,OH,Verified,Medium,819,120718,65366.24,2024-02-14,Silver,0,0
C56788,Robert,Lewis,robert.lewis238@gmail.com,US,VA,Verified,Low,672,178753,44422.68,2024-03-11,Silver,0,0
C89803,Priya,Thomas,priya.thomas176@fintechmail.io,AU,N/A,Verified,Medium,785,53790,8456.42,2020-11-05,Platinum,0,0
C31854,Priya,Harris,priya.harris994@gmail.com,SG,N/A,Verified,Critical,736,98040,9521.2,2021-05-22,Silver,1,0
C84258,Joseph,Anderson,joseph.anderson458@outlook.com,GB,N/A,Verified,Medium,445,125702,2155.11,2019-09-06,Silver,0,0
C96557,David,Allen,david.allen156@yahoo.com,US,FL,Verified,Medium,793,184813,66072.87,2024-08-05,Platinum,0,0
C81857,Emily,Gonzalez,emily.gonzalez410@outlook.com,IN,N/A,Under Review,Critical,383,79797,23704.46,2023-07-05,Platinum,1,0
C19680,Emma,Dubois,emma.dubois668@yahoo.com,DE,N/A,Verified,Low,489,258900,7700.66,2022-08-15,Standard,0,0
C61891,Matthew,Lopez,matthew.lopez538@fintechmail.io,US,IL,Verified,Low,731,315851,35064.1,2022-03-12,VIP,0,0
C54096,Donna,King,donna.king612@gmail.com,GB,N/A,Verified,Critical,567,26975,15924.13,2021-07-08,Gold,1,0
C68121,Christopher,Thomas,christopher.thomas145@icloud.com,US,FL,Verified,Medium,661,196243,35394.22,2020-04-12,Gold,1,0
C33831,Linda,Martin,linda.martin533@gmail.com,IN,N/A,Pending,Low,602,245172,71711.44,2021-02-18,Gold,0,0
C84534,William,Martinez,william.martinez708@fintechmail.io,DE,N/A,Verified,High,823,206923,50003.68,2022-12-07,VIP,0,0
C98194,James,Perez,james.perez496@proton.me,SG,N/A,Under Review,Medium,487,266405,13082.47,2021-04-05,Standard,0,0
C88398,Charles,Clark,charles.clark634@proton.me,DE,N/A,Verified,Low,,127259,31443.24,2024-10-29,VIP,0,0
C80157,Steven,Moore,steven.moore71@yahoo.com,US,FL,Under Review,Low,645,70691,41292.61,2021-01-03,Silver,1,0
C82602,Aarav,Smith,aarav.smith364@outlook.com,GB,N/A,Verified,Medium,544,237758,44360.47,2021-10-26,Gold,0,0
C64751,Emily,Martinez,emily.martinez781@gmail.com,IN,N/A,Pending,High,748,319916,54687.97,2020-01-07,Silver,0,0
C52172,Sandra,Muller,sandra.muller495@gmail.com,CA,N/A,Verified,Medium,592,252774,800.23,2023-06-08,Gold,0,0
C61768,William,Wilson,william.wilson640@yahoo.com,IN,N/A,Under Review,Low,727,37880,319.23,2022-10-27,Standard,0,0
C64928,Thomas,Thomas,thomas.thomas15@proton.me,US,OH,Verified,High,426,147597,61082.33,2019-07-30,Silver,1,0
C30589,Andrew,Muller,andrew.muller819@proton.me,US,VA,Verified,Low,672,118057,12042.02,2022-02-21,Silver,0,0
C89055,Sarah,Silva,sarah.silva910@gmail.com,CA,N/A,Pending,Critical,439,101116,36765.55,2021-03-11,Silver,0,0
C76105,Matthew,Garcia,matthew.garcia787@outlook.com,US,NJ,Verified,Medium,732,159006,12182.32,2022-08-31,Gold,0,0
C88541,Margaret,Johnson,margaret.johnson890@fintechmail.io,FR,N/A,Verified,Medium,625,42925,24542.32,2021-06-24,Platinum,1,0
C18047,Lisa,Walker,lisa.walker402@proton.me,DE,N/A,Verified,Low,602,191497,53618.53,2024-05-18,Platinum,0,0
C27273,David,Harris,david.harris619@fintechmail.io,CA,N/A,Verified,High,601,214582,42615.83,2020-11-16,Standard,1,0
C78786,Daniel,White,daniel.white400@outlook.com,US,NJ,Pending,Low,479,235258,22203.43,2019-08-05,Gold,0,0
C47326,Karen,Dubois,karen.dubois693@fintechmail.io,CA,N/A,Verified,Critical,432,22080,2723.26,2021-01-22,Platinum,0,1
C43135,Betty,Wilson,betty.wilson925@proton.me,US,OH,Rejected,Medium,595,24733,39109.31,2024-07-11,Standard,1,0
C15150,Thomas,Lee,thomas.lee87@fintechmail.io,US,MA,Under Review,Low,642,306557,36062.99,2024-08-14,VIP,1,0
C32034,Sofia,Dubois,sofia.dubois164@outlook.com,DE,N/A,Rejected,Medium,356,224320,71603.1,2021-12-21,Standard,0,0
C37250,Charles,Garcia,charles.garcia711@icloud.com,CA,N/A,Under Review,Critical,438,274089,22695.57,2020-07-03,Silver,0,0
C52147,Barbara,Young,barbara.young38@fintechmail.io,AU,N/A,Verified,Medium,750,88741,31233.64,2020-01-20,Platinum,0,0
C37411,Karen,White,karen.white14@yahoo.com,SG,N/A,Under Review,High,528,179641,30852.68,2020-11-20,Silver,0,0
C63672,Sandra,Dubois,sandra.dubois514@fintechmail.io,DE,N/A,Rejected,High,840,314447,19447.88,2022-07-16,Standard,0,0
C25527,David,Jones,david.jones498@proton.me,US,AZ,Verified,Medium,582,277265,5350.96,2021-08-05,Standard,0,0
C67177,Kimberly,Robinson,kimberly.robinson101@fintechmail.io,US,NY,Under Review,Low,464,160939,43138.81,2020-07-20,Standard,1,0
C64050,Elizabeth,Patel,elizabeth.patel583@proton.me,US,OH,Under Review,Medium,555,114421,18341.83,2021-05-23,VIP,0,0
C62365,David,Brown,david.brown96@proton.me,US,NJ,Verified,Medium,373,52946,42622.71,2024-10-08,Gold,0,0
C56314,Joseph,Ramirez,joseph.ramirez405@outlook.com,DE,N/A,Verified,Low,655,119035,5457.15,2022-01-24,Gold,1,0
C41729,Richard,Garcia,richard.garcia205@outlook.com,FR,N/A,Verified,High,631,120984,42137.19,2020-08-03,Standard,1,0
C27986,Elizabeth,Scott,elizabeth.scott649@yahoo.com,FR,N/A,Under Review,Critical,684,204295,74739.55,2020-07-27,Gold,0,0
C42925,Carlos,Jackson,carlos.jackson338@proton.me,CA,N/A,Pending,Medium,766,142581,27930.95,2024-07-23,Gold,0,0
C40028,Karen,Clark,karen.clark879@proton.me,US,PA,Pending,Medium,714,221331,9880.19,2023-05-10,Standard,0,0
C65344,Mateo,Lewis,mateo.lewis417@outlook.com,CA,N/A,Verified,Medium,689,51365,65773.38,2022-09-08,Silver,0,0
C52795,Paul,Jones,paul.jones837@proton.me,CA,N/A,Pending,Low,460,245309,26369.93,2023-05-14,Platinum,0,0
C10315,Michelle,Nguyen,michelle.nguyen555@outlook.com,DE,N/A,Verified,Critical,671,72769,72943.17,2021-09-09,VIP,0,0
C17245,Richard,Sanchez,richard.sanchez66@yahoo.com,CA,N/A,Verified,Low,806,311817,4152.09,2020-06-17,Standard,1,0
C56922,James,Jones,james.jones75@yahoo.com,DE,N/A,Verified,Critical,422,167410,33574.63,2019-09-16,Gold,0,0
C31882,Lisa,Wilson,lisa.wilson705@outlook.com,GB,N/A,Pending,High,833,77865,46952.18,2021-12-14,Silver,0,0
C90924,Mateo,White,mateo.white458@outlook.com,US,CA,Under Review,Low,687,155919,71765.37,2019-12-11,VIP,0,0
C70537,Robert,Young,robert.young946@yahoo.com,US,GA,Verified,Low,662,81151,2418.76,2020-01-24,Silver,0,0
C82092,Nancy,Sharma,nancy.sharma289@fintechmail.io,FR,N/A,Pending,Medium,440,32840,34918.64,2020-11-22,Silver,1,0
C85816,Liam,Lewis,liam.lewis833@icloud.com,GB,N/A,Rejected,Medium,482,250638,9595.95,2020-08-20,Standard,0,0
C35528,Andrew,Robinson,andrew.robinson190@proton.me,FR,N/A,Under Review,Low,450,278638,21414.42,2024-02-09,Platinum,1,0
C32227,Amara,Wilson,amara.wilson828@proton.me,IN,N/A,Verified,Critical,802,198094,66114.82,2021-11-17,Platinum,0,0
C28309,Mary,Johnson,mary.johnson533@outlook.com,CA,N/A,Verified,Medium,501,168700,21879.65,2021-04-29,VIP,0,0
C43873,Christopher,Hernandez,christopher.hernandez575@icloud.com,CA,N/A,Verified,Low,436,213910,73493.76,2021-10-22,VIP,1,0
C24713,Richard,Hill,richard.hill603@outlook.com,SG,N/A,Verified,High,804,230896,53524.1,2024-04-20,Silver,0,0
C19578,Karen,Thomas,karen.thomas543@outlook.com,US,NY,Rejected,Medium,680,307042,71752.01,2019-09-23,VIP,0,0
C73773,Sarah,Taylor,sarah.taylor413@yahoo.com,DE,N/A,Rejected,Low,775,148849,40597.54,2023-01-19,Gold,0,0
C89174,Yuki,Wright,yuki.wright926@fintechmail.io,FR,N/A,Under Review,Medium,728,26487,43529.68,2023-05-10,VIP,1,0
C46430,Jessica,Anderson,jessica.anderson282@fintechmail.io,IN,N/A,Verified,Medium,461,180518,42644.06,2020-11-22,VIP,0,0
C66980,Amara,Lee,amara.lee483@yahoo.com,IN,N/A,Pending,Medium,421,147713,44727.79,2020-07-02,VIP,0,0
C42605,Betty,Williams,betty.williams854@outlook.com,SG,N/A,Rejected,Medium,530,135861,62490.52,2019-07-30,Silver,1,0
C27748,Jennifer,Lee,jennifer.lee302@icloud.com,AU,N/A,Verified,Medium,377,70062,74468.18,2024-06-06,Standard,0,0
C21236,Lisa,Kim,lisa.kim978@gmail.com,CA,N/A,Pending,High,792,25535,66021.29,2022-03-18,Gold,0,0
C71902,Sandra,Brown,sandra.brown24@proton.me,FR,N/A,Verified,Medium,388,132467,44982.57,2019-11-06,Standard,0,0
C43204,Linda,Sharma,linda.sharma61@fintechmail.io,FR,N/A,Under Review,Medium,596,287500,58690.89,2024-07-09,Silver,0,0
C24878,Liam,Williams,liam.williams246@fintechmail.io,FR,N/A,Rejected,Low,698,308752,10714.99,2023-10-13,Silver,0,0
C86279,Joshua,Walker,joshua.walker426@yahoo.com,CA,N/A,Under Review,Critical,381,240633,15575.81,2020-08-13,Silver,0,0
C83698,Jennifer,Sanchez,jennifer.sanchez35@fintechmail.io,IN,N/A,Under Review,Low,507,225515,22215.49,2019-08-03,Silver,0,0
C86793,Amara,Lewis,amara.lewis170@yahoo.com,DE,N/A,Verified,High,,117975,56922.92,2022-07-01,VIP,0,0
C87062,James,Sanchez,james.sanchez335@outlook.com,SG,N/A,Verified,Medium,556,112936,47086.37,2020-08-03,Silver,0,0
C49151,William,Young,william.young236@gmail.com,US,OH,Under Review,High,560,302115,11402.93,2023-07-28,VIP,0,0
C69650,James,Walker,james.walker896@icloud.com,SG,N/A,Verified,Low,451,159321,54398.54,2020-02-28,Standard,1,0
C14050,William,Perez,william.perez863@fintechmail.io,US,MA,Pending,Critical,740,195133,71992.63,2022-07-01,Standard,1,0
C96937,Karen,Clark,karen.clark229@outlook.com,DE,N/A,Under Review,Low,502,217648,13754.19,2023-07-21,VIP,0,0
C74457,Emily,Sharma,emily.sharma203@fintechmail.io,AU,N/A,Pending,Critical,817,204182,69326.29,2021-09-17,Gold,0,0
C91680,Richard,Davis,richard.davis413@outlook.com,AU,N/A,Verified,Medium,424,289349,28040.65,2020-07-02,VIP,0,0
C82458,David,Allen,david.allen293@fintechmail.io,FR,N/A,Verified,Low,633,121677,74463.07,2020-07-12,VIP,1,0
C67436,Margaret,King,margaret.king883@proton.me,US,FL,Pending,Low,411,164013,26150.99,2020-07-27,Standard,0,0
C60217,Liam,Scott,liam.scott271@icloud.com,AU,N/A,Verified,Medium,828,92895,42307.07,2023-02-17,VIP,1,0
C44934,Anthony,Lee,anthony.lee498@icloud.com,GB,N/A,Pending,Medium,413,262166,49486.29,2021-08-18,Gold,0,0
C91949,Sarah,Anderson,sarah.anderson508@yahoo.com,US,IL,Verified,Low,533,149503,33192.15,2022-05-10,Platinum,1,0
C74456,Emily,Gonzalez,emily.gonzalez430@proton.me,DE,N/A,Verified,High,,163608,57501.2,2024-08-06,Gold,0,0
C29143,James,Allen,james.allen664@outlook.com,AU,N/A,Pending,Medium,811,163341,37589.13,2024-02-22,VIP,1,0
C15721,Mary,Flores,mary.flores345@yahoo.com,US,NC,Verified,Critical,555,186800,5849.54,2022-07-07,Standard,0,0
C90408,Sandra,Williams,sandra.williams475@fintechmail.io,US,PA,Verified,Low,420,156847,14239.81,2020-08-23,Gold,0,0
C81985,Karen,Wilson,karen.wilson781@proton.me,US,WA,Verified,Critical,526,300928,32356.48,2024-08-23,Standard,0,0
C57365,Karen,Johnson,karen.johnson649@fintechmail.io,CA,N/A,Under Review,Low,399,218537,54608.12,2023-07-04,Silver,0,0
C49851,Patricia,Dubois,patricia.dubois501@icloud.com,AU,N/A,Verified,High,467,79223,15629.68,2021-09-26,Gold,0,0
C42824,Donald,Patel,donald.patel148@fintechmail.io,SG,N/A,Verified,Medium,702,131692,61474.39,2022-06-15,Platinum,0,0
C14215,Robert,Young,robert.young470@yahoo.com,US,OH,Under Review,Medium,629,265897,9612.09,2019-09-02,VIP,0,0
C29666,Joshua,Ramirez,joshua.ramirez663@fintechmail.io,US,TX,Verified,High,681,103630,72825.11,2024-04-06,Platinum,0,0
C31420,Donna,Ramirez,donna.ramirez212@yahoo.com,SG,N/A,Rejected,Medium,706,257227,45697.2,2023-06-16,Gold,1,0
C88458,Anthony,Garcia,anthony.garcia215@yahoo.com,US,FL,Verified,Low,840,304327,18767.86,2023-09-29,Platinum,1,0
C73359,John,Sanchez,john.sanchez559@yahoo.com,CA,N/A,Verified,Critical,590,300231,27358.38,2022-08-29,Silver,0,0
C62204,Thomas,Smith,thomas.smith221@icloud.com,FR,N/A,Verified,High,711,71290,25024.9,2024-01-29,Platinum,1,0
C48255,Linda,Rodriguez,linda.rodriguez74@icloud.com,AU,N/A,Pending,Medium,370,70667,60015.66,2022-01-21,Gold,0,0
C59840,Liam,Flores,liam.flores81@icloud.com,SG,N/A,Rejected,Medium,492,258877,42728.51,2022-07-22,VIP,1,0
C47261,Joseph,Harris,joseph.harris656@gmail.com,GB,N/A,Verified,Critical,744,141207,70999.32,2021-04-26,Platinum,0,0
C93230,Carlos,Sanchez,carlos.sanchez29@proton.me,US,NC,Pending,Medium,758,235985,27496.37,2023-07-27,VIP,1,0
C56803,Yuki,Walker,yuki.walker763@proton.me,AU,N/A,Verified,High,366,201461,4585.43,2023-08-08,Platinum,1,0
C80388,Lisa,Young,lisa.young564@fintechmail.io,GB,N/A,Verified,Low,612,250452,4836.09,2024-08-27,Silver,0,0
C90060,Christopher,Davis,christopher.davis284@yahoo.com,GB,N/A,Verified,High,617,23358,17825.97,2021-03-24,Platinum,0,0
C34536,Carlos,Taylor,carlos.taylor115@yahoo.com,SG,N/A,Verified,Medium,376,65898,74503.58,2023-08-22,Gold,0,0
C37603,Michelle,Clark,michelle.clark415@icloud.com,US,IL,Verified,Medium,493,132588,28444.05,2022-11-12,VIP,0,0
C21493,Daniel,Clark,daniel.clark702@icloud.com,CA,N/A,Under Review,Critical,834,133898,12957.46,2024-08-04,Platinum,0,0
C40882,John,Scott,john.scott226@yahoo.com,US,AZ,Verified,Low,673,91442,25998.17,2023-06-27,Silver,0,0
C16169,Patricia,Chen,patricia.chen785@outlook.com,GB,N/A,Pending,Critical,674,316195,37926.23,2023-09-03,VIP,1,0
C33455,Thomas,Smith,thomas.smith527@gmail.com,SG,N/A,Under Review,Low,579,215744,11832.62,2020-11-20,VIP,0,0
C83791,Mary,Hill,mary.hill989@outlook.com,AU,N/A,Verified,Low,640,105729,70129.66,2023-05-09,VIP,1,0
C81227,David,Thompson,david.thompson328@fintechmail.io,US,MA,Verified,High,756,107015,37663.01,2021-11-28,VIP,0,0
C74893,Christopher,Tanaka,christopher.tanaka410@icloud.com,US,GA,Verified,Low,369,40763,9849.65,2022-10-29,Gold,0,0
C78842,Mark,Patel,mark.patel740@fintechmail.io,GB,N/A,Under Review,High,410,49074,44150.44,2023-05-05,Gold,0,0
C38210,Mary,Lopez,mary.lopez723@gmail.com,US,TX,Under Review,High,420,209689,20394.48,2023-03-31,Silver,1,0
C13981,Mateo,Martin,mateo.martin448@proton.me,SG,N/A,Verified,Low,696,226137,20863.8,2021-03-15,Gold,1,0
C63359,Anthony,Hernandez,anthony.hernandez794@outlook.com,CA,N/A,Under Review,Medium,558,42733,21271.58,2023-12-09,Standard,0,0
C85527,Charles,Tanaka,charles.tanaka583@outlook.com,US,MI,Verified,Critical,594,237770,32123.17,2022-06-24,Standard,0,0
C46893,Anthony,Harris,anthony.harris120@outlook.com,US,FL,Verified,Low,714,134191,36838.82,2020-02-03,Gold,1,0
C80621,Mateo,Martinez,mateo.martinez522@gmail.com,AU,N/A,Verified,Medium,691,89421,38265.99,2024-05-02,VIP,1,0
C18595,Liam,Rodriguez,liam.rodriguez301@icloud.com,FR,N/A,Verified,Medium,781,310439,59039.25,2019-10-10,Silver,0,0
C56684,James,Flores,james.flores259@gmail.com,AU,N/A,Under Review,Low,803,99157,55969.09,2021-09-09,Standard,1,0
C78574,Donna,Rossi,donna.rossi211@gmail.com,DE,N/A,Under Review,Low,425,172719,27454.5,2022-03-24,Platinum,0,0
C25479,Anthony,Gonzalez,anthony.gonzalez794@icloud.com,US,OH,Verified,High,441,296190,51356.01,2021-04-06,Silver,0,0
C82502,Linda,Thompson,linda.thompson323@icloud.com,US,NY,Verified,Medium,376,212274,15200.67,2021-02-22,Standard,0,0
C57489,Emma,Walker,emma.walker358@icloud.com,US,PA,Rejected,Critical,628,264350,1550.58,2019-10-09,Gold,0,0
C43645,Steven,Tanaka,steven.tanaka165@proton.me,US,FL,Verified,Medium,769,303472,73602.87,2024-03-09,Standard,0,0
C94206,Margaret,Muller,margaret.muller711@outlook.com,CA,N/A,Under Review,Medium,385,230251,53003.26,2024-08-27,VIP,0,0
C49589,Elizabeth,Torres,elizabeth.torres416@gmail.com,AU,N/A,Rejected,Low,356,139575,59979.88,2024-04-18,VIP,0,0
C46904,Margaret,Sanchez,margaret.sanchez828@icloud.com,AU,N/A,Under Review,Critical,476,247779,56057.15,2024-06-16,Standard,0,0
C58006,Wei,Davis,wei.davis394@icloud.com,CA,N/A,Verified,Low,718,219286,70267.75,2023-04-13,VIP,0,0
C13020,Carlos,Patel,carlos.patel452@gmail.com,SG,N/A,Under Review,Medium,682,94526,7497.9,2019-12-20,VIP,0,0
C88696,Richard,Harris,richard.harris586@proton.me,IN,N/A,Rejected,Medium,785,114240,26418.7,2020-08-08,Platinum,0,0
C74110,Sofia,Ramirez,sofia.ramirez827@gmail.com,CA,N/A,Verified,Low,830,118750,39487.5,2023-11-14,Platinum,0,0
C59426,Kimberly,Brown,kimberly.brown240@gmail.com,US,CA,Verified,Medium,593,317859,37649.47,2019-09-13,Gold,1,0
C59294,Joshua,Flores,joshua.flores55@fintechmail.io,GB,N/A,Verified,High,609,314696,1430.94,2020-10-13,Platinum,1,0
C22160,Jessica,Tanaka,jessica.tanaka32@icloud.com,GB,N/A,Verified,Low,669,207628,3691.32,2023-04-10,VIP,1,0
C65226,David,Martinez,david.martinez853@yahoo.com,SG,N/A,Verified,Medium,371,204407,18609.81,2021-07-01,VIP,1,0
C59871,David,Dubois,david.dubois320@outlook.com,SG,N/A,Verified,Critical,675,187086,67691.51,2022-09-08,VIP,0,0
C30282,Wei,Thompson,wei.thompson108@icloud.com,IN,N/A,Rejected,Medium,688,225389,45800.34,2024-04-04,Standard,0,0
C99563,Donna,Nguyen,donna.nguyen249@outlook.com,US,WA,Rejected,Critical,588,186381,67116.03,2023-12-28,Silver,1,0
C93494,Daniel,Lewis,daniel.lewis757@proton.me,AU,N/A,Pending,Low,512,314145,70288.91,2021-05-08,Gold,0,0
C51525,David,Ramirez,david.ramirez100@icloud.com,IN,N/A,Verified,Medium,791,82387,72043.17,2020-05-08,Platinum,1,0
C22128,Emily,Sharma,emily.sharma866@outlook.com,DE,N/A,Verified,Low,825,183580,42545.95,2024-02-29,Gold,0,0
C94690,Kimberly,Nguyen,kimberly.nguyen826@outlook.com,SG,N/A,Under Review,Medium,482,177015,64607.25,2020-04-22,Platinum,0,0
C86003,Paul,Jackson,paul.jackson870@yahoo.com,FR,N/A,Under Review,Medium,547,73042,7605.1,2020-09-23,Standard,0,0
C23111,Matthew,Tanaka,matthew.tanaka361@fintechmail.io,US,NC,Under Review,Low,350,294527,74330.22,2022-11-26,Platinum,1,0
C98657,Mateo,Jackson,mateo.jackson875@gmail.com,DE,N/A,Verified,Medium,,152386,73064.01,2024-09-23,Silver,0,0
C90104,Donna,Rodriguez,donna.rodriguez293@yahoo.com,CA,N/A,Verified,Medium,846,297522,15634.91,2022-11-16,Silver,1,0
C56721,Sarah,Patel,sarah.patel488@gmail.com,FR,N/A,Rejected,High,590,106744,31344.45,2019-09-24,Silver,1,0
C84704,Wei,Davis,wei.davis327@fintechmail.io,GB,N/A,Under Review,High,507,70169,36804.11,2019-09-22,VIP,0,0
C81513,Charles,Harris,charles.harris298@gmail.com,US,CA,Verified,Low,537,208870,17164.19,2023-11-21,Gold,0,0
C73994,Michelle,Scott,michelle.scott640@gmail.com,DE,N/A,Verified,Medium,610,244494,2978.88,2022-10-02,Standard,1,0
C23016,Kimberly,Torres,kimberly.torres304@icloud.com,GB,N/A,Rejected,Medium,716,114583,41534.01,2024-04-14,Silver,0,0
C36579,John,Garcia,john.garcia937@proton.me,AU,N/A,Verified,Low,517,282394,33336.76,2023-12-24,Standard,1,0
C86898,Sofia,Sanchez,sofia.sanchez150@gmail.com,GB,N/A,Verified,Low,795,117136,23868.31,2022-08-14,Standard,1,0
C96050,Wei,Muller,wei.muller498@proton.me,GB,N/A,Verified,Low,849,35774,51551.42,2022-02-01,Silver,0,0
C51626,James,Nguyen,james.nguyen639@gmail.com,AU,N/A,Pending,Low,762,69302,11231.07,2021-04-28,Silver,0,0
C74900,Emma,Wilson,emma.wilson804@yahoo.com,FR,N/A,Verified,Medium,406,23519,6283.73,2024-03-30,VIP,0,0
C99095,Betty,Young,betty.young516@gmail.com,GB,N/A,Under Review,Low,621,87177,55336.04,2019-12-04,Gold,0,0
C53728,Sofia,Lopez,sofia.lopez799@outlook.com,FR,N/A,Verified,Low,779,317302,73950.95,2021-07-23,Platinum,1,0
C93222,Susan,Lopez,susan.lopez569@fintechmail.io,US,GA,Verified,Medium,674,48034,31408.46,2022-07-04,VIP,0,0
C19036,Patricia,Rossi,patricia.rossi948@icloud.com,DE,N/A,Verified,High,608,260985,7382.75,2021-04-02,Platinum,1,0
C16842,Sarah,Davis,sarah.davis542@outlook.com,GB,N/A,Verified,Medium,758,145532,8786.72,2020-09-25,VIP,0,0
C31895,Paul,Lee,paul.lee866@outlook.com,US,TX,Verified,Critical,673,203109,13989.36,2024-03-24,Platinum,0,0
C77648,Emma,Lopez,emma.lopez875@fintechmail.io,AU,N/A,Verified,Critical,775,53866,10752.0,2019-12-04,VIP,0,0
C39420,John,Hernandez,john.hernandez494@outlook.com,FR,N/A,Verified,Low,626,224167,31980.33,2020-02-26,VIP,0,0
C96692,William,Davis,william.davis979@outlook.com,FR,N/A,Verified,Medium,510,60158,60986.87,2021-06-18,Gold,1,0
C38013,Michael,Flores,michael.flores133@gmail.com,US,AZ,Verified,Low,561,265052,31125.48,2020-11-26,Standard,1,0
C66574,Joseph,White,joseph.white558@fintechmail.io,GB,N/A,Verified,Medium,814,71655,73030.46,2020-09-02,Platinum,1,0
C84254,Nancy,Allen,nancy.allen289@icloud.com,US,MI,Under Review,Critical,639,211749,7952.83,2023-08-29,Gold,0,0
C68699,Priya,Patel,priya.patel146@yahoo.com,US,MA,Pending,Medium,693,293961,16729.33,2022-02-04,VIP,0,0
C25597,Donald,Perez,donald.perez630@yahoo.com,DE,N/A,Verified,Medium,401,86068,59701.6,2024-11-21,VIP,0,0
C99149,Sandra,Lopez,sandra.lopez723@gmail.com,US,NC,Verified,Critical,744,228124,42303.3,2021-06-13,Standard,0,0
C53679,Sofia,Muller,sofia.muller357@gmail.com,CA,N/A,Verified,Low,767,191356,38353.71,2023-10-17,VIP,0,0
C98331,Ashley,Miller,ashley.miller939@fintechmail.io,CA,N/A,Verified,Low,538,41706,4193.45,2023-05-20,Gold,0,0
C32089,Thomas,Sanchez,thomas.sanchez389@yahoo.com,FR,N/A,Verified,High,698,273505,394.45,2021-08-11,Gold,1,0
C41884,Yuki,Lee,yuki.lee751@icloud.com,GB,N/A,Pending,Medium,806,290403,35762.59,2022-04-08,Silver,0,0
C86908,Amara,Scott,amara.scott52@icloud.com,GB,N/A,Under Review,Low,502,301812,67024.57,2024-01-23,Gold,0,0
C22166,Carlos,Johnson,carlos.johnson664@yahoo.com,US,VA,Pending,Critical,430,184401,67689.71,2021-11-30,Platinum,1,0
C87628,Joseph,Smith,joseph.smith315@icloud.com,IN,N/A,Verified,Low,597,90704,71128.52,2021-05-09,Platinum,0,0
C45642,Michelle,Jones,michelle.jones645@gmail.com,US,NY,Verified,Medium,731,312622,8522.43,2021-02-03,Silver,0,0
C94126,Jessica,Perez,jessica.perez859@gmail.com,FR,N/A,Under Review,High,699,255663,8946.64,2023-07-21,Gold,1,0
C64990,David,Gonzalez,david.gonzalez770@gmail.com,FR,N/A,Rejected,Medium,612,126615,28943.92,2024-08-06,Platinum,0,0
C10479,Barbara,Lee,barbara.lee236@yahoo.com,US,NC,Verified,Medium,550,138163,60499.56,2021-03-30,Silver,1,0
C86829,Sarah,Davis,sarah.davis970@outlook.com,US,NC,Pending,Low,493,36434,26519.89,2022-05-19,VIP,0,0
C91361,Joshua,Wilson,joshua.wilson465@icloud.com,DE,N/A,Verified,Medium,454,283602,25927.86,2022-10-24,Gold,1,0
C61512,Kimberly,Moore,kimberly.moore721@outlook.com,IN,N/A,Verified,Critical,668,251213,43150.51,2022-12-14,VIP,1,0
C45245,Patricia,Williams,patricia.williams126@icloud.com,DE,N/A,Under Review,Medium,751,113866,70215.31,2021-08-12,VIP,0,0
C49171,Sofia,Clark,sofia.clark423@fintechmail.io,US,MA,Under Review,Critical,709,212016,25514.9,2023-11-16,VIP,0,0
C33996,Sandra,Taylor,sandra.taylor407@gmail.com,IN,N/A,Under Review,Medium,830,53356,16667.75,2022-07-17,Silver,0,0
C12122,Priya,Martinez,priya.martinez188@gmail.com,FR,N/A,Under Review,Low,832,239621,15693.18,2019-07-18,Silver,1,0
C56452,Emma,Lewis,emma.lewis25@yahoo.com,CA,N/A,Verified,Low,409,221385,66780.29,2020-07-07,Platinum,0,0
C94589,Elizabeth,Wilson,elizabeth.wilson426@fintechmail.io,FR,N/A,Pending,Critical,528,48718,65703.95,2024-05-09,Silver,0,0
C17334,Mateo,Silva,mateo.silva423@fintechmail.io,SG,N/A,Under Review,High,388,105620,32728.39,2023-09-02,Platinum,1,0
C82365,Liam,Scott,liam.scott343@gmail.com,AU,N/A,Under Review,High,654,91540,71461.68,2022-11-18,VIP,1,0
C38910,Linda,Dubois,linda.dubois859@gmail.com,US,VA,Verified,Medium,562,148331,4542.72,2021-11-18,Standard,0,0
C39426,Mateo,Ramirez,mateo.ramirez640@yahoo.com,US,NY,Verified,Low,431,254687,19671.94,2021-04-22,Standard,0,0
C21366,Amara,Lewis,amara.lewis515@fintechmail.io,US,OH,Verified,High,713,316780,8084.95,2020-05-01,VIP,1,0
C98687,Emily,Perez,emily.perez669@icloud.com,DE,N/A,Rejected,High,836,201127,73986.82,2023-07-19,Gold,0,0
C22204,Steven,Smith,steven.smith845@proton.me,US,OH,Pending,Low,741,167149,72522.55,2022-04-24,Standard,0,0
C10720,Betty,Ramirez,betty.ramirez534@outlook.com,US,WA,Rejected,Medium,530,89132,54398.16,2021-06-28,Silver,0,0
C22397,Nancy,Clark,nancy.clark990@proton.me,AU,N/A,Pending,Low,589,136715,39169.66,2023-03-01,Standard,0,0
C58568,Priya,Nguyen,priya.nguyen810@gmail.com,US,VA,Under Review,Low,776,112883,39463.07,2020-09-02,VIP,0,0
C82158,Aarav,Allen,aarav.allen637@fintechmail.io,DE,N/A,Rejected,Critical,645,161979,37506.53,2024-08-24,Gold,0,0
C13328,Anthony,Anderson,anthony.anderson989@gmail.com,US,VA,Verified,Low,397,224692,70455.36,2020-05-26,Standard,1,0
C56207,Paul,Clark,paul.clark887@proton.me,US,NJ,Verified,High,646,125549,64075.05,2020-01-16,Platinum,0,0
C36682,Amara,Thomas,amara.thomas606@yahoo.com,GB,N/A,Pending,Medium,828,132164,13780.47,2020-12-01,Gold,0,0
C75196,Christopher,Torres,christopher.torres381@icloud.com,FR,N/A,Rejected,Medium,684,240743,24724.66,2024-01-27,Gold,1,0
C40017,Carlos,Clark,carlos.clark73@proton.me,US,TX,Pending,Medium,748,281819,39139.93,2021-02-27,Gold,1,0
C87343,Steven,Gonzalez,steven.gonzalez234@fintechmail.io,FR,N/A,Verified,Critical,586,291673,38936.93,2021-08-03,Platinum,0,0
C82652,William,Lewis,william.lewis401@gmail.com,FR,N/A,Pending,Low,648,73739,48555.08,2020-03-15,Silver,1,0
C68117,Sandra,Davis,sandra.davis414@fintechmail.io,DE,N/A,Rejected,High,501,57725,74782.88,2020-12-14,VIP,0,0
C37533,William,Chen,william.chen650@proton.me,SG,N/A,Verified,Critical,618,177855,34420.36,2019-10-12,Silver,0,0
C79470,Mark,Thompson,mark.thompson997@gmail.com,US,MA,Verified,Low,588,230582,50364.25,2020-07-26,VIP,1,0
C63330,Steven,Brown,steven.brown922@yahoo.com,US,TX,Under Review,Low,512,91039,1229.25,2024-03-06,Silver,0,0
C65340,Wei,Brown,wei.brown526@outlook.com,FR,N/A,Rejected,High,579,154117,72199.74,2020-12-23,Gold,1,0
C31275,Aarav,Walker,aarav.walker255@icloud.com,GB,N/A,Under Review,Medium,833,111426,4472.75,2021-07-22,Platinum,0,0
C76252,Kimberly,Jackson,kimberly.jackson213@gmail.com,FR,N/A,Rejected,Critical,808,311655,54004.2,2020-12-26,Standard,0,0
C43529,Steven,Rossi,steven.rossi180@icloud.com,US,TX,Verified,Medium,613,215739,66585.81,2024-09-13,Gold,0,0
C26908,Wei,Johnson,wei.johnson377@fintechmail.io,GB,N/A,Verified,Low,741,64314,35060.59,2021-03-21,Silver,0,0
C77281,Ashley,Anderson,ashley.anderson23@icloud.com,DE,N/A,Verified,Medium,669,163928,50368.83,2023-05-10,Standard,1,0
C81222,Amara,Jackson,amara.jackson153@icloud.com,FR,N/A,Under Review,Medium,496,131265,37621.08,2019-09-16,Platinum,0,0
C72663,Paul,Young,paul.young891@proton.me,US,TX,Rejected,Medium,516,225230,23198.98,2024-09-14,Standard,1,0
C26142,Patricia,Rossi,patricia.rossi402@icloud.com,GB,N/A,Pending,Low,,179220,1873.12,2020-12-29,Silver,0,0
C62455,Emma,Patel,emma.patel996@fintechmail.io,US,FL,Verified,Medium,386,39935,20579.76,2022-10-03,Silver,0,0
C91372,Mateo,Flores,mateo.flores220@gmail.com,US,IL,Rejected,Low,427,183344,44708.24,2023-09-12,Platinum,0,0
C93100,David,King,david.king989@icloud.com,GB,N/A,Rejected,Medium,730,95933,14408.77,2024-05-10,Standard,0,0
C80619,Nancy,Perez,nancy.perez73@yahoo.com,DE,N/A,Verified,Low,546,223007,71749.97,2021-07-27,VIP,0,0
C38301,Robert,Martin,robert.martin576@outlook.com,GB,N/A,Pending,Low,649,292590,21142.32,2024-11-21,Silver,1,0
C81920,Richard,Thomas,richard.thomas360@icloud.com,IN,N/A,Verified,High,483,104046,63702.59,2021-10-07,Platinum,0,0
C71437,Robert,Johnson,robert.johnson912@gmail.com,AU,N/A,Verified,High,433,172405,30944.94,2022-04-19,Gold,0,0
C25083,Patricia,Smith,patricia.smith689@outlook.com,FR,N/A,Verified,Low,839,92113,25623.19,2019-08-08,Standard,0,0
C16341,Sandra,Sharma,sandra.sharma59@gmail.com,AU,N/A,Verified,Critical,816,253866,29401.52,2024-07-31,VIP,1,0
C45201,Mary,Martin,mary.martin63@proton.me,US,FL,Pending,High,750,215259,70818.56,2024-03-12,Silver,0,0
C25707,Charles,Garcia,charles.garcia580@yahoo.com,FR,N/A,Under Review,Medium,695,36730,54002.25,2023-04-14,Gold,0,0
C71777,Sarah,Johnson,sarah.johnson729@outlook.com,IN,N/A,Pending,Medium,485,103252,69649.1,2021-08-26,Platinum,0,0
C83036,Margaret,Anderson,margaret.anderson363@proton.me,US,MI,Verified,Critical,697,253355,37525.07,2023-07-19,VIP,0,0
C23594,Liam,Dubois,liam.dubois573@gmail.com,DE,N/A,Under Review,High,611,236483,34921.26,2023-12-13,Gold,0,0
C28314,Michelle,Davis,michelle.davis349@gmail.com,DE,N/A,Rejected,Low,360,232163,54744.04,2020-09-15,VIP,1,0
C97497,David,Thompson,david.thompson705@outlook.com,CA,N/A,Rejected,Medium,714,215327,14666.29,2024-10-19,VIP,0,0
C69433,Daniel,Torres,daniel.torres997@outlook.com,SG,N/A,Rejected,High,454,82136,4232.58,2019-08-07,Standard,0,0
C13024,Linda,Clark,linda.clark134@yahoo.com,US,AZ,Rejected,Low,544,88368,31230.09,2022-04-21,Silver,0,0
C81934,David,Smith,david.smith904@yahoo.com,FR,N/A,Rejected,Medium,395,201320,54818.24,2019-09-12,Gold,1,0
C14683,William,Patel,william.patel506@gmail.com,CA,N/A,Pending,Critical,624,280151,20621.5,2023-08-01,Silver,0,0
C30855,Mary,Lopez,mary.lopez437@yahoo.com,GB,N/A,Rejected,Low,704,144462,48653.91,2020-11-05,Platinum,0,0
C14152,Mark,Gonzalez,mark.gonzalez787@outlook.com,US,IL,Rejected,Medium,628,224718,63803.24,2020-06-08,Silver,0,0
C81957,Jennifer,Smith,jennifer.smith621@gmail.com,SG,N/A,Verified,Critical,656,178536,48345.55,2024-03-27,Standard,0,0
C20540,Amara,Rossi,amara.rossi244@icloud.com,SG,N/A,Verified,Medium,385,173755,24446.55,2021-12-21,Gold,0,0
C59663,Amara,Williams,amara.williams379@outlook.com,FR,N/A,Verified,Critical,351,222299,64355.49,2022-08-08,Gold,1,0
C44244,Michelle,Wilson,michelle.wilson793@yahoo.com,FR,N/A,Rejected,High,824,181127,33591.29,2022-09-15,Gold,0,0
C87238,Donald,King,donald.king285@icloud.com,US,AZ,Verified,Medium,643,25523,15881.5,2019-07-24,Platinum,0,0
C42996,Sandra,Silva,sandra.silva465@icloud.com,US,CA,Verified,Low,843,230054,64039.67,2024-10-22,Gold,0,0
C78355,Thomas,Jones,thomas.jones978@proton.me,FR,N/A,Verified,Medium,611,298007,55852.38,2024-07-16,Platinum,0,0
C11035,Mark,Torres,mark.torres527@icloud.com,DE,N/A,Under Review,Critical,713,163134,16671.83,2021-01-10,Gold,0,0
C75688,Carlos,White,carlos.white988@proton.me,CA,N/A,Under Review,Medium,533,90852,48962.85,2019-08-24,Gold,0,0
C90571,Susan,Patel,susan.patel445@proton.me,AU,N/A,Under Review,Low,412,80420,31620.32,2023-02-27,VIP,1,0
C46489,Steven,Jackson,steven.jackson949@proton.me,DE,N/A,Verified,Critical,727,190165,67534.43,2022-10-26,Platinum,0,0
C30772,Daniel,Lee,daniel.lee657@proton.me,GB,N/A,Under Review,Low,565,160312,863.82,2024-10-02,VIP,1,0
C43705,Thomas,Young,thomas.young385@outlook.com,IN,N/A,Verified,Low,600,150247,61693.52,2019-09-27,Silver,0,0
C15699,Emily,Jackson,emily.jackson65@icloud.com,FR,N/A,Verified,High,788,288773,18615.14,2021-03-06,Silver,0,0
C29146,David,Perez,david.perez568@outlook.com,US,NC,Verified,Critical,511,52331,54390.0,2022-06-21,VIP,0,0
C34025,Kimberly,Hill,kimberly.hill590@proton.me,US,CA,Verified,Medium,840,194082,16088.39,2019-08-29,VIP,1,0
C27965,Betty,Sanchez,betty.sanchez190@fintechmail.io,US,CA,Verified,Medium,442,34780,7445.5,2024-06-03,Platinum,0,0
C20238,Emily,Martinez,emily.martinez539@icloud.com,US,PA,Rejected,Low,512,272906,56036.89,2021-02-10,Standard,0,0
C82213,Patricia,Martinez,patricia.martinez563@fintechmail.io,US,OH,Under Review,Medium,,258926,51997.49,2020-02-20,Standard,0,0
C48656,Anthony,Johnson,anthony.johnson220@proton.me,IN,N/A,Pending,High,642,225656,53160.97,2023-09-06,Standard,1,0
C22091,Daniel,Brown,daniel.brown990@proton.me,GB,N/A,Verified,Medium,684,247045,7561.34,2020-09-22,Platinum,0,0
C94824,Anthony,Muller,anthony.muller439@gmail.com,US,CA,Verified,High,645,140311,18333.06,2022-05-10,Gold,1,0
C90918,Carlos,Hill,carlos.hill148@proton.me,DE,N/A,Verified,Low,730,100277,11183.03,2021-01-10,Gold,1,0
C45365,William,Martin,william.martin598@fintechmail.io,SG,N/A,Under Review,Critical,675,115150,63201.61,2021-05-19,Standard,0,0
C67752,Susan,Wilson,susan.wilson893@icloud.com,CA,N/A,Verified,Low,489,122283,26253.37,2022-09-01,Silver,0,0
C64820,Amara,Young,amara.young823@outlook.com,US,IL,Rejected,Medium,501,282341,32688.41,2023-10-06,Silver,1,0
C23359,Christopher,Davis,christopher.davis119@icloud.com,FR,N/A,Rejected,Critical,571,85893,17825.88,2024-03-25,Silver,0,0
C50764,Margaret,Muller,margaret.muller845@icloud.com,GB,N/A,Verified,Medium,580,31577,17118.93,2019-08-18,Silver,0,0
C48205,Donald,Torres,donald.torres364@proton.me,US,MI,Verified,Critical,771,49894,69008.82,2022-09-06,VIP,1,0
C11278,Michelle,White,michelle.white375@outlook.com,AU,N/A,Pending,Low,830,67990,25201.12,2020-05-15,Gold,0,0
C59322,Betty,Tanaka,betty.tanaka41@icloud.com,CA,N/A,Verified,Medium,839,29745,14828.02,2021-06-18,Platinum,1,0
C56333,Anthony,Davis,anthony.davis347@yahoo.com,FR,N/A,Rejected,Medium,503,165914,45435.73,2022-12-11,Platinum,1,0
C46949,Joseph,Kim,joseph.kim387@icloud.com,GB,N/A,Verified,Medium,699,43477,7803.8,2024-01-18,Silver,1,0
C13251,Christopher,Perez,christopher.perez944@fintechmail.io,US,GA,Pending,Medium,645,137256,41688.26,2023-06-08,Silver,0,0
C92093,Yuki,Robinson,yuki.robinson116@gmail.com,US,OH,Verified,High,606,159309,45269.93,2023-03-04,VIP,0,0
C78611,Susan,Robinson,susan.robinson183@outlook.com,FR,N/A,Verified,Critical,768,66427,63855.14,2019-11-10,Silver,1,0
C33038,Andrew,Lee,andrew.lee670@fintechmail.io,US,VA,Under Review,Medium,444,98955,2162.94,2020-12-07,Standard,1,0
C82790,Patricia,Davis,patricia.davis321@fintechmail.io,DE,N/A,Under Review,Low,759,73362,33312.9,2022-07-08,Platinum,0,0
C26152,Michael,Jones,michael.jones506@icloud.com,US,GA,Verified,Low,384,56742,13376.0,2023-12-02,VIP,1,0
C39674,Richard,Sharma,richard.sharma837@outlook.com,DE,N/A,Verified,High,681,209044,11113.14,2024-10-25,Platinum,0,0
C13054,James,Allen,james.allen179@gmail.com,GB,N/A,Rejected,Critical,453,239318,57848.52,2022-02-10,Platinum,0,0
C41630,Karen,Thompson,karen.thompson848@proton.me,IN,N/A,Rejected,Low,729,112291,36818.03,2019-08-20,Silver,0,0
C63805,Patricia,Martinez,patricia.martinez755@fintechmail.io,US,NY,Verified,High,798,250516,30152.25,2022-02-27,Standard,1,0
C45474,Mark,Hill,mark.hill197@fintechmail.io,US,TX,Under Review,Critical,600,318784,18520.68,2022-02-19,Gold,0,0
C82567,Christopher,Thomas,christopher.thomas669@fintechmail.io,DE,N/A,Verified,Medium,542,112894,45605.17,2019-08-20,VIP,1,0
C60587,Wei,Jackson,wei.jackson942@gmail.com,IN,N/A,Verified,Medium,610,43755,68766.07,2020-09-23,Platinum,1,0
C17861,Matthew,Lewis,matthew.lewis252@gmail.com,US,PA,Verified,Medium,465,84733,23132.46,2020-11-02,Platinum,1,0
C18375,Susan,Davis,susan.davis709@outlook.com,DE,N/A,Verified,Medium,754,294948,65387.22,2023-12-09,Platinum,0,0
C46496,James,Garcia,james.garcia741@outlook.com,DE,N/A,Verified,Low,710,98251,39607.26,2024-07-26,Silver,0,0
C53313,Yuki,Jackson,yuki.jackson663@yahoo.com,IN,N/A,Pending,High,562,50287,7629.43,2019-12-15,Silver,0,0
C27727,Kimberly,Scott,kimberly.scott170@proton.me,DE,N/A,Under Review,Medium,628,141483,23388.95,2021-04-05,VIP,1,0
C11980,Mary,King,mary.king123@gmail.com,SG,N/A,Verified,Medium,840,148713,42100.11,2022-01-03,Platinum,1,0
C13774,Donna,Jackson,donna.jackson117@icloud.com,DE,N/A,Rejected,Low,834,230186,31477.0,2022-01-15,Gold,0,0
C39801,Michael,Flores,michael.flores120@proton.me,US,NY,Verified,Low,761,39467,70878.42,2022-07-27,Platinum,1,0
C86554,Lisa,Perez,lisa.perez65@outlook.com,US,NY,Pending,High,757,100395,39636.94,2021-12-15,Platinum,0,0
C19008,Michael,Moore,michael.moore883@proton.me,US,PA,Verified,Medium,711,179623,72712.03,2020-08-29,Standard,0,0
C72238,Jennifer,Flores,jennifer.flores605@outlook.com,US,PA,Verified,Medium,708,214830,44942.93,2021-08-13,Platinum,0,0
C97525,James,King,james.king470@icloud.com,FR,N/A,Verified,High,766,173272,11688.69,2019-08-15,VIP,0,0
C17017,Christopher,Allen,christopher.allen339@proton.me,IN,N/A,Verified,Medium,708,61646,2600.56,2023-01-10,VIP,0,0
C69165,Mateo,Rossi,mateo.rossi630@outlook.com,DE,N/A,Under Review,Critical,799,163731,66166.64,2024-11-02,Silver,0,0
C41697,Sandra,Wilson,sandra.wilson108@icloud.com,FR,N/A,Verified,High,387,180553,47284.88,2023-06-21,Standard,0,0
C42715,Donna,Clark,donna.clark689@outlook.com,FR,N/A,Under Review,Medium,421,89862,37307.48,2023-09-22,Standard,0,0
C75143,Daniel,Kim,daniel.kim738@gmail.com,IN,N/A,Rejected,Critical,431,209838,13360.42,2022-09-29,Silver,0,0
C99224,Kimberly,Sharma,kimberly.sharma899@icloud.com,CA,N/A,Verified,Medium,579,115627,10238.88,2024-06-05,Silver,0,0
C66978,Lisa,Torres,lisa.torres987@proton.me,US,VA,Rejected,Low,522,185377,50706.81,2020-10-15,Standard,1,0
C10918,Emma,Torres,emma.torres423@yahoo.com,SG,N/A,Under Review,Medium,573,37391,20967.34,2020-05-20,Platinum,1,0
C72064,John,Moore,john.moore817@gmail.com,SG,N/A,Verified,Medium,718,198147,69272.66,2022-11-25,Silver,0,0
C27330,Donna,Thomas,donna.thomas465@icloud.com,US,IL,Rejected,Low,386,129501,58151.43,2020-11-20,Gold,0,0
C55475,David,Tanaka,david.tanaka480@icloud.com,FR,N/A,Rejected,Medium,519,59049,27840.59,2022-01-29,VIP,0,0
C28126,William,Hill,william.hill232@icloud.com,US,CA,Verified,Low,774,308058,64566.89,2023-05-07,Standard,0,0
C93216,Barbara,Hernandez,barbara.hernandez445@outlook.com,GB,N/A,Verified,Critical,414,131650,33614.96,2022-08-27,Silver,0,0
C67497,Joseph,Johnson,joseph.johnson803@yahoo.com,CA,N/A,Pending,Medium,600,280055,63165.9,2023-09-01,Gold,0,0
C44140,Mateo,Smith,mateo.smith920@fintechmail.io,SG,N/A,Verified,Low,368,25361,59084.0,2022-01-24,VIP,0,0
C37166,Paul,Allen,paul.allen452@yahoo.com,US,TX,Rejected,Medium,815,295078,32438.05,2023-09-07,Gold,0,0
C44690,Carlos,White,carlos.white353@fintechmail.io,US,NC,Under Review,High,770,82317,65006.62,2021-01-22,Standard,0,0
C55360,Ashley,Clark,ashley.clark552@proton.me,AU,N/A,Verified,Low,668,23987,51504.49,2020-10-18,Silver,1,0
C14237,William,Tanaka,william.tanaka639@fintechmail.io,FR,N/A,Rejected,Medium,608,305363,69463.54,2020-11-21,Platinum,1,0
C51683,Barbara,White,barbara.white542@icloud.com,CA,N/A,Rejected,Low,577,264114,63669.07,2022-10-05,Silver,0,0
C41084,Emily,Jackson,emily.jackson825@gmail.com,DE,N/A,Verified,Medium,805,274245,40588.37,2023-07-26,Silver,0,0
C84625,Wei,Robinson,wei.robinson167@proton.me,FR,N/A,Verified,Critical,417,103717,41883.55,2024-08-13,Silver,0,0
C99799,Emma,Harris,emma.harris75@fintechmail.io,US,IL,Under Review,Medium,739,252114,22357.9,2021-11-04,Platinum,0,0
C65098,Sofia,Thomas,sofia.thomas490@fintechmail.io,IN,N/A,Pending,Medium,477,318619,21001.71,2020-04-23,Silver,1,0
C67485,Paul,Sanchez,paul.sanchez311@gmail.com,GB,N/A,Pending,Low,544,305957,21983.67,2020-02-15,Standard,0,0
C61604,Jessica,Flores,jessica.flores720@yahoo.com,SG,N/A,Pending,Medium,415,73020,60402.39,2020-07-07,Standard,0,0
C15012,Betty,Young,betty.young109@yahoo.com,GB,N/A,Under Review,Low,667,107217,25806.64,2024-07-17,Gold,0,0
C46787,Jennifer,Jones,jennifer.jones877@yahoo.com,AU,N/A,Under Review,Low,544,300591,47376.81,2022-12-23,VIP,0,0
C67734,Linda,Rodriguez,linda.rodriguez73@icloud.com,IN,N/A,Rejected,High,721,95880,61377.85,2023-10-10,Standard,0,0
C79393,Joshua,Jackson,joshua.jackson662@icloud.com,IN,N/A,Verified,Medium,518,97626,61905.07,2020-03-11,Standard,0,0
C64784,Karen,Sanchez,karen.sanchez630@fintechmail.io,SG,N/A,Verified,Critical,627,42565,16379.55,2020-07-01,Gold,0,0
C59851,Jessica,Allen,jessica.allen10@fintechmail.io,DE,N/A,Verified,Low,821,45104,2692.12,2019-10-07,VIP,0,0
C86268,Daniel,Ramirez,daniel.ramirez225@gmail.com,SG,N/A,Pending,Critical,546,161341,7108.66,2022-08-01,VIP,0,0
C95218,Paul,Hill,paul.hill663@outlook.com,US,GA,Rejected,High,763,157457,14124.6,2021-11-28,Platinum,1,0
C40817,Andrew,Jones,andrew.jones844@proton.me,US,CA,Pending,High,680,235931,3624.76,2020-10-28,Standard,0,0
C31473,Donna,Martinez,donna.martinez876@gmail.com,FR,N/A,Rejected,Low,802,42039,29755.09,2023-12-12,Standard,0,0
C98164,Carlos,Taylor,carlos.taylor384@outlook.com,US,MA,Rejected,Critical,392,316265,39946.57,2024-02-22,Standard,0,0
C99326,Ashley,Dubois,ashley.dubois938@proton.me,US,OH,Under Review,Medium,737,118329,19137.3,2020-09-25,Platinum,1,0
C71954,Ashley,Walker,ashley.walker766@icloud.com,CA,N/A,Verified,Medium,361,111033,57660.88,2022-08-15,Standard,0,0
C95383,Michelle,Hill,michelle.hill357@gmail.com,SG,N/A,Verified,Low,569,222741,44594.96,2022-06-11,Silver,1,0
C71445,Sandra,Thomas,sandra.thomas45@yahoo.com,US,WA,Verified,Medium,465,285396,11305.29,2023-06-06,Silver,0,0
C89745,David,Jackson,david.jackson527@outlook.com,FR,N/A,Verified,High,806,91975,25110.88,2022-07-14,Silver,0,0
C84849,Susan,Flores,susan.flores438@fintechmail.io,SG,N/A,Verified,High,402,288083,34457.07,2024-10-24,Silver,0,0
C30506,Betty,Wilson,betty.wilson201@proton.me,US,MA,Verified,High,520,231748,19622.01,2023-02-22,Standard,1,0
C84930,Elizabeth,Jones,elizabeth.jones895@fintechmail.io,GB,N/A,Verified,Low,576,274694,44818.16,2021-04-13,Gold,0,0
C45936,Wei,Thompson,wei.thompson450@outlook.com,US,TX,Rejected,Critical,362,188931,18853.67,2023-02-17,Platinum,0,0
C57738,Mateo,Young,mateo.young388@fintechmail.io,GB,N/A,Under Review,Medium,372,147434,20455.22,2021-06-16,Silver,1,0
C89393,Christopher,Moore,christopher.moore711@icloud.com,GB,N/A,Verified,Low,452,40373,54354.77,2021-06-05,Standard,1,0
C90714,Amara,Smith,amara.smith674@proton.me,GB,N/A,Verified,Medium,634,68802,26124.98,2021-02-05,Platinum,0,0
C27708,Yuki,Lee,yuki.lee187@proton.me,SG,N/A,Verified,Low,743,248545,19951.47,2020-02-09,Silver,0,0
C83780,Linda,Ramirez,linda.ramirez795@icloud.com,DE,N/A,Under Review,Medium,495,151825,5861.8,2023-08-30,Gold,0,0
C99017,Priya,Young,priya.young701@fintechmail.io,US,PA,Pending,Low,417,180233,46248.72,2024-05-25,Platinum,0,0
C99296,Michelle,Sharma,michelle.sharma306@gmail.com,DE,N/A,Rejected,Medium,660,291913,47818.99,2021-09-08,Standard,0,0
C92120,Joseph,Williams,joseph.williams408@proton.me,US,OH,Verified,Low,714,126030,65490.09,2019-11-26,VIP,0,0
C97732,Daniel,Hill,daniel.hill863@yahoo.com,US,AZ,Verified,Low,601,120298,20271.85,2021-12-17,Silver,0,0
C41893,Sofia,Thomas,sofia.thomas425@gmail.com,IN,N/A,Rejected,Low,762,57489,38130.64,2023-03-03,VIP,0,0
C51263,Daniel,Allen,daniel.allen489@gmail.com,US,GA,Verified,Medium,554,117591,60147.75,2020-02-19,Silver,1,0
C86123,Paul,Rossi,paul.rossi263@icloud.com,US,FL,Under Review,Medium,378,126193,28216.97,2024-11-26,Platinum,0,0
C75903,Yuki,Wilson,yuki.wilson942@fintechmail.io,DE,N/A,Verified,Medium,739,58788,18613.23,2023-05-19,Standard,0,0
C41238,James,Ramirez,james.ramirez240@proton.me,SG,N/A,Pending,Medium,833,185732,59085.39,2019-09-10,Gold,1,0
C27637,Yuki,Jones,yuki.jones778@gmail.com,SG,N/A,Verified,High,547,305825,34229.97,2023-11-28,Silver,1,0
C25497,Liam,Thompson,liam.thompson312@yahoo.com,FR,N/A,Rejected,Medium,535,145443,46541.78,2023-05-26,Standard,0,0
C77559,Christopher,Thomas,christopher.thomas149@yahoo.com,CA,N/A,Verified,Medium,518,197663,19792.91,2022-02-28,Standard,0,0
C31120,Donna,Rodriguez,donna.rodriguez66@proton.me,US,MA,Verified,Low,772,34457,70094.43,2020-03-06,Silver,0,0
C39181,Susan,Thomas,susan.thomas331@proton.me,AU,N/A,Verified,Low,615,163774,59690.03,2022-11-09,VIP,1,0
C23127,Matthew,Martin,matthew.martin47@gmail.com,US,AZ,Verified,Low,719,131332,2905.57,2021-05-09,VIP,1,0
C78136,Matthew,Nguyen,matthew.nguyen97@icloud.com,SG,N/A,Verified,Low,585,134824,38304.37,2022-03-08,Platinum,0,0
C15559,Mateo,Young,mateo.young888@proton.me,AU,N/A,Pending,High,517,193761,880.17,2021-01-26,Silver,0,0
C43226,James,Thompson,james.thompson727@outlook.com,US,PA,Verified,Low,577,239860,57011.8,2024-03-20,Standard,0,0
C26913,William,Lewis,william.lewis227@fintechmail.io,IN,N/A,Verified,Low,424,175035,44707.09,2022-06-18,Gold,0,0
C37044,Carlos,Martinez,carlos.martinez755@icloud.com,US,NY,Verified,Low,446,306566,57671.61,2023-01-29,Platinum,0,0
C13340,Jennifer,Williams,jennifer.williams488@icloud.com,FR,N/A,Under Review,High,782,193734,65135.28,2024-10-16,Silver,0,0
C15429,Jessica,Davis,jessica.davis499@yahoo.com,IN,N/A,Verified,Critical,367,311849,65422.97,2021-06-15,Gold,1,0
C99094,Steven,White,steven.white872@yahoo.com,FR,N/A,Under Review,Low,402,317832,34028.28,2020-02-29,Silver,0,0
C64918,Yuki,Martinez,yuki.martinez18@proton.me,US,MA,Verified,Low,773,37158,25899.5,2022-09-02,VIP,1,0
C60554,William,Rodriguez,william.rodriguez867@outlook.com,US,CA,Verified,Medium,850,107163,43416.49,2024-11-23,Silver,1,0
C31941,Jessica,Kim,jessica.kim440@proton.me,FR,N/A,Verified,Low,456,231163,44747.47,2022-02-16,Platinum,0,0
C36005,Betty,Miller,betty.miller112@yahoo.com,CA,N/A,Verified,High,543,242875,55019.24,2023-07-14,VIP,0,0
C86114,Mateo,King,mateo.king625@icloud.com,CA,N/A,Under Review,Medium,708,299613,60225.37,2023-02-15,VIP,0,0
C60985,Yuki,Silva,yuki.silva832@yahoo.com,SG,N/A,Rejected,High,504,83377,48750.24,2022-09-20,VIP,0,0
C38535,David,Williams,david.williams72@yahoo.com,GB,N/A,Under Review,Medium,375,254713,178.23,2022-06-15,Platinum,0,0
C34538,Jessica,Martinez,jessica.martinez410@gmail.com,FR,N/A,Verified,High,545,44532,62576.5,2023-12-04,Silver,0,0
C33033,Patricia,White,patricia.white15@gmail.com,GB,N/A,Rejected,Medium,787,219365,22968.57,2020-10-23,Standard,0,0
C35195,Donald,Gonzalez,donald.gonzalez292@fintechmail.io,US,IL,Rejected,Low,710,83437,33500.47,2020-03-19,Platinum,1,0
C91111,Mateo,Chen,mateo.chen295@gmail.com,DE,N/A,Verified,Low,796,275486,1727.5,2024-10-23,Silver,0,0
C46279,Sarah,Young,sarah.young215@yahoo.com,SG,N/A,Pending,Low,654,88652,41840.23,2023-01-13,VIP,0,0
C71986,Sofia,Harris,sofia.harris977@icloud.com,GB,N/A,Verified,Medium,431,44750,14377.05,2020-12-04,Platinum,0,0
C35132,Donna,Jones,donna.jones211@outlook.com,IN,N/A,Rejected,Critical,,111609,35464.85,2023-08-23,Gold,0,0
C67495,Michael,Moore,michael.moore71@proton.me,US,FL,Under Review,Medium,,245103,55882.19,2022-10-24,Platinum,0,0
C82073,Michelle,Patel,michelle.patel794@fintechmail.io,AU,N/A,Pending,Low,588,234502,41258.65,2023-11-29,Silver,0,0
C91522,Ashley,Dubois,ashley.dubois999@proton.me,FR,N/A,Rejected,Medium,413,54711,18866.63,2024-08-18,Platinum,1,0
C67128,Emily,Lewis,emily.lewis710@proton.me,DE,N/A,Rejected,Medium,793,241801,47795.88,2020-12-04,Silver,1,0
C33035,John,Davis,john.davis579@icloud.com,AU,N/A,Rejected,High,487,156321,619.03,2020-04-06,Silver,1,0
C41888,Sarah,Williams,sarah.williams346@fintechmail.io,US,GA,Under Review,Medium,810,258326,44197.57,2020-04-11,Gold,1,0
C41257,Carlos,Brown,carlos.brown669@gmail.com,AU,N/A,Verified,Medium,421,255882,38809.74,2020-12-16,Standard,1,0
C78861,Sofia,Chen,sofia.chen171@proton.me,US,FL,Pending,Medium,690,157579,56192.09,2020-11-13,Silver,0,0
C71326,Priya,Williams,priya.williams826@icloud.com,US,CA,Verified,High,557,131910,25764.22,2024-12-01,Platinum,0,0
C87813,Mateo,Sanchez,mateo.sanchez542@icloud.com,US,TX,Rejected,High,412,96522,73351.77,2024-04-13,VIP,0,0
C90670,Richard,Taylor,richard.taylor886@yahoo.com,AU,N/A,Verified,Critical,767,245609,27043.54,2021-05-26,Standard,0,0
C16142,Jessica,Thompson,jessica.thompson310@gmail.com,GB,N/A,Rejected,High,815,277392,17865.97,2024-08-09,Standard,0,0
C65102,Aarav,Clark,aarav.clark962@gmail.com,IN,N/A,Verified,Medium,426,228863,60866.82,2021-04-28,Platinum,0,0
C97894,Barbara,White,barbara.white156@gmail.com,FR,N/A,Verified,Low,532,118358,16726.39,2024-05-19,Gold,0,0
C77200,Donna,Lee,donna.lee866@yahoo.com,SG,N/A,Verified,Medium,370,126368,25381.7,2024-03-10,Platinum,0,0
C97293,Michael,Perez,michael.perez296@fintechmail.io,US,NY,Under Review,High,555,33240,49424.3,2022-09-05,VIP,0,0
C20993,Donald,Davis,donald.davis298@icloud.com,GB,N/A,Pending,Low,843,270886,8064.5,2024-07-01,Gold,0,0
C55335,Ashley,Martinez,ashley.martinez890@icloud.com,AU,N/A,Pending,Critical,678,304548,37028.91,2022-12-31,Gold,0,0
C63055,Michael,Scott,michael.scott577@fintechmail.io,US,FL,Pending,High,368,190266,42761.97,2022-03-24,Platinum,0,0
C31779,Sandra,Wilson,sandra.wilson233@icloud.com,US,FL,Rejected,Low,366,144438,22176.38,2024-06-09,Silver,0,0
C25882,Donna,Harris,donna.harris652@icloud.com,CA,N/A,Under Review,Low,452,113870,17203.7,2022-07-06,Silver,0,0
C88097,Aarav,Silva,aarav.silva435@outlook.com,US,TX,Verified,High,646,59207,73281.25,2022-08-11,Platinum,1,0
C56248,Donna,Scott,donna.scott784@fintechmail.io,IN,N/A,Under Review,Critical,762,205608,1731.69,2020-08-26,Gold,0,0
C38673,Thomas,Jackson,thomas.jackson897@gmail.com,GB,N/A,Verified,Medium,513,255436,31473.41,2024-07-19,Gold,0,0
C49477,Linda,Davis,linda.davis737@fintechmail.io,DE,N/A,Under Review,Low,815,71407,28473.95,2023-11-15,Silver,0,0
C61151,Carlos,Wilson,carlos.wilson66@icloud.com,US,MA,Pending,Low,488,305781,53229.24,2020-07-03,Gold,0,0
C53444,John,Perez,john.perez751@gmail.com,SG,N/A,Verified,Critical,399,107515,73785.98,2024-07-05,Silver,1,0
C40672,Patricia,Martin,patricia.martin26@outlook.com,AU,N/A,Verified,Medium,419,211481,57926.27,2020-05-11,Platinum,1,0
C29498,Ashley,Lewis,ashley.lewis986@icloud.com,IN,N/A,Verified,Low,375,283197,5464.14,2024-07-27,Silver,0,0
C96404,Anthony,Harris,anthony.harris207@icloud.com,CA,N/A,Pending,High,540,224670,39655.12,2024-07-24,VIP,0,0
C61647,Michelle,Taylor,michelle.taylor151@fintechmail.io,CA,N/A,Rejected,Low,776,147537,65055.99,2023-02-23,VIP,0,0
C30103,Paul,Rodriguez,paul.rodriguez64@icloud.com,IN,N/A,Verified,Low,456,62544,51223.9,2021-03-01,Standard,1,0
C31503,Joseph,Miller,joseph.miller866@fintechmail.io,IN,N/A,Under Review,Low,693,73696,65267.17,2020-08-09,VIP,0,0
C58829,Richard,Wright,richard.wright623@fintechmail.io,FR,N/A,Verified,Critical,756,234645,66044.68,2020-09-03,Silver,0,0
C30944,Daniel,Taylor,daniel.taylor500@fintechmail.io,GB,N/A,Rejected,High,822,162130,29617.2,2022-11-27,Standard,1,0
C24876,David,Williams,david.williams908@icloud.com,US,MI,Verified,Medium,812,211617,22735.28,2021-12-08,Platinum,0,0
C86374,Joseph,King,joseph.king577@icloud.com,US,MI,Under Review,Low,820,284510,15996.97,2024-08-23,Standard,0,0
C36239,Mary,Anderson,mary.anderson16@gmail.com,DE,N/A,Under Review,Low,764,60625,67092.47,2019-12-22,Gold,0,0
C71194,Amara,Nguyen,amara.nguyen726@gmail.com,FR,N/A,Verified,Critical,614,58493,13267.55,2024-07-18,Standard,0,0
C63817,Mateo,Flores,mateo.flores407@icloud.com,GB,N/A,Pending,Medium,794,73264,48958.2,2020-09-11,Standard,0,0
C81592,Jessica,Patel,jessica.patel721@fintechmail.io,CA,N/A,Verified,High,435,59004,36553.69,2022-02-11,Gold,1,0
C57583,Nancy,Taylor,nancy.taylor571@yahoo.com,US,CA,Verified,Medium,744,261492,3401.96,2020-04-30,VIP,0,0
C33257,Linda,Tanaka,linda.tanaka156@outlook.com,US,PA,Pending,Low,665,27913,14772.62,2020-12-03,Gold,0,0
C37950,William,Martinez,william.martinez648@yahoo.com,FR,N/A,Verified,Medium,549,270056,33751.94,2021-01-15,Silver,1,0
C30677,Michelle,Jackson,michelle.jackson724@yahoo.com,IN,N/A,Under Review,Medium,783,239795,39230.32,2023-07-19,Gold,0,0
C55110,William,Chen,william.chen312@proton.me,US,OH,Pending,Medium,602,153822,28831.71,2021-09-02,VIP,0,0
C99538,Michael,Tanaka,michael.tanaka865@proton.me,US,AZ,Rejected,Critical,587,210852,18938.22,2021-02-11,Platinum,0,0
C98913,Paul,Jones,paul.jones81@yahoo.com,US,NJ,Verified,Critical,786,269019,14427.59,2023-12-13,VIP,0,0
C17067,Christopher,Young,christopher.young452@proton.me,US,TX,Under Review,High,713,297432,12919.17,2020-02-15,Standard,1,0
C42236,John,Harris,john.harris88@icloud.com,US,IL,Under Review,Medium,358,257896,74280.39,2023-12-19,Platinum,0,0
C82834,Christopher,Tanaka,christopher.tanaka871@icloud.com,SG,N/A,Verified,Medium,815,107094,49566.12,2021-03-23,Silver,1,0
C43371,Daniel,Sanchez,daniel.sanchez264@fintechmail.io,FR,N/A,Pending,High,538,232728,40046.84,2021-10-24,VIP,0,0
C91528,Daniel,Rossi,daniel.rossi298@outlook.com,US,TX,Verified,Medium,692,30496,72969.1,2022-11-22,Gold,1,0
C27622,Betty,Rodriguez,betty.rodriguez732@icloud.com,FR,N/A,Pending,Low,795,189337,1551.73,2020-12-22,Silver,0,0
C40026,Susan,Torres,susan.torres806@proton.me,IN,N/A,Verified,Low,373,269799,19486.58,2023-01-26,Silver,0,0
C95795,Mateo,Martin,mateo.martin937@proton.me,IN,N/A,Rejected,Medium,813,94767,64942.39,2021-10-01,Silver,0,0
C25588,Mark,Rossi,mark.rossi225@gmail.com,US,NC,Rejected,Low,530,221160,16479.57,2020-01-13,VIP,0,0
C83349,James,White,james.white251@fintechmail.io,CA,N/A,Rejected,Medium,773,280835,69694.88,2022-08-18,Silver,0,0
C46392,Emily,Gonzalez,emily.gonzalez356@outlook.com,SG,N/A,Rejected,Medium,568,146436,38477.58,2020-01-05,Silver,0,0
C81803,Margaret,Muller,margaret.muller936@gmail.com,CA,N/A,Under Review,Low,759,172743,61534.37,2024-09-04,VIP,0,0
C56336,Elizabeth,Walker,elizabeth.walker365@outlook.com,IN,N/A,Verified,Medium,483,270779,74254.91,2023-09-24,Standard,0,0
C84641,Richard,Thompson,richard.thompson857@yahoo.com,IN,N/A,Rejected,Low,386,179506,73038.13,2021-03-14,Gold,0,0
C47092,Mark,Harris,mark.harris502@icloud.com,IN,N/A,Verified,Medium,609,115418,10897.73,2024-11-02,Standard,0,0
C14167,Karen,Johnson,karen.johnson200@yahoo.com,IN,N/A,Pending,Medium,625,169872,9470.17,2022-07-02,Standard,0,0
C52232,David,Johnson,david.johnson38@outlook.com,CA,N/A,Under Review,Critical,832,294314,10957.55,2022-11-04,Gold,1,0
C88456,Jennifer,Brown,jennifer.brown707@proton.me,US,PA,Rejected,High,610,40007,25249.47,2021-03-06,Gold,0,0
C58668,Thomas,Thompson,thomas.thompson63@outlook.com,US,OH,Verified,Low,494,236409,13841.75,2024-02-18,Standard,1,0
C16828,Joshua,Patel,joshua.patel124@outlook.com,FR,N/A,Verified,Low,816,264300,25205.02,2021-09-21,VIP,0,0
C17818,John,Lewis,john.lewis20@fintechmail.io,US,MI,Under Review,Medium,722,62909,56661.83,2019-07-13,Platinum,0,0
C55370,Emily,Allen,emily.allen911@outlook.com,US,TX,Rejected,High,771,277420,54102.83,2023-08-06,VIP,1,0
C35219,Jessica,Gonzalez,jessica.gonzalez405@proton.me,AU,N/A,Verified,Medium,,196157,31408.61,2022-05-04,Silver,0,0
C59196,Kimberly,Young,kimberly.young617@fintechmail.io,AU,N/A,Verified,High,751,299013,73440.79,2024-09-13,VIP,1,0
C94110,Paul,Thompson,paul.thompson947@yahoo.com,AU,N/A,Pending,Low,601,181954,38284.73,2023-09-30,Silver,0,0
C57078,Carlos,Walker,carlos.walker607@outlook.com,AU,N/A,Rejected,High,616,60403,20582.88,2019-07-16,Platinum,0,0
C48389,Daniel,Smith,daniel.smith83@icloud.com,US,MI,Verified,Low,793,64338,25431.48,2020-12-23,Platinum,0,0
C46084,Mateo,Scott,mateo.scott753@proton.me,DE,N/A,Rejected,Medium,581,136978,19218.24,2020-11-15,Silver,1,0
C79710,William,Flores,william.flores92@proton.me,DE,N/A,Verified,Medium,412,272859,1046.47,2021-01-19,Platinum,0,0
C71690,Yuki,Johnson,yuki.johnson863@outlook.com,GB,N/A,Verified,High,620,269963,52706.23,2020-03-30,VIP,0,0
C53868,Amara,Rodriguez,amara.rodriguez916@gmail.com,AU,N/A,Pending,Medium,359,301071,31427.98,2022-12-24,VIP,1,0
C67685,Elizabeth,Gonzalez,elizabeth.gonzalez23@gmail.com,FR,N/A,Under Review,Medium,817,218632,39664.26,2020-07-24,Standard,0,1
C49657,Liam,Sanchez,liam.sanchez107@icloud.com,US,NC,Pending,Critical,,314017,53505.18,2024-01-28,Gold,0,0
C87510,Margaret,Williams,margaret.williams96@gmail.com,GB,N/A,Verified,Medium,395,206882,2325.74,2023-03-12,Standard,0,0
C20784,Priya,Miller,priya.miller415@outlook.com,DE,N/A,Under Review,High,358,262201,14838.55,2020-07-20,Platinum,0,0
C26340,Joseph,Scott,joseph.scott898@gmail.com,DE,N/A,Rejected,Medium,816,32936,62561.09,2022-08-10,Silver,0,0
C16709,Matthew,Scott,matthew.scott185@outlook.com,CA,N/A,Rejected,Medium,431,198450,13118.04,2020-01-31,VIP,0,0
C13686,Margaret,Taylor,margaret.taylor49@yahoo.com,AU,N/A,Rejected,Low,558,139690,11278.61,2022-04-10,VIP,1,0
C53897,Ashley,Johnson,ashley.johnson596@proton.me,FR,N/A,Verified,High,536,94249,29224.81,2022-01-26,Standard,0,0
C97990,Donald,Sharma,donald.sharma329@fintechmail.io,US,AZ,Rejected,Medium,510,274057,71492.41,2020-01-30,Platinum,0,0
C48757,Mark,Scott,mark.scott72@yahoo.com,US,NJ,Verified,Low,829,152470,37337.94,2021-12-11,Gold,1,0
C95330,Thomas,Rossi,thomas.rossi469@fintechmail.io,US,PA,Verified,Low,608,212505,49807.61,2023-02-08,Standard,0,0
C54637,Linda,Jones,linda.jones352@fintechmail.io,US,NY,Rejected,High,840,247149,7096.63,2022-07-29,Standard,0,0
C41126,Thomas,Clark,thomas.clark28@outlook.com,AU,N/A,Verified,Critical,442,293160,3384.05,2019-12-27,Gold,1,0
C96664,James,Sharma,james.sharma983@fintechmail.io,US,OH,Under Review,Low,846,212817,42284.38,2023-05-29,Platinum,0,0
C72181,Michael,Robinson,michael.robinson617@outlook.com,IN,N/A,Under Review,Medium,837,47936,61199.51,2023-03-21,Standard,0,0
C70105,Sofia,Garcia,sofia.garcia750@outlook.com,FR,N/A,Verified,Critical,,34854,51521.03,2020-11-06,Gold,1,0
C72319,John,Garcia,john.garcia578@gmail.com,FR,N/A,Verified,Medium,688,67312,11791.89,2024-02-19,VIP,0,0
C15245,Emily,Ramirez,emily.ramirez844@icloud.com,IN,N/A,Verified,Low,443,172279,16729.65,2022-11-02,VIP,1,0
C11623,Aarav,Chen,aarav.chen864@proton.me,CA,N/A,Verified,Low,417,267761,49386.11,2022-09-14,Platinum,0,0
C20427,Sarah,Patel,sarah.patel611@icloud.com,US,OH,Rejected,Low,,299024,10157.11,2021-12-07,Platinum,0,0
C30084,Barbara,Thompson,barbara.thompson290@gmail.com,AU,N/A,Pending,Critical,673,290651,49708.13,2024-10-10,Silver,0,0
C78468,Wei,King,wei.king16@proton.me,CA,N/A,Under Review,Critical,670,199390,60799.39,2021-06-02,Gold,1,0
C27889,Yuki,Miller,yuki.miller994@proton.me,SG,N/A,Under Review,Low,368,257318,4898.37,2024-11-18,Standard,1,0
C64974,Yuki,Martin,yuki.martin960@yahoo.com,GB,N/A,Rejected,Medium,574,130961,27471.04,2024-03-01,Standard,0,0
C54110,Jennifer,Hill,jennifer.hill176@yahoo.com,US,GA,Verified,Low,630,77208,20790.83,2022-03-27,VIP,1,0
C11846,Carlos,Garcia,carlos.garcia406@gmail.com,SG,N/A,Under Review,High,405,129457,52126.33,2020-12-10,Platinum,0,0
C93855,Liam,Clark,liam.clark21@gmail.com,FR,N/A,Pending,Medium,764,311437,12389.84,2024-11-11,Platinum,0,0
C98846,Nancy,Garcia,nancy.garcia172@outlook.com,IN,N/A,Verified,Critical,742,22288,43228.22,2022-10-07,Silver,0,0
C66808,Aarav,Ramirez,aarav.ramirez684@yahoo.com,IN,N/A,Verified,Low,697,316054,34921.85,2020-10-29,Platinum,0,0
C99815,David,Hill,david.hill901@gmail.com,CA,N/A,Rejected,Low,678,185490,61608.44,2020-08-15,Platinum,0,0
C77157,Kimberly,Patel,kimberly.patel182@fintechmail.io,SG,N/A,Under Review,Critical,548,72432,68811.65,2021-01-11,Platinum,0,0
C33606,Sofia,Kim,sofia.kim826@icloud.com,AU,N/A,Verified,Low,637,96712,8052.73,2022-07-16,Platinum,0,0
C93905,Priya,Taylor,priya.taylor867@outlook.com,AU,N/A,Verified,Medium,449,91300,43207.01,2022-08-06,Gold,1,0
C64421,Linda,Martin,linda.martin615@outlook.com,IN,N/A,Verified,Low,545,144141,20387.78,2022-11-18,Standard,0,0
C88513,Sandra,Tanaka,sandra.tanaka715@proton.me,FR,N/A,Verified,Medium,397,244772,46710.93,2022-03-27,Silver,0,0
C72162,William,Tanaka,william.tanaka676@yahoo.com,SG,N/A,Under Review,High,352,288166,74873.83,2022-10-09,Gold,1,0
C20515,Christopher,Torres,christopher.torres612@gmail.com,SG,N/A,Pending,Critical,751,39617,6967.81,2019-12-13,VIP,0,0
C38962,Matthew,Martin,matthew.martin91@outlook.com,IN,N/A,Rejected,Low,764,157109,68573.37,2021-04-08,Silver,1,0
C99183,Michelle,Sanchez,michelle.sanchez468@yahoo.com,IN,N/A,Verified,Low,782,103096,21245.98,2023-01-31,Standard,0,0
C37521,Sandra,Hill,sandra.hill965@fintechmail.io,GB,N/A,Verified,High,413,214053,23880.47,2022-07-24,Silver,0,0
C98662,Charles,Rodriguez,charles.rodriguez40@proton.me,US,TX,Verified,Low,676,288564,61704.59,2021-11-29,Silver,1,0
C73801,Matthew,Taylor,matthew.taylor387@fintechmail.io,SG,N/A,Pending,Low,398,98832,63316.99,2021-10-13,VIP,0,0
C25010,Ashley,Moore,ashley.moore578@proton.me,GB,N/A,Pending,Low,804,258228,30793.33,2023-12-26,Gold,0,0
C77901,Steven,Wilson,steven.wilson956@proton.me,US,NC,Rejected,Medium,430,184397,50567.13,2024-10-20,Standard,0,0
C20424,Mary,Ramirez,mary.ramirez935@icloud.com,US,GA,Verified,Medium,404,45777,13100.93,2020-06-14,Platinum,0,0
C48262,Kimberly,Rodriguez,kimberly.rodriguez590@gmail.com,DE,N/A,Rejected,Medium,439,121323,8924.76,2023-05-07,Silver,1,0
C80516,William,Harris,william.harris410@yahoo.com,AU,N/A,Under Review,Medium,717,86591,73282.81,2022-08-29,Platinum,0,0
C30556,Donna,Smith,donna.smith343@icloud.com,GB,N/A,Under Review,Medium,664,274127,39236.62,2020-05-14,VIP,1,0
C87098,Daniel,Sanchez,daniel.sanchez391@yahoo.com,SG,N/A,Verified,Low,621,246930,69974.43,2024-01-19,Gold,0,0
C89388,Thomas,Kim,thomas.kim233@gmail.com,US,OH,Verified,High,750,211004,68081.36,2019-12-21,VIP,0,0
C27696,Sofia,Lopez,sofia.lopez636@proton.me,US,MA,Pending,Low,600,318418,69407.83,2023-01-22,Standard,0,0
C69888,Steven,Rossi,steven.rossi151@yahoo.com,IN,N/A,Verified,Medium,674,136864,39596.81,2020-04-18,Gold,1,0
C51784,Priya,Smith,priya.smith655@icloud.com,SG,N/A,Verified,Low,730,261116,50275.2,2023-07-15,Silver,0,0
C30071,Charles,Allen,charles.allen225@gmail.com,CA,N/A,Rejected,Critical,630,26514,16661.77,2023-12-20,VIP,0,0
C18208,Liam,Johnson,liam.johnson442@gmail.com,US,AZ,Rejected,Medium,550,312093,23447.0,2019-08-20,Gold,0,0
C69649,Margaret,Taylor,margaret.taylor114@fintechmail.io,CA,N/A,Rejected,Low,847,94795,50930.19,2024-05-22,Silver,1,0
C17469,David,Sanchez,david.sanchez451@proton.me,US,NC,Pending,Low,387,271317,73434.81,2021-02-11,Silver,0,0
C26067,Robert,Martin,robert.martin356@outlook.com,US,WA,Under Review,Low,442,281505,47368.53,2021-06-16,Platinum,0,0
C58716,Linda,Martin,linda.martin197@icloud.com,CA,N/A,Verified,Critical,807,269588,61276.02,2023-03-29,Platinum,0,0
C55361,Jennifer,Clark,jennifer.clark253@proton.me,US,MA,Under Review,Medium,787,273301,55539.39,2020-01-05,Gold,1,0
C22519,Aarav,Robinson,aarav.robinson870@proton.me,US,MA,Verified,Medium,821,157639,35531.36,2021-11-15,Platinum,1,0
C49311,Karen,Robinson,karen.robinson502@gmail.com,AU,N/A,Verified,Critical,745,122104,24989.01,2024-04-16,Silver,0,0
C75940,Thomas,Taylor,thomas.taylor740@fintechmail.io,GB,N/A,Verified,High,621,142029,61273.44,2023-02-21,VIP,0,0
C43981,Thomas,Martin,thomas.martin46@outlook.com,US,NC,Verified,Critical,429,74976,18821.86,2023-03-24,Standard,0,0
C42056,Patricia,Chen,patricia.chen614@yahoo.com,DE,N/A,Under Review,High,762,214021,17553.92,2019-12-04,VIP,0,0
C85417,Joseph,Wilson,joseph.wilson772@gmail.com,US,IL,Pending,Medium,683,165252,2818.0,2023-01-11,Platinum,1,0
C64337,Paul,Lee,paul.lee82@fintechmail.io,DE,N/A,Verified,Critical,445,24353,3325.54,2022-04-03,Silver,1,0
C68410,Yuki,White,yuki.white186@fintechmail.io,DE,N/A,Verified,Low,663,147558,69422.55,2021-03-06,Silver,0,0
C59443,Jessica,Wilson,jessica.wilson927@proton.me,AU,N/A,Verified,Low,659,48231,26450.75,2023-08-22,Platinum,0,0
C28426,Margaret,Thomas,margaret.thomas971@icloud.com,AU,N/A,Under Review,Low,648,114846,37399.91,2020-02-16,Silver,1,0
C28844,Thomas,Walker,thomas.walker287@icloud.com,IN,N/A,Rejected,Medium,805,241189,18491.94,2019-12-11,Gold,0,0
C56302,Steven,Williams,steven.williams232@outlook.com,CA,N/A,Verified,Medium,442,280445,22437.1,2023-07-22,Silver,0,0
C97247,Robert,Jackson,robert.jackson928@gmail.com,US,TX,Verified,Critical,642,36180,38026.68,2022-10-24,Gold,0,0
C55768,Daniel,Sharma,daniel.sharma273@outlook.com,IN,N/A,Verified,Critical,644,26657,74101.65,2022-09-27,Gold,0,0
C53924,Mary,Martin,mary.martin563@icloud.com,US,TX,Pending,Low,391,53314,21272.61,2021-07-01,Platinum,0,0
C48713,Linda,Gonzalez,linda.gonzalez814@fintechmail.io,DE,N/A,Under Review,Low,411,207607,14253.28,2021-11-30,Silver,1,0
C35031,Mary,Rossi,mary.rossi303@yahoo.com,GB,N/A,Rejected,Low,457,242304,45185.35,2023-11-11,Gold,1,0
C13402,Margaret,Perez,margaret.perez320@proton.me,DE,N/A,Verified,High,680,169543,50253.52,2023-12-08,Standard,1,0
C67870,Emily,Thomas,emily.thomas605@icloud.com,AU,N/A,Rejected,Medium,412,260679,70573.49,2021-10-25,Standard,0,0
C83865,Michelle,Young,michelle.young310@proton.me,DE,N/A,Pending,High,499,79006,70925.4,2022-10-29,Platinum,1,0
C63493,Mary,Gonzalez,mary.gonzalez83@icloud.com,FR,N/A,Pending,High,377,47085,72443.72,2021-01-03,Standard,1,0
C16995,Karen,Taylor,karen.taylor75@icloud.com,US,NJ,Pending,Low,717,95495,34093.51,2020-11-13,Gold,0,0
C73509,Margaret,King,margaret.king251@outlook.com,US,FL,Verified,Medium,691,201568,3132.26,2021-09-11,Standard,0,0
C11866,Carlos,Moore,carlos.moore346@fintechmail.io,US,GA,Pending,Low,535,273875,51042.9,2019-07-21,VIP,0,0
C35165,Michael,Clark,michael.clark807@gmail.com,AU,N/A,Verified,High,728,23694,15111.81,2020-04-18,VIP,1,0
C56985,Carlos,Muller,carlos.muller599@gmail.com,US,OH,Verified,Low,725,150994,6040.86,2019-09-09,VIP,0,0
C67961,John,Smith,john.smith310@gmail.com,SG,N/A,Rejected,Critical,573,60533,7315.8,2019-11-12,Silver,0,0
C85980,Steven,Clark,steven.clark366@outlook.com,US,MI,Verified,Critical,524,297980,38259.53,2024-02-09,Silver,0,0
C50014,Steven,Perez,steven.perez976@fintechmail.io,IN,N/A,Verified,Medium,484,254299,73258.73,2022-11-07,Silver,1,0
C28217,Mark,Perez,mark.perez413@gmail.com,SG,N/A,Rejected,Low,761,211852,45441.63,2023-09-18,VIP,1,0
C76150,Susan,Dubois,susan.dubois902@gmail.com,GB,N/A,Verified,Low,560,97793,50646.07,2021-08-07,Gold,1,0
C44568,Charles,Hill,charles.hill103@yahoo.com,AU,N/A,Verified,Critical,646,279321,57810.11,2024-01-18,VIP,0,0
C70957,Michael,Patel,michael.patel534@icloud.com,IN,N/A,Verified,Critical,691,143046,66913.73,2020-08-25,Silver,0,0
C97028,Betty,King,betty.king394@gmail.com,US,CA,Rejected,Low,577,179178,18483.08,2022-08-16,Silver,0,0
C20088,Amara,Scott,amara.scott558@gmail.com,US,OH,Rejected,Medium,638,209246,58748.89,2024-06-25,Gold,0,0
C85746,Wei,Lopez,wei.lopez537@yahoo.com,CA,N/A,Verified,Medium,362,283598,27341.46,2021-07-09,VIP,0,0
C82054,Kimberly,Anderson,kimberly.anderson225@icloud.com,US,PA,Pending,Medium,820,279797,27902.74,2023-12-11,Silver,1,0
C66553,Emily,Sanchez,emily.sanchez959@icloud.com,GB,N/A,Verified,Low,558,41704,32644.83,2024-08-15,Platinum,0,0
C70038,Paul,Silva,paul.silva107@gmail.com,CA,N/A,Verified,High,545,205636,70268.56,2021-11-20,VIP,0,0
C87553,Kimberly,Lopez,kimberly.lopez977@proton.me,SG,N/A,Rejected,High,727,129008,41877.31,2021-11-09,Gold,0,0
C88465,Daniel,Robinson,daniel.robinson27@icloud.com,US,AZ,Under Review,Low,700,279074,45325.14,2021-09-19,VIP,0,0
C18551,Susan,Ramirez,susan.ramirez982@outlook.com,CA,N/A,Verified,High,407,117945,51127.04,2022-02-05,Standard,1,0
C78761,John,Scott,john.scott521@fintechmail.io,US,GA,Rejected,Critical,436,170786,50051.54,2021-03-27,Platinum,0,0
C85851,James,Johnson,james.johnson244@yahoo.com,SG,N/A,Verified,High,742,37817,67024.73,2022-10-10,Silver,0,0
C40058,Karen,Gonzalez,karen.gonzalez715@icloud.com,CA,N/A,Verified,Low,486,70680,26331.4,2020-01-31,Gold,0,0
C99845,Kimberly,Harris,kimberly.harris443@yahoo.com,IN,N/A,Pending,Low,834,272008,45687.76,2020-10-08,Silver,0,0
C27910,John,Clark,john.clark105@fintechmail.io,CA,N/A,Pending,High,365,268772,27851.56,2024-11-14,Silver,1,0
C82364,Yuki,Miller,yuki.miller36@proton.me,CA,N/A,Rejected,Low,,31355,65068.7,2023-05-28,Platinum,0,0
C49033,Andrew,Tanaka,andrew.tanaka882@proton.me,CA,N/A,Pending,High,604,101134,13018.01,2022-04-11,VIP,0,0
C79944,Amara,Gonzalez,amara.gonzalez452@fintechmail.io,IN,N/A,Rejected,Low,352,119899,20694.72,2019-09-22,Platinum,1,0
C89259,Daniel,Kim,daniel.kim465@outlook.com,IN,N/A,Rejected,High,498,118057,448.91,2023-11-21,VIP,0,0
C67402,Mary,Brown,mary.brown497@fintechmail.io,US,NJ,Verified,High,566,62384,1329.89,2019-12-03,Standard,0,0
C97679,Anthony,Hill,anthony.hill916@icloud.com,US,IL,Pending,Low,837,261430,10718.37,2023-07-02,Standard,1,0
C92595,Karen,Wright,karen.wright513@icloud.com,US,TX,Under Review,Medium,432,68887,14049.35,2023-05-29,Silver,0,0
C41412,Jessica,Chen,jessica.chen239@icloud.com,FR,N/A,Under Review,Low,648,269299,73629.08,2022-03-20,Silver,1,0
C13282,Betty,Chen,betty.chen175@proton.me,IN,N/A,Pending,High,752,266103,74941.98,2021-05-25,VIP,0,0
C57316,Paul,Jones,paul.jones324@icloud.com,FR,N/A,Under Review,Medium,565,136518,601.32,2022-05-05,Standard,0,0
C24692,Linda,Jones,linda.jones383@outlook.com,AU,N/A,Verified,Critical,669,64550,61033.79,2024-05-13,Gold,0,0
C56731,John,Perez,john.perez398@icloud.com,US,MI,Verified,Medium,491,44325,13752.29,2023-09-27,Silver,0,0
C33259,James,Lewis,james.lewis543@outlook.com,US,CA,Verified,Low,374,181087,6088.13,2020-02-26,Platinum,0,0
C81492,Priya,Nguyen,priya.nguyen773@outlook.com,FR,N/A,Verified,Low,760,26873,57221.01,2021-05-16,Platinum,1,0
C77505,Betty,Johnson,betty.johnson61@yahoo.com,CA,N/A,Verified,Medium,817,314489,2864.25,2020-08-15,VIP,0,0
C10528,Susan,Rodriguez,susan.rodriguez276@gmail.com,US,VA,Pending,High,818,198306,45383.52,2022-12-24,Standard,0,0
C44393,Thomas,Jackson,thomas.jackson592@gmail.com,US,NC,Verified,Medium,816,58520,56195.82,2021-02-25,Standard,1,0
C85076,Steven,Perez,steven.perez348@outlook.com,GB,N/A,Under Review,Low,399,211591,42192.15,2023-04-28,VIP,0,0
C24982,David,Thomas,david.thomas318@yahoo.com,US,IL,Verified,Low,501,294038,41030.16,2022-04-01,Platinum,0,0
C30895,Yuki,Patel,yuki.patel760@icloud.com,US,CA,Under Review,Low,663,274129,52074.98,2019-11-20,VIP,0,0
C25829,Steven,Rossi,steven.rossi526@icloud.com,CA,N/A,Verified,Critical,531,80744,1897.11,2020-12-14,Silver,1,0
C94028,Sarah,Hill,sarah.hill64@outlook.com,IN,N/A,Under Review,Medium,743,76920,62858.59,2022-11-03,VIP,1,0
C56319,Linda,Tanaka,linda.tanaka499@proton.me,SG,N/A,Verified,Low,,249576,27999.07,2021-12-30,Standard,0,0
C70699,Emily,Chen,emily.chen182@gmail.com,IN,N/A,Verified,Critical,362,111746,73553.29,2022-02-22,Silver,1,0
C82333,Anthony,Kim,anthony.kim878@gmail.com,AU,N/A,Under Review,Medium,765,28866,17222.63,2022-07-06,Gold,0,0
C20153,Wei,Young,wei.young962@icloud.com,FR,N/A,Verified,Low,430,149452,12067.0,2022-12-15,VIP,1,0
C42315,Emily,Garcia,emily.garcia989@proton.me,US,GA,Verified,Low,466,165673,10358.64,2022-12-08,Platinum,0,0
C16299,Barbara,Tanaka,barbara.tanaka426@icloud.com,US,MA,Verified,High,712,215187,69823.59,2023-02-21,VIP,1,0
C75198,John,Muller,john.muller241@outlook.com,CA,N/A,Verified,Medium,818,89336,34460.73,2021-12-05,VIP,0,0
C34722,Kimberly,Martin,kimberly.martin664@icloud.com,FR,N/A,Pending,High,,249460,5432.96,2020-06-14,Silver,0,0
C40269,Aarav,Flores,aarav.flores491@gmail.com,AU,N/A,Rejected,Low,833,276144,18326.75,2023-10-28,Platinum,1,0
C62402,Margaret,Martinez,margaret.martinez527@yahoo.com,FR,N/A,Verified,Medium,520,135930,43227.57,2023-03-29,Platinum,0,0
C27558,Wei,Johnson,wei.johnson919@proton.me,CA,N/A,Verified,Low,545,207986,46153.38,2024-10-15,Silver,0,0
C23811,Jennifer,Lopez,jennifer.lopez19@outlook.com,US,CA,Verified,Critical,465,264016,43588.4,2021-12-17,Standard,1,0
C88685,Nancy,Brown,nancy.brown64@outlook.com,US,AZ,Under Review,Medium,456,142346,40517.68,2020-01-11,Standard,0,0
C51578,Betty,Lopez,betty.lopez649@fintechmail.io,US,PA,Pending,Medium,579,42554,72893.58,2023-07-24,Platinum,0,0
C22986,Kimberly,White,kimberly.white290@outlook.com,IN,N/A,Verified,Medium,570,283269,55125.42,2019-10-19,Platinum,0,0
C52935,James,Silva,james.silva92@gmail.com,AU,N/A,Verified,Medium,485,29868,73675.6,2021-07-16,Platinum,0,0
C83423,Donna,Martinez,donna.martinez98@fintechmail.io,GB,N/A,Under Review,Critical,395,60188,71153.4,2024-10-03,Silver,0,0
C46849,Jennifer,Nguyen,jennifer.nguyen718@icloud.com,GB,N/A,Under Review,Medium,397,197585,35887.38,2019-11-22,VIP,0,0
C33535,Joshua,Sanchez,joshua.sanchez130@outlook.com,DE,N/A,Verified,Medium,586,198384,43310.3,2023-12-15,Platinum,1,0
C69631,Lisa,Torres,lisa.torres282@gmail.com,US,FL,Verified,Low,539,25973,37588.03,2020-04-17,Standard,1,0
C37878,James,Jones,james.jones921@proton.me,FR,N/A,Under Review,High,790,54523,29862.26,2022-08-14,Silver,0,0
C54658,Emma,Dubois,emma.dubois365@gmail.com,SG,N/A,Verified,Low,366,265886,57896.06,2022-07-20,VIP,0,0
C56024,Donna,Rossi,donna.rossi522@gmail.com,US,CA,Verified,Low,749,92327,49744.9,2022-07-23,Standard,0,0
C69687,Jennifer,Miller,jennifer.miller695@outlook.com,US,IL,Verified,Critical,729,140831,32821.5,2020-01-16,Silver,0,0
C58085,Sofia,Sanchez,sofia.sanchez119@proton.me,SG,N/A,Rejected,Low,601,319689,35423.46,2021-05-15,Standard,1,0
C98507,Robert,Walker,robert.walker400@fintechmail.io,SG,N/A,Verified,Medium,629,236639,23769.08,2022-03-10,Gold,1,0
C58439,James,Taylor,james.taylor321@proton.me,US,FL,Under Review,High,820,264432,14038.05,2019-07-16,VIP,0,0
C43413,Daniel,Miller,daniel.miller94@gmail.com,US,OH,Pending,High,668,162190,63727.91,2022-01-23,Silver,0,0
C23626,Karen,Patel,karen.patel858@proton.me,US,NC,Verified,Medium,754,313721,41355.81,2024-05-10,VIP,1,0
C69554,Michelle,Brown,michelle.brown320@fintechmail.io,IN,N/A,Under Review,Low,813,219163,57049.07,2020-01-13,Platinum,1,0
C11652,William,Scott,william.scott442@gmail.com,US,TX,Verified,Low,371,28191,44809.03,2021-04-06,Gold,1,0
C75415,James,Rossi,james.rossi614@fintechmail.io,US,MA,Verified,Low,374,178966,17189.8,2022-11-16,VIP,1,0
C78161,Jessica,Chen,jessica.chen512@icloud.com,US,PA,Verified,Medium,524,156239,74694.89,2022-03-23,Silver,1,0
C16232,Donna,Garcia,donna.garcia216@icloud.com,IN,N/A,Pending,Critical,696,98892,65965.01,2020-01-25,VIP,0,0
C95827,Andrew,Sharma,andrew.sharma802@icloud.com,CA,N/A,Verified,Medium,631,274790,11213.33,2024-09-28,Platinum,1,0
C35143,Nancy,White,nancy.white685@outlook.com,AU,N/A,Pending,Critical,587,171868,72470.91,2021-04-11,Standard,0,0
C82318,Mary,Miller,mary.miller960@proton.me,US,MA,Verified,Low,740,226370,51333.01,2024-08-09,Platinum,0,0
C60894,Christopher,Taylor,christopher.taylor239@proton.me,DE,N/A,Rejected,Low,782,202135,36006.69,2019-08-05,Standard,0,0
C24202,Lisa,Muller,lisa.muller110@proton.me,SG,N/A,Pending,Critical,538,52813,48073.01,2021-03-10,Platinum,0,0
C69142,Ashley,Lee,ashley.lee685@yahoo.com,US,NJ,Rejected,Low,601,294746,72190.31,2020-06-12,Standard,0,0
C21318,Sofia,Anderson,sofia.anderson884@proton.me,US,WA,Pending,Critical,387,93837,42577.08,2019-12-22,Platinum,1,0
C31836,Michelle,Taylor,michelle.taylor908@proton.me,FR,N/A,Under Review,Critical,470,42628,29255.32,2021-04-05,Silver,0,0
C16794,Ashley,Allen,ashley.allen947@fintechmail.io,DE,N/A,Under Review,Medium,651,130201,45182.55,2019-08-13,Gold,0,0
C73268,Mateo,Martin,mateo.martin710@gmail.com,FR,N/A,Under Review,Critical,811,265068,59645.57,2024-06-09,VIP,0,0
C64741,William,Anderson,william.anderson450@icloud.com,SG,N/A,Verified,Medium,734,234151,23361.79,2021-03-14,Platinum,1,0
C76246,Aarav,Dubois,aarav.dubois975@fintechmail.io,FR,N/A,Rejected,Low,844,63961,55254.23,2021-10-01,Silver,0,0
C24058,Thomas,Lopez,thomas.lopez190@gmail.com,SG,N/A,Rejected,High,718,159984,7327.36,2024-07-17,Standard,0,0
C39583,Joseph,Silva,joseph.silva405@gmail.com,DE,N/A,Rejected,Low,739,65276,15674.31,2023-02-22,Gold,0,0
C70971,Sarah,Martinez,sarah.martinez92@proton.me,CA,N/A,Verified,Medium,477,78381,32432.18,2024-11-28,Silver,1,0
C50466,Elizabeth,Kim,elizabeth.kim293@fintechmail.io,AU,N/A,Under Review,Critical,722,174591,21976.23,2021-07-09,Silver,0,0
C14757,Sarah,Perez,sarah.perez420@fintechmail.io,AU,N/A,Verified,Medium,631,109982,1618.77,2022-12-13,Gold,0,0
C70968,Mateo,Allen,mateo.allen249@fintechmail.io,US,NY,Rejected,Medium,767,241374,24819.58,2021-11-11,VIP,1,0
C34611,Ashley,Martinez,ashley.martinez414@yahoo.com,SG,N/A,Verified,High,683,30018,63737.42,2021-03-24,Gold,1,0
C17966,Robert,Hill,robert.hill827@fintechmail.io,AU,N/A,Verified,Medium,493,90660,61850.67,2021-10-02,Standard,0,0
C51459,Mary,Garcia,mary.garcia630@proton.me,AU,N/A,Under Review,High,658,104974,61775.24,2019-10-28,Platinum,1,0
C57333,Ashley,Brown,ashley.brown531@fintechmail.io,DE,N/A,Pending,High,637,229621,16085.46,2020-10-16,Standard,0,0
C84796,Sandra,Rodriguez,sandra.rodriguez294@gmail.com,GB,N/A,Verified,High,552,73677,46549.63,2023-04-26,Standard,1,0
C36142,Sofia,Dubois,sofia.dubois454@yahoo.com,AU,N/A,Verified,Medium,433,241099,17235.78,2024-03-20,Gold,1,0
C59530,Richard,Anderson,richard.anderson496@outlook.com,DE,N/A,Under Review,Medium,633,221823,45943.6,2019-12-12,Standard,0,0
C50729,Emily,Jackson,emily.jackson693@proton.me,CA,N/A,Verified,Medium,445,297656,41336.17,2020-05-13,Standard,0,0
C77497,Michael,Sharma,michael.sharma343@icloud.com,SG,N/A,Pending,Medium,647,135847,46076.1,2020-05-10,VIP,1,0
C41121,Margaret,Moore,margaret.moore473@gmail.com,DE,N/A,Verified,Critical,778,139857,32908.19,2022-04-22,VIP,0,0
C96607,William,Nguyen,william.nguyen987@icloud.com,DE,N/A,Under Review,Critical,600,196217,73634.83,2021-06-22,Standard,0,0
C13411,Richard,Sanchez,richard.sanchez334@gmail.com,FR,N/A,Verified,Medium,441,277630,63775.23,2023-05-26,Standard,1,0
C59321,Linda,Ramirez,linda.ramirez973@fintechmail.io,DE,N/A,Verified,Low,611,91355,44886.73,2022-03-29,Gold,1,0
C52824,Christopher,Hill,christopher.hill788@yahoo.com,US,MI,Pending,Medium,739,142607,64933.14,2020-07-19,Platinum,0,0
C35059,Michael,Johnson,michael.johnson485@icloud.com,CA,N/A,Rejected,High,425,232934,60205.39,2020-12-16,Gold,0,0
C95663,Liam,Scott,liam.scott298@outlook.com,FR,N/A,Verified,Low,547,174369,16639.93,2022-01-07,Standard,0,0
C36864,Christopher,Hill,christopher.hill753@proton.me,DE,N/A,Rejected,Medium,752,97242,74693.97,2023-07-17,VIP,0,0
C36512,Michelle,Hill,michelle.hill809@yahoo.com,AU,N/A,Verified,High,735,41850,15974.44,2022-10-20,VIP,0,0
C73754,David,Lewis,david.lewis439@proton.me,FR,N/A,Verified,High,386,136557,7546.97,2022-02-15,Gold,0,0
C14804,Anthony,Anderson,anthony.anderson887@proton.me,FR,N/A,Verified,Low,484,286540,49572.27,2020-06-18,Standard,1,0
C16113,Linda,Anderson,linda.anderson248@gmail.com,FR,N/A,Under Review,Critical,738,36193,5685.34,2023-12-18,Standard,0,0
C35194,Michelle,Walker,michelle.walker552@proton.me,SG,N/A,Rejected,Medium,499,153024,11010.99,2023-09-12,Gold,0,0
C37676,Sofia,Garcia,sofia.garcia301@fintechmail.io,US,GA,Under Review,Medium,737,59573,69713.19,2020-11-26,Platinum,0,0
C70913,Linda,Moore,linda.moore81@yahoo.com,CA,N/A,Verified,Medium,631,70232,55374.29,2020-08-22,Silver,0,0
C29005,James,King,james.king147@icloud.com,US,MI,Under Review,Medium,704,181089,15351.6,2020-05-20,Platinum,0,0
C62054,Richard,Robinson,richard.robinson314@yahoo.com,SG,N/A,Rejected,Critical,536,273457,8917.38,2021-03-08,VIP,0,0
C62421,Wei,Wilson,wei.wilson758@fintechmail.io,US,NC,Pending,Low,749,199629,69824.63,2023-10-14,Gold,0,0
C95938,Sofia,Jones,sofia.jones322@proton.me,FR,N/A,Verified,Medium,844,149796,71650.35,2021-06-28,Gold,0,0
C62690,Daniel,Nguyen,daniel.nguyen129@yahoo.com,GB,N/A,Rejected,Medium,796,274260,25620.76,2023-11-10,Platinum,0,0
C75376,Kimberly,Ramirez,kimberly.ramirez29@icloud.com,CA,N/A,Pending,Low,579,74408,73181.54,2023-10-12,Silver,0,0
C59877,John,Johnson,john.johnson353@gmail.com,FR,N/A,Verified,Low,824,226539,61522.76,2020-10-06,Platinum,0,0
C35510,Linda,King,linda.king512@icloud.com,AU,N/A,Under Review,Medium,413,111838,24761.77,2023-01-09,Platinum,1,0
C35724,James,Garcia,james.garcia932@proton.me,FR,N/A,Verified,Low,438,237040,21102.0,2019-12-16,VIP,1,0
C34555,Joshua,Jones,joshua.jones227@outlook.com,FR,N/A,Pending,Medium,429,270251,20845.41,2021-08-21,Gold,0,0
C25056,Lisa,Thomas,lisa.thomas204@gmail.com,US,VA,Rejected,Low,758,163103,29281.97,2022-10-14,Standard,0,0
C55094,Sarah,Wright,sarah.wright248@proton.me,AU,N/A,Under Review,Critical,689,240217,55276.71,2021-05-25,Gold,0,0
C61635,Christopher,Perez,christopher.perez117@icloud.com,GB,N/A,Verified,High,840,256671,68207.52,2024-06-06,Platinum,1,0
C31480,Ashley,Kim,ashley.kim579@outlook.com,SG,N/A,Verified,Medium,760,262300,15992.15,2020-11-20,VIP,0,0
C82169,Sandra,Martinez,sandra.martinez229@icloud.com,DE,N/A,Pending,Medium,514,38248,74714.1,2021-12-18,Gold,0,0
C66151,Steven,Hernandez,steven.hernandez595@yahoo.com,US,OH,Verified,High,799,226685,21624.08,2019-12-03,Platinum,0,0
C91348,William,Young,william.young504@yahoo.com,AU,N/A,Verified,Medium,420,128250,44612.03,2020-08-09,Platinum,0,0
C59578,Donald,Sanchez,donald.sanchez276@gmail.com,IN,N/A,Verified,High,679,299690,45540.78,2021-01-16,Gold,0,0
C29264,Sofia,Sharma,sofia.sharma505@gmail.com,IN,N/A,Pending,Low,836,225973,54736.1,2022-04-15,Platinum,1,0
C94760,Priya,Clark,priya.clark773@icloud.com,FR,N/A,Verified,Critical,660,297793,6573.46,2021-08-07,VIP,1,0
C43213,Steven,Garcia,steven.garcia300@fintechmail.io,US,WA,Rejected,Medium,404,52380,25065.86,2021-11-10,Silver,0,0
C89257,Richard,Nguyen,richard.nguyen310@proton.me,SG,N/A,Verified,Medium,491,259491,3161.64,2021-10-02,Standard,1,0
C68029,Sofia,Taylor,sofia.taylor673@proton.me,US,VA,Verified,Critical,375,295644,37300.29,2022-09-10,Platinum,0,0
C55798,Emma,Harris,emma.harris305@fintechmail.io,US,AZ,Verified,Critical,493,102817,4996.49,2020-04-17,Standard,1,0
C42245,Jessica,Jackson,jessica.jackson882@outlook.com,GB,N/A,Verified,Medium,457,272689,72948.23,2022-08-29,Gold,0,0
C58918,Lisa,Silva,lisa.silva531@icloud.com,AU,N/A,Pending,Medium,829,113684,38796.58,2019-10-18,VIP,0,0
C28733,Mary,Williams,mary.williams990@icloud.com,US,TX,Verified,Low,733,263970,38246.75,2021-02-28,VIP,1,0
C26808,Emily,Torres,emily.torres882@icloud.com,SG,N/A,Verified,Low,436,233323,54865.85,2019-12-21,VIP,1,0
C22002,Mary,King,mary.king767@fintechmail.io,DE,N/A,Under Review,Low,674,294648,54772.33,2020-04-08,Gold,0,0
C98311,Karen,Taylor,karen.taylor335@outlook.com,GB,N/A,Pending,Medium,469,144991,14434.55,2024-05-08,VIP,0,0
C38592,Emma,Perez,emma.perez169@fintechmail.io,IN,N/A,Verified,Low,477,237831,7316.59,2024-11-09,Silver,0,0
C91073,Michael,Taylor,michael.taylor409@outlook.com,US,GA,Verified,High,376,278771,9077.82,2020-10-14,Standard,0,0
C48282,Priya,Scott,priya.scott229@fintechmail.io,US,FL,Under Review,Low,499,101437,36856.73,2024-06-24,Platinum,1,0
C60794,Andrew,White,andrew.white901@proton.me,FR,N/A,Rejected,Medium,783,97575,51334.96,2020-03-14,Silver,0,0
C39310,Steven,Martinez,steven.martinez651@gmail.com,AU,N/A,Pending,Critical,650,196868,6339.72,2020-03-28,Silver,1,0
C23077,Wei,Kim,wei.kim537@icloud.com,CA,N/A,Verified,High,419,127200,62424.13,2021-10-05,VIP,0,0
C60962,Emily,Young,emily.young378@outlook.com,US,CA,Verified,High,368,219354,63545.34,2024-06-20,VIP,0,0
C70645,Joseph,Rodriguez,joseph.rodriguez561@gmail.com,DE,N/A,Verified,Critical,819,286250,65029.31,2022-06-17,Standard,0,0
C65417,Emily,Rossi,emily.rossi97@gmail.com,IN,N/A,Verified,High,844,77028,54444.08,2021-08-24,Silver,0,0
C26157,Patricia,Garcia,patricia.garcia775@outlook.com,DE,N/A,Verified,Medium,362,213535,19901.33,2021-03-17,Standard,0,0
C32395,Betty,King,betty.king797@gmail.com,DE,N/A,Verified,High,737,239435,71195.85,2020-10-25,VIP,0,0
C70706,Joshua,Dubois,joshua.dubois758@gmail.com,SG,N/A,Pending,Medium,433,49652,56564.89,2023-02-04,VIP,0,0
C17876,John,Wright,john.wright15@outlook.com,US,NY,Verified,Medium,350,235563,20544.82,2023-09-24,Silver,0,0
C33126,Charles,Rossi,charles.rossi121@proton.me,US,NC,Rejected,Critical,571,36786,3103.59,2023-02-20,Gold,0,0
C88887,Wei,Miller,wei.miller111@icloud.com,US,AZ,Verified,Low,803,288053,63333.0,2019-09-24,VIP,0,0
C63778,Wei,Sanchez,wei.sanchez688@outlook.com,DE,N/A,Pending,Low,527,36054,22375.63,2024-10-28,VIP,0,0
C52615,Mateo,Thomas,mateo.thomas130@gmail.com,DE,N/A,Verified,Medium,406,254856,24807.91,2019-08-11,Gold,0,0
C46576,Sofia,Brown,sofia.brown549@icloud.com,SG,N/A,Pending,High,788,305726,2321.68,2022-12-16,VIP,0,0
C23823,Jessica,Allen,jessica.allen487@gmail.com,US,IL,Verified,Low,748,269418,19622.12,2023-05-04,Platinum,0,0
C11624,Joshua,Sharma,joshua.sharma24@fintechmail.io,US,MI,Verified,Medium,587,286465,62257.05,2021-07-25,Standard,0,0
C74925,Betty,Martin,betty.martin115@gmail.com,GB,N/A,Verified,High,744,303246,23763.17,2021-03-23,VIP,0,0
C71623,Michael,Flores,michael.flores444@outlook.com,GB,N/A,Under Review,Low,609,195502,48256.95,2020-12-31,Gold,1,0
C37590,David,Moore,david.moore108@gmail.com,DE,N/A,Verified,High,695,307041,57422.22,2019-12-25,Platinum,0,0
C17475,Mark,Allen,mark.allen105@yahoo.com,IN,N/A,Under Review,Low,838,140670,31429.44,2021-12-28,Silver,0,0
C16306,Susan,Garcia,susan.garcia484@fintechmail.io,SG,N/A,Verified,Low,694,26684,24563.12,2021-01-30,Standard,1,0
C59398,Michelle,Martin,michelle.martin148@yahoo.com,AU,N/A,Under Review,Medium,590,153283,69050.67,2024-07-23,Silver,0,0
C29832,Sarah,Muller,sarah.muller282@fintechmail.io,US,FL,Verified,Critical,552,312447,37819.85,2021-12-17,Silver,0,0
C98823,Andrew,Gonzalez,andrew.gonzalez827@yahoo.com,FR,N/A,Verified,Low,682,40716,5715.41,2024-03-06,Standard,0,0
C65663,Joseph,Jones,joseph.jones61@yahoo.com,SG,N/A,Verified,Medium,452,178490,73138.79,2022-07-01,Gold,1,0
C46777,Sofia,Hill,sofia.hill696@outlook.com,US,VA,Verified,Critical,495,286079,64794.02,2021-08-10,VIP,0,0
C30456,Paul,Lewis,paul.lewis783@icloud.com,US,OH,Rejected,Medium,402,190287,65642.52,2020-09-08,Platinum,0,0
C30714,Patricia,Martin,patricia.martin686@icloud.com,US,GA,Under Review,Medium,593,172532,46479.08,2020-01-25,Platinum,1,0
C96603,Yuki,Tanaka,yuki.tanaka190@icloud.com,DE,N/A,Verified,High,471,301106,26499.8,2022-04-06,Silver,0,0
C44425,Sarah,Allen,sarah.allen845@yahoo.com,AU,N/A,Under Review,Medium,767,290117,41049.27,2019-10-22,VIP,0,0
C15570,Donna,Gonzalez,donna.gonzalez171@yahoo.com,US,CA,Under Review,Medium,646,22805,20315.61,2021-05-25,Silver,0,0
C58301,William,Moore,william.moore390@icloud.com,AU,N/A,Verified,Medium,814,133032,34599.85,2023-01-14,Platinum,0,0
C75669,Nancy,Tanaka,nancy.tanaka129@gmail.com,CA,N/A,Verified,High,585,103360,849.18,2020-05-30,Standard,0,0
C41124,Mark,Miller,mark.miller966@fintechmail.io,GB,N/A,Rejected,Low,350,131068,58262.66,2023-04-07,Platinum,0,0
C53964,Yuki,White,yuki.white152@fintechmail.io,GB,N/A,Verified,Low,740,247338,28884.67,2020-06-17,VIP,0,0
C30777,Richard,Hill,richard.hill335@gmail.com,GB,N/A,Under Review,Low,797,45407,37751.74,2020-11-16,Standard,0,0
C76747,Thomas,White,thomas.white83@fintechmail.io,SG,N/A,Verified,Critical,700,252412,8158.78,2022-08-29,Platinum,0,0
C46830,Mark,Sharma,mark.sharma562@icloud.com,IN,N/A,Pending,Low,800,232087,32267.7,2024-03-30,Gold,0,1
C37580,Margaret,Rodriguez,margaret.rodriguez765@fintechmail.io,IN,N/A,Verified,Medium,,159896,44954.03,2023-07-02,VIP,0,0
C22408,Emma,Sanchez,emma.sanchez588@icloud.com,US,CA,Verified,Medium,620,191927,38375.58,2024-01-04,Platinum,0,0
C21897,Wei,Davis,wei.davis121@icloud.com,CA,N/A,Verified,Medium,484,183918,27079.19,2022-03-21,Silver,0,0
C90734,Sarah,King,sarah.king574@icloud.com,AU,N/A,Verified,Low,824,95838,10593.89,2023-07-17,Standard,0,0
C12549,Steven,King,steven.king885@gmail.com,IN,N/A,Rejected,High,526,255087,47661.18,2024-02-18,VIP,1,0
C68298,Mateo,Sanchez,mateo.sanchez63@fintechmail.io,US,MI,Pending,Medium,708,142393,423.79,2020-08-18,Gold,0,0
C90171,Joseph,Rossi,joseph.rossi717@gmail.com,AU,N/A,Under Review,High,588,85196,41710.59,2020-06-03,Platinum,0,0
C95190,Mark,Walker,mark.walker198@icloud.com,FR,N/A,Rejected,High,581,185164,9934.18,2022-06-10,Platinum,0,0
C33483,Karen,Thomas,karen.thomas814@outlook.com,CA,N/A,Verified,Critical,,211132,73659.3,2022-04-24,VIP,0,0
C61651,Steven,Robinson,steven.robinson421@outlook.com,US,VA,Verified,Low,585,316306,73698.46,2020-06-18,Silver,0,0
C56777,Richard,Dubois,richard.dubois464@proton.me,DE,N/A,Verified,Low,424,279754,27290.58,2022-02-04,Gold,1,0
C71283,Donald,Patel,donald.patel643@gmail.com,IN,N/A,Verified,High,803,88877,33359.11,2019-09-14,Platinum,1,0
C91001,Anthony,Brown,anthony.brown148@outlook.com,FR,N/A,Under Review,Low,618,279069,56507.67,2023-02-15,VIP,0,0
C71038,Karen,White,karen.white719@outlook.com,FR,N/A,Verified,Critical,628,151521,50270.86,2021-11-26,VIP,0,0
C82893,Mateo,Lewis,mateo.lewis358@yahoo.com,GB,N/A,Verified,High,791,208827,69787.27,2023-09-10,Platinum,0,0
C50597,Aarav,Jackson,aarav.jackson616@yahoo.com,AU,N/A,Under Review,Low,633,48075,15551.01,2022-01-05,Platinum,0,0
C10651,Carlos,Jackson,carlos.jackson260@fintechmail.io,US,CA,Verified,Medium,701,159844,16534.67,2019-09-29,Platinum,1,0
C64423,Sarah,Patel,sarah.patel781@fintechmail.io,SG,N/A,Verified,Low,612,110760,39455.21,2023-07-21,Platinum,1,0
C96408,Matthew,Robinson,matthew.robinson961@gmail.com,US,OH,Rejected,Critical,507,256544,2607.51,2022-03-14,VIP,0,0
C11423,Priya,White,priya.white432@gmail.com,GB,N/A,Rejected,Low,555,45252,63413.28,2023-01-02,VIP,0,0
C93917,Daniel,King,daniel.king754@icloud.com,US,IL,Under Review,Low,766,126620,52361.12,2020-03-07,Gold,0,0
C86090,Daniel,Williams,daniel.williams521@outlook.com,US,PA,Rejected,High,,129749,48236.14,2024-05-21,VIP,0,0
C97666,William,Thomas,william.thomas67@gmail.com,GB,N/A,Under Review,Medium,708,73842,13630.83,2022-02-21,VIP,1,0
C20471,Charles,Harris,charles.harris865@fintechmail.io,SG,N/A,Rejected,Medium,849,310538,63989.0,2020-06-29,VIP,0,0
C45931,Michelle,Chen,michelle.chen680@proton.me,SG,N/A,Verified,Low,713,167795,73804.42,2021-03-20,VIP,0,0
C43640,Ashley,Young,ashley.young800@fintechmail.io,IN,N/A,Verified,Medium,645,175021,37176.89,2020-01-05,Gold,0,0
C85509,Wei,Nguyen,wei.nguyen834@proton.me,US,NY,Rejected,Low,383,301727,29669.79,2021-05-30,Platinum,0,0
C82128,Sandra,Rodriguez,sandra.rodriguez865@icloud.com,FR,N/A,Rejected,Medium,832,313636,57818.41,2019-09-24,Gold,0,0
C52659,Wei,Lopez,wei.lopez211@proton.me,SG,N/A,Rejected,Low,747,83590,9674.45,2022-01-03,Silver,0,0
C96790,Emma,Allen,emma.allen320@outlook.com,FR,N/A,Verified,Medium,743,47189,17368.66,2020-08-29,Platinum,0,0
C55871,Yuki,Lee,yuki.lee942@icloud.com,SG,N/A,Verified,High,652,282190,38178.31,2019-12-12,VIP,1,0
C90975,Sofia,Lewis,sofia.lewis289@proton.me,DE,N/A,Rejected,Low,842,57288,6785.64,2020-07-11,Gold,1,0
C83941,Sandra,Martin,sandra.martin624@outlook.com,US,VA,Pending,Low,614,315320,22762.55,2021-05-05,Gold,0,0
C68466,Donna,Lewis,donna.lewis376@gmail.com,US,NY,Pending,Medium,755,290095,15507.47,2023-10-10,Standard,1,0
C89653,Barbara,Moore,barbara.moore541@proton.me,US,NC,Rejected,Critical,530,170876,319.19,2023-03-16,Gold,0,0
C54197,Donald,Hernandez,donald.hernandez839@gmail.com,SG,N/A,Rejected,Critical,688,211406,64410.99,2021-02-05,Platinum,0,0
C59895,Michael,Hill,michael.hill597@icloud.com,DE,N/A,Pending,Medium,357,142009,19814.8,2024-05-02,Silver,0,0
C53359,David,Wright,david.wright420@proton.me,DE,N/A,Verified,Medium,672,41668,20091.82,2022-09-06,Silver,0,0
C59373,Mateo,Chen,mateo.chen325@yahoo.com,US,TX,Verified,Critical,445,138072,4929.97,2019-10-02,Standard,0,0
C44250,Aarav,Moore,aarav.moore316@icloud.com,CA,N/A,Verified,Medium,599,63210,8780.88,2019-11-19,Standard,0,0
C48895,Barbara,Martin,barbara.martin77@yahoo.com,US,NC,Under Review,Low,660,226307,60977.52,2020-12-16,Platinum,0,0
C73612,Lisa,Jones,lisa.jones911@icloud.com,AU,N/A,Verified,Medium,,295687,73974.22,2022-09-26,Standard,1,0
C53531,Mary,Hernandez,mary.hernandez577@fintechmail.io,US,VA,Pending,Low,493,199288,54245.9,2024-06-15,Silver,0,0
C84679,William,Patel,william.patel572@icloud.com,US,NY,Under Review,Low,474,211689,67950.68,2024-04-08,Standard,0,0
C53080,Carlos,Jones,carlos.jones782@proton.me,CA,N/A,Pending,Low,624,115142,47511.25,2021-02-28,VIP,0,0
C42551,Thomas,Perez,thomas.perez725@icloud.com,DE,N/A,Rejected,Medium,607,98514,43866.61,2021-03-31,Gold,1,0
C31517,Sandra,Sharma,sandra.sharma553@proton.me,AU,N/A,Rejected,High,543,49182,66263.7,2022-04-27,VIP,1,0
C38366,Jennifer,Moore,jennifer.moore471@fintechmail.io,IN,N/A,Pending,Medium,639,189162,49441.5,2021-06-23,Gold,0,0
C45841,Mary,Torres,mary.torres768@yahoo.com,SG,N/A,Under Review,Medium,667,210298,24233.02,2021-07-26,Silver,0,0
C86426,Amara,Moore,amara.moore151@fintechmail.io,GB,N/A,Verified,Medium,547,211550,13115.15,2021-12-03,Standard,0,0
C94872,Christopher,Young,christopher.young957@fintechmail.io,GB,N/A,Rejected,Critical,,287308,65977.49,2020-12-14,VIP,0,0
C64209,James,Martinez,james.martinez424@yahoo.com,DE,N/A,Verified,Critical,840,147685,37077.32,2019-09-17,VIP,1,1
C44215,Amara,Garcia,amara.garcia694@outlook.com,US,GA,Pending,Low,408,314735,27603.81,2024-07-31,Standard,1,0
C66507,Christopher,King,christopher.king291@yahoo.com,GB,N/A,Verified,Low,690,282017,57749.26,2024-02-16,Platinum,0,0
C75727,Charles,Davis,charles.davis93@yahoo.com,AU,N/A,Verified,High,,291933,3650.42,2021-09-29,Silver,0,0
C73587,Ashley,King,ashley.king752@fintechmail.io,US,IL,Verified,Low,772,106417,61942.66,2024-03-13,Platinum,1,1
C79999,Michelle,Anderson,michelle.anderson181@proton.me,AU,N/A,Verified,Low,538,50251,19769.15,2020-04-08,Silver,1,0
C28213,Mateo,Moore,mateo.moore252@icloud.com,US,MA,Pending,High,350,226185,1946.04,2024-03-25,Platinum,0,0
C61042,Betty,Brown,betty.brown169@proton.me,SG,N/A,Verified,Critical,742,193556,16919.38,2023-11-24,Standard,0,0
C42606,Barbara,Anderson,barbara.anderson717@outlook.com,US,PA,Pending,Low,811,51680,29426.02,2020-06-23,VIP,0,0
C94821,Michelle,Miller,michelle.miller687@fintechmail.io,DE,N/A,Under Review,Low,518,293471,24684.37,2021-10-31,Standard,0,0
C44082,Joshua,Martin,joshua.martin338@proton.me,CA,N/A,Verified,Medium,484,28170,868.97,2024-07-18,Silver,0,0
C47799,Linda,Martinez,linda.martinez430@yahoo.com,US,NC,Pending,Critical,801,222850,7292.54,2023-06-29,Silver,0,0
C68753,Christopher,King,christopher.king903@fintechmail.io,US,IL,Pending,Critical,850,73000,59036.55,2019-07-23,VIP,0,1
C92329,Michelle,Perez,michelle.perez308@outlook.com,GB,N/A,Under Review,Low,814,62162,4666.97,2020-12-15,Silver,0,0
C37180,Emma,Perez,emma.perez373@icloud.com,DE,N/A,Verified,Low,383,235601,67473.54,2022-01-06,Platinum,0,0
C53970,Robert,Jackson,robert.jackson610@yahoo.com,SG,N/A,Verified,Low,658,213040,16654.2,2019-08-31,Silver,0,0
C23840,Amara,Jackson,amara.jackson287@proton.me,US,NC,Pending,Medium,379,212050,51605.7,2020-05-23,Platinum,0,0
C71982,William,Perez,william.perez300@outlook.com,US,FL,Verified,Critical,656,57931,68173.62,2020-03-26,Gold,0,0
C87808,Michelle,Davis,michelle.davis249@proton.me,IN,N/A,Verified,Low,780,29280,71439.94,2024-04-12,VIP,0,0
C77578,Wei,Hernandez,wei.hernandez939@yahoo.com,AU,N/A,Rejected,Medium,497,157287,45254.79,2022-08-23,VIP,0,0
C45383,Barbara,Walker,barbara.walker560@icloud.com,IN,N/A,Verified,Low,727,246073,72562.7,2024-10-05,Standard,0,0
C56626,Kimberly,Williams,kimberly.williams288@yahoo.com,DE,N/A,Verified,Low,815,66392,26306.41,2020-03-11,VIP,0,0
C74954,Elizabeth,Miller,elizabeth.miller433@gmail.com,AU,N/A,Under Review,Medium,507,172498,1785.0,2023-04-29,Platinum,1,0
C21485,Sofia,Perez,sofia.perez642@outlook.com,IN,N/A,Rejected,Medium,389,38177,7972.16,2019-09-30,Gold,0,0
C91221,Michael,Martin,michael.martin669@fintechmail.io,US,NC,Verified,High,724,77077,14804.66,2019-08-07,Silver,0,0
C27985,Susan,Perez,susan.perez831@icloud.com,IN,N/A,Under Review,Low,766,166329,17313.37,2023-01-07,Silver,1,0
C28434,Sofia,Thomas,sofia.thomas901@outlook.com,SG,N/A,Verified,High,384,49544,945.97,2021-03-06,Platinum,1,0
C70557,Robert,Sanchez,robert.sanchez142@outlook.com,CA,N/A,Verified,Critical,407,161210,63032.13,2024-01-05,Silver,1,0
C74585,Aarav,Young,aarav.young968@outlook.com,DE,N/A,Verified,Low,450,91653,69459.68,2020-11-27,Gold,0,0
C28754,Patricia,Miller,patricia.miller392@icloud.com,FR,N/A,Pending,Low,571,239104,52237.47,2020-12-25,Silver,1,0
C70304,Ashley,Allen,ashley.allen791@fintechmail.io,US,OH,Verified,Low,492,75490,60379.57,2024-07-07,VIP,1,0
C91056,Carlos,Lewis,carlos.lewis168@fintechmail.io,GB,N/A,Under Review,Medium,483,286456,60583.8,2022-12-04,Platinum,0,0
C45404,Michelle,King,michelle.king350@yahoo.com,US,TX,Verified,Critical,699,283903,68631.31,2019-08-06,Gold,0,0
C70167,Michelle,Rossi,michelle.rossi576@outlook.com,CA,N/A,Pending,Low,351,46125,7009.19,2021-05-29,Silver,1,0
C55811,Mark,Davis,mark.davis843@icloud.com,US,GA,Under Review,Medium,706,291527,6333.72,2023-05-31,Gold,0,0
C25216,Linda,Clark,linda.clark612@icloud.com,CA,N/A,Rejected,Low,387,242880,14033.03,2021-12-18,Gold,1,0
C24444,Margaret,Anderson,margaret.anderson863@gmail.com,CA,N/A,Pending,Low,726,243141,40050.8,2024-08-24,Gold,0,0
C14567,Christopher,Scott,christopher.scott972@yahoo.com,FR,N/A,Rejected,Medium,,308843,28212.46,2024-03-05,Silver,0,0
C39192,Anthony,Rossi,anthony.rossi104@outlook.com,CA,N/A,Verified,Low,538,51401,15313.56,2020-06-29,Silver,1,1
C11749,Thomas,Chen,thomas.chen772@proton.me,SG,N/A,Rejected,Critical,599,306857,40508.77,2020-06-05,Silver,0,0
C32307,Carlos,Smith,carlos.smith701@fintechmail.io,CA,N/A,Pending,Low,438,213052,20029.12,2022-02-28,Standard,0,0
C17472,Patricia,Brown,patricia.brown370@yahoo.com,US,MA,Verified,Critical,378,24846,28490.37,2023-08-16,Gold,1,0
C16406,Joshua,Thomas,joshua.thomas491@outlook.com,US,PA,Verified,Critical,487,141529,71689.57,2022-08-22,Gold,0,0
C73438,Andrew,Lewis,andrew.lewis106@yahoo.com,AU,N/A,Pending,Medium,388,44500,36736.82,2021-07-19,Silver,0,0
C71909,Liam,Tanaka,liam.tanaka845@proton.me,SG,N/A,Verified,Medium,603,29724,70669.73,2022-10-10,Platinum,1,0
C16458,Betty,Williams,betty.williams746@gmail.com,US,IL,Verified,Medium,418,117986,55281.54,2024-02-29,Silver,0,0
C66195,Priya,King,priya.king334@yahoo.com,GB,N/A,Rejected,Critical,495,134114,50858.18,2019-09-27,VIP,1,0
C15776,Joshua,Walker,joshua.walker974@gmail.com,AU,N/A,Verified,Medium,451,96631,26524.0,2024-08-20,Gold,0,0
C44016,Michael,Perez,michael.perez131@icloud.com,US,PA,Pending,High,639,200013,11295.99,2021-07-26,Silver,0,0
C52946,Ashley,Anderson,ashley.anderson786@yahoo.com,DE,N/A,Under Review,Medium,762,94435,7661.2,2023-11-15,Silver,0,0
C76190,Sofia,Lee,sofia.lee704@icloud.com,CA,N/A,Verified,Medium,670,309423,43690.53,2021-04-25,VIP,1,0
C47916,Linda,Hill,linda.hill14@gmail.com,US,CA,Rejected,Low,644,196379,4273.41,2023-02-21,Silver,0,0
C55949,Sofia,Rossi,sofia.rossi580@gmail.com,US,MA,Verified,High,584,116607,37520.83,2021-02-22,Silver,0,0
C94444,Betty,Anderson,betty.anderson86@icloud.com,CA,N/A,Verified,Medium,353,272128,8739.81,2019-09-19,Silver,0,0
C27338,Priya,Jackson,priya.jackson990@outlook.com,SG,N/A,Pending,Medium,507,317141,38055.31,2023-11-24,Standard,0,0
C38227,Barbara,Patel,barbara.patel382@outlook.com,DE,N/A,Verified,Low,445,304325,35072.76,2019-07-22,Gold,1,0
C30144,Amara,Thomas,amara.thomas213@yahoo.com,AU,N/A,Verified,High,487,159417,49024.82,2019-09-09,VIP,1,0
C44070,David,Silva,david.silva577@yahoo.com,GB,N/A,Pending,Low,687,43798,49044.22,2022-09-18,Gold,0,0
C94502,Steven,Johnson,steven.johnson303@icloud.com,CA,N/A,Pending,Medium,457,208125,38071.25,2022-04-27,Standard,0,0
C84750,Linda,Torres,linda.torres346@outlook.com,US,OH,Verified,Critical,522,294200,6593.2,2020-02-14,VIP,0,0
C97886,William,Patel,william.patel409@yahoo.com,US,NJ,Pending,Low,489,187741,68460.94,2022-03-26,VIP,0,0
C52501,Donna,Ramirez,donna.ramirez169@gmail.com,US,PA,Pending,Low,407,40325,55859.67,2020-08-09,Silver,1,0
C13369,David,Smith,david.smith815@icloud.com,US,FL,Rejected,High,630,254116,60059.46,2022-07-12,VIP,0,0
C31940,Karen,Silva,karen.silva169@proton.me,GB,N/A,Verified,Critical,694,98954,42246.5,2020-01-21,VIP,1,0
C17857,Wei,King,wei.king872@gmail.com,DE,N/A,Verified,Critical,428,75946,40166.33,2019-11-01,Silver,0,0
C45253,Margaret,Muller,margaret.muller517@gmail.com,SG,N/A,Verified,High,803,126979,14300.19,2023-05-03,VIP,0,0
C94761,William,Miller,william.miller862@proton.me,CA,N/A,Pending,Critical,611,122276,35552.52,2023-01-19,Gold,0,1
C25133,Steven,Muller,steven.muller845@proton.me,US,OH,Rejected,High,416,163779,42452.46,2021-04-18,Platinum,0,0
C38903,Kimberly,Martinez,kimberly.martinez165@icloud.com,CA,N/A,Rejected,Medium,630,31395,24959.12,2022-08-02,Standard,0,0
C17003,Christopher,White,christopher.white526@proton.me,DE,N/A,Verified,Medium,394,302784,11989.2,2024-07-16,Silver,1,0
C53124,Nancy,Thompson,nancy.thompson716@yahoo.com,GB,N/A,Verified,High,537,260952,53958.57,2024-04-06,VIP,0,0
C57398,Wei,Young,wei.young742@icloud.com,FR,N/A,Pending,Critical,823,136435,69554.02,2021-01-26,Platinum,0,0
C67893,Lisa,Moore,lisa.moore763@yahoo.com,DE,N/A,Verified,High,655,268234,2881.39,2021-08-21,Standard,1,0
C74966,Sofia,Williams,sofia.williams945@yahoo.com,US,VA,Verified,Low,386,48454,9168.51,2019-11-12,VIP,0,0
C59004,Richard,Wright,richard.wright919@gmail.com,US,NY,Verified,Medium,666,222603,3337.38,2020-04-25,Silver,1,0
C38277,Anthony,Kim,anthony.kim157@proton.me,US,WA,Under Review,Critical,540,67408,72491.98,2020-09-03,Platinum,0,0
C78299,Thomas,Kim,thomas.kim328@outlook.com,SG,N/A,Verified,Medium,751,230932,34421.53,2022-11-17,Standard,0,0
C27798,Emily,Perez,emily.perez363@proton.me,GB,N/A,Rejected,High,687,274624,13261.86,2021-02-25,Platinum,1,0
C45255,Anthony,Harris,anthony.harris456@proton.me,US,NC,Verified,Medium,423,217594,47141.23,2024-04-08,Standard,0,0
C96435,William,Clark,william.clark245@outlook.com,AU,N/A,Pending,Medium,580,105915,4542.6,2021-06-28,Silver,1,0
C79730,Charles,White,charles.white914@yahoo.com,US,AZ,Under Review,Low,850,87991,72866.78,2023-04-28,Silver,0,0
C77388,David,Brown,david.brown758@gmail.com,AU,N/A,Rejected,Medium,814,241659,15880.35,2023-08-27,VIP,0,0
C20114,Nancy,Kim,nancy.kim827@outlook.com,AU,N/A,Verified,Critical,358,264053,38824.04,2024-08-15,Standard,0,0
C46487,Thomas,Garcia,thomas.garcia908@yahoo.com,US,VA,Rejected,High,666,308133,14091.01,2024-05-01,Silver,0,0
C81848,Mark,Martin,mark.martin444@proton.me,FR,N/A,Verified,Medium,518,268673,61668.37,2023-05-25,Platinum,0,0
C77502,Andrew,Rossi,andrew.rossi678@outlook.com,IN,N/A,Verified,Medium,841,190300,43096.59,2023-06-16,Platinum,0,0
C78413,David,Sharma,david.sharma56@outlook.com,SG,N/A,Pending,High,653,55587,20761.03,2021-09-29,Standard,0,0
C69029,Patricia,Rodriguez,patricia.rodriguez531@yahoo.com,GB,N/A,Pending,Low,690,298478,56387.45,2024-10-10,Silver,0,0
C55844,Lisa,Martinez,lisa.martinez452@outlook.com,FR,N/A,Rejected,Critical,442,208280,60724.46,2021-04-27,Standard,0,0
C32669,Andrew,Muller,andrew.muller343@fintechmail.io,GB,N/A,Under Review,Low,841,242509,29896.19,2019-12-24,Platinum,0,0
C35694,Sofia,Rodriguez,sofia.rodriguez447@gmail.com,US,IL,Verified,Low,620,291643,43641.4,2021-12-10,Standard,0,0
C51935,Matthew,Thomas,matthew.thomas191@fintechmail.io,IN,N/A,Pending,Medium,553,152130,22875.05,2023-09-25,Platinum,1,0
C29218,Sandra,Brown,sandra.brown401@yahoo.com,AU,N/A,Under Review,Low,809,89688,53474.56,2024-05-23,Standard,0,0
C41283,Michelle,Rossi,michelle.rossi787@fintechmail.io,DE,N/A,Verified,High,720,198501,28378.97,2021-04-01,Standard,0,0
C82338,Carlos,Rossi,carlos.rossi369@fintechmail.io,AU,N/A,Verified,Low,783,27032,73708.76,2024-10-30,Standard,1,0
C79813,Priya,Martin,priya.martin719@yahoo.com,DE,N/A,Rejected,High,825,298490,8477.26,2020-03-31,Standard,0,0
C19837,Amara,Taylor,amara.taylor70@proton.me,GB,N/A,Under Review,Low,564,299382,4874.67,2024-03-26,Silver,0,0
C18001,Charles,White,charles.white690@yahoo.com,SG,N/A,Verified,Low,719,286035,31489.53,2021-08-29,Silver,1,0
C32553,Emma,Lewis,emma.lewis559@outlook.com,US,CA,Verified,Medium,716,136713,51121.19,2020-12-29,Gold,1,0
C29408,Ashley,Miller,ashley.miller828@yahoo.com,IN,N/A,Pending,Medium,741,302801,69245.18,2020-01-07,Platinum,0,0
C99144,Jennifer,Lewis,jennifer.lewis829@outlook.com,FR,N/A,Verified,Low,719,65213,14790.58,2021-09-23,Standard,1,0
C80671,Sandra,Moore,sandra.moore819@icloud.com,SG,N/A,Pending,Medium,820,88282,7789.74,2020-10-08,Silver,0,0
C90257,Ashley,Clark,ashley.clark595@yahoo.com,SG,N/A,Verified,Low,452,54648,72061.63,2023-09-13,VIP,0,0
C61221,Sandra,Jackson,sandra.jackson851@icloud.com,US,PA,Verified,Low,430,248386,69012.71,2023-09-19,Standard,0,0
C60798,Donna,King,donna.king604@icloud.com,FR,N/A,Verified,Low,588,228506,37049.8,2020-06-08,VIP,0,0
C17432,Patricia,Taylor,patricia.taylor439@outlook.com,FR,N/A,Rejected,Low,355,310693,25140.85,2019-12-10,Silver,1,0
C92289,Jennifer,Harris,jennifer.harris641@icloud.com,FR,N/A,Rejected,Medium,544,262164,47594.05,2022-01-27,Gold,0,0
C81470,Betty,Wright,betty.wright836@icloud.com,US,NC,Rejected,High,441,177555,60000.29,2024-08-13,Silver,0,0
C77683,Jessica,Thompson,jessica.thompson716@proton.me,AU,N/A,Under Review,Low,473,243961,41008.3,2024-08-22,Platinum,0,0
C30718,Andrew,Ramirez,andrew.ramirez815@gmail.com,SG,N/A,Verified,Critical,733,243514,41050.6,2021-09-09,Standard,0,0
C30259,Donna,Brown,donna.brown989@icloud.com,CA,N/A,Under Review,Critical,725,210791,31653.2,2024-04-18,Gold,0,0
C31544,John,Silva,john.silva904@proton.me,US,WA,Verified,Low,571,79461,4903.92,2021-04-23,Silver,0,0
C79249,Robert,Clark,robert.clark851@yahoo.com,AU,N/A,Pending,Low,581,304920,13625.87,2021-03-09,Gold,1,0
C80559,Liam,Sharma,liam.sharma960@yahoo.com,GB,N/A,Verified,Medium,716,295404,36172.64,2024-07-10,VIP,0,0
C95543,Joseph,Wilson,joseph.wilson851@yahoo.com,FR,N/A,Verified,Critical,383,119549,6273.43,2023-09-18,Platinum,1,0
C28565,James,Muller,james.muller924@proton.me,IN,N/A,Verified,High,451,195379,15112.2,2021-09-11,Platinum,0,0
C70162,Donald,Ramirez,donald.ramirez779@yahoo.com,IN,N/A,Pending,Critical,506,309629,47934.01,2023-02-03,Platinum,0,0
C38766,Steven,Allen,steven.allen844@fintechmail.io,US,CA,Pending,Medium,554,232826,45234.05,2024-11-05,Platinum,1,0
C93474,Liam,Martinez,liam.martinez377@proton.me,US,PA,Rejected,High,780,118183,32202.38,2024-06-16,Standard,0,0
C10088,Ashley,Sanchez,ashley.sanchez516@gmail.com,GB,N/A,Pending,Medium,638,269678,15575.67,2021-09-19,VIP,0,0
C23492,Yuki,Tanaka,yuki.tanaka438@icloud.com,CA,N/A,Pending,Low,398,89858,71873.34,2020-07-01,Silver,0,0
C45076,Margaret,Moore,margaret.moore868@gmail.com,US,WA,Under Review,Low,804,22672,14951.47,2021-01-23,Silver,0,0
C67060,Donna,Hernandez,donna.hernandez761@proton.me,IN,N/A,Pending,Low,784,134109,32207.81,2022-11-09,Platinum,0,0
C82550,Jessica,Rossi,jessica.rossi182@icloud.com,DE,N/A,Verified,Low,357,256073,11354.75,2024-11-05,VIP,0,0
C34721,Karen,Rodriguez,karen.rodriguez130@icloud.com,GB,N/A,Under Review,Medium,846,139854,50424.23,2024-09-03,VIP,0,0
C67736,Joseph,Lee,joseph.lee534@outlook.com,SG,N/A,Under Review,Low,695,101908,15888.69,2023-12-31,Silver,0,0
C86495,Aarav,Gonzalez,aarav.gonzalez788@outlook.com,US,MI,Verified,Low,508,73127,12967.99,2023-07-19,VIP,0,0
C30904,Nancy,Muller,nancy.muller223@gmail.com,CA,N/A,Pending,Low,514,188098,24777.94,2020-05-14,VIP,1,0
C98057,Steven,Sanchez,steven.sanchez111@proton.me,IN,N/A,Verified,Critical,488,164291,40713.78,2022-01-04,Platinum,0,0
C55958,Mateo,Wright,mateo.wright36@yahoo.com,US,FL,Rejected,Low,406,290420,32570.78,2021-07-19,Standard,0,0
C44914,Mateo,Hill,mateo.hill519@proton.me,US,PA,Verified,Medium,371,121790,27785.66,2022-04-11,Standard,1,1
C84412,Emma,Thompson,emma.thompson820@icloud.com,US,AZ,Verified,Critical,755,28273,3611.57,2021-09-12,Gold,0,0
C72674,Carlos,Taylor,carlos.taylor541@yahoo.com,GB,N/A,Pending,High,728,192348,7052.86,2019-10-10,Gold,1,0
C66878,John,Dubois,john.dubois755@yahoo.com,US,VA,Verified,Medium,408,35256,24814.43,2024-10-06,Silver,0,0
C83491,Christopher,Young,christopher.young713@icloud.com,FR,N/A,Verified,Low,841,52594,35699.66,2023-07-11,Silver,0,0
C72358,Christopher,Johnson,christopher.johnson178@yahoo.com,IN,N/A,Pending,Critical,765,262866,6067.16,2023-08-25,Platinum,0,0
C36124,Mark,Sharma,mark.sharma444@fintechmail.io,SG,N/A,Verified,Medium,748,239751,28397.66,2019-12-25,Platinum,0,0
C13005,John,Wright,john.wright485@outlook.com,AU,N/A,Verified,Low,394,273689,59206.35,2022-12-29,Standard,0,0
C90089,Anthony,Wilson,anthony.wilson916@icloud.com,SG,N/A,Under Review,Critical,545,24492,20542.85,2022-08-15,Platinum,0,0
C14869,Nancy,Taylor,nancy.taylor388@proton.me,IN,N/A,Under Review,Medium,672,111010,50717.58,2024-11-24,Gold,0,0
C88574,Wei,Wilson,wei.wilson286@proton.me,US,VA,Verified,Low,725,104135,42649.1,2020-07-18,Standard,0,0
C34735,Amara,Martinez,amara.martinez815@gmail.com,US,OH,Pending,Medium,739,72922,65637.32,2019-08-14,Silver,1,0
C94373,Matthew,Hill,matthew.hill995@icloud.com,AU,N/A,Verified,Low,625,56679,45598.0,2022-05-20,Gold,1,0
C66424,Robert,Patel,robert.patel912@outlook.com,SG,N/A,Pending,Low,744,317918,61726.07,2023-06-19,Standard,0,0
C37181,Joshua,Thomas,joshua.thomas575@gmail.com,IN,N/A,Rejected,Critical,809,209147,38811.36,2019-10-21,Platinum,0,0
C47404,Mateo,Anderson,mateo.anderson394@proton.me,GB,N/A,Verified,High,577,30835,33612.73,2020-04-25,Silver,1,0
C26200,Emma,Perez,emma.perez230@icloud.com,US,CA,Verified,Medium,836,188039,62415.55,2024-02-24,VIP,0,0
C69167,Margaret,Torres,margaret.torres976@gmail.com,US,NY,Verified,Medium,394,50173,44192.3,2024-07-28,Gold,0,0
C76145,Michelle,Hernandez,michelle.hernandez336@proton.me,US,PA,Under Review,Medium,476,267135,64945.27,2023-11-07,Standard,0,0
C16513,Ashley,Harris,ashley.harris10@yahoo.com,US,CA,Verified,Low,486,55020,44411.82,2020-11-23,VIP,0,0
C70243,Liam,Lopez,liam.lopez528@yahoo.com,IN,N/A,Verified,Medium,643,62385,53187.23,2021-12-14,Standard,0,0
C32590,Liam,Torres,liam.torres263@fintechmail.io,US,MA,Verified,Medium,,71622,49579.78,2021-08-09,Silver,0,0
C70602,Sandra,Kim,sandra.kim242@proton.me,FR,N/A,Verified,Low,769,276204,66907.02,2023-10-24,Standard,0,0
C82355,James,Smith,james.smith523@proton.me,GB,N/A,Pending,Medium,583,126429,13436.4,2023-01-05,Standard,1,0
C12764,Mary,Miller,mary.miller336@icloud.com,AU,N/A,Verified,Critical,650,253080,13737.57,2024-04-02,Gold,0,0
C80088,Donna,Davis,donna.davis805@icloud.com,DE,N/A,Verified,Medium,636,281756,27462.79,2019-08-27,VIP,0,0
C10807,Wei,Harris,wei.harris228@gmail.com,AU,N/A,Rejected,Low,836,278721,26611.16,2020-06-09,VIP,1,0
C92192,Jennifer,Walker,jennifer.walker28@outlook.com,US,TX,Under Review,Medium,769,61678,16830.5,2023-01-08,Gold,0,0
C67283,John,Martinez,john.martinez164@icloud.com,AU,N/A,Pending,Medium,616,278611,68381.97,2022-05-31,Silver,0,0
C28103,Donald,Wilson,donald.wilson882@yahoo.com,AU,N/A,Verified,Medium,583,105875,4800.89,2023-08-20,Platinum,0,1
C99917,Liam,Patel,liam.patel739@fintechmail.io,FR,N/A,Verified,Medium,718,166921,34000.4,2020-02-05,Silver,0,0
C90591,Mateo,Dubois,mateo.dubois269@yahoo.com,AU,N/A,Rejected,Medium,426,256073,931.48,2022-12-15,Platinum,1,0
C11283,Emily,Jackson,emily.jackson475@gmail.com,SG,N/A,Verified,Critical,479,251534,9171.24,2021-12-20,VIP,0,0
C90359,Christopher,Brown,christopher.brown726@proton.me,AU,N/A,Verified,Low,497,299446,6619.51,2023-12-04,VIP,0,0
C57059,Nancy,Sharma,nancy.sharma105@icloud.com,IN,N/A,Verified,Medium,469,305967,10284.49,2022-08-23,Silver,0,0
C55076,Daniel,Moore,daniel.moore683@outlook.com,FR,N/A,Verified,Low,525,78026,47824.58,2022-04-04,Gold,1,0
C22322,Liam,Martinez,liam.martinez156@proton.me,US,PA,Verified,Medium,384,133926,6737.8,2022-10-18,VIP,0,0
C95176,Ashley,Lewis,ashley.lewis199@proton.me,IN,N/A,Verified,Low,436,298724,45303.64,2022-10-30,Platinum,0,0
C51597,Patricia,Williams,patricia.williams375@fintechmail.io,IN,N/A,Verified,Low,460,136682,29444.77,2022-03-02,Standard,0,0
C74142,Sarah,Hernandez,sarah.hernandez280@yahoo.com,AU,N/A,Pending,Low,618,201921,73618.28,2019-07-19,VIP,0,0
C21770,David,Ramirez,david.ramirez862@gmail.com,FR,N/A,Under Review,High,672,27162,26051.3,2021-05-27,Platinum,1,0
C39284,Emma,Young,emma.young639@proton.me,FR,N/A,Under Review,Low,646,146078,6064.48,2023-05-19,Silver,0,0
C36776,Jennifer,Kim,jennifer.kim284@proton.me,SG,N/A,Verified,Medium,793,38875,56750.13,2024-08-16,VIP,0,0
C35599,Anthony,Thompson,anthony.thompson846@yahoo.com,FR,N/A,Verified,Low,,254737,65235.2,2021-11-29,Standard,0,0
C39606,Liam,Gonzalez,liam.gonzalez218@fintechmail.io,US,MI,Verified,High,529,116476,21481.7,2024-02-05,Gold,0,0
C50758,Priya,Tanaka,priya.tanaka238@proton.me,GB,N/A,Rejected,Critical,577,310075,63627.25,2020-05-18,Silver,0,0
C89746,Mateo,Thompson,mateo.thompson374@icloud.com,CA,N/A,Verified,Medium,,311624,26141.32,2019-11-10,Gold,0,0
C92807,Betty,Chen,betty.chen866@outlook.com,DE,N/A,Verified,Medium,846,281802,62645.0,2023-07-15,Standard,1,0
C89298,Mark,Hernandez,mark.hernandez147@yahoo.com,DE,N/A,Verified,Low,723,33867,11270.04,2020-07-09,Gold,0,0
C73526,Linda,Allen,linda.allen801@yahoo.com,CA,N/A,Verified,Medium,794,164023,42696.68,2024-11-27,Standard,0,0
C98832,Patricia,Anderson,patricia.anderson293@fintechmail.io,FR,N/A,Under Review,High,719,195248,19398.21,2022-12-02,Standard,0,0
C28051,Joshua,Walker,joshua.walker735@proton.me,US,VA,Verified,Low,,23294,23037.23,2020-06-18,Standard,0,0
C98797,Joshua,White,joshua.white514@icloud.com,US,AZ,Rejected,Low,589,113400,41925.01,2023-10-25,Silver,0,0
C71737,Richard,Moore,richard.moore721@icloud.com,AU,N/A,Verified,Critical,518,143675,67286.61,2020-01-05,Standard,0,0
C49758,David,Johnson,david.johnson877@outlook.com,US,FL,Verified,Low,,245167,36692.15,2023-05-30,VIP,0,0
C24952,Charles,Brown,charles.brown285@gmail.com,IN,N/A,Rejected,Low,650,298522,55164.51,2019-07-12,VIP,0,0
C84162,Kimberly,Hill,kimberly.hill977@yahoo.com,GB,N/A,Verified,Critical,575,246245,66697.09,2024-09-07,Platinum,0,0
C53821,Robert,Sanchez,robert.sanchez359@icloud.com,GB,N/A,Pending,Medium,722,205424,36622.51,2021-01-29,Silver,1,0
C31745,Sarah,Moore,sarah.moore77@outlook.com,IN,N/A,Verified,Medium,607,262987,22002.99,2022-03-11,Platinum,1,0
C36636,Wei,Davis,wei.davis262@icloud.com,SG,N/A,Under Review,Low,645,144335,25532.74,2022-05-31,Silver,0,0
C93339,Mark,Perez,mark.perez555@fintechmail.io,IN,N/A,Verified,High,,35032,50162.24,2021-10-21,Gold,1,0
C74056,Mateo,Ramirez,mateo.ramirez416@yahoo.com,US,NJ,Rejected,Low,377,236470,68775.89,2024-02-19,VIP,0,0
C20817,Linda,Flores,linda.flores228@icloud.com,CA,N/A,Rejected,Medium,656,25208,70366.84,2021-08-30,Standard,0,0
C81286,John,Tanaka,john.tanaka430@outlook.com,DE,N/A,Verified,Low,701,115142,24790.97,2023-08-16,Platinum,0,0
C27805,Paul,Garcia,paul.garcia807@icloud.com,GB,N/A,Under Review,Medium,839,99650,6903.51,2023-06-24,Standard,0,0
C38407,Donald,Garcia,donald.garcia427@fintechmail.io,IN,N/A,Verified,Medium,566,317627,58213.6,2023-04-22,Standard,0,0
C35329,Liam,Taylor,liam.taylor312@yahoo.com,FR,N/A,Rejected,Low,650,285380,8578.46,2020-09-13,Silver,1,0
C17925,Patricia,Lewis,patricia.lewis992@icloud.com,DE,N/A,Verified,Medium,618,237131,46100.88,2022-03-21,Platinum,0,0
C45711,Lisa,Sharma,lisa.sharma19@outlook.com,IN,N/A,Verified,Critical,646,160797,57183.95,2023-03-03,VIP,1,0
C61935,William,Flores,william.flores546@gmail.com,US,VA,Under Review,Medium,460,164693,1339.32,2022-04-19,VIP,1,0
C15373,Ashley,Rodriguez,ashley.rodriguez331@proton.me,US,TX,Verified,High,688,188505,7572.31,2020-10-04,Platinum,1,0
C86390,Barbara,Rodriguez,barbara.rodriguez20@gmail.com,AU,N/A,Verified,Low,415,207199,69047.15,2021-02-18,VIP,0,0
C35002,Anthony,Lopez,anthony.lopez218@gmail.com,GB,N/A,Verified,Critical,678,297136,65690.72,2024-02-09,Platinum,0,0
C33338,Thomas,Jackson,thomas.jackson799@gmail.com,SG,N/A,Pending,High,654,257410,33585.52,2024-02-18,Standard,1,0
C29589,James,Sanchez,james.sanchez82@gmail.com,GB,N/A,Verified,Low,474,108418,13338.52,2021-06-18,Silver,0,0
C19657,Joseph,Anderson,joseph.anderson898@proton.me,IN,N/A,Rejected,Medium,485,31062,61191.35,2021-05-17,Standard,0,0
C31107,Barbara,Davis,barbara.davis820@outlook.com,CA,N/A,Verified,Low,447,149355,20110.62,2022-09-23,VIP,0,0
C99952,Amara,Lee,amara.lee567@icloud.com,AU,N/A,Pending,Medium,412,77887,13312.59,2024-11-26,Gold,0,0
C81272,Charles,Chen,charles.chen604@gmail.com,GB,N/A,Verified,Medium,494,291239,59816.0,2023-10-23,Standard,0,0
C68658,Priya,Brown,priya.brown961@outlook.com,FR,N/A,Rejected,Medium,689,117855,57760.93,2023-07-30,Gold,0,0
C23767,Betty,Lewis,betty.lewis365@fintechmail.io,US,GA,Verified,Medium,502,99475,63519.44,2022-11-17,Silver,0,0
C48938,Lisa,Young,lisa.young683@outlook.com,DE,N/A,Verified,Medium,734,201705,44662.9,2023-11-16,Silver,1,0
C18206,Nancy,Taylor,nancy.taylor720@outlook.com,IN,N/A,Verified,Medium,778,252729,10089.79,2019-09-21,Standard,0,0
C25702,Margaret,Jones,margaret.jones50@gmail.com,FR,N/A,Verified,Low,414,119075,3510.47,2022-09-05,Platinum,0,0
C96437,Donna,Dubois,donna.dubois932@outlook.com,US,VA,Rejected,Low,541,144591,67462.9,2021-05-10,Standard,0,0
C25696,Elizabeth,Garcia,elizabeth.garcia913@yahoo.com,FR,N/A,Rejected,Medium,542,133468,31896.35,2022-02-05,Gold,1,0
C40363,Elizabeth,Jones,elizabeth.jones848@yahoo.com,US,GA,Verified,Low,846,287187,72527.64,2023-08-19,Silver,0,0
C25586,Lisa,Torres,lisa.torres949@outlook.com,US,AZ,Verified,Low,702,90738,44057.12,2019-12-23,Gold,0,0
C77879,Yuki,Perez,yuki.perez64@gmail.com,AU,N/A,Rejected,Critical,812,177756,44399.12,2024-08-11,Standard,0,0
C66392,Andrew,Tanaka,andrew.tanaka452@fintechmail.io,SG,N/A,Verified,Low,585,249843,72392.97,2022-09-30,Standard,0,0
C80508,Lisa,Patel,lisa.patel81@outlook.com,FR,N/A,Verified,Low,557,166583,26862.34,2021-02-06,Standard,0,0
C29852,Steven,Martinez,steven.martinez591@gmail.com,AU,N/A,Verified,Low,372,44222,27806.97,2020-09-29,Gold,1,0
C73120,Ashley,Martinez,ashley.martinez734@fintechmail.io,AU,N/A,Rejected,Low,359,136607,46305.55,2023-04-01,Gold,0,0
C46877,Charles,Dubois,charles.dubois113@gmail.com,GB,N/A,Verified,Medium,,29112,504.66,2024-11-02,VIP,1,0
C82911,Karen,Dubois,karen.dubois302@icloud.com,CA,N/A,Verified,Low,369,188496,4970.77,2019-09-18,Standard,1,0
C74074,Paul,Silva,paul.silva804@icloud.com,US,VA,Rejected,Low,808,72379,59770.97,2021-07-01,VIP,0,0
C54247,Betty,Young,betty.young535@proton.me,CA,N/A,Pending,Medium,809,132641,16852.57,2024-11-02,VIP,1,0
C66468,Steven,Silva,steven.silva48@fintechmail.io,AU,N/A,Verified,High,847,273568,24404.98,2021-01-09,VIP,0,0
C99041,Andrew,Flores,andrew.flores926@gmail.com,US,MA,Verified,Medium,445,149044,21569.2,2024-07-09,VIP,0,0
C50146,Elizabeth,Tanaka,elizabeth.tanaka224@fintechmail.io,SG,N/A,Verified,Medium,538,79536,69748.38,2024-08-10,Platinum,1,0
C89263,Kimberly,Harris,kimberly.harris687@fintechmail.io,DE,N/A,Verified,Low,791,154889,15085.51,2024-11-10,Silver,0,0
C12886,Mark,Lee,mark.lee330@gmail.com,US,FL,Under Review,Medium,548,190589,58810.94,2024-09-13,Platinum,1,0
C70351,Lisa,Kim,lisa.kim746@proton.me,IN,N/A,Verified,Low,429,26068,17242.52,2021-09-21,Standard,0,0
C57044,Kimberly,Muller,kimberly.muller423@icloud.com,AU,N/A,Rejected,Medium,557,75003,13643.93,2022-01-18,Standard,0,0
C32521,Barbara,Harris,barbara.harris110@yahoo.com,US,FL,Under Review,High,438,218054,51286.97,2021-06-17,VIP,0,0
C28057,Joseph,Rossi,joseph.rossi950@outlook.com,DE,N/A,Verified,Critical,507,102097,38772.02,2024-03-21,Gold,0,0
C82422,Daniel,Gonzalez,daniel.gonzalez142@icloud.com,AU,N/A,Verified,High,684,259445,66477.7,2023-11-25,Gold,0,0
C95076,Betty,Muller,betty.muller357@proton.me,US,AZ,Rejected,Medium,489,205437,30803.97,2024-03-02,VIP,1,0
C65852,Elizabeth,Davis,elizabeth.davis445@outlook.com,AU,N/A,Verified,Low,501,303132,45282.59,2024-03-26,Platinum,0,0
C20775,Jennifer,Rossi,jennifer.rossi457@yahoo.com,SG,N/A,Verified,Critical,562,56028,22086.9,2023-10-01,Standard,0,0
C89563,Emma,White,emma.white613@outlook.com,FR,N/A,Rejected,Critical,373,180205,44749.54,2023-09-09,Standard,0,0
C90523,Donald,Davis,donald.davis322@proton.me,GB,N/A,Verified,Low,634,163280,19004.33,2021-04-08,Platinum,0,0
C98621,Steven,Williams,steven.williams502@fintechmail.io,IN,N/A,Pending,High,816,93337,29066.05,2024-03-21,Platinum,0,0
C80442,Margaret,Perez,margaret.perez101@icloud.com,US,IL,Verified,Low,816,311562,58141.49,2020-08-06,VIP,0,0
C53519,Thomas,Anderson,thomas.anderson550@fintechmail.io,US,OH,Verified,Medium,491,303776,71171.89,2021-04-25,VIP,0,0
C92159,Mary,Brown,mary.brown781@icloud.com,AU,N/A,Verified,Low,425,174396,19851.87,2023-09-25,Platinum,1,0
C85888,Karen,Hill,karen.hill252@proton.me,US,GA,Pending,Low,350,238829,3349.18,2020-07-01,Gold,0,0
C84309,Nancy,Rodriguez,nancy.rodriguez214@yahoo.com,IN,N/A,Rejected,Low,364,176526,34022.39,2021-01-24,VIP,0,0
C67561,Mark,Torres,mark.torres445@yahoo.com,FR,N/A,Verified,Low,805,252992,43239.83,2021-05-17,Gold,1,0
C79903,Michelle,Rossi,michelle.rossi972@yahoo.com,GB,N/A,Pending,Medium,837,72397,15134.36,2021-06-12,Standard,0,0
C24578,Donald,Sanchez,donald.sanchez576@proton.me,DE,N/A,Verified,Medium,703,163279,24707.89,2019-12-20,Silver,0,0
C59049,Donald,Martin,donald.martin933@outlook.com,FR,N/A,Under Review,High,580,35921,5981.04,2023-04-25,Standard,0,0
C18914,Thomas,Miller,thomas.miller144@yahoo.com,SG,N/A,Pending,Low,,178316,10275.57,2023-10-30,Standard,0,0
C43656,Sarah,Anderson,sarah.anderson782@fintechmail.io,US,AZ,Verified,Low,610,35601,46235.39,2021-01-24,Silver,0,0
C14676,David,Moore,david.moore806@outlook.com,SG,N/A,Verified,Medium,437,295210,89.96,2022-11-02,VIP,1,0
C73852,Karen,Harris,karen.harris426@outlook.com,CA,N/A,Verified,Low,802,304812,14076.96,2020-04-10,VIP,0,0
C93113,Anthony,Smith,anthony.smith896@icloud.com,FR,N/A,Verified,Medium,367,270098,61962.57,2022-05-31,Standard,0,0
C68319,Daniel,Jones,daniel.jones740@fintechmail.io,DE,N/A,Pending,Low,454,245293,56900.43,2021-10-06,Platinum,0,0
C43037,Joseph,Harris,joseph.harris561@yahoo.com,US,FL,Pending,High,618,156873,55919.12,2023-06-19,Platinum,0,0
C16562,David,Walker,david.walker964@outlook.com,US,FL,Verified,Low,535,294501,12521.12,2022-06-06,Silver,0,0
C60672,Richard,Brown,richard.brown443@icloud.com,DE,N/A,Rejected,Critical,715,132012,60026.61,2023-08-20,Gold,0,0
C78485,Michael,Jones,michael.jones517@yahoo.com,GB,N/A,Rejected,Medium,840,49605,53771.8,2019-09-20,VIP,0,0
C75375,Sofia,Wright,sofia.wright292@yahoo.com,US,NY,Verified,High,723,315391,41895.28,2020-06-16,Standard,0,0
C47626,Richard,Scott,richard.scott757@icloud.com,CA,N/A,Verified,Medium,488,47104,43854.0,2022-03-28,Gold,0,0
C96627,Kimberly,Lopez,kimberly.lopez96@yahoo.com,AU,N/A,Rejected,Medium,390,46075,63948.95,2019-12-15,VIP,0,0
C22541,Susan,Robinson,susan.robinson472@yahoo.com,CA,N/A,Under Review,Low,423,190822,28778.62,2024-09-11,Standard,1,0
C67438,Mary,Moore,mary.moore429@proton.me,US,AZ,Verified,High,729,86502,59020.95,2023-09-01,VIP,0,0
C20177,John,Thomas,john.thomas624@proton.me,GB,N/A,Pending,Low,651,222279,62671.7,2020-06-26,Platinum,0,0
C14822,Anthony,Torres,anthony.torres571@gmail.com,AU,N/A,Verified,Medium,760,26246,31061.59,2021-11-03,Platinum,1,0
C79721,Karen,Lewis,karen.lewis862@fintechmail.io,DE,N/A,Verified,High,579,28554,66376.54,2020-05-27,VIP,0,0
C37430,Patricia,Anderson,patricia.anderson398@gmail.com,AU,N/A,Verified,Medium,703,41664,33145.18,2020-05-26,Platinum,0,0
C57902,Anthony,Sanchez,anthony.sanchez909@fintechmail.io,AU,N/A,Verified,High,508,25385,32520.64,2021-03-05,Platinum,0,0
C70779,David,Anderson,david.anderson513@proton.me,SG,N/A,Under Review,High,477,250877,31500.72,2024-11-06,VIP,1,0
C43193,Patricia,Young,patricia.young317@icloud.com,GB,N/A,Verified,Medium,771,52233,68035.82,2022-04-12,VIP,1,0
C10333,Emma,Tanaka,emma.tanaka341@proton.me,SG,N/A,Rejected,Medium,662,317407,59507.34,2020-07-23,VIP,0,0
C29267,Paul,Chen,paul.chen603@yahoo.com,AU,N/A,Rejected,Critical,439,168459,46480.3,2024-07-27,Gold,0,0
C62461,Nancy,Hill,nancy.hill829@gmail.com,AU,N/A,Verified,High,825,317153,59295.73,2022-07-28,Gold,0,0
C25179,Betty,Sanchez,betty.sanchez912@outlook.com,GB,N/A,Under Review,Medium,799,74604,36414.29,2021-06-17,Platinum,1,0
C68069,Andrew,Kim,andrew.kim774@yahoo.com,US,WA,Rejected,High,848,201701,52104.38,2022-03-26,Platinum,0,0
C39030,Karen,Taylor,karen.taylor546@yahoo.com,US,AZ,Pending,Critical,429,26362,54053.56,2024-10-26,Silver,1,0
C45085,Aarav,Brown,aarav.brown368@yahoo.com,SG,N/A,Verified,Low,443,34168,41900.3,2024-10-22,VIP,1,0
C42995,William,Perez,william.perez275@fintechmail.io,US,NY,Verified,Medium,463,209153,67843.9,2023-06-15,Silver,0,0
C15807,Donna,Clark,donna.clark181@outlook.com,FR,N/A,Rejected,Medium,619,138283,40010.86,2021-02-26,VIP,0,0
C39641,Priya,Lopez,priya.lopez83@outlook.com,GB,N/A,Verified,Low,408,38459,54008.49,2020-03-21,Gold,0,0
C21178,Emma,Hill,emma.hill697@fintechmail.io,US,MI,Verified,Critical,793,43996,15272.75,2023-08-06,Standard,0,0
C20597,Mary,Williams,mary.williams345@outlook.com,DE,N/A,Verified,Medium,542,112678,57561.37,2023-11-03,VIP,0,0
C27327,Elizabeth,Silva,elizabeth.silva347@yahoo.com,SG,N/A,Verified,Low,695,25502,3749.62,2023-04-13,VIP,1,0
C20694,Sarah,Robinson,sarah.robinson864@gmail.com,US,NY,Under Review,Medium,464,301697,53799.04,2024-06-30,Platinum,0,0
C55584,Ashley,Thompson,ashley.thompson838@gmail.com,DE,N/A,Verified,Medium,473,128180,55936.32,2022-03-01,Gold,0,1
C42027,Sandra,Muller,sandra.muller843@fintechmail.io,US,NC,Verified,Medium,663,301108,57801.37,2022-08-10,Standard,0,0
C53379,Kimberly,Jackson,kimberly.jackson373@icloud.com,DE,N/A,Rejected,Critical,470,261683,21043.81,2020-05-20,Standard,1,0
C90492,Paul,Rossi,paul.rossi573@fintechmail.io,DE,N/A,Verified,Medium,675,69877,57847.01,2023-05-04,VIP,1,0
C55160,Kimberly,Taylor,kimberly.taylor92@fintechmail.io,FR,N/A,Verified,High,740,106193,70107.59,2023-12-18,Silver,1,0
C82578,Betty,Johnson,betty.johnson535@yahoo.com,DE,N/A,Under Review,Medium,756,145875,15624.33,2019-09-18,VIP,0,0
C71205,Matthew,Gonzalez,matthew.gonzalez342@fintechmail.io,US,CA,Verified,Medium,833,63641,19176.71,2024-07-24,Platinum,0,0
C43617,Karen,Williams,karen.williams760@yahoo.com,US,PA,Pending,Low,616,28611,32276.67,2020-12-30,Standard,0,0
C19098,Daniel,Davis,daniel.davis413@yahoo.com,AU,N/A,Rejected,Low,673,276725,47149.77,2019-10-06,Platinum,0,0
C76840,Susan,Flores,susan.flores895@fintechmail.io,SG,N/A,Verified,Low,,303090,19784.37,2024-09-24,Standard,0,0
C32131,Wei,Wright,wei.wright98@yahoo.com,US,NC,Verified,High,648,226102,52317.36,2021-07-23,Standard,1,0
C90738,Emily,Nguyen,emily.nguyen649@icloud.com,IN,N/A,Verified,Critical,472,181547,23604.28,2021-01-14,Silver,0,0
C79917,Nancy,Robinson,nancy.robinson188@gmail.com,IN,N/A,Pending,Medium,594,149004,59814.19,2021-06-30,Silver,0,0
C54154,Mark,Rodriguez,mark.rodriguez231@proton.me,AU,N/A,Under Review,Critical,,111310,55331.61,2024-07-25,VIP,0,0
C64229,Priya,Kim,priya.kim968@yahoo.com,US,TX,Verified,Medium,439,34261,7407.75,2023-11-12,Standard,0,0
C62454,Robert,Gonzalez,robert.gonzalez81@proton.me,CA,N/A,Verified,Medium,412,31828,69493.56,2023-10-27,Silver,0,0
C29204,Emily,Jones,emily.jones878@proton.me,AU,N/A,Verified,Medium,406,230553,29220.22,2023-08-13,Gold,0,0
C19429,Elizabeth,Allen,elizabeth.allen247@proton.me,US,VA,Verified,Medium,527,61080,62855.33,2023-08-18,VIP,0,0
C56555,Ashley,Lewis,ashley.lewis653@icloud.com,GB,N/A,Verified,Critical,720,104507,67540.05,2023-12-24,Gold,0,0
C16179,Andrew,Allen,andrew.allen132@proton.me,IN,N/A,Verified,Critical,789,152815,73894.42,2021-01-11,Gold,0,0
C85801,Sandra,Hernandez,sandra.hernandez711@icloud.com,IN,N/A,Pending,Medium,419,174934,55668.62,2020-06-08,VIP,1,0
C33127,Patricia,Williams,patricia.williams783@yahoo.com,CA,N/A,Verified,Low,728,176368,65465.97,2023-03-31,Platinum,0,0
C61508,Wei,Garcia,wei.garcia535@gmail.com,US,IL,Rejected,Low,633,46208,21000.26,2023-07-01,Gold,0,0
C71823,Christopher,Martinez,christopher.martinez519@outlook.com,AU,N/A,Rejected,Low,356,109031,21895.79,2024-06-12,VIP,0,0
C19107,Emma,Walker,emma.walker797@outlook.com,SG,N/A,Verified,Medium,577,96152,27021.69,2022-10-06,Platinum,1,0
C13775,Richard,Muller,richard.muller309@outlook.com,SG,N/A,Pending,High,682,136699,28025.15,2021-08-29,Gold,0,0
C47249,Emma,Gonzalez,emma.gonzalez439@outlook.com,FR,N/A,Rejected,Low,350,162156,57657.66,2023-08-21,Platinum,1,0
C50799,Sofia,King,sofia.king831@icloud.com,AU,N/A,Pending,Low,429,80156,7180.32,2021-04-26,VIP,0,0
C82194,Wei,Scott,wei.scott853@fintechmail.io,SG,N/A,Under Review,Medium,633,205877,40592.04,2024-10-27,Standard,1,1
C55073,Karen,Lopez,karen.lopez948@proton.me,DE,N/A,Pending,Low,504,285907,45618.34,2021-02-22,VIP,1,0
C85532,Daniel,Miller,daniel.miller940@proton.me,IN,N/A,Verified,Medium,479,203146,30384.98,2019-12-07,Gold,1,0
C98013,Jessica,Gonzalez,jessica.gonzalez404@proton.me,GB,N/A,Pending,High,552,245559,50649.98,2024-02-05,Gold,0,0
C95766,Sandra,Dubois,sandra.dubois674@proton.me,FR,N/A,Rejected,Low,803,198456,41047.73,2023-08-27,Platinum,0,0
C96758,Paul,Moore,paul.moore628@icloud.com,US,CA,Verified,Medium,540,155149,10346.72,2019-09-22,Standard,0,0
C48372,Robert,Wright,robert.wright148@fintechmail.io,FR,N/A,Pending,Low,469,61938,23095.08,2020-09-20,VIP,0,0
C30565,Jessica,Kim,jessica.kim56@icloud.com,US,VA,Verified,Low,734,122134,31123.89,2019-08-09,Platinum,1,0
C34442,Aarav,Perez,aarav.perez389@fintechmail.io,US,VA,Verified,High,744,209246,46187.82,2023-05-18,Platinum,1,0
C32210,Robert,Tanaka,robert.tanaka337@proton.me,GB,N/A,Pending,Low,564,246650,59365.48,2021-02-10,Platinum,0,0
C55004,Nancy,Scott,nancy.scott552@fintechmail.io,US,GA,Verified,Low,455,209267,64439.69,2024-01-23,VIP,1,0
C71096,James,Taylor,james.taylor306@gmail.com,IN,N/A,Pending,Low,581,27825,43386.87,2024-05-17,VIP,0,0
C26715,William,Patel,william.patel327@outlook.com,IN,N/A,Verified,Medium,514,90802,69019.51,2023-09-27,Gold,0,0
C38143,Barbara,Robinson,barbara.robinson808@fintechmail.io,DE,N/A,Verified,High,507,100514,26584.13,2023-07-27,VIP,0,0
C27018,Daniel,Anderson,daniel.anderson658@outlook.com,SG,N/A,Pending,Low,709,123320,12514.22,2021-01-07,Standard,0,0
C86562,Charles,Tanaka,charles.tanaka948@outlook.com,AU,N/A,Verified,Critical,625,171904,7427.72,2023-06-30,Platinum,1,0
C10204,Nancy,Sanchez,nancy.sanchez159@fintechmail.io,US,NJ,Under Review,Low,765,176476,29899.81,2024-02-26,Standard,0,0
C66558,Karen,Smith,karen.smith418@outlook.com,IN,N/A,Verified,Medium,545,227483,41235.5,2020-11-16,Gold,0,0
C80555,Thomas,Jackson,thomas.jackson943@gmail.com,CA,N/A,Pending,Critical,642,54965,23744.77,2020-11-18,Silver,1,0
C20682,Betty,Lee,betty.lee737@gmail.com,DE,N/A,Verified,Medium,602,245322,26879.4,2022-04-29,Standard,1,0
C93602,Andrew,Lopez,andrew.lopez315@proton.me,FR,N/A,Pending,Low,711,62714,3746.99,2023-07-02,Silver,0,0
C13318,Richard,Moore,richard.moore479@fintechmail.io,GB,N/A,Pending,Medium,420,316726,54330.78,2022-04-17,Standard,0,0
C78441,Liam,Lopez,liam.lopez671@proton.me,CA,N/A,Verified,High,456,117081,26010.69,2022-07-23,VIP,0,0
C49364,Sofia,Rossi,sofia.rossi311@outlook.com,US,FL,Verified,High,508,184519,67607.25,2022-03-09,Gold,0,0
C44800,Emma,Garcia,emma.garcia77@yahoo.com,CA,N/A,Verified,Medium,778,302736,6052.36,2023-11-23,VIP,0,0
C36238,Jessica,Johnson,jessica.johnson436@gmail.com,AU,N/A,Under Review,Low,425,85629,2726.36,2023-02-28,VIP,0,0
C92464,Andrew,Torres,andrew.torres498@fintechmail.io,FR,N/A,Rejected,Medium,798,307490,11942.01,2022-08-25,Gold,1,0
C91360,Yuki,Silva,yuki.silva918@gmail.com,SG,N/A,Verified,High,748,75958,4468.55,2020-10-10,Gold,1,0
C77807,Donald,Patel,donald.patel584@fintechmail.io,SG,N/A,Verified,Low,423,174243,69356.31,2022-06-30,VIP,1,0
C42228,Ashley,Ramirez,ashley.ramirez135@outlook.com,US,OH,Verified,Medium,,67183,27749.57,2021-04-01,Platinum,0,0
C61429,Margaret,Wilson,margaret.wilson945@yahoo.com,DE,N/A,Verified,High,805,143567,22869.68,2024-04-13,Platinum,0,0
C41906,Margaret,Clark,margaret.clark951@outlook.com,US,NC,Rejected,High,728,185854,58339.24,2021-01-17,Gold,0,0
C72764,Thomas,Jackson,thomas.jackson500@proton.me,FR,N/A,Verified,High,482,89110,61819.33,2024-11-24,Gold,0,0
C40940,Mateo,Thomas,mateo.thomas632@fintechmail.io,US,AZ,Verified,Critical,452,155406,58744.33,2023-03-25,Gold,0,0
C39482,David,Anderson,david.anderson28@fintechmail.io,AU,N/A,Pending,Medium,426,268725,61055.55,2023-08-31,Standard,0,0
C94775,Barbara,Torres,barbara.torres485@yahoo.com,DE,N/A,Under Review,Low,776,227108,24287.12,2022-10-21,Standard,0,0
C25933,John,Davis,john.davis906@icloud.com,SG,N/A,Under Review,Critical,817,309961,62297.97,2024-05-15,Silver,1,0
C74564,Jessica,Smith,jessica.smith562@outlook.com,IN,N/A,Pending,Critical,540,95004,20359.03,2021-07-24,Standard,0,0
C55700,David,Kim,david.kim671@fintechmail.io,IN,N/A,Rejected,Medium,396,212561,57746.76,2022-10-04,VIP,0,0
C46728,Liam,Robinson,liam.robinson25@fintechmail.io,IN,N/A,Rejected,Medium,439,236112,35280.32,2021-01-30,Silver,0,0
C75832,Ashley,Ramirez,ashley.ramirez906@icloud.com,AU,N/A,Pending,Critical,603,74214,28392.94,2020-05-04,Gold,1,0
C91265,Charles,White,charles.white665@icloud.com,US,FL,Verified,High,385,31266,2831.34,2023-04-07,Platinum,0,0
C99561,Emily,Perez,emily.perez43@proton.me,US,NC,Under Review,Critical,635,262507,26694.58,2024-05-31,Gold,0,0
C56786,Mark,Torres,mark.torres186@gmail.com,GB,N/A,Under Review,Low,574,118995,29854.92,2020-01-22,VIP,0,0
C19840,Lisa,Sharma,lisa.sharma889@outlook.com,CA,N/A,Verified,High,789,207313,5680.05,2022-10-19,Platinum,0,0
C88118,Jennifer,Garcia,jennifer.garcia660@icloud.com,US,NY,Rejected,Medium,,293678,59745.54,2019-11-09,Silver,0,0
C59285,Andrew,Flores,andrew.flores994@icloud.com,CA,N/A,Verified,Low,394,225532,51602.97,2022-04-30,Platinum,0,0
C42974,Joshua,Wright,joshua.wright449@icloud.com,AU,N/A,Verified,High,563,276072,32937.85,2024-11-13,Standard,0,0
C23372,Margaret,Sanchez,margaret.sanchez444@icloud.com,DE,N/A,Verified,Low,699,318356,62457.86,2022-04-22,VIP,1,0
C24092,Joshua,Allen,joshua.allen475@fintechmail.io,US,TX,Pending,Medium,593,244176,20439.41,2021-06-23,VIP,1,0
C98535,Kimberly,Wright,kimberly.wright548@icloud.com,SG,N/A,Under Review,Critical,787,123398,29168.06,2024-10-17,Silver,0,0
C53300,Susan,Rossi,susan.rossi314@icloud.com,US,FL,Verified,High,618,22045,32869.42,2021-10-24,VIP,0,0
C28456,John,Martinez,john.martinez176@icloud.com,DE,N/A,Verified,High,581,137202,69613.11,2019-12-26,Gold,0,1
C26584,Wei,Flores,wei.flores537@proton.me,US,TX,Pending,Low,552,223096,62475.06,2023-07-11,Platinum,1,0
C59176,Jessica,Dubois,jessica.dubois822@yahoo.com,US,NY,Verified,High,459,92325,57335.64,2024-08-08,Platinum,0,0
C38188,Joshua,Sanchez,joshua.sanchez781@proton.me,DE,N/A,Verified,Medium,515,82005,46428.31,2020-09-29,Platinum,0,0
C62086,Margaret,Brown,margaret.brown268@fintechmail.io,FR,N/A,Verified,Medium,812,168853,58088.49,2024-07-05,Gold,0,0
C71291,Barbara,Allen,barbara.allen547@fintechmail.io,US,VA,Rejected,High,713,222988,37596.03,2024-01-07,Gold,1,0
C23235,Amara,Hernandez,amara.hernandez25@proton.me,CA,N/A,Verified,Medium,640,124389,44249.56,2024-04-13,Standard,0,0
C39050,Jennifer,Wilson,jennifer.wilson646@fintechmail.io,SG,N/A,Pending,Critical,488,283451,48121.09,2022-03-10,Silver,0,0
C81602,Barbara,Sanchez,barbara.sanchez259@outlook.com,IN,N/A,Rejected,High,610,104537,17077.01,2019-09-09,VIP,0,0
C54686,Betty,Hill,betty.hill148@icloud.com,AU,N/A,Verified,Medium,522,285110,701.23,2023-04-25,VIP,1,0
C12289,Betty,Smith,betty.smith970@gmail.com,DE,N/A,Verified,Low,678,171515,66639.62,2020-03-22,Standard,1,0
C54499,William,Anderson,william.anderson648@gmail.com,US,FL,Rejected,Medium,434,273460,43335.94,2021-08-28,VIP,1,0
C97205,Michael,Thompson,michael.thompson671@icloud.com,AU,N/A,Verified,Medium,748,263199,64395.83,2020-07-10,Silver,0,0
C70235,Emma,Garcia,emma.garcia698@outlook.com,CA,N/A,Verified,Low,737,109869,25164.67,2019-11-01,Gold,0,0
C48079,Michelle,Silva,michelle.silva440@fintechmail.io,FR,N/A,Under Review,High,439,235526,29711.01,2023-09-19,Standard,0,0
C28490,Jennifer,Ramirez,jennifer.ramirez513@yahoo.com,GB,N/A,Verified,Critical,624,71647,26409.62,2024-01-01,Standard,0,0
C75822,Mark,Taylor,mark.taylor521@yahoo.com,FR,N/A,Verified,Low,598,32213,23508.23,2023-05-27,VIP,0,0
C56724,Paul,Miller,paul.miller119@proton.me,US,TX,Verified,Medium,350,81598,66205.84,2022-11-13,Silver,0,0
C42600,Sandra,Scott,sandra.scott468@icloud.com,GB,N/A,Verified,High,425,157514,11944.8,2023-05-26,VIP,0,0
C89607,Charles,Wilson,charles.wilson571@icloud.com,SG,N/A,Rejected,High,633,94841,25713.87,2019-12-22,Platinum,0,0
C79013,John,Williams,john.williams401@fintechmail.io,FR,N/A,Verified,Low,630,148071,55032.94,2022-04-18,VIP,0,0
C54459,Linda,Sharma,linda.sharma448@yahoo.com,AU,N/A,Verified,Medium,434,266025,25257.5,2022-02-20,Platinum,0,0
C64358,Patricia,Rossi,patricia.rossi271@fintechmail.io,GB,N/A,Verified,Low,625,109209,21593.49,2022-08-09,Silver,1,0
C67487,Sofia,Silva,sofia.silva276@fintechmail.io,IN,N/A,Verified,High,393,292048,2333.85,2021-12-09,Platinum,0,0
C58822,Christopher,Martin,christopher.martin356@outlook.com,US,NJ,Verified,Medium,515,187349,16628.4,2021-12-09,Platinum,0,0
C71364,Joshua,Brown,joshua.brown671@gmail.com,GB,N/A,Pending,High,434,215485,61305.94,2024-11-30,Silver,0,0
C25494,Joshua,Thomas,joshua.thomas873@yahoo.com,AU,N/A,Verified,Critical,554,70829,72750.45,2024-04-10,Silver,1,0
C32336,Betty,White,betty.white849@fintechmail.io,AU,N/A,Rejected,Critical,434,39729,46029.43,2023-03-22,Gold,0,0
C47178,Charles,Nguyen,charles.nguyen52@outlook.com,US,TX,Verified,Medium,618,241149,1273.67,2022-02-19,Gold,0,0
C11021,Mary,Gonzalez,mary.gonzalez240@yahoo.com,GB,N/A,Under Review,Low,480,166819,30809.45,2024-11-24,Standard,1,0
C66114,Elizabeth,Moore,elizabeth.moore352@outlook.com,US,CA,Pending,Low,741,204618,55153.91,2024-08-21,Gold,0,0
C37071,Margaret,Martinez,margaret.martinez219@proton.me,US,IL,Verified,Low,733,153965,63847.49,2020-02-25,Silver,0,0
C58226,Christopher,Kim,christopher.kim953@gmail.com,US,MA,Verified,High,779,124762,1612.32,2024-08-26,VIP,1,0
C74331,Thomas,Patel,thomas.patel647@gmail.com,GB,N/A,Verified,Critical,353,308114,53065.31,2022-11-12,Platinum,0,0
C41519,James,Lopez,james.lopez317@icloud.com,CA,N/A,Under Review,Low,602,278950,48209.42,2024-04-16,Silver,0,0
C13568,James,Jackson,james.jackson776@fintechmail.io,DE,N/A,Verified,Critical,813,100895,60930.49,2023-05-27,VIP,0,0
C49837,Sandra,Taylor,sandra.taylor223@yahoo.com,GB,N/A,Verified,Medium,,233380,13078.71,2020-01-26,Platinum,0,0
C24450,Steven,Martin,steven.martin477@gmail.com,DE,N/A,Rejected,Medium,358,47782,42327.32,2024-11-19,VIP,0,0
C10393,Emma,Nguyen,emma.nguyen318@proton.me,AU,N/A,Rejected,High,787,110605,27609.9,2020-02-01,Standard,0,0
C85971,Lisa,Martin,lisa.martin317@outlook.com,GB,N/A,Rejected,Medium,692,61181,44318.09,2019-09-19,Standard,0,0
C43079,Emily,Brown,emily.brown61@gmail.com,AU,N/A,Verified,Medium,643,265832,3633.5,2023-04-30,Standard,0,0
C50442,John,Thompson,john.thompson218@gmail.com,CA,N/A,Under Review,Low,781,252040,40668.13,2020-02-15,Silver,1,0
C67355,Carlos,Garcia,carlos.garcia211@yahoo.com,DE,N/A,Rejected,Low,,56509,34197.29,2023-04-19,VIP,1,0
C72577,Elizabeth,Sharma,elizabeth.sharma794@icloud.com,CA,N/A,Verified,Critical,503,242422,69123.23,2021-09-29,Standard,0,0
C38599,Joshua,Flores,joshua.flores354@proton.me,SG,N/A,Pending,Critical,574,270907,70851.32,2022-04-03,Platinum,0,0
C31182,Carlos,Chen,carlos.chen878@yahoo.com,IN,N/A,Under Review,Low,705,227209,2797.43,2022-11-15,Gold,0,0
C36530,Aarav,Chen,aarav.chen596@gmail.com,SG,N/A,Rejected,Low,590,54233,22685.08,2021-12-30,Platinum,0,0
C88089,Richard,Anderson,richard.anderson41@yahoo.com,FR,N/A,Under Review,Low,696,281168,29519.89,2022-08-14,Silver,0,0
C94687,Richard,Silva,richard.silva290@gmail.com,FR,N/A,Verified,Medium,596,315788,35807.49,2020-01-22,Silver,1,0
C78823,Richard,Harris,richard.harris429@gmail.com,US,AZ,Verified,High,643,287453,18620.82,2022-12-29,Standard,1,0
C78452,Carlos,Martin,carlos.martin859@gmail.com,US,PA,Pending,Critical,,98083,54274.9,2023-04-11,VIP,1,0
C61493,Emily,Lewis,emily.lewis635@fintechmail.io,SG,N/A,Pending,Medium,625,179348,37750.48,2022-07-14,VIP,0,0
C11170,Wei,Miller,wei.miller727@outlook.com,CA,N/A,Verified,Critical,665,165239,19049.71,2021-03-02,Silver,1,0
C21588,Mary,White,mary.white336@icloud.com,SG,N/A,Under Review,High,432,86645,72650.84,2021-07-20,Silver,0,0
C90613,Margaret,Jones,margaret.jones633@icloud.com,IN,N/A,Verified,Critical,683,255687,64379.25,2021-02-26,Gold,0,0
C41371,Sofia,Dubois,sofia.dubois913@gmail.com,DE,N/A,Verified,Medium,383,175654,69674.87,2021-05-26,VIP,1,0
C51514,Mateo,Walker,mateo.walker307@fintechmail.io,IN,N/A,Verified,Medium,817,132705,52396.75,2021-11-21,Gold,0,0
C31300,James,Gonzalez,james.gonzalez799@outlook.com,US,FL,Rejected,High,828,90715,27549.16,2024-02-22,VIP,1,0
C55070,Emily,Perez,emily.perez803@gmail.com,US,NC,Verified,Low,586,209095,35037.02,2020-07-02,Gold,0,0
C34653,Emily,Harris,emily.harris714@icloud.com,GB,N/A,Rejected,Low,638,246919,33770.5,2020-02-27,Platinum,0,0
C88211,Emma,Rodriguez,emma.rodriguez48@gmail.com,CA,N/A,Rejected,Low,377,109709,63620.69,2023-03-27,Gold,0,0
C84119,Michelle,Flores,michelle.flores887@yahoo.com,IN,N/A,Verified,Medium,790,59302,56515.25,2022-07-11,VIP,0,0
C54626,Aarav,Lopez,aarav.lopez295@proton.me,CA,N/A,Verified,Critical,520,151191,13958.37,2024-04-16,VIP,1,0
C64186,Sofia,Muller,sofia.muller965@fintechmail.io,US,OH,Pending,High,503,302583,66273.06,2023-10-07,Silver,1,0
C38833,Michael,White,michael.white323@fintechmail.io,IN,N/A,Under Review,Low,499,301316,16729.28,2024-07-12,Silver,0,0
C36937,Linda,Lewis,linda.lewis949@yahoo.com,SG,N/A,Verified,Critical,369,155354,1757.13,2024-08-05,Standard,0,0
C87442,Margaret,Walker,margaret.walker238@gmail.com,AU,N/A,Verified,Low,590,77821,39081.35,2022-10-27,VIP,0,0
C61656,Aarav,Tanaka,aarav.tanaka904@outlook.com,US,NJ,Verified,High,745,139161,49321.62,2019-11-08,VIP,1,0
C17511,Mark,Robinson,mark.robinson964@outlook.com,SG,N/A,Verified,Low,696,283373,68057.69,2020-08-13,Gold,0,0
C90497,Patricia,Walker,patricia.walker506@icloud.com,AU,N/A,Under Review,Medium,576,286347,8357.25,2022-08-14,Gold,1,0
C25668,Margaret,Lewis,margaret.lewis457@proton.me,US,TX,Under Review,High,775,82344,45150.38,2022-10-30,Gold,0,0
C97920,Priya,Allen,priya.allen364@proton.me,IN,N/A,Pending,Low,843,291954,73912.64,2023-02-15,Platinum,0,0
C44906,Kimberly,Thompson,kimberly.thompson838@icloud.com,US,GA,Verified,Low,686,299042,47023.01,2019-12-23,Platinum,1,0
C29960,Joshua,Martinez,joshua.martinez19@yahoo.com,FR,N/A,Under Review,Medium,823,209426,34528.11,2021-04-29,Gold,0,0
C40918,Anthony,Garcia,anthony.garcia550@proton.me,US,FL,Pending,Medium,420,185090,19065.0,2020-12-02,Gold,1,0
C42497,Sofia,Chen,sofia.chen350@yahoo.com,DE,N/A,Rejected,Low,370,58374,74277.9,2023-03-12,Standard,1,0
C96415,Andrew,Garcia,andrew.garcia186@icloud.com,US,AZ,Verified,Critical,423,121130,13831.02,2020-06-23,VIP,1,0
C33622,Steven,Rossi,steven.rossi256@outlook.com,DE,N/A,Pending,Low,801,209885,28366.86,2024-07-11,Gold,0,0
C39736,Charles,Garcia,charles.garcia886@outlook.com,SG,N/A,Rejected,Critical,439,252200,14271.94,2022-10-17,Standard,1,0
C67286,Susan,Ramirez,susan.ramirez252@yahoo.com,DE,N/A,Rejected,Medium,545,26160,1456.33,2024-11-25,Gold,0,0
C95299,Lisa,Muller,lisa.muller262@icloud.com,IN,N/A,Pending,High,387,240482,26167.37,2024-03-30,Platinum,0,0
C32433,Mary,Johnson,mary.johnson779@yahoo.com,SG,N/A,Verified,High,387,262159,44882.12,2020-03-05,Standard,0,0
C19998,Joshua,Davis,joshua.davis733@proton.me,DE,N/A,Verified,Low,497,95263,55889.31,2020-10-10,Standard,1,0
C55376,Emma,Miller,emma.miller65@yahoo.com,US,NJ,Verified,Critical,520,252508,5169.78,2021-05-27,Standard,0,0
C83858,Jennifer,Torres,jennifer.torres297@proton.me,US,FL,Verified,Low,764,152087,37117.35,2023-03-28,Platinum,0,0
C23110,Charles,Smith,charles.smith836@yahoo.com,US,NC,Under Review,Critical,538,153705,37944.73,2019-08-21,Silver,0,0
C60860,Sandra,Perez,sandra.perez707@proton.me,GB,N/A,Pending,Medium,620,299163,65094.77,2022-06-30,Platinum,1,0
C63613,Michael,Wright,michael.wright688@gmail.com,GB,N/A,Verified,Medium,846,128924,14331.76,2023-12-31,Silver,0,0
C87904,Patricia,Thompson,patricia.thompson778@icloud.com,AU,N/A,Pending,Low,373,258864,3646.67,2022-11-06,Platinum,0,0
C64929,Joseph,Moore,joseph.moore920@yahoo.com,FR,N/A,Verified,High,697,87943,26217.49,2024-04-25,Silver,0,0
C31190,Anthony,Harris,anthony.harris162@icloud.com,SG,N/A,Under Review,Medium,827,121446,34889.42,2022-01-28,Standard,0,0
C11168,Priya,Torres,priya.torres594@fintechmail.io,US,GA,Under Review,Medium,773,180855,3435.61,2023-06-01,Gold,0,0
C78997,Mateo,Jones,mateo.jones524@yahoo.com,FR,N/A,Verified,Medium,577,193399,2132.71,2019-11-28,Silver,0,0
C93856,Sofia,Jackson,sofia.jackson794@yahoo.com,US,IL,Verified,Low,644,312453,60928.46,2020-10-16,VIP,0,0
C26263,Barbara,Perez,barbara.perez826@fintechmail.io,SG,N/A,Rejected,High,574,210808,5164.22,2024-08-05,Gold,0,0
C42077,Christopher,Rodriguez,christopher.rodriguez334@fintechmail.io,CA,N/A,Rejected,Low,622,230769,47970.36,2022-02-02,Silver,0,0
C53170,Anthony,King,anthony.king83@outlook.com,US,CA,Verified,Critical,376,246052,3475.66,2024-06-24,Platinum,0,0
C64126,Liam,Harris,liam.harris424@icloud.com,FR,N/A,Verified,Critical,403,297590,73206.23,2024-11-30,Platinum,0,0
C12131,Nancy,Robinson,nancy.robinson87@outlook.com,US,TX,Verified,Medium,356,23826,65370.41,2021-07-08,VIP,0,0
C38700,Aarav,Clark,aarav.clark543@gmail.com,FR,N/A,Verified,Medium,749,275808,1734.05,2021-10-16,Standard,1,0
C74070,Wei,Silva,wei.silva440@fintechmail.io,US,VA,Verified,Medium,718,100778,49474.48,2024-08-17,Gold,1,0
C13391,Donald,Patel,donald.patel504@gmail.com,IN,N/A,Under Review,Low,525,145364,19948.26,2022-09-06,VIP,1,0
C23185,Liam,White,liam.white118@outlook.com,DE,N/A,Verified,Medium,408,185013,33774.75,2024-10-05,Silver,0,0
C28332,Richard,Patel,richard.patel962@yahoo.com,US,VA,Rejected,Low,,257050,12314.57,2021-09-29,Gold,0,0
C34835,Betty,King,betty.king579@icloud.com,US,VA,Verified,High,749,201941,24933.13,2020-06-07,Platinum,0,0
C79816,Nancy,Johnson,nancy.johnson911@fintechmail.io,US,OH,Verified,Low,417,140091,61816.13,2024-03-09,Standard,1,0
C67260,Lisa,Lee,lisa.lee140@outlook.com,FR,N/A,Rejected,High,609,242406,3142.12,2020-07-25,Standard,1,0
C82040,Wei,Garcia,wei.garcia343@fintechmail.io,CA,N/A,Under Review,Critical,841,121475,19002.14,2019-09-04,Gold,0,0
C90681,Liam,Thompson,liam.thompson683@proton.me,US,CA,Verified,Low,768,160393,7660.58,2024-09-26,Silver,0,0
C25075,Robert,Allen,robert.allen241@gmail.com,DE,N/A,Verified,Low,358,53925,39557.69,2024-11-19,Platinum,1,0
C65983,Richard,Lee,richard.lee680@outlook.com,SG,N/A,Verified,Critical,837,205203,37081.2,2023-08-10,Platinum,0,0
C68487,Paul,Allen,paul.allen344@gmail.com,AU,N/A,Verified,Critical,637,137409,66640.38,2019-12-24,Standard,0,0
C31219,Wei,Harris,wei.harris467@proton.me,US,FL,Verified,Low,676,240351,16976.43,2020-03-04,Gold,0,0
C41271,Michelle,Garcia,michelle.garcia939@icloud.com,US,TX,Pending,High,610,90125,67303.98,2019-10-17,Gold,0,0
C20564,Robert,Brown,robert.brown135@proton.me,US,NC,Under Review,High,759,107156,50872.27,2021-10-22,Gold,0,0
C15238,Joshua,Kim,joshua.kim136@icloud.com,AU,N/A,Rejected,Low,814,201733,74620.98,2023-09-24,Gold,1,0
C40719,Anthony,Williams,anthony.williams197@proton.me,AU,N/A,Rejected,Low,390,177621,43415.36,2020-01-16,Standard,0,0
C83271,Donald,Perez,donald.perez221@outlook.com,DE,N/A,Verified,Medium,591,168412,52174.81,2021-11-11,Gold,0,0
C53321,Joshua,Lopez,joshua.lopez317@fintechmail.io,GB,N/A,Pending,Low,496,122538,31060.69,2019-10-22,Platinum,0,0
C45778,Kimberly,Perez,kimberly.perez790@icloud.com,CA,N/A,Under Review,Critical,581,125218,45701.41,2020-12-28,VIP,1,0
C37277,John,King,john.king867@fintechmail.io,GB,N/A,Rejected,Medium,618,199373,32136.01,2020-03-08,Platinum,0,0
C33661,Liam,Hill,liam.hill461@yahoo.com,AU,N/A,Verified,Low,801,120661,46052.49,2020-10-19,Silver,0,0
C52382,Kimberly,Walker,kimberly.walker985@outlook.com,CA,N/A,Pending,High,795,169312,57214.29,2024-01-22,Platinum,0,0
C92399,David,King,david.king996@fintechmail.io,FR,N/A,Under Review,Medium,371,286766,37405.24,2020-12-31,Gold,0,0
C14000,Carlos,Lee,carlos.lee793@gmail.com,AU,N/A,Verified,Low,725,267243,37100.06,2020-06-17,Silver,0,0
C38965,Sarah,Kim,sarah.kim326@outlook.com,US,VA,Under Review,Medium,527,281130,23158.62,2024-11-17,Silver,1,0
C25607,Elizabeth,Taylor,elizabeth.taylor546@fintechmail.io,CA,N/A,Verified,Medium,593,156424,37237.79,2020-11-14,Gold,0,0
C54554,Joshua,Kim,joshua.kim157@gmail.com,US,WA,Under Review,Low,476,75029,52473.48,2020-08-18,Gold,0,0
C70181,Elizabeth,Dubois,elizabeth.dubois918@fintechmail.io,GB,N/A,Verified,Critical,441,210870,19439.98,2024-02-13,Gold,1,0
C83019,Emily,Moore,emily.moore261@gmail.com,DE,N/A,Verified,Medium,,47750,38554.45,2020-07-12,Standard,0,0
C37709,Betty,Muller,betty.muller785@gmail.com,GB,N/A,Under Review,Medium,803,140078,61515.78,2021-04-22,Gold,0,0
C90108,Emma,Clark,emma.clark980@icloud.com,US,FL,Under Review,Critical,661,115786,60869.33,2019-09-23,Platinum,0,0
C56385,Andrew,Moore,andrew.moore882@yahoo.com,US,TX,Pending,Low,835,211474,73541.63,2021-04-30,Silver,1,0
C66961,William,Thomas,william.thomas436@icloud.com,IN,N/A,Verified,Medium,454,309573,47318.07,2021-07-15,Silver,0,0
C12723,Michael,Robinson,michael.robinson860@proton.me,CA,N/A,Under Review,Low,804,120258,31829.99,2020-04-05,Platinum,0,0
C95486,Christopher,Flores,christopher.flores668@outlook.com,AU,N/A,Pending,Low,803,148910,25090.59,2024-06-21,Standard,0,0
C93150,Emma,Gonzalez,emma.gonzalez637@gmail.com,IN,N/A,Verified,Critical,432,31284,2687.74,2022-11-26,Gold,0,0
C69163,Nancy,Garcia,nancy.garcia309@fintechmail.io,GB,N/A,Verified,Medium,776,299817,12469.6,2021-11-22,Standard,0,0
C98870,Susan,Clark,susan.clark195@yahoo.com,GB,N/A,Verified,Low,713,64620,34769.69,2021-10-29,Gold,0,0
C26279,Patricia,Torres,patricia.torres149@yahoo.com,US,OH,Rejected,Critical,811,113761,26147.54,2022-04-26,Platinum,0,0
C51075,Sarah,Wilson,sarah.wilson132@gmail.com,FR,N/A,Verified,Medium,821,211227,40893.93,2022-09-06,Platinum,0,0
C30647,Betty,Anderson,betty.anderson916@icloud.com,SG,N/A,Pending,Critical,619,37250,58984.74,2019-12-09,Gold,0,0
C50111,Joshua,Walker,joshua.walker699@icloud.com,DE,N/A,Verified,Low,773,261177,12972.78,2021-05-04,Silver,0,0
C15894,Donald,Brown,donald.brown897@fintechmail.io,US,CA,Under Review,Low,747,231725,74158.06,2022-09-18,Platinum,0,0
C81309,Donald,Martinez,donald.martinez68@icloud.com,AU,N/A,Verified,Medium,618,27621,69068.79,2024-06-01,Platinum,1,0
C97224,Daniel,Garcia,daniel.garcia439@icloud.com,US,NY,Under Review,Medium,523,196801,65853.12,2022-10-12,Silver,0,0
C59933,Michael,Muller,michael.muller684@fintechmail.io,FR,N/A,Pending,Critical,,75039,56981.62,2021-11-18,Gold,1,0
C38386,Betty,Clark,betty.clark987@gmail.com,DE,N/A,Rejected,High,385,97671,2554.18,2021-01-18,Platinum,0,0
C78151,Mateo,Rodriguez,mateo.rodriguez305@outlook.com,IN,N/A,Under Review,Low,661,154544,30304.51,2019-08-12,Gold,0,0
C93665,Kimberly,Thomas,kimberly.thomas429@yahoo.com,US,PA,Pending,Critical,374,108220,62227.68,2020-06-30,Gold,0,0
C93825,Mary,Patel,mary.patel305@yahoo.com,CA,N/A,Under Review,High,401,252710,37770.79,2019-09-25,VIP,0,0
C99754,Anthony,Silva,anthony.silva273@proton.me,US,PA,Pending,Low,614,98622,29944.35,2022-07-03,Standard,1,0
C25139,Sarah,Dubois,sarah.dubois252@proton.me,GB,N/A,Verified,Low,527,24374,7131.96,2020-08-12,Platinum,1,0
C31097,Anthony,Rossi,anthony.rossi602@icloud.com,US,FL,Rejected,Low,536,82010,69861.55,2020-09-13,Gold,0,0
C60475,Linda,Jones,linda.jones166@yahoo.com,IN,N/A,Verified,Low,379,278726,22115.89,2021-03-24,Standard,0,0
C55418,Patricia,Sanchez,patricia.sanchez319@yahoo.com,GB,N/A,Pending,Low,709,183091,44444.53,2022-01-24,VIP,0,0
C13535,Betty,White,betty.white478@outlook.com,FR,N/A,Verified,Critical,802,86897,66716.49,2021-12-27,Silver,0,0
C78888,Amara,Walker,amara.walker255@icloud.com,FR,N/A,Pending,High,734,293733,7671.68,2021-09-04,Gold,0,0
C14017,Lisa,Johnson,lisa.johnson540@fintechmail.io,US,PA,Verified,Medium,391,194734,66628.24,2020-06-01,Silver,0,0
C70392,Andrew,Kim,andrew.kim50@gmail.com,AU,N/A,Rejected,Critical,832,247978,5660.79,2019-11-16,Platinum,0,0
C35823,Linda,Lee,linda.lee889@fintechmail.io,GB,N/A,Under Review,Low,602,232575,72512.5,2020-11-17,Gold,0,0
C51177,Andrew,Kim,andrew.kim464@fintechmail.io,US,MI,Rejected,Low,774,153744,42647.36,2019-12-25,Silver,0,0
C47725,Mark,Miller,mark.miller196@icloud.com,US,FL,Under Review,Low,463,149996,14071.68,2024-03-21,VIP,0,0
C54022,Sandra,Flores,sandra.flores117@proton.me,US,CA,Rejected,Low,523,30459,21596.84,2023-07-26,Silver,0,0
C73534,Amara,Scott,amara.scott342@gmail.com,US,GA,Verified,Critical,374,196145,12323.86,2021-08-15,Platinum,0,0
C23276,Sofia,Scott,sofia.scott852@gmail.com,DE,N/A,Verified,Low,485,269357,33918.15,2024-01-10,Silver,1,0
C76676,David,Garcia,david.garcia370@yahoo.com,US,NJ,Under Review,Critical,676,216791,4655.98,2022-10-14,Standard,1,0
C21047,Matthew,Gonzalez,matthew.gonzalez57@fintechmail.io,GB,N/A,Pending,Low,786,115168,31031.7,2023-04-24,Standard,0,0
C12768,Andrew,Rossi,andrew.rossi661@yahoo.com,AU,N/A,Verified,Medium,360,84856,47087.42,2020-02-08,Standard,1,0
C95271,Mary,Chen,mary.chen572@icloud.com,DE,N/A,Verified,Medium,624,314528,30801.54,2021-07-11,Standard,0,0
C46575,Amara,Brown,amara.brown77@proton.me,SG,N/A,Verified,Low,603,149017,56734.47,2020-07-08,Platinum,0,0
C13097,Sandra,Walker,sandra.walker723@proton.me,US,IL,Rejected,Low,596,204787,22725.89,2023-04-01,VIP,0,0
C26862,Yuki,Davis,yuki.davis574@gmail.com,AU,N/A,Under Review,Critical,657,209937,58989.66,2022-03-31,Silver,0,0
C71899,Barbara,Scott,barbara.scott300@icloud.com,US,MA,Under Review,High,447,41071,51979.05,2023-11-12,VIP,0,0
C50586,Priya,Wright,priya.wright268@gmail.com,AU,N/A,Pending,Low,846,319679,48213.24,2023-08-11,Silver,0,0
C65225,Elizabeth,Miller,elizabeth.miller441@outlook.com,FR,N/A,Pending,Low,750,30760,8359.23,2024-03-16,Silver,1,0
C90600,Wei,White,wei.white618@gmail.com,IN,N/A,Under Review,Critical,487,60558,27065.87,2024-11-20,Silver,0,0
C64531,Mark,Garcia,mark.garcia947@gmail.com,GB,N/A,Pending,Medium,683,87832,65385.44,2023-05-18,Gold,0,0
C79338,Sarah,Sanchez,sarah.sanchez761@fintechmail.io,FR,N/A,Verified,Medium,844,168332,26876.16,2020-02-25,Gold,1,0
C42174,Daniel,Kim,daniel.kim923@fintechmail.io,US,IL,Verified,Medium,447,202822,10927.41,2021-09-09,Platinum,1,0
C98287,Emma,King,emma.king56@proton.me,US,IL,Verified,Medium,783,291993,23655.64,2021-11-25,Standard,1,0
C20474,Jessica,Rodriguez,jessica.rodriguez792@yahoo.com,IN,N/A,Pending,High,,247841,38269.91,2019-08-30,Standard,0,0
C31727,Sofia,Wright,sofia.wright878@gmail.com,US,GA,Under Review,High,435,184421,38288.27,2019-10-13,Platinum,0,0
C26817,Amara,Silva,amara.silva557@outlook.com,US,MA,Rejected,Low,809,300051,47189.07,2020-03-13,VIP,0,0
C79071,Yuki,Flores,yuki.flores906@outlook.com,US,GA,Under Review,Critical,544,34019,70695.45,2022-08-27,Gold,0,0
C41449,Wei,Smith,wei.smith148@proton.me,DE,N/A,Under Review,Medium,827,130102,21337.88,2021-05-03,VIP,0,0
C28190,Emily,Moore,emily.moore211@proton.me,CA,N/A,Under Review,Medium,547,188498,25960.84,2022-08-11,Gold,0,0
C59029,Yuki,Perez,yuki.perez488@icloud.com,DE,N/A,Under Review,Low,422,292210,49845.63,2022-04-14,Standard,0,0
C31362,Sarah,Walker,sarah.walker823@proton.me,US,MI,Verified,High,517,288562,17486.9,2024-10-09,Silver,0,0
C12224,Jennifer,Anderson,jennifer.anderson930@icloud.com,AU,N/A,Rejected,Medium,512,105481,10662.49,2021-07-06,VIP,0,0
C93086,Joshua,Wright,joshua.wright596@outlook.com,GB,N/A,Pending,Low,394,189255,3503.91,2020-05-07,Platinum,0,0
C42298,Robert,Lewis,robert.lewis360@gmail.com,US,NY,Pending,Medium,625,29077,20509.97,2022-05-06,Platinum,0,0
C39570,William,Ramirez,william.ramirez103@outlook.com,GB,N/A,Pending,Low,782,124366,13263.76,2024-01-09,VIP,0,0
C89412,Michael,Walker,michael.walker410@outlook.com,GB,N/A,Rejected,Low,448,244802,32247.94,2021-03-13,Standard,1,0
C17606,Ashley,Tanaka,ashley.tanaka69@icloud.com,FR,N/A,Under Review,Medium,549,27619,2131.74,2022-01-19,VIP,0,0
C88888,Yuki,Davis,yuki.davis654@gmail.com,SG,N/A,Rejected,Low,724,314428,59427.62,2020-06-17,VIP,0,0
C14871,James,Rossi,james.rossi158@proton.me,US,FL,Verified,Medium,821,278746,42390.82,2021-09-09,Silver,0,0
C75986,Emily,Walker,emily.walker554@icloud.com,US,NJ,Verified,Low,355,176807,23778.19,2024-06-08,Standard,0,0
C29920,James,Torres,james.torres660@gmail.com,US,NJ,Rejected,Medium,823,105291,57144.01,2020-01-03,Platinum,0,0
C70866,John,Rodriguez,john.rodriguez695@icloud.com,US,NJ,Verified,High,608,210672,22170.76,2021-10-18,Platinum,1,0
C41540,Lisa,White,lisa.white244@fintechmail.io,US,GA,Pending,Low,595,121657,39966.63,2023-02-23,Standard,0,0
C48695,Daniel,Wright,daniel.wright663@gmail.com,GB,N/A,Verified,Low,538,92068,740.58,2024-06-21,Platinum,1,0
C74292,Betty,Martinez,betty.martinez268@gmail.com,GB,N/A,Verified,Low,783,165333,69083.65,2021-07-12,Silver,0,0
C80498,Donna,Harris,donna.harris830@outlook.com,IN,N/A,Under Review,Low,372,212080,55100.74,2020-07-31,Platinum,1,0
C27660,Ashley,Tanaka,ashley.tanaka533@yahoo.com,DE,N/A,Under Review,Medium,841,150812,74728.91,2024-05-31,VIP,1,0
C31045,Liam,Chen,liam.chen830@icloud.com,US,GA,Pending,High,550,225072,11722.92,2022-04-09,Silver,0,0
C10283,Margaret,Taylor,margaret.taylor954@yahoo.com,IN,N/A,Pending,Low,424,193477,60482.86,2022-09-20,Platinum,1,0
C17855,Jennifer,Lopez,jennifer.lopez791@proton.me,SG,N/A,Rejected,Critical,826,84849,11917.08,2020-08-01,Standard,0,0
C50522,Jessica,Jackson,jessica.jackson131@yahoo.com,AU,N/A,Verified,Medium,655,238390,4159.23,2019-10-07,Gold,0,0
C40816,Robert,Silva,robert.silva683@outlook.com,IN,N/A,Pending,Low,682,44946,17502.0,2020-04-07,Platinum,0,0
C81712,Yuki,Thomas,yuki.thomas803@outlook.com,FR,N/A,Verified,Medium,425,90778,1908.04,2021-04-18,Silver,0,0
C17952,Andrew,Ramirez,andrew.ramirez411@gmail.com,US,GA,Rejected,Medium,624,283759,28405.61,2020-01-28,VIP,0,0
C90870,Linda,Walker,linda.walker606@gmail.com,US,TX,Under Review,Low,787,163092,66821.87,2022-08-31,Standard,0,0
C92422,Amara,Rodriguez,amara.rodriguez945@gmail.com,US,NC,Verified,Low,674,301282,57598.21,2022-05-11,VIP,0,0
C24402,David,Miller,david.miller905@proton.me,DE,N/A,Verified,Low,428,85619,66129.34,2022-10-10,Silver,0,0
C67188,Joshua,Taylor,joshua.taylor189@proton.me,SG,N/A,Verified,Low,697,83105,66591.23,2024-07-01,Standard,0,0
C53126,Barbara,Flores,barbara.flores29@yahoo.com,SG,N/A,Verified,Medium,,34025,66320.77,2021-03-11,VIP,0,0
C81264,Nancy,Walker,nancy.walker729@fintechmail.io,US,AZ,Verified,Low,,100627,69865.16,2020-07-28,Standard,0,0
C76048,David,Davis,david.davis822@fintechmail.io,US,NY,Rejected,Medium,477,24844,59082.6,2024-07-10,VIP,1,0
C78020,Michael,Thomas,michael.thomas210@yahoo.com,US,GA,Under Review,High,792,51632,46606.8,2021-08-18,Standard,0,0
C85377,Paul,King,paul.king109@yahoo.com,FR,N/A,Under Review,Medium,686,236307,56524.66,2021-02-22,Silver,0,0
C64176,Mateo,Chen,mateo.chen435@gmail.com,DE,N/A,Under Review,Critical,532,309078,62379.69,2023-08-17,Gold,0,0
C90543,Lisa,Dubois,lisa.dubois428@icloud.com,GB,N/A,Verified,Medium,558,153637,52897.69,2020-02-14,Platinum,1,0
C23318,Steven,Patel,steven.patel867@yahoo.com,SG,N/A,Rejected,Medium,663,217048,48179.51,2021-10-13,Gold,0,0
C21416,William,Patel,william.patel593@icloud.com,DE,N/A,Rejected,Low,560,155395,51214.88,2022-07-27,Standard,0,0
C27573,Steven,King,steven.king957@fintechmail.io,CA,N/A,Verified,Low,489,160040,57386.2,2024-08-13,Standard,1,0
C23449,Emily,Clark,emily.clark211@gmail.com,US,FL,Rejected,Medium,632,203293,65661.69,2023-07-26,Standard,0,0
C48092,Karen,Hill,karen.hill258@gmail.com,US,TX,Verified,High,731,227275,37870.22,2021-04-14,Gold,0,0
C21295,Emily,Garcia,emily.garcia499@gmail.com,FR,N/A,Rejected,Low,725,293026,39173.35,2020-08-20,Standard,1,0
C74908,Anthony,Anderson,anthony.anderson380@icloud.com,US,MA,Verified,Medium,726,90031,56979.61,2021-11-20,VIP,1,0
C23752,James,Hill,james.hill855@fintechmail.io,DE,N/A,Under Review,Critical,,284231,61431.85,2020-08-23,Platinum,0,0
C95406,James,Martin,james.martin852@icloud.com,US,MI,Verified,Low,657,154709,72483.16,2020-08-09,Silver,0,0
C16912,Robert,Johnson,robert.johnson557@yahoo.com,FR,N/A,Verified,Critical,482,230581,51028.58,2021-04-10,Standard,0,0
C35382,Barbara,Rodriguez,barbara.rodriguez741@outlook.com,FR,N/A,Verified,Medium,831,278233,1038.16,2024-01-30,Platinum,1,0
C92225,Mark,Patel,mark.patel875@icloud.com,US,MI,Rejected,Medium,593,265683,70209.53,2019-09-18,Standard,0,0
C83102,Charles,Anderson,charles.anderson959@icloud.com,IN,N/A,Verified,Critical,658,298141,47453.25,2023-06-18,Gold,0,0
C33348,Sandra,Jackson,sandra.jackson927@proton.me,DE,N/A,Under Review,Low,610,157648,35253.63,2021-09-15,Platinum,0,0
C15417,Joseph,Smith,joseph.smith957@gmail.com,US,PA,Verified,Critical,642,193305,49577.26,2021-01-20,Silver,0,0
C86126,Sandra,King,sandra.king32@gmail.com,GB,N/A,Verified,Medium,816,270137,11871.24,2024-07-12,Silver,0,0
C62173,Margaret,Hernandez,margaret.hernandez515@gmail.com,CA,N/A,Verified,Medium,498,239269,68761.74,2022-07-20,Platinum,0,0
C35307,Aarav,Patel,aarav.patel635@yahoo.com,IN,N/A,Verified,Low,456,75107,28312.97,2021-01-27,Standard,0,1
C18320,Amara,Hill,amara.hill227@gmail.com,FR,N/A,Verified,Medium,712,264986,27898.39,2023-05-16,Silver,0,0
C44145,Wei,Sanchez,wei.sanchez372@gmail.com,GB,N/A,Rejected,Low,738,72578,48026.2,2023-03-18,Platinum,0,0
C71482,Thomas,Davis,thomas.davis124@gmail.com,US,GA,Verified,High,713,74382,666.71,2021-02-05,Platinum,0,0
C52582,Linda,Lewis,linda.lewis671@icloud.com,SG,N/A,Rejected,Critical,740,213507,50866.34,2020-05-02,Gold,0,0
C75412,David,Thompson,david.thompson585@gmail.com,CA,N/A,Rejected,High,432,234222,25480.5,2024-06-09,Silver,0,0
C85627,Thomas,Taylor,thomas.taylor138@gmail.com,FR,N/A,Verified,Critical,765,262571,64451.04,2023-05-01,Standard,0,0
C93927,Wei,Patel,wei.patel381@yahoo.com,US,MA,Rejected,Low,490,230515,6797.61,2021-03-01,Platinum,0,0
C16972,Donald,Lopez,donald.lopez763@fintechmail.io,GB,N/A,Verified,Medium,702,77251,53344.76,2023-05-03,VIP,0,0
C78594,Matthew,Robinson,matthew.robinson851@gmail.com,CA,N/A,Verified,Low,516,79612,46196.12,2021-10-31,Gold,1,0
C93610,Joshua,Muller,joshua.muller311@yahoo.com,FR,N/A,Under Review,Low,700,77841,55265.87,2021-02-01,Platinum,0,0
C86007,William,Anderson,william.anderson417@outlook.com,US,NC,Pending,Medium,,114182,36180.89,2023-05-01,Silver,0,0
C27753,Mary,Nguyen,mary.nguyen771@icloud.com,IN,N/A,Under Review,Critical,711,166889,41061.1,2021-04-12,Standard,1,0
C50175,Daniel,Rodriguez,daniel.rodriguez943@outlook.com,SG,N/A,Rejected,Low,367,218357,60107.96,2021-10-30,VIP,1,0
C22428,Robert,Lopez,robert.lopez536@proton.me,FR,N/A,Verified,High,515,150768,60056.19,2023-03-28,Silver,0,0
C87970,Christopher,Sanchez,christopher.sanchez234@proton.me,GB,N/A,Under Review,Low,366,319921,14753.25,2024-11-12,Platinum,1,0
C32724,John,Tanaka,john.tanaka201@outlook.com,GB,N/A,Verified,Critical,745,84331,13128.08,2022-01-12,Silver,1,0
C99898,Sarah,Miller,sarah.miller635@proton.me,US,FL,Verified,Medium,482,75557,47953.72,2024-03-13,VIP,0,0
C98998,Betty,Chen,betty.chen364@icloud.com,US,VA,Under Review,Low,487,78260,32496.89,2024-10-20,Silver,0,0
C11666,Kimberly,Robinson,kimberly.robinson393@yahoo.com,DE,N/A,Verified,Critical,614,93006,12163.5,2020-05-04,VIP,1,0
C63181,Yuki,Flores,yuki.flores633@fintechmail.io,SG,N/A,Verified,Low,,99064,27828.59,2024-05-27,Silver,0,0
C68094,Donna,King,donna.king456@icloud.com,GB,N/A,Verified,Low,557,219072,41352.34,2024-10-14,VIP,0,0
C18610,Robert,Miller,robert.miller983@proton.me,DE,N/A,Verified,Medium,626,169780,58202.78,2019-07-15,Platinum,0,0
C74620,Wei,Young,wei.young533@yahoo.com,US,MI,Verified,Medium,609,46509,42555.92,2021-07-09,Silver,0,0
C18790,Christopher,Patel,christopher.patel201@proton.me,US,CA,Pending,Critical,351,157964,44988.59,2024-04-23,Platinum,0,0
C41237,Anthony,Lewis,anthony.lewis374@icloud.com,US,NY,Rejected,Medium,554,178940,42792.17,2023-10-01,Gold,0,0
C60090,Sarah,Robinson,sarah.robinson223@fintechmail.io,US,MA,Under Review,Low,562,94243,6566.08,2020-09-25,Gold,0,0
C26706,Michael,Thomas,michael.thomas665@outlook.com,GB,N/A,Rejected,High,544,314560,4529.76,2024-09-17,Silver,0,0
C18913,Jennifer,Sharma,jennifer.sharma398@gmail.com,GB,N/A,Rejected,Medium,366,218657,73148.56,2020-07-19,Platinum,1,0
C54847,Carlos,Torres,carlos.torres886@yahoo.com,GB,N/A,Rejected,Low,495,195544,28024.4,2022-10-31,Platinum,1,0
C91871,Barbara,Martin,barbara.martin77@gmail.com,AU,N/A,Verified,Medium,355,57642,12143.94,2019-12-08,Silver,0,0
C32413,Steven,Miller,steven.miller903@yahoo.com,CA,N/A,Pending,Low,589,60092,62576.68,2021-04-24,Silver,0,0
C50183,Carlos,Sharma,carlos.sharma901@proton.me,US,IL,Verified,Low,,99170,41206.63,2022-06-25,VIP,0,0
C98733,Michelle,Jones,michelle.jones507@outlook.com,US,CA,Verified,High,524,256868,53432.26,2021-07-22,VIP,0,0
C57921,Emily,Lewis,emily.lewis873@gmail.com,US,GA,Under Review,Medium,838,265581,23823.15,2019-08-29,Silver,1,0
C79203,Steven,Nguyen,steven.nguyen361@proton.me,US,GA,Verified,High,743,269532,9860.05,2021-12-14,Platinum,0,0
C97893,Steven,Rossi,steven.rossi802@icloud.com,CA,N/A,Verified,Low,808,56553,45489.76,2023-11-20,VIP,0,0
C69031,Jennifer,Lopez,jennifer.lopez197@fintechmail.io,DE,N/A,Verified,High,679,247926,72609.75,2022-04-13,Gold,1,0
C93626,Betty,Thompson,betty.thompson610@icloud.com,IN,N/A,Verified,Medium,576,82589,50963.66,2019-10-14,Silver,1,0
C66936,Sandra,Martinez,sandra.martinez162@gmail.com,IN,N/A,Verified,Medium,368,74470,62194.22,2019-11-25,Platinum,0,0
C68065,Mary,Sanchez,mary.sanchez176@outlook.com,IN,N/A,Rejected,Low,744,76121,10869.8,2024-06-11,Standard,0,0
C63112,James,Rossi,james.rossi25@fintechmail.io,US,VA,Rejected,High,448,225658,6848.09,2020-06-28,VIP,0,0
C90685,William,Harris,william.harris61@fintechmail.io,GB,N/A,Under Review,Low,820,136859,39067.11,2023-12-15,Silver,0,0
C54835,Joseph,Hernandez,joseph.hernandez595@fintechmail.io,IN,N/A,Verified,Low,778,104555,15759.27,2024-07-05,VIP,0,0
C94055,James,Perez,james.perez850@icloud.com,US,MA,Under Review,Medium,758,304699,27967.8,2024-10-21,Silver,0,0
C78669,John,King,john.king576@proton.me,CA,N/A,Under Review,Medium,634,160525,44464.99,2020-10-18,Standard,1,0
C35118,Daniel,Sharma,daniel.sharma817@icloud.com,DE,N/A,Rejected,Low,650,85068,67116.83,2022-01-28,VIP,0,0
C52535,Linda,Patel,linda.patel144@proton.me,FR,N/A,Verified,Low,511,216617,70108.19,2019-10-01,Gold,1,0
C10106,Linda,White,linda.white128@outlook.com,DE,N/A,Rejected,Critical,803,22590,2691.68,2022-10-17,Gold,0,0
C13611,Charles,Tanaka,charles.tanaka821@yahoo.com,AU,N/A,Pending,Low,835,148813,69137.81,2023-10-11,Silver,0,0
C46310,Michelle,Flores,michelle.flores651@fintechmail.io,IN,N/A,Pending,Medium,843,299954,15721.55,2020-06-12,Standard,1,0
C60521,Yuki,Torres,yuki.torres319@gmail.com,DE,N/A,Rejected,Low,600,164800,48712.46,2024-11-20,VIP,0,0
C89511,James,Lee,james.lee217@gmail.com,US,MI,Verified,Medium,710,60899,116.07,2021-07-18,Platinum,0,0
C65026,Andrew,Kim,andrew.kim622@outlook.com,CA,N/A,Verified,Low,578,68242,64720.01,2020-09-03,Standard,1,0
C98376,Donna,Taylor,donna.taylor936@fintechmail.io,GB,N/A,Verified,Critical,457,222229,33944.84,2022-10-21,Platinum,0,0
C52902,Michael,Brown,michael.brown908@yahoo.com,IN,N/A,Verified,Medium,592,181830,52776.24,2020-10-18,Platinum,0,0
C74262,Paul,Perez,paul.perez821@proton.me,US,TX,Pending,Critical,698,33895,18410.01,2022-06-18,VIP,1,0
C20767,Steven,Thompson,steven.thompson265@icloud.com,FR,N/A,Pending,Critical,461,210696,9513.53,2019-08-07,Gold,0,0
C95125,Nancy,Robinson,nancy.robinson639@proton.me,AU,N/A,Rejected,Medium,591,215960,24868.26,2024-06-27,Gold,0,0
C73067,Jessica,Perez,jessica.perez670@icloud.com,SG,N/A,Verified,Medium,532,165595,23044.01,2020-08-14,Platinum,0,0
C17235,Sofia,Allen,sofia.allen375@outlook.com,CA,N/A,Verified,Medium,716,35794,28634.55,2020-07-26,Gold,0,0
C25339,Michael,White,michael.white394@proton.me,DE,N/A,Verified,Medium,584,91577,23234.85,2023-08-06,Standard,1,0
C50258,Sarah,Robinson,sarah.robinson334@proton.me,GB,N/A,Verified,Medium,492,263606,18507.19,2023-08-19,Gold,0,0
C56108,Mark,Williams,mark.williams490@proton.me,US,MI,Under Review,Medium,846,123632,43362.18,2024-07-19,Gold,0,0
C72113,Carlos,Williams,carlos.williams903@proton.me,US,NJ,Verified,Low,384,65002,7611.95,2020-11-09,Silver,0,0
C72456,Susan,Taylor,susan.taylor640@proton.me,US,PA,Verified,Critical,772,195668,56249.1,2019-12-20,VIP,0,0
C45484,Sarah,Lopez,sarah.lopez861@yahoo.com,IN,N/A,Under Review,Medium,358,135900,12942.96,2021-01-18,Gold,0,0
C50251,Kimberly,Lopez,kimberly.lopez487@proton.me,FR,N/A,Under Review,High,574,160830,17937.8,2024-06-09,Silver,1,0
C58427,Carlos,Robinson,carlos.robinson858@outlook.com,AU,N/A,Verified,Low,362,279038,33834.72,2019-09-26,VIP,1,0
C67069,Wei,Muller,wei.muller671@gmail.com,US,PA,Verified,High,484,177824,5301.69,2019-07-16,Standard,1,0
C98558,Jennifer,Anderson,jennifer.anderson762@icloud.com,FR,N/A,Pending,Critical,580,54906,8082.23,2021-06-13,Gold,1,0
C10652,Barbara,Harris,barbara.harris924@yahoo.com,US,GA,Rejected,Low,804,288303,44936.07,2020-09-19,Platinum,0,0
C76449,William,Garcia,william.garcia106@icloud.com,CA,N/A,Under Review,Low,370,110701,16600.93,2024-06-26,Platinum,1,0
C44930,Barbara,Silva,barbara.silva718@proton.me,CA,N/A,Rejected,High,522,79281,54942.07,2023-03-05,Standard,0,0
C78480,Priya,Hernandez,priya.hernandez456@yahoo.com,US,NY,Verified,Critical,688,201470,73936.39,2021-04-20,Standard,0,0
C94720,Carlos,Smith,carlos.smith109@icloud.com,CA,N/A,Verified,High,687,203614,46500.68,2019-09-26,VIP,0,0
C83940,Matthew,Walker,matthew.walker775@outlook.com,SG,N/A,Under Review,Critical,519,172778,7062.03,2021-10-21,Standard,1,0
C76629,Sofia,White,sofia.white427@gmail.com,US,GA,Verified,Medium,818,287186,2276.31,2022-11-11,Platinum,0,0
C62391,Andrew,Sharma,andrew.sharma334@gmail.com,IN,N/A,Rejected,Medium,751,137688,63395.56,2023-10-10,Standard,0,0
C18923,Susan,Gonzalez,susan.gonzalez467@outlook.com,US,AZ,Verified,Low,414,274906,47940.31,2024-10-11,VIP,0,0
C51259,Susan,Silva,susan.silva691@proton.me,SG,N/A,Verified,Medium,,119782,58610.81,2022-11-03,Platinum,0,0
C70184,Richard,Martin,richard.martin352@proton.me,FR,N/A,Verified,Low,628,289463,21380.03,2022-01-19,Platinum,0,0
C27032,Wei,Chen,wei.chen342@icloud.com,GB,N/A,Under Review,Low,380,175379,57860.5,2024-08-21,Silver,0,0
C89738,Aarav,Chen,aarav.chen853@fintechmail.io,AU,N/A,Rejected,Medium,583,134215,36115.96,2020-03-13,Standard,0,0
C44165,Richard,Dubois,richard.dubois775@fintechmail.io,CA,N/A,Verified,Medium,504,141175,698.09,2023-12-08,Standard,0,1
C68492,Wei,Johnson,wei.johnson590@outlook.com,US,WA,Verified,Low,431,183146,58463.07,2023-08-09,Platinum,1,0
C14153,Amara,Davis,amara.davis540@proton.me,US,MI,Rejected,Low,715,109991,67333.01,2019-11-07,Platinum,0,0
C86256,Daniel,Dubois,daniel.dubois724@proton.me,AU,N/A,Under Review,High,430,305405,42661.19,2020-03-16,Silver,0,0
C85661,Jessica,Allen,jessica.allen514@yahoo.com,FR,N/A,Verified,Low,581,57504,70596.41,2022-08-15,Silver,0,0
C45267,Matthew,Tanaka,matthew.tanaka324@icloud.com,US,OH,Verified,Medium,812,304795,47951.07,2019-11-09,Gold,0,0
C31031,Sofia,Moore,sofia.moore669@proton.me,US,OH,Verified,High,719,285942,15756.05,2023-11-10,Gold,1,0
C50574,Anthony,Sharma,anthony.sharma143@yahoo.com,US,PA,Verified,Critical,575,247024,29904.7,2024-04-11,Standard,0,0
C83354,Thomas,Nguyen,thomas.nguyen341@fintechmail.io,US,NJ,Verified,Critical,793,147985,21659.66,2023-05-21,Silver,1,0
C52817,Barbara,King,barbara.king950@yahoo.com,FR,N/A,Verified,Low,769,47810,49175.75,2024-09-30,Silver,0,0
C49641,Jennifer,Sharma,jennifer.sharma151@gmail.com,US,FL,Pending,High,536,54482,47512.74,2024-03-01,Platinum,0,0
C81693,Emma,Torres,emma.torres116@yahoo.com,SG,N/A,Under Review,Medium,530,108328,21100.72,2024-02-10,Gold,0,0
C91181,Priya,Miller,priya.miller239@fintechmail.io,US,FL,Rejected,Low,532,168510,64965.64,2022-08-17,Standard,0,0
C84956,Carlos,Williams,carlos.williams511@yahoo.com,US,FL,Rejected,Medium,445,220292,13785.12,2022-09-02,Platinum,0,0
C29072,Christopher,Flores,christopher.flores59@gmail.com,US,MA,Verified,Medium,695,173535,42078.37,2024-01-05,Gold,0,0
C87163,Patricia,Anderson,patricia.anderson837@yahoo.com,DE,N/A,Rejected,Critical,795,105144,1478.72,2020-11-25,Platinum,0,0
C40247,Anthony,Rodriguez,anthony.rodriguez932@fintechmail.io,CA,N/A,Verified,Low,641,156290,34233.98,2023-01-25,VIP,0,0
C72816,Michelle,Thompson,michelle.thompson835@icloud.com,US,NC,Verified,Low,413,266372,40486.9,2022-09-19,Silver,0,0
C88045,Steven,Lopez,steven.lopez566@proton.me,AU,N/A,Verified,Medium,436,153965,51452.87,2019-12-25,VIP,0,0
C43315,Richard,Nguyen,richard.nguyen673@fintechmail.io,FR,N/A,Verified,High,456,35664,1292.12,2020-12-14,Standard,0,0
C65318,Daniel,Robinson,daniel.robinson576@proton.me,AU,N/A,Under Review,Medium,,221354,6630.92,2022-04-15,Standard,1,0
C37962,Karen,Martinez,karen.martinez394@gmail.com,CA,N/A,Verified,Low,487,276711,24381.16,2023-08-10,Gold,1,0
C51970,Michelle,Brown,michelle.brown106@gmail.com,AU,N/A,Pending,Medium,796,29757,67759.81,2021-07-31,Gold,0,0
C82273,Thomas,Martinez,thomas.martinez130@outlook.com,SG,N/A,Verified,Medium,720,69146,63138.92,2024-08-06,Gold,0,0
C99562,Charles,Jackson,charles.jackson557@outlook.com,GB,N/A,Verified,Critical,820,215143,65393.72,2024-10-21,Gold,0,0
C73057,Joshua,Patel,joshua.patel933@yahoo.com,US,FL,Rejected,Low,478,120664,54907.34,2020-09-02,Gold,0,0
C90722,Ashley,Torres,ashley.torres854@yahoo.com,AU,N/A,Verified,Critical,751,273295,50194.31,2020-01-26,VIP,1,0
C59798,Daniel,Taylor,daniel.taylor871@yahoo.com,AU,N/A,Pending,Critical,750,208196,73238.67,2019-12-04,Platinum,0,0
C67512,Jennifer,King,jennifer.king988@proton.me,SG,N/A,Rejected,Low,378,288618,33916.66,2021-04-17,Gold,0,0
C98723,Susan,Garcia,susan.garcia886@outlook.com,FR,N/A,Verified,Low,831,133967,56717.28,2024-01-27,VIP,1,0
C91817,Betty,Rodriguez,betty.rodriguez999@gmail.com,AU,N/A,Verified,Low,609,181283,26700.38,2022-05-10,Standard,1,0
C55782,Mary,Walker,mary.walker768@proton.me,IN,N/A,Verified,Critical,849,66216,51410.88,2022-12-29,VIP,1,0
C99372,Emily,White,emily.white917@outlook.com,US,WA,Pending,Medium,790,231829,29576.22,2019-12-09,VIP,0,0
C75531,Anthony,Kim,anthony.kim486@proton.me,US,CA,Rejected,Low,598,184525,7164.85,2023-04-28,Platinum,0,0
C62358,Michelle,Clark,michelle.clark846@yahoo.com,US,PA,Rejected,Low,690,97047,18281.43,2020-05-20,Gold,1,0
C23948,Robert,Williams,robert.williams549@proton.me,SG,N/A,Rejected,Critical,731,83195,26459.05,2024-04-17,Standard,0,0
C84336,Sandra,Williams,sandra.williams717@gmail.com,US,OH,Verified,Medium,572,275003,56117.53,2020-07-21,VIP,1,0
C21544,Joseph,Jones,joseph.jones700@gmail.com,DE,N/A,Under Review,Medium,711,68115,45284.71,2024-06-14,VIP,0,0
C96635,Emily,Torres,emily.torres149@gmail.com,US,OH,Rejected,Medium,763,93744,56462.7,2023-06-11,Platinum,0,0
C90158,Joshua,Chen,joshua.chen150@proton.me,AU,N/A,Verified,Low,825,189606,31705.89,2024-01-10,Gold,0,0
C48269,Lisa,Rossi,lisa.rossi479@proton.me,US,TX,Verified,Low,518,104350,68758.09,2020-12-16,Platinum,0,0
C18367,Anthony,Sharma,anthony.sharma620@outlook.com,AU,N/A,Verified,High,557,29742,41108.51,2022-07-21,VIP,0,0
C23398,Joshua,Johnson,joshua.johnson545@gmail.com,GB,N/A,Verified,Low,516,123338,13029.83,2021-11-21,Standard,0,0
C99518,Robert,Rossi,robert.rossi422@gmail.com,US,CA,Under Review,High,458,67987,69118.69,2020-05-03,Platinum,0,0
C75077,Steven,Flores,steven.flores508@fintechmail.io,CA,N/A,Rejected,Critical,580,82566,41299.99,2021-05-05,Platinum,0,0
C62819,Emily,White,emily.white848@proton.me,US,GA,Rejected,Medium,354,218216,18062.55,2023-12-02,VIP,0,0
C24671,Daniel,Brown,daniel.brown59@fintechmail.io,GB,N/A,Verified,High,488,66334,48863.07,2021-05-29,Gold,0,0
C63464,Thomas,Wilson,thomas.wilson746@outlook.com,US,FL,Verified,Low,501,249895,34894.6,2020-10-15,Standard,1,0
C70032,Michael,Harris,michael.harris979@outlook.com,US,CA,Pending,Low,770,81373,43334.85,2022-03-09,VIP,0,0
C26738,Steven,Walker,steven.walker664@gmail.com,US,NY,Verified,Low,402,181087,51760.19,2023-06-19,VIP,0,0
C68244,Michelle,Hernandez,michelle.hernandez653@fintechmail.io,FR,N/A,Verified,Medium,783,267532,50132.05,2023-04-22,Gold,1,0
C39524,Sarah,Lopez,sarah.lopez76@icloud.com,US,PA,Verified,Medium,367,140550,26673.01,2022-04-11,VIP,0,0
C99675,Emily,Taylor,emily.taylor854@proton.me,US,GA,Rejected,Low,796,216745,53631.67,2024-06-23,Platinum,0,0
C18578,Sandra,Brown,sandra.brown41@gmail.com,FR,N/A,Pending,Low,768,81985,48745.2,2024-11-12,Platinum,0,0
C24094,Elizabeth,Brown,elizabeth.brown303@proton.me,SG,N/A,Under Review,Medium,591,314403,38720.0,2021-12-24,Standard,0,0
C17724,Mark,Hernandez,mark.hernandez939@fintechmail.io,GB,N/A,Verified,Critical,514,244816,46547.11,2023-11-30,Platinum,1,0
C42399,Joshua,Harris,joshua.harris675@gmail.com,US,MI,Under Review,Critical,411,161255,45662.34,2022-06-04,Gold,0,0
C66038,Donna,Martinez,donna.martinez204@fintechmail.io,IN,N/A,Verified,Critical,795,121968,55287.39,2024-04-22,Standard,0,0
C27028,Wei,Tanaka,wei.tanaka180@icloud.com,SG,N/A,Pending,High,398,85713,22014.22,2022-11-18,Gold,1,0
C25869,Michelle,Moore,michelle.moore143@gmail.com,CA,N/A,Verified,Medium,559,236914,21147.73,2024-02-05,Gold,1,0
C73416,Ashley,Gonzalez,ashley.gonzalez708@yahoo.com,SG,N/A,Under Review,Low,489,314906,9696.27,2019-11-21,Gold,0,0
C38678,Yuki,Davis,yuki.davis180@gmail.com,IN,N/A,Verified,Critical,642,303674,52171.36,2024-10-01,Standard,0,0
C37294,Anthony,Patel,anthony.patel988@proton.me,GB,N/A,Under Review,Critical,482,150645,25771.24,2024-10-11,VIP,0,0
C47891,Kimberly,Brown,kimberly.brown113@yahoo.com,FR,N/A,Verified,High,666,138820,55931.35,2022-02-20,Platinum,0,0
C74280,Christopher,Lee,christopher.lee961@yahoo.com,CA,N/A,Rejected,Critical,591,174340,22690.94,2024-08-15,Platinum,1,0
C22533,Jessica,Clark,jessica.clark438@yahoo.com,DE,N/A,Rejected,Medium,645,31843,63599.0,2022-05-16,Silver,0,0
C21345,James,Muller,james.muller67@outlook.com,GB,N/A,Pending,Low,453,170933,14566.35,2020-01-22,Platinum,0,0
C50031,Sandra,Walker,sandra.walker682@gmail.com,US,AZ,Verified,High,542,265675,56095.85,2022-01-19,Standard,0,0
C25524,Michelle,Tanaka,michelle.tanaka131@icloud.com,AU,N/A,Verified,Medium,780,267337,50049.01,2023-05-30,Standard,0,0
C74518,Karen,Lewis,karen.lewis419@yahoo.com,US,OH,Rejected,Low,680,42768,58753.89,2022-12-08,Silver,1,0
C51428,Liam,Anderson,liam.anderson378@proton.me,US,OH,Verified,Medium,587,110410,60669.84,2023-05-18,Gold,0,0
C41648,Andrew,Rossi,andrew.rossi874@gmail.com,IN,N/A,Under Review,Low,812,37568,34587.75,2020-07-01,VIP,0,0
C24938,Mateo,Rossi,mateo.rossi983@yahoo.com,US,WA,Verified,Medium,709,84559,42147.78,2020-01-08,Gold,0,0
C21405,Priya,Jackson,priya.jackson936@proton.me,AU,N/A,Under Review,Low,592,284506,42610.98,2021-08-14,Silver,0,0
C17858,Donna,Lee,donna.lee745@outlook.com,SG,N/A,Verified,Critical,797,25040,20698.59,2021-11-25,Platinum,1,0
C21986,Patricia,Flores,patricia.flores256@fintechmail.io,IN,N/A,Pending,Medium,400,309562,55947.35,2022-05-30,VIP,0,0
C94213,Aarav,Harris,aarav.harris657@icloud.com,IN,N/A,Rejected,Critical,520,60993,39730.82,2020-05-17,Platinum,1,0
C76220,Liam,Lee,liam.lee497@proton.me,SG,N/A,Under Review,High,638,175168,59434.39,2023-12-27,Platinum,1,0
C48117,Joseph,Tanaka,joseph.tanaka472@yahoo.com,AU,N/A,Verified,Medium,362,88247,30976.03,2019-09-19,VIP,1,0
C34733,Donald,Wright,donald.wright859@proton.me,DE,N/A,Pending,Medium,639,54011,36869.42,2020-09-24,Silver,0,1
C73269,Aarav,Patel,aarav.patel276@icloud.com,AU,N/A,Under Review,Critical,526,143198,34928.56,2023-03-01,Standard,0,0
C59901,Donna,White,donna.white418@proton.me,CA,N/A,Verified,Medium,463,63160,16894.25,2022-10-06,Silver,0,0
C68367,Carlos,Dubois,carlos.dubois48@proton.me,GB,N/A,Rejected,Critical,418,146190,4226.85,2019-08-31,VIP,0,0
C41356,Sarah,Silva,sarah.silva931@fintechmail.io,US,VA,Verified,Low,634,29073,34729.84,2022-10-07,Platinum,1,0
C17755,Susan,Johnson,susan.johnson116@gmail.com,FR,N/A,Rejected,Low,719,249282,9433.77,2022-04-20,VIP,1,0
C38074,Aarav,Davis,aarav.davis462@outlook.com,US,CA,Under Review,Low,400,101708,59884.8,2023-04-22,Silver,1,0
C13174,Jessica,Tanaka,jessica.tanaka754@fintechmail.io,US,FL,Pending,High,696,66447,69804.99,2020-11-15,Standard,0,0
C86863,Linda,Muller,linda.muller936@outlook.com,GB,N/A,Verified,Low,716,36147,47775.5,2020-07-02,VIP,0,0
C83014,Emily,Torres,emily.torres132@icloud.com,IN,N/A,Verified,Low,814,309941,63111.59,2020-12-08,Platinum,0,0
C94557,Jennifer,Anderson,jennifer.anderson159@outlook.com,US,VA,Under Review,Critical,645,81090,42119.12,2020-02-13,Platinum,0,1
C46994,Jessica,Muller,jessica.muller133@outlook.com,US,MI,Rejected,Low,,317144,2970.03,2023-01-06,VIP,0,0
C33262,Charles,Torres,charles.torres476@fintechmail.io,IN,N/A,Verified,Low,460,204090,57505.17,2022-07-17,Platinum,1,0
C71538,Emma,Hill,emma.hill135@icloud.com,US,CA,Rejected,Critical,645,37976,27896.82,2024-05-29,Gold,1,0
C93312,Andrew,Lopez,andrew.lopez921@fintechmail.io,DE,N/A,Under Review,Medium,669,286872,20804.29,2023-10-09,Platinum,1,0
C49938,Wei,Hill,wei.hill31@yahoo.com,FR,N/A,Under Review,High,735,52780,52579.82,2024-10-01,Silver,1,0
C52442,Nancy,Silva,nancy.silva423@fintechmail.io,DE,N/A,Rejected,Medium,412,156178,12003.78,2022-07-21,VIP,0,0
C59198,Lisa,Johnson,lisa.johnson835@icloud.com,US,WA,Verified,Medium,697,318406,64550.26,2023-06-19,Standard,0,0
C92622,Donna,Nguyen,donna.nguyen417@gmail.com,FR,N/A,Under Review,Low,805,226581,1684.18,2020-03-03,Standard,0,0
C63673,Margaret,Thomas,margaret.thomas258@gmail.com,IN,N/A,Verified,Critical,557,115196,54256.88,2023-01-21,VIP,1,0
C15636,Ashley,Garcia,ashley.garcia580@yahoo.com,SG,N/A,Verified,Medium,841,248967,61115.76,2020-10-10,Gold,0,1
C78649,Kimberly,Williams,kimberly.williams608@gmail.com,US,FL,Verified,Low,715,68162,769.0,2019-10-06,Platinum,1,0
C61693,Daniel,Scott,daniel.scott794@yahoo.com,US,FL,Rejected,Medium,524,100577,55526.58,2021-01-23,Platinum,1,0
C49059,Jessica,White,jessica.white156@gmail.com,IN,N/A,Rejected,Low,792,111356,71996.14,2021-04-08,Standard,0,0
C55969,Matthew,Robinson,matthew.robinson125@gmail.com,US,WA,Verified,Low,,303701,45239.98,2024-02-19,Platinum,0,0
C76619,Ashley,Johnson,ashley.johnson63@yahoo.com,AU,N/A,Verified,High,553,30574,56935.07,2024-07-28,Silver,1,0
C97766,Michael,Wright,michael.wright418@icloud.com,SG,N/A,Pending,Low,510,144729,48351.88,2020-08-16,Gold,1,0
C80473,David,Scott,david.scott55@gmail.com,IN,N/A,Under Review,Low,456,288969,60758.03,2020-03-20,Gold,0,0
C41550,Daniel,Johnson,daniel.johnson522@fintechmail.io,CA,N/A,Under Review,Low,714,94335,55772.33,2023-06-11,VIP,0,0
C54034,Nancy,Jones,nancy.jones989@outlook.com,IN,N/A,Pending,Low,350,63603,49490.52,2021-01-27,VIP,0,0
C80683,Priya,Rodriguez,priya.rodriguez625@outlook.com,US,PA,Rejected,Low,510,295646,13701.77,2022-12-22,VIP,0,0
C77591,Aarav,Lewis,aarav.lewis338@yahoo.com,DE,N/A,Rejected,Critical,657,238673,46722.85,2023-12-15,Platinum,0,0
C75558,Steven,Harris,steven.harris712@gmail.com,FR,N/A,Rejected,Low,371,164675,59790.73,2022-02-06,Standard,0,0
C32207,Jennifer,Williams,jennifer.williams787@fintechmail.io,US,NY,Pending,Low,472,215182,38488.16,2024-01-10,Silver,0,0
C79792,Karen,Johnson,karen.johnson260@fintechmail.io,DE,N/A,Verified,Medium,466,278072,15566.81,2023-04-16,Silver,0,0
C67899,Matthew,Patel,matthew.patel43@gmail.com,AU,N/A,Verified,Low,586,244292,1751.03,2024-04-04,Platinum,1,0
C95372,Amara,Wright,amara.wright196@icloud.com,FR,N/A,Verified,Medium,656,26743,64434.14,2021-03-02,Silver,1,0
C69392,Lisa,Scott,lisa.scott979@gmail.com,US,NJ,Verified,Medium,714,202068,42360.97,2024-09-22,Gold,0,0
C16234,Paul,Jones,paul.jones894@outlook.com,US,CA,Verified,Medium,690,314692,51794.77,2024-05-03,VIP,0,0
C14273,Wei,Lopez,wei.lopez933@fintechmail.io,FR,N/A,Pending,Medium,394,289656,6588.4,2020-11-27,Platinum,0,0
C37554,Carlos,Williams,carlos.williams519@outlook.com,SG,N/A,Verified,Medium,675,194098,51853.7,2021-10-13,Platinum,1,0
C58004,Aarav,Allen,aarav.allen427@outlook.com,FR,N/A,Verified,Medium,812,118733,47021.21,2020-11-19,Silver,1,0
C83557,Priya,Taylor,priya.taylor172@outlook.com,US,VA,Rejected,Critical,360,55003,8132.69,2022-08-28,Standard,1,0
C17326,Barbara,Dubois,barbara.dubois28@yahoo.com,US,NC,Under Review,Low,782,93191,19679.42,2021-10-25,Platinum,0,0
C27717,Margaret,Wilson,margaret.wilson358@fintechmail.io,US,IL,Rejected,Medium,507,133877,62753.04,2024-08-28,Gold,0,0
C44720,Andrew,Jones,andrew.jones444@yahoo.com,DE,N/A,Verified,Low,392,260462,64799.89,2021-11-02,Silver,0,0
C90940,Sarah,Wilson,sarah.wilson215@gmail.com,IN,N/A,Verified,Critical,568,74037,63440.85,2024-03-19,VIP,0,0
C89355,Jessica,Flores,jessica.flores774@gmail.com,FR,N/A,Rejected,Medium,619,120003,55166.87,2020-04-02,Platinum,0,0
C28690,Mark,Clark,mark.clark962@yahoo.com,US,TX,Rejected,Medium,372,131687,71579.02,2020-03-14,Silver,1,0
C64778,David,Wright,david.wright892@gmail.com,SG,N/A,Pending,Low,,38774,39835.01,2021-02-07,VIP,0,0
C90147,Wei,Jackson,wei.jackson368@gmail.com,AU,N/A,Rejected,Critical,374,306460,74099.78,2021-09-26,Standard,0,0
C27331,Ashley,Allen,ashley.allen249@icloud.com,US,MA,Rejected,Medium,368,192058,7052.45,2022-03-08,Standard,1,0
C49655,Priya,Garcia,priya.garcia173@icloud.com,IN,N/A,Verified,Low,444,68002,5060.87,2023-11-27,Gold,0,0
C26532,Amara,Lopez,amara.lopez283@fintechmail.io,DE,N/A,Verified,Medium,487,304749,60929.39,2022-05-03,Silver,0,0
C14105,Lisa,Hernandez,lisa.hernandez814@fintechmail.io,FR,N/A,Verified,Low,642,82353,27823.3,2023-08-05,Standard,0,0
C77345,Margaret,Hernandez,margaret.hernandez196@yahoo.com,FR,N/A,Verified,Low,723,284425,4958.67,2021-12-16,Platinum,0,0
C16514,Karen,Gonzalez,karen.gonzalez147@proton.me,GB,N/A,Verified,Low,366,287231,49493.64,2022-04-29,Silver,1,0
C63744,Andrew,Nguyen,andrew.nguyen373@proton.me,AU,N/A,Rejected,Low,699,48208,47698.05,2021-03-05,Silver,0,0
C81099,Jennifer,Moore,jennifer.moore937@proton.me,CA,N/A,Verified,Low,841,220079,56344.82,2024-08-28,Gold,0,0
C24531,Wei,Thomas,wei.thomas52@icloud.com,US,NY,Verified,Medium,433,34911,56222.56,2023-06-27,Platinum,1,0
C12656,Priya,Kim,priya.kim831@outlook.com,GB,N/A,Under Review,Low,472,227138,62560.43,2019-10-11,VIP,0,0
C34942,Sandra,Nguyen,sandra.nguyen908@gmail.com,CA,N/A,Verified,Medium,497,120349,42563.09,2019-09-08,Gold,1,0
C24335,Anthony,Walker,anthony.walker534@gmail.com,AU,N/A,Pending,Medium,612,117771,44651.74,2023-05-18,Gold,0,0
C28144,Carlos,Walker,carlos.walker414@gmail.com,DE,N/A,Pending,Medium,800,170834,74952.45,2023-06-25,Platinum,0,0
C54647,Susan,Taylor,susan.taylor146@gmail.com,US,PA,Rejected,High,351,303678,59666.15,2022-12-15,Platinum,0,0
C49541,Mary,Jones,mary.jones229@yahoo.com,US,NY,Pending,Critical,710,119412,69016.18,2020-11-26,Platinum,0,0
C34143,Susan,Muller,susan.muller709@outlook.com,AU,N/A,Under Review,Low,722,58724,68016.95,2023-07-24,Platinum,0,0
C34946,Liam,Scott,liam.scott259@fintechmail.io,DE,N/A,Verified,High,520,298501,28571.36,2022-07-15,Standard,1,0
C91593,David,Robinson,david.robinson416@icloud.com,DE,N/A,Verified,High,665,67793,70618.32,2022-11-30,Silver,0,0
C45999,Michelle,Williams,michelle.williams446@proton.me,FR,N/A,Verified,Medium,471,73482,53240.38,2021-02-03,Silver,1,0
C61960,James,King,james.king657@gmail.com,US,NY,Verified,Critical,842,157277,3339.33,2024-03-12,Platinum,0,0
C72346,Emma,Lopez,emma.lopez23@proton.me,IN,N/A,Verified,Low,524,171351,6133.2,2023-07-16,Silver,0,0
C20549,Mark,Gonzalez,mark.gonzalez634@icloud.com,US,NC,Verified,Medium,767,293562,73790.57,2022-01-19,Silver,0,0
C37030,Patricia,Thomas,patricia.thomas996@yahoo.com,AU,N/A,Verified,Critical,779,215259,16689.81,2023-07-18,Platinum,1,0
C29891,James,Nguyen,james.nguyen510@outlook.com,IN,N/A,Under Review,Critical,570,213209,19620.05,2022-12-25,VIP,1,0
C76087,Daniel,Jones,daniel.jones284@icloud.com,FR,N/A,Under Review,Medium,707,114825,24998.21,2021-04-19,Silver,0,0
C25935,Joseph,Allen,joseph.allen578@outlook.com,US,PA,Under Review,Low,471,293859,23118.34,2021-07-25,VIP,0,0
C35645,Thomas,Johnson,thomas.johnson123@yahoo.com,FR,N/A,Verified,Medium,728,161197,54614.94,2024-11-24,Silver,1,0
C66306,Michelle,Jones,michelle.jones382@fintechmail.io,US,NC,Pending,Critical,,235027,26358.36,2024-08-13,VIP,0,0
C83663,Emma,King,emma.king226@outlook.com,FR,N/A,Verified,Critical,707,172984,2497.04,2023-06-11,Gold,1,0
C30240,Emma,Allen,emma.allen912@proton.me,IN,N/A,Pending,High,448,300033,37679.14,2019-07-20,Silver,1,0
C38878,Paul,Brown,paul.brown868@yahoo.com,GB,N/A,Verified,High,367,221350,51904.11,2024-05-31,Platinum,0,0
C10223,Daniel,Scott,daniel.scott390@outlook.com,US,GA,Verified,Low,589,301875,74067.42,2021-01-09,Platinum,0,0
C40976,Thomas,King,thomas.king618@fintechmail.io,US,MI,Pending,Medium,804,309513,43106.24,2024-05-29,Gold,1,0
C26756,Elizabeth,Garcia,elizabeth.garcia173@fintechmail.io,CA,N/A,Verified,Critical,777,314083,65691.06,2023-04-01,Gold,0,0
C93701,Christopher,Smith,christopher.smith413@outlook.com,CA,N/A,Verified,Medium,640,237367,41931.16,2023-10-15,VIP,1,0
C28647,Daniel,Rossi,daniel.rossi802@outlook.com,AU,N/A,Under Review,Medium,555,255434,3477.59,2020-04-08,Platinum,0,0
C81891,Joseph,Lewis,joseph.lewis573@icloud.com,DE,N/A,Verified,Low,655,276731,21012.43,2020-10-22,Platinum,0,0
C33561,James,Smith,james.smith962@fintechmail.io,DE,N/A,Pending,High,550,47229,70903.53,2022-01-31,Platinum,1,0
C79687,Nancy,Harris,nancy.harris423@icloud.com,DE,N/A,Verified,High,719,255317,28364.42,2022-05-24,Standard,0,0
C73132,Sandra,Nguyen,sandra.nguyen344@proton.me,CA,N/A,Verified,High,689,101064,5662.24,2023-10-03,Silver,0,0
C16776,Richard,Dubois,richard.dubois944@icloud.com,US,OH,Under Review,Medium,589,87853,48445.58,2020-12-22,Standard,0,0
C22609,Joshua,Moore,joshua.moore752@proton.me,SG,N/A,Under Review,High,751,262867,59640.94,2020-10-18,Silver,1,0
C57715,Robert,Muller,robert.muller513@fintechmail.io,US,OH,Verified,Low,567,233248,11108.09,2020-11-16,VIP,1,0
C71430,Joshua,Lee,joshua.lee541@gmail.com,US,IL,Pending,Low,784,47916,32355.63,2021-07-21,Platinum,1,0
C59938,John,Perez,john.perez139@icloud.com,FR,N/A,Pending,High,724,151057,59986.22,2024-02-19,Standard,0,0
C37951,Nancy,Clark,nancy.clark354@proton.me,FR,N/A,Pending,Medium,720,193616,12826.73,2022-08-06,Silver,1,0
C34430,Wei,Muller,wei.muller586@outlook.com,CA,N/A,Pending,Low,558,305900,66013.32,2023-09-17,Platinum,0,0
C95341,Kimberly,Rodriguez,kimberly.rodriguez70@fintechmail.io,FR,N/A,Rejected,Medium,392,198043,39722.8,2023-02-24,VIP,0,0
C93395,Elizabeth,Allen,elizabeth.allen154@proton.me,US,MA,Verified,Low,397,184464,26883.32,2022-08-08,Platinum,0,0
C57690,Robert,Wilson,robert.wilson513@icloud.com,GB,N/A,Verified,Critical,629,182624,73014.98,2023-03-21,Platinum,0,0
C84781,Joseph,Patel,joseph.patel254@gmail.com,CA,N/A,Verified,Low,758,163177,52386.25,2023-07-09,Gold,0,0
C67575,Priya,Gonzalez,priya.gonzalez688@proton.me,FR,N/A,Under Review,Critical,842,314606,64910.4,2023-04-23,Gold,0,0
C44349,Thomas,Rossi,thomas.rossi799@outlook.com,FR,N/A,Under Review,High,549,319882,52792.93,2020-04-15,VIP,1,0
C15416,Margaret,Clark,margaret.clark447@fintechmail.io,US,PA,Verified,Low,850,160741,35515.44,2022-09-07,Standard,0,0
C52725,Yuki,Young,yuki.young406@gmail.com,AU,N/A,Verified,Critical,,305570,43282.29,2021-04-13,Standard,0,0
C33892,Donna,Flores,donna.flores831@fintechmail.io,US,WA,Verified,Low,521,137795,41317.86,2024-09-16,VIP,1,0
C36479,William,Young,william.young556@yahoo.com,GB,N/A,Under Review,High,796,27101,34329.07,2021-10-05,Gold,0,0
C66281,Nancy,Hill,nancy.hill623@icloud.com,SG,N/A,Verified,Critical,821,137999,54276.14,2023-04-25,Platinum,0,0
C20934,Matthew,Jones,matthew.jones447@outlook.com,US,NJ,Pending,Low,681,124445,28419.11,2023-11-24,Platinum,0,0
C87751,Barbara,White,barbara.white888@proton.me,US,AZ,Pending,Critical,604,176930,8070.79,2022-08-24,Standard,0,0
C66754,Christopher,Kim,christopher.kim732@fintechmail.io,DE,N/A,Verified,Medium,729,141004,21774.98,2024-03-02,Silver,1,0
C54083,Emily,Johnson,emily.johnson401@yahoo.com,AU,N/A,Verified,Medium,621,44150,50110.64,2021-05-13,Silver,0,0
C99123,Betty,Wright,betty.wright496@fintechmail.io,FR,N/A,Verified,High,715,248630,10673.89,2023-04-20,Standard,1,0
C81593,Sarah,Patel,sarah.patel857@yahoo.com,US,WA,Verified,High,574,106581,26819.81,2023-12-17,Silver,1,0
C28500,Charles,Kim,charles.kim453@gmail.com,SG,N/A,Verified,High,419,240510,47298.38,2019-10-12,Gold,0,0
C79934,Mateo,Martin,mateo.martin186@outlook.com,US,WA,Verified,Critical,452,296357,69555.76,2019-11-08,Gold,0,0
C88461,Sofia,Hill,sofia.hill624@proton.me,AU,N/A,Under Review,Critical,591,162920,16175.47,2024-09-02,Platinum,0,0
C38147,Lisa,Jones,lisa.jones681@outlook.com,SG,N/A,Rejected,Medium,704,226047,40327.09,2019-11-28,Standard,0,0
C89734,Paul,Clark,paul.clark169@proton.me,FR,N/A,Pending,High,454,217347,24540.41,2023-11-09,Standard,0,0
C95961,Matthew,Jones,matthew.jones364@yahoo.com,US,PA,Verified,High,563,260547,3859.05,2022-01-18,Platinum,0,0
C37363,Liam,Nguyen,liam.nguyen405@fintechmail.io,DE,N/A,Verified,Low,596,285404,57354.35,2021-04-21,Silver,1,0
C81913,Steven,Nguyen,steven.nguyen855@outlook.com,IN,N/A,Under Review,Low,813,299791,56532.9,2019-12-29,Gold,1,0
C63803,Carlos,Allen,carlos.allen565@yahoo.com,CA,N/A,Verified,Medium,633,274683,25738.33,2020-09-05,Standard,0,0
C35752,Lisa,Muller,lisa.muller59@outlook.com,GB,N/A,Pending,Low,435,65728,74127.42,2023-08-15,Platinum,0,0
C15256,Joshua,Rodriguez,joshua.rodriguez250@icloud.com,SG,N/A,Rejected,Critical,801,237708,56185.53,2023-08-23,Platinum,0,0
C72772,Anthony,Tanaka,anthony.tanaka972@fintechmail.io,US,AZ,Verified,Low,539,37790,14614.4,2022-03-24,Silver,0,0
C95803,Charles,Moore,charles.moore76@outlook.com,GB,N/A,Verified,Medium,608,126291,29814.41,2022-07-25,Silver,0,0
C26654,Donna,Jones,donna.jones642@gmail.com,US,GA,Rejected,Low,795,199668,50677.71,2022-12-29,Gold,1,0
C60992,Thomas,Davis,thomas.davis572@icloud.com,DE,N/A,Verified,Low,623,54709,13902.63,2024-11-17,Standard,0,0
C18624,Lisa,Flores,lisa.flores465@proton.me,AU,N/A,Pending,Medium,707,296287,41696.57,2023-06-02,Standard,0,0
C63973,Elizabeth,Ramirez,elizabeth.ramirez665@icloud.com,US,AZ,Verified,High,837,93252,28461.28,2022-05-30,Standard,0,0
C85882,Karen,Nguyen,karen.nguyen763@yahoo.com,US,GA,Pending,Medium,425,95974,13240.77,2021-12-03,Platinum,0,0
C93985,Matthew,Gonzalez,matthew.gonzalez560@proton.me,IN,N/A,Verified,Critical,711,210785,70640.3,2024-08-26,VIP,0,0
C12209,Carlos,Allen,carlos.allen968@yahoo.com,US,WA,Rejected,Critical,550,233722,61289.18,2021-04-01,VIP,0,0
C65585,Thomas,Rodriguez,thomas.rodriguez296@gmail.com,AU,N/A,Verified,High,517,54372,47085.02,2024-03-02,Platinum,0,0
C22255,Sarah,Anderson,sarah.anderson57@outlook.com,GB,N/A,Verified,Low,827,221105,39138.28,2021-01-03,Standard,0,0
C43501,Anthony,Patel,anthony.patel605@gmail.com,IN,N/A,Verified,Medium,668,76073,70579.12,2021-09-14,VIP,0,0
C86239,Joshua,Hill,joshua.hill396@icloud.com,US,CA,Verified,Medium,762,313804,12495.08,2022-08-19,Gold,0,0
C87789,Andrew,Davis,andrew.davis691@yahoo.com,CA,N/A,Verified,Low,747,307798,60175.73,2023-07-21,Standard,0,0
C32286,Steven,Lewis,steven.lewis951@gmail.com,AU,N/A,Pending,High,681,285070,35098.04,2021-03-19,VIP,0,0
C29137,Robert,Nguyen,robert.nguyen679@yahoo.com,GB,N/A,Under Review,High,468,194101,41867.91,2024-08-28,VIP,0,0
C40273,Anthony,Thomas,anthony.thomas410@proton.me,AU,N/A,Under Review,Medium,670,209203,14714.21,2021-05-10,Standard,1,0
C38404,Joseph,Rossi,joseph.rossi727@yahoo.com,US,FL,Verified,Low,429,271342,46420.69,2020-11-05,Standard,0,0
C87828,Robert,Sanchez,robert.sanchez726@gmail.com,CA,N/A,Verified,High,586,43305,15034.41,2024-10-31,Silver,1,0
C79497,Steven,Nguyen,steven.nguyen335@yahoo.com,SG,N/A,Verified,High,779,117776,7043.7,2022-09-13,Silver,0,0
C54211,Linda,Hernandez,linda.hernandez645@gmail.com,US,AZ,Rejected,Medium,,251721,46549.56,2020-01-15,Platinum,0,0
C47348,Robert,Muller,robert.muller423@fintechmail.io,SG,N/A,Pending,Low,636,81340,33926.79,2024-04-29,Platinum,0,0
C14399,Andrew,Clark,andrew.clark519@proton.me,CA,N/A,Pending,Low,596,136912,59918.38,2021-03-24,Silver,1,0
C86825,Mary,Flores,mary.flores11@fintechmail.io,IN,N/A,Verified,Low,484,111943,45237.33,2023-10-19,Platinum,1,0
C86555,Christopher,Jones,christopher.jones206@outlook.com,AU,N/A,Verified,High,775,34601,53221.19,2021-02-09,Standard,0,0
C17629,Jennifer,Ramirez,jennifer.ramirez207@outlook.com,SG,N/A,Pending,Low,610,121850,33073.5,2022-10-25,Silver,1,0
C59829,Patricia,Thomas,patricia.thomas825@icloud.com,US,MA,Under Review,Low,518,107354,45143.53,2023-05-12,Platinum,0,0
C69043,Kimberly,Wright,kimberly.wright893@yahoo.com,AU,N/A,Verified,Low,527,139321,37811.65,2019-11-02,Standard,0,0
C83042,Amara,Smith,amara.smith847@fintechmail.io,SG,N/A,Rejected,Medium,821,193776,2378.54,2023-05-23,VIP,1,0
C98086,Ashley,Brown,ashley.brown432@yahoo.com,US,AZ,Under Review,Low,578,179400,54757.14,2020-06-12,Platinum,0,0
C66964,David,Miller,david.miller20@proton.me,IN,N/A,Under Review,Medium,592,23174,56436.25,2021-05-14,VIP,1,0
C45784,David,Wright,david.wright665@yahoo.com,US,WA,Pending,Medium,742,232877,37618.84,2024-10-26,Standard,1,0
C85338,Steven,Lewis,steven.lewis490@outlook.com,US,CA,Pending,Low,,83924,69633.12,2021-08-03,Silver,0,0
C35583,Ashley,Flores,ashley.flores352@fintechmail.io,FR,N/A,Verified,Critical,550,134360,31427.9,2023-06-01,VIP,0,0
C18060,Ashley,Wilson,ashley.wilson605@proton.me,US,TX,Verified,Medium,766,226607,64358.31,2020-02-02,VIP,1,0
C65958,Sandra,Brown,sandra.brown462@icloud.com,DE,N/A,Verified,Low,520,116062,73983.4,2024-03-23,VIP,0,0
C55775,Emily,Walker,emily.walker221@icloud.com,GB,N/A,Verified,Medium,392,42349,38740.66,2022-11-19,Gold,0,0
C28859,Mateo,Thomas,mateo.thomas41@outlook.com,SG,N/A,Verified,Critical,577,122511,34196.64,2023-08-17,Silver,1,0
C25986,Charles,Scott,charles.scott386@gmail.com,CA,N/A,Verified,Low,382,173040,23343.53,2022-11-13,VIP,0,0
C76627,James,Davis,james.davis148@proton.me,US,MI,Pending,Low,747,68062,23534.52,2022-03-30,Standard,0,0
C73607,Amara,Rossi,amara.rossi73@proton.me,IN,N/A,Under Review,Low,361,177689,43354.17,2019-11-11,Platinum,0,0
C52285,Linda,Patel,linda.patel816@fintechmail.io,SG,N/A,Under Review,Low,367,274847,8499.46,2020-03-01,Platinum,0,0
C97124,Wei,Clark,wei.clark15@yahoo.com,SG,N/A,Verified,Critical,818,85251,52151.2,2022-03-25,VIP,0,0
C43116,Kimberly,Sanchez,kimberly.sanchez280@yahoo.com,US,MA,Pending,High,694,214250,37705.32,2020-07-07,Silver,0,0
C85196,Jennifer,Sharma,jennifer.sharma656@fintechmail.io,US,MA,Verified,High,406,127854,67233.01,2022-06-29,Platinum,0,0
C65706,Wei,Chen,wei.chen744@proton.me,US,NJ,Verified,Low,709,192996,4463.29,2022-04-01,VIP,0,0
C35090,Amara,Tanaka,amara.tanaka533@icloud.com,DE,N/A,Under Review,Low,437,257125,63474.55,2022-08-04,VIP,0,0
C62228,Wei,Flores,wei.flores71@gmail.com,US,FL,Verified,High,743,163264,51240.69,2019-08-04,Platinum,0,0
C20448,Steven,Ramirez,steven.ramirez162@icloud.com,US,FL,Verified,Low,554,230916,17792.76,2019-07-24,Gold,1,0
C93498,Aarav,Kim,aarav.kim781@gmail.com,US,GA,Rejected,Critical,695,114244,10070.86,2021-09-18,VIP,1,0
C55879,John,Anderson,john.anderson961@gmail.com,CA,N/A,Pending,Medium,647,23440,21596.57,2020-11-05,Standard,0,0
C84932,Michelle,Thomas,michelle.thomas87@outlook.com,FR,N/A,Verified,Low,379,77086,50845.42,2019-10-18,Gold,0,0
C43715,Matthew,Chen,matthew.chen196@yahoo.com,AU,N/A,Rejected,Low,796,282050,22298.77,2021-02-01,VIP,1,0
C81240,Michael,Robinson,michael.robinson551@icloud.com,FR,N/A,Under Review,Low,510,168916,60772.12,2023-02-03,Silver,0,1
C13614,Emma,Young,emma.young679@outlook.com,US,MI,Verified,Critical,390,104197,70084.12,2023-06-16,Gold,1,0
C82337,Anthony,White,anthony.white70@icloud.com,US,OH,Pending,High,719,230804,73844.44,2021-10-07,Standard,0,0
C73925,Susan,Davis,susan.davis468@outlook.com,CA,N/A,Pending,Low,385,177788,59347.94,2020-04-20,Platinum,1,0
C85101,Thomas,Ramirez,thomas.ramirez726@outlook.com,IN,N/A,Verified,Medium,696,38257,45063.51,2021-05-15,Silver,0,0
C26925,Priya,Allen,priya.allen673@outlook.com,DE,N/A,Under Review,Low,416,134563,38057.31,2024-06-20,Silver,0,0
C29081,William,Taylor,william.taylor839@fintechmail.io,US,TX,Pending,Medium,503,119367,62100.0,2023-08-18,Silver,0,0
C55532,Aarav,Thomas,aarav.thomas46@icloud.com,GB,N/A,Pending,High,432,155252,51841.42,2020-09-07,Standard,0,0
C79610,Wei,Silva,wei.silva428@yahoo.com,US,OH,Pending,Critical,595,292721,15684.29,2023-05-27,Silver,1,0
C84249,Sarah,Tanaka,sarah.tanaka616@outlook.com,US,GA,Rejected,Medium,369,77266,50604.97,2022-05-05,Gold,0,0
C76060,Michael,Ramirez,michael.ramirez731@outlook.com,IN,N/A,Verified,Low,845,285664,60885.41,2019-11-17,Gold,0,0
C44065,Aarav,Hernandez,aarav.hernandez544@proton.me,US,MI,Verified,Low,734,69258,66248.39,2020-12-13,Standard,0,0
C51855,Carlos,King,carlos.king403@proton.me,SG,N/A,Verified,High,424,280620,68132.83,2022-10-24,Platinum,0,0
C12397,Andrew,Williams,andrew.williams272@gmail.com,US,FL,Under Review,Low,589,231568,63841.69,2024-08-13,VIP,0,0
C51070,Charles,Tanaka,charles.tanaka748@yahoo.com,US,NY,Verified,Low,524,153470,27169.01,2024-10-20,Standard,0,0
C30247,Liam,Jones,liam.jones105@fintechmail.io,FR,N/A,Verified,Medium,740,56269,57030.52,2021-05-05,Gold,0,0
C73395,Priya,Rossi,priya.rossi431@icloud.com,CA,N/A,Verified,High,355,68848,27335.17,2024-05-08,VIP,0,0
C91177,Christopher,Moore,christopher.moore846@gmail.com,DE,N/A,Pending,Medium,767,56737,3970.67,2022-12-21,Standard,0,0
C62327,Aarav,King,aarav.king144@fintechmail.io,FR,N/A,Verified,Medium,441,175039,37133.65,2022-08-21,Gold,0,0
C23677,Joseph,Harris,joseph.harris703@icloud.com,SG,N/A,Pending,Medium,846,295529,1432.47,2021-07-26,Gold,0,0
C83118,Joshua,Brown,joshua.brown455@outlook.com,US,OH,Pending,Low,630,95453,26811.15,2021-05-24,Standard,1,0
C23297,Amara,Miller,amara.miller486@fintechmail.io,AU,N/A,Verified,Low,690,282463,56683.14,2024-10-22,VIP,0,0
C86163,Sofia,Brown,sofia.brown202@icloud.com,GB,N/A,Verified,Medium,658,34544,29800.7,2022-02-06,Standard,0,0
C34471,Christopher,Lewis,christopher.lewis851@fintechmail.io,DE,N/A,Verified,Medium,582,142414,4303.0,2020-02-09,Gold,0,0
C55214,Jessica,Martin,jessica.martin17@fintechmail.io,US,TX,Verified,Medium,695,144542,18111.81,2024-10-31,Silver,0,0
C92817,Lisa,Perez,lisa.perez622@fintechmail.io,FR,N/A,Verified,Low,790,189550,28962.84,2020-09-28,Platinum,1,0
C88953,Jennifer,Scott,jennifer.scott591@yahoo.com,SG,N/A,Rejected,Medium,495,110025,39277.85,2020-02-24,Platinum,0,0
C55025,Mary,Scott,mary.scott971@yahoo.com,AU,N/A,Verified,Critical,358,92897,21201.55,2021-01-10,Standard,1,0
C38564,Joseph,Brown,joseph.brown548@gmail.com,US,VA,Rejected,Low,356,106386,55656.1,2022-07-23,Gold,0,0
C92434,Anthony,Kim,anthony.kim486@fintechmail.io,US,AZ,Rejected,Low,750,79657,33384.75,2022-04-25,Silver,0,0
C41715,James,Dubois,james.dubois993@yahoo.com,FR,N/A,Pending,Medium,495,238232,57040.45,2020-05-23,Silver,1,0
C54355,James,Jackson,james.jackson79@icloud.com,CA,N/A,Under Review,Medium,835,112383,13253.42,2023-06-14,Gold,1,0
C54771,Barbara,Silva,barbara.silva994@outlook.com,CA,N/A,Verified,High,776,63275,55951.3,2022-07-23,Standard,0,0
C76605,Michelle,Patel,michelle.patel312@icloud.com,GB,N/A,Verified,Low,663,266760,54679.85,2020-01-22,VIP,0,0
C74148,Margaret,Garcia,margaret.garcia212@outlook.com,SG,N/A,Verified,Critical,667,189379,63764.05,2024-09-16,Silver,0,0
C57107,Jessica,Allen,jessica.allen310@yahoo.com,AU,N/A,Rejected,Low,512,138051,16177.34,2023-12-18,VIP,0,0
C96380,Sarah,Silva,sarah.silva993@yahoo.com,US,TX,Verified,Low,769,264031,66139.92,2023-01-31,Platinum,1,0
C83512,Emma,Lopez,emma.lopez855@outlook.com,US,WA,Verified,Critical,424,164831,5836.27,2022-06-08,Gold,0,0
C38489,Andrew,Lewis,andrew.lewis545@proton.me,DE,N/A,Pending,Low,391,157775,8637.97,2024-11-29,Gold,0,0
C95186,Donald,Torres,donald.torres70@fintechmail.io,US,TX,Verified,Low,736,269469,1098.37,2022-03-24,Silver,1,0
C95475,Nancy,Brown,nancy.brown450@gmail.com,US,NY,Pending,Critical,411,317983,67296.56,2023-06-04,Standard,0,0
C86665,Mark,Rodriguez,mark.rodriguez180@icloud.com,IN,N/A,Rejected,Medium,372,156843,35614.98,2024-02-19,Silver,0,0
C34508,Kimberly,Wright,kimberly.wright474@outlook.com,SG,N/A,Rejected,Low,755,131814,35130.08,2023-11-27,VIP,0,0
C86511,Joseph,Rossi,joseph.rossi179@outlook.com,US,MA,Verified,Low,549,306842,17804.13,2024-11-28,Silver,0,0
C54979,Paul,Tanaka,paul.tanaka915@yahoo.com,FR,N/A,Verified,High,405,83985,38130.28,2022-03-16,Silver,0,0
C99084,Richard,Kim,richard.kim254@gmail.com,US,MI,Verified,Medium,420,38207,55093.87,2022-11-12,Standard,0,0
C71459,Sofia,Gonzalez,sofia.gonzalez882@gmail.com,US,WA,Rejected,Medium,438,136953,17456.36,2019-11-24,Standard,1,0
C16831,Elizabeth,Robinson,elizabeth.robinson565@proton.me,SG,N/A,Under Review,Low,554,146783,4480.02,2023-10-20,Gold,1,0
C90979,Amara,Robinson,amara.robinson723@gmail.com,US,GA,Verified,Low,822,84377,45282.72,2024-07-04,VIP,0,0
C52379,Jennifer,Sharma,jennifer.sharma113@proton.me,AU,N/A,Verified,Low,750,217949,22047.29,2023-11-15,VIP,0,0
C79598,Andrew,Martin,andrew.martin844@outlook.com,US,CA,Verified,Medium,426,60984,50172.13,2021-03-21,Silver,0,0
C56687,John,Hernandez,john.hernandez77@icloud.com,US,MI,Pending,Low,589,139224,2124.74,2020-04-14,Standard,0,0
C62531,Liam,Perez,liam.perez287@yahoo.com,CA,N/A,Verified,High,667,150915,46222.0,2022-07-05,Platinum,1,0
C58367,Jennifer,Scott,jennifer.scott727@outlook.com,AU,N/A,Verified,Critical,600,312550,35450.79,2023-08-06,VIP,0,0
C97755,Mark,Robinson,mark.robinson844@proton.me,FR,N/A,Pending,High,836,68818,28916.82,2023-10-05,VIP,0,0
C83186,Robert,Allen,robert.allen84@fintechmail.io,SG,N/A,Rejected,High,469,318420,61105.93,2019-09-17,Standard,1,0
C58289,Priya,Patel,priya.patel720@outlook.com,US,TX,Pending,High,,259059,20595.8,2020-07-26,Gold,1,0
C49118,Betty,Patel,betty.patel304@outlook.com,AU,N/A,Verified,Medium,570,186918,64770.91,2023-02-06,Standard,0,0
C19515,Joseph,Muller,joseph.muller806@gmail.com,IN,N/A,Verified,Critical,719,143905,24754.37,2021-02-07,Platinum,0,0
C58671,Priya,Moore,priya.moore903@yahoo.com,SG,N/A,Verified,Low,743,292567,71537.24,2020-06-07,Gold,1,0
C40128,Liam,Dubois,liam.dubois613@yahoo.com,US,OH,Verified,Low,377,62182,59754.44,2020-02-19,Standard,1,0
C30645,Barbara,Clark,barbara.clark142@fintechmail.io,GB,N/A,Verified,High,359,249452,60314.19,2020-10-29,VIP,1,0
C30577,John,Dubois,john.dubois287@gmail.com,FR,N/A,Verified,High,402,110964,60542.76,2021-01-14,VIP,0,0
C90119,Jennifer,Moore,jennifer.moore159@gmail.com,US,NC,Rejected,Low,708,190022,63956.55,2023-01-20,Standard,0,0
C45817,Emily,Muller,emily.muller558@gmail.com,DE,N/A,Verified,High,483,291176,30610.5,2022-08-07,Standard,0,0
C25455,Lisa,Flores,lisa.flores755@outlook.com,CA,N/A,Pending,Critical,622,165134,74184.42,2022-12-09,VIP,1,0
C75602,Linda,Davis,linda.davis103@outlook.com,IN,N/A,Pending,Low,360,258829,74742.46,2022-08-06,Platinum,0,0
C75194,Charles,Clark,charles.clark670@outlook.com,FR,N/A,Verified,Medium,403,261198,47986.87,2023-05-31,VIP,0,0
C81460,James,Nguyen,james.nguyen903@proton.me,CA,N/A,Pending,Critical,508,144174,63171.69,2024-03-24,Gold,0,0
C56631,Ashley,Walker,ashley.walker135@outlook.com,FR,N/A,Rejected,Low,786,137995,21517.08,2020-02-19,Gold,1,0
C83352,Liam,Wilson,liam.wilson544@gmail.com,FR,N/A,Verified,Low,666,202850,33004.66,2019-12-06,Platinum,1,0
C50474,Mary,Tanaka,mary.tanaka970@proton.me,GB,N/A,Under Review,Medium,647,75770,32739.9,2020-08-25,VIP,0,0
C83198,Donna,Ramirez,donna.ramirez32@fintechmail.io,GB,N/A,Under Review,Medium,475,135303,24066.72,2024-02-28,Silver,1,0
C79047,Susan,Lewis,susan.lewis976@yahoo.com,IN,N/A,Verified,Medium,420,311395,63760.86,2022-10-20,Platinum,0,0
C50556,David,Muller,david.muller853@gmail.com,GB,N/A,Verified,Medium,712,305136,22707.95,2021-04-17,Platinum,1,0
C82739,Betty,Taylor,betty.taylor24@proton.me,AU,N/A,Pending,Low,758,93855,58578.96,2021-08-11,Standard,0,0
C83325,Aarav,Gonzalez,aarav.gonzalez959@outlook.com,GB,N/A,Verified,Critical,587,154009,20245.88,2020-12-07,Gold,1,0
C87447,William,Walker,william.walker975@icloud.com,GB,N/A,Under Review,Medium,360,31209,69582.15,2024-10-19,VIP,0,0
C76463,Mateo,Rodriguez,mateo.rodriguez43@outlook.com,DE,N/A,Verified,Low,588,230161,43329.43,2020-08-23,Platinum,0,0
C43512,Andrew,Wilson,andrew.wilson828@fintechmail.io,US,VA,Pending,Low,652,307317,33918.97,2021-08-21,Gold,0,0
C73780,Michael,Thompson,michael.thompson377@icloud.com,US,IL,Rejected,Low,815,134953,53129.05,2020-03-19,Standard,0,0
C68628,James,Rossi,james.rossi735@fintechmail.io,US,NY,Verified,Medium,602,166298,4503.24,2023-12-15,Platinum,0,0
C84331,Liam,Lopez,liam.lopez113@proton.me,DE,N/A,Rejected,Low,657,99263,8065.86,2021-04-15,Silver,0,0
C85037,Wei,Dubois,wei.dubois94@fintechmail.io,FR,N/A,Under Review,Critical,375,185528,39204.66,2019-12-04,Gold,0,0
C41421,Jessica,Rodriguez,jessica.rodriguez581@outlook.com,US,MI,Verified,Medium,615,244765,39044.53,2023-11-19,Silver,0,0
C92734,Liam,Young,liam.young211@yahoo.com,AU,N/A,Verified,High,,112640,37279.15,2021-04-28,Silver,0,0
C12567,David,Nguyen,david.nguyen326@proton.me,US,WA,Rejected,Medium,392,152556,24947.51,2022-10-18,VIP,1,0
C18249,Paul,Muller,paul.muller548@outlook.com,CA,N/A,Verified,High,551,198708,49433.93,2020-06-20,Standard,0,0
C11393,John,Flores,john.flores512@yahoo.com,DE,N/A,Verified,Low,406,51556,54675.67,2023-02-20,Standard,0,0
C77339,Linda,Williams,linda.williams718@fintechmail.io,FR,N/A,Under Review,Low,764,58470,67015.01,2019-12-18,Standard,0,0
C90901,Kimberly,Torres,kimberly.torres337@yahoo.com,DE,N/A,Verified,Critical,586,55238,34961.19,2021-09-25,Standard,0,0
C30620,Sarah,Dubois,sarah.dubois377@gmail.com,FR,N/A,Rejected,Medium,502,65301,52047.98,2024-08-01,VIP,0,0
C49875,Sofia,Rossi,sofia.rossi136@outlook.com,SG,N/A,Under Review,Medium,512,71260,47722.79,2020-02-24,Platinum,1,0
C58166,Joseph,Dubois,joseph.dubois133@yahoo.com,GB,N/A,Pending,Low,640,113318,71636.9,2020-10-24,VIP,1,0
C70511,David,Garcia,david.garcia52@gmail.com,GB,N/A,Pending,Critical,,24884,30395.72,2024-04-11,Silver,1,0
C58365,Betty,Hill,betty.hill397@yahoo.com,US,OH,Rejected,Medium,710,198214,20335.71,2019-08-21,Standard,0,0
C62881,Priya,Martinez,priya.martinez915@outlook.com,GB,N/A,Verified,Critical,685,257346,74825.89,2024-06-30,Platinum,0,0
C11604,Elizabeth,Thompson,elizabeth.thompson755@gmail.com,US,NJ,Verified,Low,452,63936,66050.07,2024-03-13,Gold,0,0
C23186,Linda,Martinez,linda.martinez309@outlook.com,CA,N/A,Verified,Medium,756,315452,44756.02,2021-02-21,Platinum,0,0
C36272,Donald,Moore,donald.moore416@icloud.com,IN,N/A,Rejected,Low,536,60187,19716.43,2022-11-07,Platinum,0,0
C21968,Steven,Garcia,steven.garcia381@outlook.com,AU,N/A,Rejected,Medium,666,131509,25269.41,2023-10-02,Platinum,0,0
C52271,Jessica,Martin,jessica.martin834@icloud.com,AU,N/A,Verified,Low,744,236899,40634.03,2020-11-20,Standard,0,0
C42248,Andrew,Lopez,andrew.lopez742@proton.me,US,TX,Verified,Medium,618,149118,236.43,2022-12-14,Standard,0,0
C88583,Andrew,Rodriguez,andrew.rodriguez501@gmail.com,IN,N/A,Verified,Medium,832,53685,62239.5,2020-10-08,Standard,0,0
C27274,Mark,Perez,mark.perez220@proton.me,SG,N/A,Verified,Critical,800,291069,29167.12,2024-03-10,Platinum,0,0
C35540,Wei,Muller,wei.muller808@outlook.com,US,MA,Pending,High,679,142285,66725.47,2020-09-13,Gold,0,0
C85278,Charles,Martin,charles.martin682@yahoo.com,DE,N/A,Pending,High,822,93611,8760.23,2022-05-19,Standard,1,0
C84432,Thomas,Miller,thomas.miller466@outlook.com,CA,N/A,Verified,Low,653,83354,11868.27,2023-09-09,VIP,0,0
C57573,Karen,Rodriguez,karen.rodriguez598@icloud.com,AU,N/A,Under Review,High,760,129337,63551.46,2022-10-31,Standard,1,0
C26353,Yuki,Davis,yuki.davis331@fintechmail.io,AU,N/A,Under Review,Low,415,122979,44685.85,2020-06-23,Platinum,0,1
C45294,James,Tanaka,james.tanaka676@fintechmail.io,IN,N/A,Verified,Low,572,239949,47118.09,2024-03-17,Silver,0,0
C18966,Michelle,Hill,michelle.hill207@yahoo.com,IN,N/A,Pending,Low,527,206564,47611.07,2020-08-31,Silver,0,0
C59862,Sarah,Sharma,sarah.sharma868@yahoo.com,SG,N/A,Verified,Low,741,195256,4542.28,2020-09-10,Gold,0,0
C99517,Charles,Kim,charles.kim656@icloud.com,SG,N/A,Verified,Critical,739,265977,71562.9,2022-10-20,Gold,0,0
C98026,Nancy,Thomas,nancy.thomas874@outlook.com,GB,N/A,Pending,Medium,456,284232,17151.59,2022-01-06,Standard,0,0
C62891,Mary,Davis,mary.davis485@proton.me,US,PA,Pending,Medium,458,47820,15644.6,2022-08-28,VIP,0,0
C23249,Linda,Sanchez,linda.sanchez450@fintechmail.io,US,VA,Under Review,Low,469,25811,28293.87,2022-11-27,Silver,0,0
C47112,Elizabeth,Young,elizabeth.young253@proton.me,US,FL,Under Review,Low,439,34250,47359.02,2019-12-01,Platinum,0,1
C37719,Christopher,Lee,christopher.lee851@icloud.com,IN,N/A,Verified,Low,746,100683,42955.19,2020-06-06,Standard,0,0
C34795,Patricia,Robinson,patricia.robinson180@outlook.com,US,WA,Verified,Low,420,251031,18002.26,2021-02-11,VIP,1,0
C63262,Anthony,Ramirez,anthony.ramirez182@proton.me,GB,N/A,Under Review,Low,363,207972,41678.98,2024-08-01,VIP,0,0
C41395,Kimberly,Chen,kimberly.chen951@icloud.com,IN,N/A,Under Review,Low,548,178956,74526.88,2024-01-16,Silver,0,0
C67881,Richard,Martinez,richard.martinez42@proton.me,CA,N/A,Rejected,Medium,651,185838,54158.0,2023-08-12,Silver,0,0
C81019,Amara,Silva,amara.silva516@fintechmail.io,US,GA,Verified,Low,383,79028,25199.54,2020-07-11,Silver,0,0
C42871,Linda,Williams,linda.williams373@fintechmail.io,US,TX,Verified,Low,526,271748,46159.37,2023-06-21,VIP,0,0
C76617,Yuki,Martinez,yuki.martinez29@outlook.com,US,MA,Pending,Low,797,163653,36188.38,2021-08-25,Standard,0,0
C98120,John,Martin,john.martin874@icloud.com,US,NY,Verified,Medium,391,312603,71796.85,2019-08-20,Silver,0,0
C68031,Patricia,Brown,patricia.brown397@yahoo.com,DE,N/A,Verified,High,395,287569,67878.33,2020-09-29,Platinum,0,0
C13697,Jessica,Martin,jessica.martin18@gmail.com,US,NJ,Verified,Medium,779,121971,67586.13,2020-03-07,Silver,0,0
C81686,Lisa,White,lisa.white285@icloud.com,SG,N/A,Verified,Medium,719,193717,38784.61,2022-08-31,Gold,0,0
C69472,Andrew,Martinez,andrew.martinez745@yahoo.com,GB,N/A,Verified,Critical,638,244597,28721.31,2019-10-02,VIP,0,0
C38889,Liam,Allen,liam.allen328@gmail.com,SG,N/A,Verified,Medium,705,98490,23565.63,2024-05-19,VIP,0,0
C64095,Mark,Lee,mark.lee200@proton.me,US,VA,Rejected,High,366,150515,40907.32,2024-11-19,Standard,0,0
C86172,Steven,Silva,steven.silva249@icloud.com,FR,N/A,Rejected,Low,,53909,35569.34,2024-08-19,Platinum,1,0
C90038,Paul,Davis,paul.davis878@icloud.com,US,PA,Verified,Low,392,46056,11289.14,2022-07-01,VIP,0,0
C53360,Daniel,Allen,daniel.allen947@gmail.com,SG,N/A,Under Review,High,378,221047,56222.31,2024-07-21,Gold,0,0
C87716,Richard,Harris,richard.harris660@fintechmail.io,US,CA,Verified,Low,482,314497,22497.07,2020-04-16,Platinum,0,0
C55451,Jennifer,Ramirez,jennifer.ramirez469@icloud.com,FR,N/A,Under Review,Low,582,222129,7776.18,2024-11-03,VIP,0,0
C36551,Steven,Muller,steven.muller405@gmail.com,AU,N/A,Verified,Medium,803,75078,55124.44,2022-07-16,VIP,0,0
C19903,Aarav,Johnson,aarav.johnson590@icloud.com,US,AZ,Pending,Medium,376,126683,12326.43,2019-12-22,Silver,1,0
C63884,Wei,Chen,wei.chen58@gmail.com,GB,N/A,Verified,Medium,835,106004,52103.18,2019-07-13,Platinum,1,0
C52095,Donna,Lee,donna.lee933@icloud.com,AU,N/A,Rejected,Low,753,285109,45834.5,2024-05-08,Silver,1,0
C77077,Anthony,Jones,anthony.jones661@fintechmail.io,US,NY,Under Review,Medium,377,178512,73704.56,2024-07-13,Platinum,1,0
C21324,Betty,Patel,betty.patel878@outlook.com,US,MA,Verified,Low,644,53740,12226.87,2019-11-07,VIP,0,0
C61775,Thomas,Muller,thomas.muller177@outlook.com,SG,N/A,Verified,Critical,561,66087,23340.22,2019-11-29,Standard,1,0
C39757,Elizabeth,Thompson,elizabeth.thompson605@yahoo.com,US,PA,Verified,High,823,41943,58847.71,2024-10-25,Standard,0,0
C44679,Anthony,Patel,anthony.patel160@fintechmail.io,CA,N/A,Verified,Low,779,142867,16790.4,2024-04-04,Platinum,0,0
C66300,Paul,Hernandez,paul.hernandez629@gmail.com,IN,N/A,Verified,High,384,124498,56126.1,2023-04-05,Silver,1,0
C25592,Nancy,Perez,nancy.perez665@gmail.com,US,VA,Verified,Low,850,115013,24315.03,2021-10-10,VIP,1,0
C27768,Thomas,Muller,thomas.muller32@outlook.com,US,NY,Verified,Medium,419,127908,73691.9,2023-01-19,Standard,0,1
C37401,Emma,Perez,emma.perez166@proton.me,DE,N/A,Pending,High,484,179535,196.67,2019-12-09,Silver,1,0
C44769,Susan,White,susan.white491@yahoo.com,US,FL,Pending,Medium,492,293385,5508.75,2022-02-21,Standard,0,0
C44329,Matthew,White,matthew.white32@gmail.com,DE,N/A,Verified,Critical,607,62325,2851.46,2022-06-17,VIP,1,0
C65588,Sarah,Chen,sarah.chen306@gmail.com,FR,N/A,Verified,Medium,795,221925,50285.11,2024-01-23,Standard,1,0
C32601,Lisa,Clark,lisa.clark658@fintechmail.io,IN,N/A,Verified,Low,717,137421,33655.44,2024-09-16,Platinum,0,0
C38794,Michael,Chen,michael.chen174@gmail.com,US,MA,Under Review,Medium,821,124988,68340.9,2019-11-05,Standard,1,0
C39513,Anthony,Thomas,anthony.thomas265@proton.me,IN,N/A,Under Review,High,761,113986,39389.49,2020-12-05,Platinum,0,0
C99301,Ashley,Williams,ashley.williams531@gmail.com,AU,N/A,Verified,Medium,703,68207,23077.13,2019-08-04,Silver,0,0
C93533,Kimberly,Thomas,kimberly.thomas861@icloud.com,US,MA,Verified,Medium,625,213059,51120.5,2021-05-20,VIP,0,0
C12589,Daniel,Clark,daniel.clark101@proton.me,US,NJ,Verified,Medium,509,317381,37819.81,2023-07-07,VIP,1,0
C73799,James,Thomas,james.thomas648@fintechmail.io,US,MA,Verified,High,446,110531,44970.63,2022-08-17,VIP,0,0
C11608,Mary,Chen,mary.chen751@fintechmail.io,AU,N/A,Rejected,Critical,784,162759,53001.5,2022-06-02,Platinum,0,0
C72938,Charles,Martinez,charles.martinez83@icloud.com,DE,N/A,Pending,High,474,33359,2444.69,2020-12-30,Silver,0,0
C42357,Paul,Kim,paul.kim372@proton.me,DE,N/A,Rejected,Low,756,288943,67990.12,2021-06-26,Standard,0,0
C72449,Kimberly,Chen,kimberly.chen623@icloud.com,GB,N/A,Verified,Medium,613,108735,12156.93,2024-06-03,VIP,0,0
C30353,Mary,Walker,mary.walker500@fintechmail.io,CA,N/A,Pending,Low,753,178307,51693.81,2020-12-31,VIP,0,0
C85863,Joseph,Rossi,joseph.rossi744@gmail.com,GB,N/A,Rejected,Medium,805,30036,27488.93,2023-10-20,VIP,0,0
C15713,Anthony,Smith,anthony.smith710@icloud.com,US,CA,Under Review,Medium,795,76389,26105.97,2023-06-18,Standard,0,0
C89636,William,Dubois,william.dubois857@gmail.com,AU,N/A,Rejected,Low,473,292833,58967.11,2020-12-17,VIP,0,0
C89041,Richard,Patel,richard.patel489@yahoo.com,US,WA,Pending,Critical,720,231452,36285.29,2021-04-06,Gold,0,0
C87894,Betty,King,betty.king946@fintechmail.io,IN,N/A,Verified,Medium,660,50985,55148.71,2022-08-08,Gold,0,0
C13496,David,Patel,david.patel123@proton.me,GB,N/A,Pending,Low,657,133619,46003.56,2024-02-28,Platinum,0,0
C31443,Priya,Sharma,priya.sharma375@fintechmail.io,IN,N/A,Pending,Medium,837,184456,23605.03,2024-01-08,Platinum,0,0
C14346,Charles,Brown,charles.brown469@outlook.com,GB,N/A,Pending,Low,704,155592,43787.69,2020-01-03,VIP,0,0
C61047,Mateo,Davis,mateo.davis716@proton.me,IN,N/A,Rejected,Low,501,285570,38122.27,2020-06-03,Platinum,0,0
C88671,Joshua,Walker,joshua.walker863@fintechmail.io,US,VA,Verified,Critical,573,71193,47354.18,2020-01-27,Standard,1,0
C81829,Sarah,Harris,sarah.harris121@yahoo.com,GB,N/A,Verified,High,751,79563,34519.02,2021-01-30,Silver,0,0
C68380,Emily,Scott,emily.scott197@proton.me,US,IL,Verified,Low,544,181400,14087.34,2020-09-01,VIP,0,0
C57989,Carlos,Taylor,carlos.taylor143@outlook.com,US,NC,Verified,Low,674,179012,54926.77,2021-12-22,Silver,1,0
C74291,Mark,King,mark.king575@icloud.com,DE,N/A,Verified,Critical,413,271741,54708.91,2019-10-17,Silver,0,0
C31678,Linda,Kim,linda.kim544@yahoo.com,US,CA,Under Review,Medium,467,253894,1226.58,2021-10-06,Standard,0,0
C20912,Charles,Muller,charles.muller943@proton.me,CA,N/A,Verified,Low,737,200427,71941.71,2023-12-21,Silver,1,0
C19266,Nancy,Ramirez,nancy.ramirez889@gmail.com,SG,N/A,Pending,Critical,697,137489,71585.4,2022-06-22,VIP,0,0
C78624,Sandra,Thomas,sandra.thomas746@fintechmail.io,US,MI,Pending,Low,450,100849,42135.85,2024-01-23,Platinum,0,0
C49090,Paul,Robinson,paul.robinson309@icloud.com,US,AZ,Under Review,Medium,515,246849,8171.87,2022-03-31,VIP,1,0
C45299,Mateo,Gonzalez,mateo.gonzalez74@icloud.com,FR,N/A,Rejected,Medium,689,152362,2067.58,2023-02-10,Standard,0,0
C29299,Priya,Ramirez,priya.ramirez696@fintechmail.io,IN,N/A,Verified,Critical,701,93849,67641.03,2021-01-21,Platinum,1,0
C26600,Steven,Moore,steven.moore910@gmail.com,US,NC,Verified,Medium,672,152052,33622.43,2022-06-22,Gold,0,0
C28596,Richard,Muller,richard.muller921@yahoo.com,US,PA,Pending,Medium,439,296050,59032.89,2021-07-05,Standard,1,0
C62547,Sofia,White,sofia.white215@proton.me,US,NJ,Rejected,Medium,561,91318,32197.59,2020-02-29,Platinum,0,0
C14823,Mark,Ramirez,mark.ramirez71@icloud.com,US,TX,Under Review,Medium,780,247648,27535.82,2021-01-16,Silver,0,0
C47683,Donna,Moore,donna.moore249@gmail.com,CA,N/A,Rejected,High,504,90545,26757.64,2024-11-01,VIP,1,0
C11634,Sandra,Garcia,sandra.garcia442@gmail.com,US,IL,Verified,Low,571,291237,63706.78,2020-10-15,Silver,1,0
C65860,Carlos,Martinez,carlos.martinez206@outlook.com,GB,N/A,Verified,Low,369,280820,4702.81,2022-10-04,Platinum,0,0
C51312,Christopher,Martinez,christopher.martinez246@icloud.com,GB,N/A,Under Review,High,793,46384,25512.02,2021-03-21,VIP,0,0
C92132,Joseph,Rossi,joseph.rossi285@fintechmail.io,US,VA,Rejected,Low,834,263711,37767.98,2024-11-04,VIP,0,0
C96138,Thomas,Lopez,thomas.lopez759@icloud.com,GB,N/A,Verified,Critical,406,56363,72283.15,2022-05-23,Platinum,0,0
C74183,Sandra,Lopez,sandra.lopez961@proton.me,US,VA,Verified,High,684,177322,54221.96,2021-12-17,Standard,0,0
C62465,John,Sanchez,john.sanchez395@yahoo.com,SG,N/A,Rejected,Low,849,180360,55113.78,2024-08-24,Gold,0,0
C29601,Robert,Johnson,robert.johnson898@proton.me,US,WA,Verified,Critical,818,274505,14548.45,2019-08-14,VIP,0,0
C65450,Paul,Rossi,paul.rossi831@icloud.com,IN,N/A,Verified,Low,449,288423,5053.55,2024-10-11,Gold,1,0
C21216,Sandra,Robinson,sandra.robinson134@fintechmail.io,AU,N/A,Verified,High,788,305128,44315.01,2023-06-19,Silver,0,0
C14505,Mary,Torres,mary.torres760@icloud.com,US,VA,Verified,Low,432,282844,13216.18,2023-03-03,Gold,1,0
C88487,Matthew,Lopez,matthew.lopez626@proton.me,US,AZ,Verified,High,357,313510,28504.46,2021-06-15,Gold,0,0
C33058,Amara,King,amara.king50@yahoo.com,US,NJ,Under Review,Low,640,130365,42748.81,2023-04-19,Standard,0,0
C31853,John,Ramirez,john.ramirez633@gmail.com,GB,N/A,Pending,Medium,667,218072,6044.6,2019-08-15,Standard,0,0
C71717,Patricia,Anderson,patricia.anderson544@fintechmail.io,US,CA,Verified,Low,717,31293,11720.88,2022-05-23,Platinum,0,0
C56760,Sandra,Lewis,sandra.lewis965@proton.me,FR,N/A,Pending,High,423,61126,57953.57,2021-02-16,VIP,1,0
C18149,Ashley,Martin,ashley.martin488@fintechmail.io,US,VA,Verified,Medium,772,49955,41562.03,2024-11-28,Platinum,0,0
C27223,Susan,Torres,susan.torres111@outlook.com,FR,N/A,Rejected,Medium,536,143540,58574.27,2024-08-16,Gold,1,0
C21722,Nancy,Walker,nancy.walker672@gmail.com,SG,N/A,Verified,Medium,725,193552,68271.84,2021-12-15,Silver,0,0
C87221,Joseph,Thompson,joseph.thompson404@proton.me,IN,N/A,Verified,Medium,394,284700,33041.82,2020-06-09,Platinum,1,0
C38377,John,Muller,john.muller106@fintechmail.io,GB,N/A,Verified,Low,421,191203,35488.82,2022-05-29,Standard,1,0
C83777,Charles,Young,charles.young327@gmail.com,FR,N/A,Under Review,Critical,356,307208,8750.34,2023-08-10,Gold,0,0
C84594,Richard,Moore,richard.moore946@gmail.com,FR,N/A,Verified,Medium,520,286298,51461.87,2022-10-27,Platinum,0,0
C49218,David,Dubois,david.dubois211@proton.me,US,OH,Verified,Critical,613,203276,8716.54,2021-06-30,Standard,0,0
C95128,Sarah,Scott,sarah.scott869@yahoo.com,US,NC,Pending,Medium,727,30960,46849.08,2020-10-30,Standard,0,0
C25398,David,Thomas,david.thomas277@proton.me,FR,N/A,Pending,High,524,216462,21531.01,2023-02-04,VIP,0,0
C50403,Donna,Davis,donna.davis604@icloud.com,IN,N/A,Verified,Medium,843,46250,38649.59,2024-02-28,Platinum,0,0
C90218,Emily,Rodriguez,emily.rodriguez438@gmail.com,US,AZ,Verified,Medium,696,314001,43150.4,2022-09-04,Gold,0,0
C81782,Yuki,Rodriguez,yuki.rodriguez176@gmail.com,US,TX,Pending,Medium,832,38966,48813.13,2023-06-08,Gold,0,0
C43019,Donald,Silva,donald.silva477@icloud.com,GB,N/A,Verified,Medium,584,264308,25747.45,2020-10-12,Standard,1,0
C27394,Richard,Lewis,richard.lewis204@outlook.com,AU,N/A,Under Review,High,544,252469,38854.61,2024-05-18,Gold,1,0
C71484,Donna,Wright,donna.wright299@fintechmail.io,AU,N/A,Pending,High,800,207001,14073.68,2024-02-27,Platinum,0,0
C35559,Susan,Thompson,susan.thompson831@icloud.com,AU,N/A,Rejected,Critical,830,62284,44314.57,2020-07-20,Silver,0,0
C97672,Daniel,Moore,daniel.moore258@icloud.com,FR,N/A,Verified,Low,816,221721,56463.94,2021-04-25,Silver,0,0
C29220,Donald,Silva,donald.silva179@icloud.com,US,MA,Verified,Low,771,73749,17041.24,2022-03-05,Gold,1,0
C52854,Steven,Martin,steven.martin682@proton.me,US,PA,Pending,High,672,158647,45192.93,2024-08-01,Standard,0,0
C97549,Lisa,Ramirez,lisa.ramirez376@outlook.com,SG,N/A,Verified,Low,687,28381,73082.66,2020-11-11,Gold,0,1
C27685,James,Young,james.young345@yahoo.com,US,NC,Verified,Low,364,129258,37948.26,2023-11-27,VIP,0,0
C49598,Susan,Nguyen,susan.nguyen584@icloud.com,SG,N/A,Verified,Low,624,282553,27421.47,2020-12-12,Silver,0,0
C70431,Carlos,Patel,carlos.patel464@proton.me,SG,N/A,Rejected,Medium,681,93777,41663.64,2023-01-13,VIP,0,0
C22934,Betty,Robinson,betty.robinson602@outlook.com,US,MA,Under Review,High,419,185120,34521.01,2020-05-15,Platinum,1,0
C76214,William,Thomas,william.thomas196@fintechmail.io,DE,N/A,Verified,Medium,831,180244,74250.24,2023-12-21,Gold,0,0
C92022,Betty,Kim,betty.kim642@proton.me,SG,N/A,Pending,Medium,743,161285,6894.47,2021-05-27,Silver,1,0
C49964,Andrew,Scott,andrew.scott292@fintechmail.io,DE,N/A,Verified,High,415,187523,67340.55,2021-10-10,Gold,1,0
C89287,James,Taylor,james.taylor922@icloud.com,SG,N/A,Rejected,High,783,284636,73519.71,2019-07-25,Silver,1,0
C43982,Sandra,Sharma,sandra.sharma762@outlook.com,IN,N/A,Verified,Low,566,225741,23754.76,2023-10-31,VIP,0,0
C92086,Anthony,Muller,anthony.muller167@proton.me,US,GA,Verified,Critical,696,112932,16335.95,2020-05-02,Standard,0,0
C42922,Wei,Hernandez,wei.hernandez404@icloud.com,US,CA,Verified,Medium,442,272532,15537.73,2020-12-08,VIP,0,0
C75664,Michael,Jackson,michael.jackson371@proton.me,US,IL,Rejected,Low,536,172061,64310.42,2023-06-26,Standard,0,0
C95752,Sarah,Anderson,sarah.anderson431@icloud.com,DE,N/A,Verified,Low,636,156185,17423.31,2020-03-15,Silver,0,0
C66717,Richard,Johnson,richard.johnson222@fintechmail.io,DE,N/A,Verified,Medium,397,136996,70911.3,2019-07-12,VIP,0,0
C14573,Paul,Martin,paul.martin51@gmail.com,DE,N/A,Verified,High,578,40294,9141.54,2021-01-16,Standard,1,0
C81980,Matthew,Garcia,matthew.garcia477@icloud.com,DE,N/A,Pending,High,618,202163,54508.21,2023-09-25,Standard,0,0
C83164,Karen,Rodriguez,karen.rodriguez24@outlook.com,SG,N/A,Verified,Critical,665,81121,48630.72,2024-03-22,Standard,0,0
C74596,Steven,Smith,steven.smith64@gmail.com,DE,N/A,Rejected,Medium,826,49498,66491.71,2020-04-13,Platinum,0,0
C22390,Jessica,Williams,jessica.williams58@proton.me,AU,N/A,Pending,Low,356,218758,4013.77,2023-02-19,Standard,1,0
C82145,Donald,Lewis,donald.lewis343@icloud.com,GB,N/A,Verified,High,619,217653,62105.28,2024-06-18,VIP,0,0
C79697,Thomas,Silva,thomas.silva316@proton.me,SG,N/A,Verified,Medium,611,309966,67285.84,2020-12-09,Silver,0,0
C21639,Thomas,Martin,thomas.martin912@icloud.com,US,GA,Rejected,Critical,547,123579,52388.29,2021-09-22,VIP,0,0
C39006,David,Moore,david.moore838@fintechmail.io,FR,N/A,Under Review,Low,790,219497,73477.71,2024-02-10,Silver,0,0
C34872,David,Ramirez,david.ramirez483@proton.me,CA,N/A,Rejected,High,428,142393,44232.86,2019-08-14,Silver,1,0
C44030,Barbara,Anderson,barbara.anderson947@yahoo.com,DE,N/A,Rejected,Critical,837,135469,50892.49,2023-10-28,Gold,0,0
C87497,Barbara,King,barbara.king16@gmail.com,US,IL,Verified,Critical,495,63257,28180.54,2022-09-05,Standard,1,0
C94365,John,Walker,john.walker533@gmail.com,DE,N/A,Pending,Low,411,206023,32051.59,2022-02-19,Gold,0,0
C88411,Aarav,Jackson,aarav.jackson882@icloud.com,IN,N/A,Verified,Low,676,93273,10148.14,2020-04-20,Standard,1,0
C43835,John,Thomas,john.thomas274@yahoo.com,US,AZ,Pending,Low,772,268819,56327.13,2019-09-26,VIP,1,0
C46843,Richard,Lopez,richard.lopez12@outlook.com,US,VA,Pending,Critical,794,242091,19514.91,2021-11-12,VIP,0,0
C70290,Steven,Johnson,steven.johnson434@proton.me,CA,N/A,Verified,Critical,804,154578,31700.29,2022-09-10,Platinum,0,0
C97705,Mateo,Dubois,mateo.dubois462@outlook.com,SG,N/A,Verified,Low,524,43818,68629.18,2020-11-25,Gold,1,1
C39845,Paul,Moore,paul.moore282@yahoo.com,US,NY,Verified,Low,542,48366,55188.6,2021-04-20,Gold,0,0
C91689,Sarah,Young,sarah.young447@icloud.com,FR,N/A,Under Review,Medium,814,247756,69628.25,2022-03-23,Silver,0,0
C19125,John,Perez,john.perez502@icloud.com,US,WA,Pending,Low,,107242,58649.26,2020-07-27,VIP,0,0
C98849,Ashley,Hernandez,ashley.hernandez124@icloud.com,IN,N/A,Under Review,High,625,241347,36179.61,2024-03-24,Platinum,0,0
C81389,Margaret,Kim,margaret.kim567@fintechmail.io,AU,N/A,Verified,Critical,761,292951,70684.76,2023-11-26,Gold,0,0
C80365,Carlos,Taylor,carlos.taylor976@fintechmail.io,IN,N/A,Verified,Medium,353,318156,12350.09,2023-03-13,Gold,1,0
C19204,Joshua,Hernandez,joshua.hernandez324@fintechmail.io,AU,N/A,Pending,Low,444,147494,39830.18,2021-01-21,VIP,1,0
C53060,Donna,Sanchez,donna.sanchez718@gmail.com,US,VA,Verified,Low,669,62054,52000.26,2020-06-22,Standard,0,0
C34915,Mary,Dubois,mary.dubois289@fintechmail.io,CA,N/A,Verified,Low,584,259181,68058.5,2021-10-18,Gold,0,0
C15752,Robert,Chen,robert.chen287@icloud.com,DE,N/A,Rejected,Low,566,174357,64980.44,2024-11-09,Gold,1,0
C12798,Joshua,Johnson,joshua.johnson779@fintechmail.io,US,FL,Verified,Medium,803,81902,22912.41,2023-04-29,VIP,0,0
C58058,Linda,Jones,linda.jones793@proton.me,FR,N/A,Verified,Critical,677,174697,70094.85,2021-10-31,Platinum,1,0
C41036,Sandra,Martinez,sandra.martinez751@outlook.com,FR,N/A,Rejected,Low,620,87972,65202.91,2020-05-11,Standard,0,0
C65761,Barbara,Rossi,barbara.rossi591@gmail.com,FR,N/A,Pending,Medium,483,307246,26894.53,2022-08-13,Gold,0,0
C45144,James,Perez,james.perez871@outlook.com,US,GA,Verified,Medium,802,26567,43364.47,2022-03-17,VIP,0,0
C98668,Mary,Young,mary.young872@icloud.com,IN,N/A,Pending,High,559,62788,58612.7,2021-12-18,Platinum,1,0
C28703,Wei,Moore,wei.moore402@fintechmail.io,US,FL,Rejected,Low,490,266274,1800.28,2023-02-28,Gold,0,0
C45293,Charles,Brown,charles.brown808@yahoo.com,GB,N/A,Verified,High,529,241415,25348.57,2021-03-27,Gold,0,0
C11002,Donna,Thomas,donna.thomas195@yahoo.com,AU,N/A,Verified,Low,386,146908,33531.49,2024-11-25,Standard,1,0
C56130,Steven,Muller,steven.muller352@icloud.com,GB,N/A,Pending,Low,461,287917,56073.45,2024-06-05,Standard,0,0
C28470,Anthony,Robinson,anthony.robinson89@proton.me,DE,N/A,Rejected,Low,399,282914,63819.94,2022-06-08,Silver,0,0
C56111,William,Rodriguez,william.rodriguez734@outlook.com,CA,N/A,Verified,Low,389,310854,68464.63,2020-07-20,VIP,0,0
C82097,Amara,Flores,amara.flores546@icloud.com,IN,N/A,Rejected,Medium,595,159352,39100.83,2019-12-02,Platinum,0,0
C36555,Linda,Tanaka,linda.tanaka941@fintechmail.io,IN,N/A,Verified,Low,587,238983,62697.21,2022-03-14,Silver,0,0
C64169,Michael,Scott,michael.scott316@proton.me,IN,N/A,Verified,Medium,768,196348,38655.3,2024-08-14,Standard,0,0
C94370,Mateo,Williams,mateo.williams808@fintechmail.io,CA,N/A,Verified,Critical,728,276331,45439.6,2021-06-30,VIP,1,0
C23057,Steven,Taylor,steven.taylor97@yahoo.com,SG,N/A,Verified,Low,649,173253,55867.07,2024-09-18,Gold,1,0
C89797,William,Lee,william.lee184@outlook.com,GB,N/A,Verified,High,559,285329,35491.39,2020-08-19,Gold,0,0
C41303,Carlos,Garcia,carlos.garcia818@outlook.com,SG,N/A,Under Review,High,625,103280,54436.44,2019-10-18,Standard,0,0
C96425,Donald,Lee,donald.lee548@icloud.com,AU,N/A,Under Review,Low,474,215404,23226.3,2020-05-15,VIP,1,0
C46909,Christopher,Ramirez,christopher.ramirez584@yahoo.com,CA,N/A,Verified,Critical,564,222318,24086.02,2022-06-13,Standard,0,0
C83466,Liam,White,liam.white484@proton.me,AU,N/A,Pending,Medium,446,301573,60789.04,2022-02-20,Standard,0,0
C33828,Donald,Ramirez,donald.ramirez227@proton.me,US,AZ,Rejected,Low,480,187690,3042.37,2020-05-19,Gold,0,0
C28804,Ashley,Dubois,ashley.dubois789@icloud.com,US,VA,Verified,Low,786,298630,3065.3,2019-10-16,Gold,0,0
C64813,Susan,Clark,susan.clark67@gmail.com,SG,N/A,Verified,Low,805,271257,27439.28,2022-01-11,VIP,1,0
C87688,Liam,Garcia,liam.garcia318@gmail.com,FR,N/A,Under Review,High,837,152496,62189.35,2022-03-12,Silver,0,0
C94654,Wei,Nguyen,wei.nguyen934@yahoo.com,AU,N/A,Verified,Medium,355,136084,16830.39,2024-09-13,Gold,0,0
C97629,William,Johnson,william.johnson652@fintechmail.io,US,AZ,Rejected,Medium,582,113008,28367.02,2023-05-20,Silver,1,0
C78804,Emma,Tanaka,emma.tanaka711@proton.me,US,TX,Pending,High,733,40809,34514.06,2022-04-17,Platinum,1,0
C97492,Emily,Muller,emily.muller72@yahoo.com,CA,N/A,Verified,Low,691,48484,55432.26,2024-03-20,Standard,1,0
C96219,Anthony,Sanchez,anthony.sanchez189@icloud.com,CA,N/A,Pending,Medium,356,298918,26599.73,2020-09-23,VIP,0,0
C94656,Sofia,Brown,sofia.brown798@fintechmail.io,CA,N/A,Verified,Critical,601,244595,7782.26,2023-08-08,VIP,0,0
C32367,John,Lewis,john.lewis695@icloud.com,FR,N/A,Verified,Critical,561,164327,39030.84,2020-07-05,VIP,0,0
C46215,Thomas,Thomas,thomas.thomas370@proton.me,DE,N/A,Under Review,Critical,663,36339,11456.34,2024-04-28,Standard,1,0
C28865,John,Chen,john.chen624@outlook.com,AU,N/A,Verified,Low,621,241155,50010.48,2020-07-22,Platinum,0,0
C37779,Mary,Rodriguez,mary.rodriguez782@gmail.com,GB,N/A,Under Review,High,771,297673,21637.27,2024-03-25,VIP,0,0
C28312,Elizabeth,Moore,elizabeth.moore408@fintechmail.io,GB,N/A,Verified,Critical,630,140407,36094.91,2024-07-16,Platinum,0,0
C36089,Mateo,Chen,mateo.chen833@yahoo.com,DE,N/A,Verified,Critical,686,318949,17396.25,2020-03-08,Platinum,0,0
C26306,Carlos,Robinson,carlos.robinson570@outlook.com,DE,N/A,Pending,Low,804,67497,1299.3,2024-10-18,Gold,1,0
C41135,David,Miller,david.miller917@proton.me,US,NJ,Verified,High,646,116001,12479.07,2023-02-19,Silver,0,0
C56861,Paul,Young,paul.young937@yahoo.com,SG,N/A,Verified,Low,598,305415,53646.19,2019-12-02,VIP,0,0
C40942,Mateo,Sanchez,mateo.sanchez481@gmail.com,SG,N/A,Pending,High,588,22023,29804.8,2024-11-22,Standard,0,0
C66538,Sofia,Rodriguez,sofia.rodriguez198@proton.me,US,NC,Verified,Low,444,240310,1451.63,2022-05-09,Gold,1,0
C79204,William,Hernandez,william.hernandez882@gmail.com,AU,N/A,Verified,High,406,102913,13084.74,2023-08-16,Platinum,1,0
C96740,Paul,Sanchez,paul.sanchez895@yahoo.com,AU,N/A,Verified,High,392,286178,9783.0,2024-10-06,Silver,0,0
C26264,Paul,Nguyen,paul.nguyen792@proton.me,FR,N/A,Rejected,Low,722,26117,50735.3,2020-04-11,Gold,0,0
C91480,Mark,Chen,mark.chen268@gmail.com,AU,N/A,Pending,Low,436,292073,40771.56,2021-08-01,VIP,0,0
C70350,Nancy,White,nancy.white847@yahoo.com,GB,N/A,Verified,High,506,238920,72317.08,2024-11-22,VIP,0,0
C31181,Elizabeth,Tanaka,elizabeth.tanaka985@yahoo.com,CA,N/A,Verified,Critical,528,108282,40663.47,2024-04-06,Gold,0,0
C94107,Lisa,Muller,lisa.muller263@icloud.com,US,AZ,Verified,Medium,682,147823,25184.37,2023-04-11,VIP,0,0
C47654,Liam,Allen,liam.allen631@yahoo.com,US,OH,Verified,Medium,695,183353,23236.14,2023-10-20,Silver,0,0
C87054,Thomas,Anderson,thomas.anderson860@icloud.com,US,NY,Verified,Critical,392,282692,26739.92,2020-12-15,Silver,1,0
C21538,Aarav,Lee,aarav.lee502@gmail.com,IN,N/A,Verified,Medium,491,227449,33968.72,2021-01-26,VIP,1,0
C17735,Charles,White,charles.white553@gmail.com,CA,N/A,Under Review,Low,799,174312,72897.68,2023-04-19,VIP,0,0
C33161,David,Muller,david.muller918@fintechmail.io,IN,N/A,Rejected,Medium,522,178359,32026.75,2022-10-04,Gold,0,0
C99475,Donald,Perez,donald.perez471@outlook.com,US,IL,Verified,Low,726,67815,1681.21,2023-03-29,Gold,0,0
C25718,Robert,Garcia,robert.garcia482@fintechmail.io,FR,N/A,Verified,Medium,661,221281,52863.8,2020-05-28,VIP,1,0
C24949,James,Smith,james.smith23@proton.me,AU,N/A,Pending,High,610,261443,39565.94,2024-09-10,Platinum,0,0
C76365,Ashley,King,ashley.king324@proton.me,US,MA,Under Review,Medium,627,145119,51233.9,2022-07-03,VIP,0,0
C65985,Robert,Garcia,robert.garcia760@gmail.com,AU,N/A,Under Review,Critical,647,247458,47451.54,2020-11-12,Gold,0,0
C36458,Sandra,Nguyen,sandra.nguyen37@icloud.com,CA,N/A,Verified,Low,562,126441,47177.47,2023-12-11,Platinum,0,0
C74289,Wei,Clark,wei.clark933@gmail.com,CA,N/A,Verified,Low,769,209758,49731.83,2019-07-25,Gold,0,0
C40520,Andrew,Thomas,andrew.thomas51@outlook.com,SG,N/A,Verified,Medium,491,216151,3349.08,2023-02-07,VIP,1,0
C57937,Kimberly,Thomas,kimberly.thomas881@gmail.com,US,PA,Rejected,High,434,312229,11374.61,2022-03-04,VIP,0,0
C76696,James,Walker,james.walker152@yahoo.com,AU,N/A,Rejected,Low,739,50965,53597.56,2020-10-29,Gold,0,0
C32099,Donna,Ramirez,donna.ramirez301@fintechmail.io,AU,N/A,Pending,Low,843,76265,21093.14,2020-07-26,Platinum,1,0
C37351,Emily,Walker,emily.walker931@gmail.com,US,WA,Verified,Medium,428,257838,67156.9,2019-08-01,Silver,0,0
C14051,Joseph,Sanchez,joseph.sanchez160@icloud.com,CA,N/A,Verified,Medium,525,236128,26693.41,2020-07-21,Gold,1,0
C61148,Sarah,Martin,sarah.martin393@yahoo.com,US,GA,Verified,Medium,433,242294,65603.73,2023-12-12,Platinum,0,0
C66615,Joshua,Chen,joshua.chen260@yahoo.com,FR,N/A,Pending,Critical,542,243888,13329.33,2021-04-26,Platinum,0,0
C25213,Donna,Silva,donna.silva726@icloud.com,AU,N/A,Verified,Medium,423,196866,69775.73,2020-06-08,Silver,0,0
C48098,Robert,Muller,robert.muller625@outlook.com,US,VA,Verified,Critical,452,47683,62579.78,2021-02-25,Silver,0,0
C51717,Yuki,Torres,yuki.torres835@gmail.com,GB,N/A,Pending,Medium,840,158747,22102.83,2023-02-09,Silver,1,0
C14352,Anthony,White,anthony.white144@fintechmail.io,CA,N/A,Verified,Medium,650,91666,36738.96,2021-03-11,Standard,0,0
C51025,Donald,Gonzalez,donald.gonzalez538@fintechmail.io,CA,N/A,Verified,Medium,706,288335,46957.34,2024-06-11,Gold,0,0
C79924,Kimberly,Davis,kimberly.davis549@gmail.com,IN,N/A,Pending,Low,628,168031,48989.4,2022-04-23,Standard,0,0
C52130,Jennifer,Allen,jennifer.allen865@outlook.com,AU,N/A,Verified,High,465,286307,65043.4,2024-10-21,VIP,1,0
C52640,John,Martinez,john.martinez404@icloud.com,US,NC,Verified,Medium,691,196513,29866.29,2023-04-12,Gold,0,0
C75900,David,Tanaka,david.tanaka129@icloud.com,FR,N/A,Pending,Medium,801,161531,16774.08,2023-01-28,Silver,0,0
C18858,Thomas,Thomas,thomas.thomas182@fintechmail.io,FR,N/A,Pending,Critical,667,47186,40431.43,2020-03-30,Standard,1,0
C73648,Jessica,Walker,jessica.walker513@fintechmail.io,GB,N/A,Pending,Medium,,231180,27490.15,2023-12-21,Gold,0,0
C91520,Michael,Johnson,michael.johnson167@icloud.com,IN,N/A,Verified,Low,613,302734,50902.2,2019-10-10,Gold,1,0
C93141,Paul,Scott,paul.scott238@fintechmail.io,US,TX,Verified,Critical,573,102230,35396.44,2021-12-14,Platinum,0,0
C71795,Jennifer,Allen,jennifer.allen76@icloud.com,SG,N/A,Pending,Medium,486,292856,46829.67,2020-09-03,Silver,1,0
C71124,Ashley,Kim,ashley.kim207@outlook.com,US,OH,Verified,Medium,480,276174,11217.64,2024-03-10,Gold,0,0
C85185,Daniel,Clark,daniel.clark765@proton.me,SG,N/A,Verified,Low,508,158345,32493.03,2022-06-30,Gold,0,0
C90788,Mark,Thompson,mark.thompson951@fintechmail.io,US,VA,Verified,Medium,651,107864,29609.84,2022-05-17,Standard,0,0
C56738,Linda,Perez,linda.perez472@icloud.com,FR,N/A,Pending,Medium,820,201919,29655.63,2021-01-05,Platinum,1,0
C59362,Liam,Thomas,liam.thomas440@outlook.com,CA,N/A,Under Review,Low,773,216676,61668.47,2019-12-29,Silver,0,0
C86884,Donald,Wilson,donald.wilson628@icloud.com,IN,N/A,Rejected,Low,846,286971,52679.2,2021-03-31,Gold,0,0
C91934,Yuki,Johnson,yuki.johnson605@fintechmail.io,US,FL,Verified,Low,714,95123,37789.33,2020-02-08,Standard,0,0
C22891,Emily,Young,emily.young791@fintechmail.io,GB,N/A,Verified,Critical,490,179856,45107.77,2019-08-17,VIP,0,0
C50557,Carlos,Rossi,carlos.rossi268@outlook.com,FR,N/A,Pending,High,755,210305,49497.03,2020-02-28,Silver,0,0
C28788,Jessica,Perez,jessica.perez129@proton.me,AU,N/A,Under Review,Critical,538,318830,5220.7,2024-09-25,Platinum,1,0
C42811,Anthony,Sharma,anthony.sharma810@gmail.com,CA,N/A,Pending,Low,597,25095,30525.21,2023-08-11,Silver,0,0
C51619,Andrew,Chen,andrew.chen135@proton.me,SG,N/A,Verified,High,516,113565,72490.34,2021-06-17,Silver,0,0
C30499,Andrew,Rodriguez,andrew.rodriguez741@outlook.com,AU,N/A,Verified,Low,533,261211,26243.46,2024-08-10,Standard,0,0
C82119,James,Patel,james.patel764@icloud.com,US,NC,Under Review,High,533,166500,52132.86,2020-11-27,Standard,0,0
C59073,Betty,Davis,betty.davis344@outlook.com,CA,N/A,Rejected,Low,603,123609,49533.21,2022-10-14,Standard,1,0
C10958,Linda,Jones,linda.jones620@fintechmail.io,US,OH,Under Review,Critical,,102509,57641.45,2020-12-25,Gold,1,0
C89241,Michael,Jackson,michael.jackson607@fintechmail.io,DE,N/A,Verified,Medium,358,121805,74832.34,2023-03-10,VIP,1,0
C30814,Aarav,Torres,aarav.torres64@fintechmail.io,SG,N/A,Verified,Low,410,90010,13223.34,2023-06-23,VIP,1,0
C48889,Thomas,Wilson,thomas.wilson935@icloud.com,SG,N/A,Verified,Low,502,212234,51830.55,2020-10-06,Silver,0,0
C71010,Mark,Tanaka,mark.tanaka926@fintechmail.io,AU,N/A,Verified,Low,751,151009,66676.02,2023-08-01,Standard,0,0
C36647,Sofia,Martinez,sofia.martinez528@fintechmail.io,IN,N/A,Verified,High,571,273812,16028.51,2024-05-27,Silver,0,0
C13719,Susan,Nguyen,susan.nguyen498@yahoo.com,FR,N/A,Verified,Medium,356,185036,74401.98,2019-11-24,Standard,0,0
C17664,Barbara,Harris,barbara.harris597@proton.me,IN,N/A,Verified,Low,745,242072,28722.0,2022-11-16,Gold,0,0
C85768,Margaret,Garcia,margaret.garcia658@yahoo.com,US,FL,Under Review,Low,688,87115,43068.47,2022-11-09,Standard,0,0
C60036,Nancy,Dubois,nancy.dubois664@fintechmail.io,AU,N/A,Verified,High,397,156067,70904.49,2024-07-20,Standard,0,0
C43306,Barbara,Thomas,barbara.thomas345@yahoo.com,DE,N/A,Rejected,Critical,838,112428,15312.37,2021-01-15,Gold,0,0
C86388,Susan,Scott,susan.scott271@outlook.com,GB,N/A,Under Review,High,604,155118,74172.55,2020-04-16,Gold,1,0
C61400,Steven,Garcia,steven.garcia256@icloud.com,US,WA,Verified,Critical,390,214123,39662.66,2023-04-30,Standard,0,0
C38876,Amara,Harris,amara.harris55@fintechmail.io,US,GA,Under Review,Low,,122835,17773.08,2020-10-14,Gold,0,0
C58754,Sandra,Perez,sandra.perez750@proton.me,IN,N/A,Under Review,High,467,127636,63223.33,2020-04-05,VIP,0,0
C93196,Matthew,Dubois,matthew.dubois454@gmail.com,DE,N/A,Verified,High,399,58619,72574.69,2023-04-13,Gold,0,0
C97557,Barbara,Young,barbara.young62@outlook.com,GB,N/A,Verified,Critical,399,144845,61929.2,2023-12-02,Standard,0,0
C84721,Aarav,Young,aarav.young756@icloud.com,CA,N/A,Verified,Medium,464,145222,7237.29,2022-10-03,Platinum,0,0
C28018,Richard,Harris,richard.harris915@gmail.com,US,NJ,Verified,Low,358,77256,48231.55,2021-12-24,Standard,1,0
C30113,Priya,Moore,priya.moore834@proton.me,SG,N/A,Verified,High,688,36112,34525.35,2023-02-28,Gold,1,0
C57203,Betty,Anderson,betty.anderson894@icloud.com,CA,N/A,Verified,Medium,748,286016,32818.56,2023-07-20,VIP,0,0
C54888,Kimberly,Ramirez,kimberly.ramirez643@proton.me,DE,N/A,Under Review,Low,389,147758,15060.98,2023-10-03,Platinum,1,0
C96416,Jessica,Dubois,jessica.dubois335@proton.me,SG,N/A,Under Review,Medium,614,98500,73622.15,2021-06-06,Standard,0,0
C78753,Patricia,Perez,patricia.perez895@yahoo.com,US,MA,Pending,Low,380,157867,12668.12,2020-06-03,Silver,0,0
C89939,Sofia,Kim,sofia.kim205@outlook.com,FR,N/A,Verified,Medium,429,67829,37279.42,2024-04-10,Platinum,0,0
C39009,Michael,Sharma,michael.sharma120@yahoo.com,US,IL,Under Review,High,385,166296,2081.02,2020-06-01,VIP,0,0
C81919,Michael,Smith,michael.smith585@fintechmail.io,AU,N/A,Pending,Low,837,50908,36962.87,2020-10-24,Standard,0,0
C92932,Priya,Torres,priya.torres578@fintechmail.io,CA,N/A,Under Review,Medium,531,204014,19229.96,2019-07-16,Standard,1,0
C72548,John,Jackson,john.jackson82@gmail.com,US,PA,Verified,Medium,610,112870,25910.76,2021-12-23,Silver,0,0
C48975,Charles,Dubois,charles.dubois979@outlook.com,CA,N/A,Verified,High,582,242056,55066.17,2023-03-31,Standard,0,0
C28896,Yuki,Young,yuki.young194@outlook.com,US,TX,Rejected,Medium,368,90560,10838.99,2023-06-20,Platinum,1,0
C93279,John,Hill,john.hill907@icloud.com,GB,N/A,Rejected,Critical,516,71889,69643.94,2020-11-03,Gold,0,0
C12791,Barbara,Jones,barbara.jones253@proton.me,CA,N/A,Verified,Medium,820,183714,49519.14,2020-11-01,VIP,0,0
C59218,Michael,Scott,michael.scott131@gmail.com,US,OH,Under Review,Medium,702,108582,15667.01,2024-04-09,Platinum,1,0
C29989,Patricia,King,patricia.king665@outlook.com,GB,N/A,Pending,Low,754,125121,9600.32,2021-10-28,Gold,0,0
C86767,Wei,Flores,wei.flores767@gmail.com,US,MI,Rejected,Medium,809,22664,39340.95,2020-07-21,Platinum,1,0
C35083,Charles,Harris,charles.harris306@icloud.com,DE,N/A,Pending,Medium,658,210913,54862.17,2022-08-19,VIP,0,0
C25474,James,Lewis,james.lewis500@yahoo.com,DE,N/A,Verified,Medium,698,240693,51584.46,2020-09-29,Silver,0,0
C51858,Jennifer,Sanchez,jennifer.sanchez255@yahoo.com,FR,N/A,Verified,Medium,850,299680,59244.72,2023-05-19,Silver,0,0
C77624,Michael,Scott,michael.scott700@proton.me,US,MA,Verified,Medium,689,80139,57924.19,2022-03-22,Silver,0,0
C75235,Richard,Garcia,richard.garcia641@gmail.com,GB,N/A,Rejected,Medium,800,23016,38404.01,2022-11-08,Gold,0,0
C19306,Nancy,Jackson,nancy.jackson933@yahoo.com,US,TX,Pending,High,644,245615,42253.63,2020-10-24,Gold,1,0
C49799,Donald,Harris,donald.harris336@outlook.com,GB,N/A,Verified,Critical,487,304492,46580.38,2021-07-26,Gold,1,0
C43625,Lisa,Thompson,lisa.thompson387@fintechmail.io,FR,N/A,Verified,High,805,225590,58610.54,2023-07-24,VIP,1,0
C58723,Linda,Walker,linda.walker866@yahoo.com,FR,N/A,Under Review,Low,814,119598,26593.86,2022-10-22,Gold,0,0
C48288,Emma,Johnson,emma.johnson557@outlook.com,FR,N/A,Rejected,High,597,209446,7849.82,2024-04-02,Silver,0,0
C88782,Betty,Williams,betty.williams832@fintechmail.io,FR,N/A,Pending,High,379,144207,34057.34,2023-01-13,Gold,1,0
C97407,Steven,Patel,steven.patel42@proton.me,US,FL,Pending,High,574,32552,11059.38,2020-05-31,Gold,0,0
C92136,Jennifer,Torres,jennifer.torres661@outlook.com,DE,N/A,Verified,Critical,351,252468,30708.61,2021-05-08,VIP,0,0
C97724,Jessica,Harris,jessica.harris507@yahoo.com,US,MI,Verified,Low,482,305531,48478.04,2024-08-13,Silver,0,0
C89747,Kimberly,Walker,kimberly.walker92@gmail.com,GB,N/A,Verified,High,369,244709,308.5,2021-08-25,Silver,1,0
C22309,David,Perez,david.perez784@yahoo.com,IN,N/A,Pending,Critical,829,36587,65359.57,2020-02-14,Silver,0,0
C15740,Mary,Wilson,mary.wilson55@proton.me,US,WA,Verified,Medium,520,46540,47470.93,2020-10-30,VIP,0,0
C66556,Richard,Patel,richard.patel450@fintechmail.io,US,MA,Under Review,Medium,830,193257,63036.1,2021-10-27,Platinum,1,0
C94520,Lisa,Kim,lisa.kim608@icloud.com,AU,N/A,Verified,High,757,205268,45364.39,2022-02-03,Platinum,0,0
C21717,Michael,Smith,michael.smith312@outlook.com,US,FL,Verified,Medium,504,107747,42849.47,2024-07-30,Platinum,0,0
C32616,Linda,Rossi,linda.rossi741@yahoo.com,DE,N/A,Rejected,Low,622,280142,29432.82,2019-10-30,Platinum,0,0
C82931,Daniel,Tanaka,daniel.tanaka114@yahoo.com,US,FL,Verified,High,626,285273,36767.48,2019-10-24,Platinum,0,0
C31718,Paul,Muller,paul.muller133@gmail.com,CA,N/A,Under Review,Medium,486,171316,40086.04,2019-12-04,Platinum,1,0
C27949,Emma,Harris,emma.harris710@yahoo.com,FR,N/A,Under Review,Critical,841,191286,31614.23,2023-06-15,VIP,0,0
C95151,Robert,Davis,robert.davis121@proton.me,US,MI,Verified,Low,688,315091,40409.66,2023-12-05,Standard,0,0
C71934,Robert,Gonzalez,robert.gonzalez397@yahoo.com,US,PA,Verified,Medium,,179764,5908.8,2024-11-13,Platinum,0,0
C72625,Thomas,Silva,thomas.silva723@proton.me,US,NY,Verified,Medium,748,159617,31326.08,2020-03-23,Gold,1,0
C62785,Emma,Smith,emma.smith429@icloud.com,US,PA,Under Review,Medium,426,312027,58529.28,2022-09-05,Standard,0,0
C86941,Mateo,Thomas,mateo.thomas500@fintechmail.io,CA,N/A,Verified,Medium,598,139835,46096.22,2023-06-12,Platinum,1,0
C99289,Kimberly,Ramirez,kimberly.ramirez124@icloud.com,US,CA,Under Review,Low,846,97740,22702.02,2024-01-24,Standard,0,0
C22328,John,Martinez,john.martinez258@fintechmail.io,US,IL,Verified,Medium,626,90451,37136.94,2022-11-08,Silver,0,0
C60718,Michelle,Brown,michelle.brown176@outlook.com,US,MA,Pending,Low,586,94040,36446.82,2020-10-11,Gold,1,0
C11379,Margaret,Clark,margaret.clark557@fintechmail.io,US,OH,Verified,Critical,503,179640,74729.51,2020-09-08,Silver,1,0
C60932,Anthony,Allen,anthony.allen406@proton.me,US,VA,Rejected,Medium,375,240700,61674.93,2020-11-26,Silver,0,0
C83634,Robert,Jones,robert.jones572@proton.me,SG,N/A,Verified,Medium,443,51883,44033.2,2024-01-30,VIP,1,0
C65538,Donna,Taylor,donna.taylor842@icloud.com,GB,N/A,Verified,Low,726,40748,13401.98,2024-05-20,Platinum,1,0
C58617,Karen,Sanchez,karen.sanchez601@proton.me,CA,N/A,Verified,Low,633,298980,802.38,2022-08-02,Standard,1,0
C33994,Jennifer,Thomas,jennifer.thomas571@gmail.com,SG,N/A,Under Review,Medium,395,275791,35446.71,2020-10-25,Silver,0,0
C34686,Liam,Robinson,liam.robinson114@yahoo.com,AU,N/A,Verified,High,843,312338,37430.11,2022-04-29,Platinum,1,0
C76216,Daniel,Harris,daniel.harris540@outlook.com,US,CA,Under Review,Medium,699,42311,13627.95,2022-12-19,Gold,1,0
C33995,Joshua,Sanchez,joshua.sanchez167@yahoo.com,FR,N/A,Verified,Medium,594,245757,16714.35,2024-03-23,Platinum,0,0
C48495,Carlos,Harris,carlos.harris14@icloud.com,AU,N/A,Verified,Medium,797,264815,15075.97,2024-05-18,VIP,0,0
C43352,Liam,Young,liam.young675@fintechmail.io,SG,N/A,Pending,Low,521,263056,60478.59,2024-08-16,Silver,0,0
C65117,Charles,Jones,charles.jones991@outlook.com,GB,N/A,Verified,Critical,664,192938,42132.16,2021-01-31,Platinum,0,0
C49569,Anthony,Davis,anthony.davis946@yahoo.com,US,CA,Verified,Low,508,123637,73618.91,2019-09-05,Silver,0,0
C87079,Sarah,Muller,sarah.muller542@outlook.com,IN,N/A,Verified,High,672,265994,26042.61,2021-12-30,Gold,0,0
C73179,Elizabeth,Martin,elizabeth.martin111@icloud.com,FR,N/A,Rejected,Low,400,160998,4163.97,2020-12-02,Silver,0,0
C47279,Jennifer,Silva,jennifer.silva825@outlook.com,CA,N/A,Under Review,High,443,103891,70575.13,2020-09-06,Platinum,0,0
C32904,Donna,Robinson,donna.robinson708@outlook.com,CA,N/A,Verified,Medium,580,193177,1945.16,2022-03-14,Silver,0,0
C76222,Emily,Rossi,emily.rossi705@proton.me,SG,N/A,Under Review,Low,826,239350,10675.66,2022-04-28,Silver,1,0
C74711,Emily,Rodriguez,emily.rodriguez502@fintechmail.io,DE,N/A,Under Review,Critical,663,72633,73645.13,2020-05-15,Platinum,1,0
C93740,Lisa,Kim,lisa.kim927@icloud.com,CA,N/A,Verified,Medium,645,223367,53689.87,2022-09-02,Gold,1,0
C40036,Donna,Lopez,donna.lopez903@icloud.com,US,AZ,Under Review,Low,407,172718,1371.96,2023-05-25,Silver,1,0
C17663,Emily,Patel,emily.patel990@outlook.com,DE,N/A,Rejected,Medium,,178570,70947.87,2020-01-02,Platinum,1,0
C10497,Anthony,Flores,anthony.flores904@outlook.com,GB,N/A,Verified,High,,211843,4567.85,2021-01-19,Silver,0,0
C15259,Patricia,Miller,patricia.miller618@gmail.com,FR,N/A,Verified,High,834,144122,33173.28,2020-08-14,Platinum,0,0
C33143,Wei,Moore,wei.moore883@fintechmail.io,AU,N/A,Verified,Low,782,50113,46785.09,2019-08-02,Platinum,0,0
C56947,Joseph,Hernandez,joseph.hernandez584@outlook.com,DE,N/A,Verified,High,419,247223,63426.87,2024-03-20,Standard,1,0
C18423,Priya,Taylor,priya.taylor888@fintechmail.io,SG,N/A,Pending,Low,429,315117,18538.72,2020-02-25,Gold,1,1
C63123,Margaret,Gonzalez,margaret.gonzalez99@fintechmail.io,FR,N/A,Pending,High,636,314421,38499.41,2024-03-06,Silver,0,0
C70796,Carlos,Johnson,carlos.johnson297@outlook.com,DE,N/A,Pending,Low,835,78689,263.34,2022-05-21,Silver,1,0
C91984,Thomas,Scott,thomas.scott156@yahoo.com,FR,N/A,Pending,Medium,621,148058,42872.49,2024-11-06,Silver,0,0
C31780,Kimberly,Chen,kimberly.chen863@yahoo.com,AU,N/A,Under Review,Medium,514,200070,63893.38,2020-03-27,Standard,0,0
C88014,Michelle,Hill,michelle.hill588@proton.me,GB,N/A,Rejected,High,350,108971,15157.47,2020-05-07,Silver,0,0
C50137,Charles,Rodriguez,charles.rodriguez763@proton.me,CA,N/A,Rejected,High,804,296603,3238.3,2022-08-04,Silver,1,0
C16689,Lisa,Robinson,lisa.robinson288@proton.me,SG,N/A,Pending,Medium,756,81406,65592.06,2021-05-13,Platinum,0,0
C83806,Robert,Wright,robert.wright982@outlook.com,AU,N/A,Verified,Low,623,128694,38288.21,2022-09-16,VIP,0,1
C15069,Emma,Torres,emma.torres801@outlook.com,CA,N/A,Under Review,Medium,656,145881,59216.17,2023-04-09,Platinum,0,0
C14873,Matthew,Flores,matthew.flores377@fintechmail.io,FR,N/A,Rejected,High,700,92831,16339.45,2020-02-03,VIP,0,0
C47331,William,Young,william.young255@proton.me,US,IL,Verified,Low,518,284031,67241.76,2019-12-31,Standard,0,0
C32170,Paul,Garcia,paul.garcia292@fintechmail.io,DE,N/A,Pending,Critical,511,295635,12211.57,2021-12-29,Standard,0,0
C11047,Steven,Moore,steven.moore226@proton.me,AU,N/A,Verified,High,817,88564,45667.06,2022-02-03,Platinum,0,0
C41957,Carlos,Sanchez,carlos.sanchez920@gmail.com,CA,N/A,Under Review,Low,748,103184,58104.44,2020-11-05,Platinum,0,0
C62533,Thomas,Taylor,thomas.taylor527@proton.me,SG,N/A,Verified,High,707,190583,30839.64,2022-07-24,VIP,0,0
C72169,Anthony,Muller,anthony.muller205@icloud.com,US,MA,Verified,Low,677,112239,63365.96,2024-10-28,Standard,0,0
C84761,Sandra,Garcia,sandra.garcia865@gmail.com,US,VA,Under Review,Low,494,74699,58007.71,2019-11-24,VIP,0,0
C74514,Sofia,White,sofia.white265@outlook.com,US,IL,Pending,Low,401,153621,41335.0,2023-10-06,Platinum,1,0
C62997,Donna,Perez,donna.perez279@fintechmail.io,FR,N/A,Rejected,Critical,414,171874,67319.19,2024-01-14,Platinum,0,0
C21766,Donna,Nguyen,donna.nguyen17@outlook.com,US,PA,Verified,Medium,644,171704,73514.74,2020-11-02,Gold,0,0
C60472,Carlos,Chen,carlos.chen373@icloud.com,IN,N/A,Pending,Medium,375,105820,38512.62,2021-07-19,Silver,1,0
C22776,Joshua,King,joshua.king834@fintechmail.io,DE,N/A,Verified,High,664,160744,52474.74,2021-10-27,Standard,0,0
C64964,James,Patel,james.patel416@gmail.com,US,OH,Verified,High,611,311101,43597.07,2021-06-20,Platinum,0,0
C53681,Mateo,Smith,mateo.smith649@fintechmail.io,IN,N/A,Under Review,Critical,511,81211,62092.29,2022-03-29,Gold,0,0
C74661,John,Sanchez,john.sanchez350@outlook.com,US,NC,Rejected,Low,772,175774,64563.7,2024-11-23,Standard,0,0
C84586,Aarav,Clark,aarav.clark283@icloud.com,IN,N/A,Rejected,Medium,366,110387,65531.22,2022-08-08,Gold,0,0
C51158,Christopher,Martin,christopher.martin977@fintechmail.io,US,CA,Pending,Low,656,50720,37331.84,2019-09-28,Gold,0,0
C76634,Barbara,Scott,barbara.scott187@icloud.com,US,MA,Verified,Medium,728,63948,23041.71,2022-10-24,Standard,0,0
C79035,Elizabeth,Smith,elizabeth.smith678@fintechmail.io,FR,N/A,Verified,Medium,431,47592,2405.96,2022-07-15,VIP,0,0
C34018,Karen,Allen,karen.allen784@icloud.com,IN,N/A,Pending,Critical,386,274919,48475.04,2023-09-23,Silver,0,0
C43968,Joshua,Young,joshua.young345@gmail.com,US,MA,Verified,Medium,475,239154,58471.44,2021-04-15,Silver,1,0
C24601,Betty,Chen,betty.chen702@fintechmail.io,US,VA,Rejected,Medium,403,188945,52848.51,2019-09-03,Silver,1,0
C93733,Carlos,Wilson,carlos.wilson331@icloud.com,FR,N/A,Verified,Critical,654,249031,15757.74,2023-04-20,Standard,1,0
C37975,James,Hernandez,james.hernandez418@gmail.com,DE,N/A,Verified,Low,528,131505,64988.85,2022-08-07,Platinum,0,0
C94040,Susan,Garcia,susan.garcia357@icloud.com,SG,N/A,Verified,High,,261922,3401.39,2022-01-06,Standard,1,0
C57875,Joseph,Hill,joseph.hill126@outlook.com,FR,N/A,Verified,Low,686,44024,1303.18,2021-03-17,Platinum,0,0
C73952,James,Perez,james.perez242@outlook.com,CA,N/A,Under Review,Critical,479,243773,65811.29,2021-06-27,Silver,1,0
C35800,Sofia,Johnson,sofia.johnson324@icloud.com,DE,N/A,Pending,Low,395,274294,47642.1,2020-02-25,Platinum,1,0
C18917,Donna,Lewis,donna.lewis791@icloud.com,US,NJ,Pending,Low,772,303528,53032.67,2019-12-04,VIP,0,0
C66377,Matthew,Lewis,matthew.lewis227@yahoo.com,CA,N/A,Verified,Low,548,197608,69538.88,2022-11-05,Standard,0,0
C26347,James,Muller,james.muller26@gmail.com,US,MA,Pending,Medium,811,70036,58433.32,2020-07-09,VIP,0,0
C94014,Charles,Robinson,charles.robinson585@yahoo.com,FR,N/A,Verified,Medium,830,179723,43812.56,2022-06-21,Standard,0,0
C78374,Charles,Hernandez,charles.hernandez213@outlook.com,US,AZ,Verified,High,373,55745,18876.34,2022-05-30,Gold,0,0
C97969,Anthony,Garcia,anthony.garcia826@yahoo.com,DE,N/A,Pending,Low,445,314984,44925.74,2022-07-20,Platinum,0,0
C66988,Donald,Lewis,donald.lewis530@proton.me,US,VA,Verified,Low,567,175908,59528.71,2024-04-08,Platinum,0,0
C34841,Emma,Torres,emma.torres730@yahoo.com,IN,N/A,Verified,Critical,629,165978,4604.99,2022-04-24,VIP,1,0
C37308,Lisa,Thomas,lisa.thomas810@fintechmail.io,US,PA,Pending,Medium,581,78321,59914.86,2022-08-12,Silver,0,0
C48096,Matthew,Sanchez,matthew.sanchez930@outlook.com,CA,N/A,Verified,Critical,565,63663,12639.5,2020-10-14,Platinum,0,0
C96913,Patricia,Davis,patricia.davis484@yahoo.com,US,AZ,Verified,High,482,219464,39648.02,2023-06-30,Standard,1,0
C29751,Jessica,Rodriguez,jessica.rodriguez917@proton.me,SG,N/A,Pending,Critical,552,176109,34699.44,2019-12-05,VIP,0,0
C55341,Sofia,Thomas,sofia.thomas342@gmail.com,US,CA,Verified,Medium,530,173895,57459.9,2024-04-17,Gold,1,0
C69182,Richard,Robinson,richard.robinson244@outlook.com,SG,N/A,Verified,High,579,174919,1964.76,2021-08-19,Silver,0,0
C43194,Mark,Wright,mark.wright21@fintechmail.io,IN,N/A,Verified,Critical,820,280648,11283.64,2021-04-05,Standard,1,0
C19707,Sofia,Hill,sofia.hill225@proton.me,SG,N/A,Verified,Low,845,160549,26506.6,2019-07-17,VIP,1,0
C80980,Barbara,Jackson,barbara.jackson744@fintechmail.io,GB,N/A,Pending,Medium,616,108085,36769.85,2023-12-18,VIP,0,0
C67107,Yuki,Johnson,yuki.johnson265@icloud.com,DE,N/A,Verified,Low,367,52826,42157.59,2021-04-19,Standard,0,0
C24791,Mary,Martinez,mary.martinez642@gmail.com,US,FL,Under Review,High,777,99437,34310.15,2019-11-27,Gold,1,0
C93239,Ashley,Davis,ashley.davis200@icloud.com,IN,N/A,Pending,Low,806,313479,4222.42,2020-04-06,Silver,0,0
C30590,Mateo,Jackson,mateo.jackson805@yahoo.com,CA,N/A,Verified,High,472,114397,52140.59,2022-04-30,Standard,1,0
C71356,Steven,White,steven.white706@icloud.com,AU,N/A,Pending,High,481,243717,61540.33,2019-10-06,Platinum,0,0
C56986,Charles,Anderson,charles.anderson779@gmail.com,DE,N/A,Pending,Critical,655,183649,60007.05,2020-08-01,VIP,1,0
C22970,William,Sanchez,william.sanchez223@proton.me,DE,N/A,Verified,Medium,728,306407,63802.53,2019-10-01,Silver,1,0
C24984,Elizabeth,Harris,elizabeth.harris612@outlook.com,IN,N/A,Under Review,Critical,802,300536,40664.18,2024-03-11,VIP,1,0
C87038,James,Lee,james.lee633@fintechmail.io,US,CA,Verified,Medium,787,53023,53957.52,2023-12-07,VIP,0,0
C84596,Betty,Chen,betty.chen884@icloud.com,CA,N/A,Rejected,High,554,72113,15075.87,2020-09-26,Gold,0,0
C12466,Mateo,Harris,mateo.harris943@proton.me,US,TX,Verified,Critical,570,118718,63620.86,2020-01-23,Standard,1,0
C12902,Michelle,Dubois,michelle.dubois659@icloud.com,US,NJ,Verified,Low,654,316886,54005.43,2020-12-17,Platinum,0,0
C28060,Joseph,Miller,joseph.miller924@gmail.com,US,IL,Rejected,Critical,470,288599,3521.58,2024-06-24,Standard,0,0
C50743,Christopher,Rossi,christopher.rossi141@outlook.com,US,GA,Verified,Medium,437,222442,36379.84,2022-01-12,Standard,1,0
C40044,Margaret,Thomas,margaret.thomas862@gmail.com,AU,N/A,Verified,Low,483,161189,33070.4,2022-06-25,Gold,0,0
C64388,Patricia,Robinson,patricia.robinson190@yahoo.com,IN,N/A,Verified,Medium,742,51743,37702.88,2023-04-27,Platinum,0,0
C33985,Liam,Garcia,liam.garcia681@yahoo.com,IN,N/A,Verified,High,819,243466,38866.69,2021-04-02,VIP,0,0
C67182,John,Williams,john.williams743@icloud.com,GB,N/A,Under Review,Low,590,133110,25694.74,2021-03-13,VIP,0,0
C20721,Donald,Sanchez,donald.sanchez772@outlook.com,DE,N/A,Pending,High,499,315446,47372.16,2021-07-10,Gold,0,0
C21383,Karen,Martin,karen.martin445@gmail.com,US,OH,Rejected,Medium,588,136226,68266.67,2021-09-01,Silver,0,0
C80499,Priya,Dubois,priya.dubois266@gmail.com,US,NY,Verified,Medium,631,234060,28380.11,2023-12-02,Gold,1,0
C20867,Liam,Tanaka,liam.tanaka832@gmail.com,DE,N/A,Pending,Low,839,166213,3579.6,2022-05-18,Gold,1,0
C15815,Emma,Smith,emma.smith880@icloud.com,AU,N/A,Rejected,Low,415,93244,39814.36,2020-02-23,Platinum,0,0
C45510,Andrew,Gonzalez,andrew.gonzalez521@yahoo.com,IN,N/A,Verified,Low,775,146360,53161.61,2024-08-04,VIP,0,0
C60875,Donna,Flores,donna.flores869@gmail.com,US,AZ,Under Review,Medium,841,107362,5589.83,2020-04-21,Standard,0,0
C95741,Richard,Moore,richard.moore499@icloud.com,FR,N/A,Verified,Low,806,311864,31434.18,2020-05-13,Silver,0,0
C19730,Betty,Williams,betty.williams267@proton.me,US,VA,Verified,Medium,461,56114,20658.81,2022-03-07,Standard,1,0
C66020,Steven,Allen,steven.allen932@fintechmail.io,AU,N/A,Under Review,Low,730,117357,13144.93,2019-10-11,Standard,1,0
C36422,Michelle,Williams,michelle.williams58@outlook.com,AU,N/A,Verified,Medium,812,74325,9010.02,2022-01-20,VIP,0,0
C97038,Joseph,Dubois,joseph.dubois274@outlook.com,FR,N/A,Pending,Medium,,319100,56247.6,2023-01-02,Silver,0,0
C98739,Anthony,Wilson,anthony.wilson130@gmail.com,US,FL,Rejected,Medium,397,199213,3121.92,2022-08-28,Silver,0,0
C40717,Mary,Harris,mary.harris929@outlook.com,DE,N/A,Verified,Critical,597,141753,10092.5,2024-11-09,VIP,0,0
C63063,Priya,Hernandez,priya.hernandez209@fintechmail.io,GB,N/A,Pending,High,413,239094,56341.55,2023-05-12,Gold,0,0
C60811,Donna,Jackson,donna.jackson342@gmail.com,AU,N/A,Verified,High,655,186564,57094.34,2024-06-08,Standard,0,0
C55033,Robert,Rossi,robert.rossi166@fintechmail.io,DE,N/A,Under Review,Medium,360,249335,59691.25,2022-08-19,Standard,0,0
C94918,Betty,Martinez,betty.martinez875@proton.me,SG,N/A,Verified,High,446,22201,32077.47,2019-10-04,Standard,0,0
C99472,Steven,Williams,steven.williams722@yahoo.com,US,NJ,Under Review,Critical,649,180912,29374.65,2020-07-28,Platinum,0,0
C21040,Andrew,Davis,andrew.davis752@outlook.com,FR,N/A,Verified,Medium,436,236248,27612.44,2023-05-23,VIP,0,0
C42333,Patricia,Hernandez,patricia.hernandez337@icloud.com,GB,N/A,Verified,Low,544,80419,33707.48,2023-11-15,VIP,1,0
C54863,Charles,Gonzalez,charles.gonzalez321@proton.me,FR,N/A,Under Review,Low,625,284317,3892.87,2020-03-03,Standard,0,0
C84377,David,Lee,david.lee842@icloud.com,DE,N/A,Verified,Medium,402,106834,35017.6,2021-03-10,VIP,0,0
C19363,Sarah,Garcia,sarah.garcia76@fintechmail.io,FR,N/A,Pending,Medium,824,137888,8411.57,2023-06-01,Platinum,0,0
C91721,Joseph,Silva,joseph.silva73@icloud.com,IN,N/A,Verified,Medium,845,119837,8679.53,2020-05-25,Standard,0,0
C30339,Sarah,Perez,sarah.perez134@outlook.com,US,MA,Verified,Medium,595,198858,34404.72,2024-04-17,Silver,0,0
C24832,Emily,Martinez,emily.martinez47@yahoo.com,US,NJ,Under Review,Medium,564,197760,22515.91,2023-08-13,Platinum,1,0
C47569,Jennifer,Brown,jennifer.brown724@fintechmail.io,AU,N/A,Pending,Medium,522,117070,27129.71,2021-08-07,Silver,1,0
C87543,Steven,Wilson,steven.wilson304@outlook.com,SG,N/A,Verified,Low,544,65892,50973.4,2024-08-06,Silver,0,0
C80069,Paul,Garcia,paul.garcia508@icloud.com,GB,N/A,Under Review,Low,418,44112,23003.02,2020-09-28,Standard,0,0
C43761,Elizabeth,Thompson,elizabeth.thompson13@fintechmail.io,US,MA,Pending,High,453,229271,49520.25,2022-11-01,Gold,1,0
C88960,Andrew,Martin,andrew.martin996@outlook.com,DE,N/A,Verified,Medium,537,271161,30780.56,2021-10-03,VIP,0,0
C86491,Sandra,Clark,sandra.clark891@outlook.com,US,IL,Verified,Medium,577,169934,24728.19,2024-07-06,Standard,0,0
C84692,John,Ramirez,john.ramirez956@proton.me,DE,N/A,Under Review,Medium,510,279052,5201.89,2021-04-05,Gold,0,0
C16096,Margaret,Gonzalez,margaret.gonzalez172@fintechmail.io,SG,N/A,Verified,Critical,486,244644,46320.24,2021-03-13,Silver,0,0
C85103,Priya,Torres,priya.torres743@yahoo.com,US,PA,Verified,Low,745,205343,39880.55,2023-06-27,Platinum,1,0
C12620,James,Sharma,james.sharma840@outlook.com,IN,N/A,Pending,Medium,356,281767,73409.82,2024-08-21,Silver,0,0
C50590,Sofia,White,sofia.white657@icloud.com,US,IL,Verified,Medium,763,137644,35913.58,2020-11-24,Platinum,0,0
C46615,Jennifer,Rossi,jennifer.rossi38@proton.me,FR,N/A,Under Review,Medium,728,83321,46839.99,2024-05-09,VIP,0,0
C86440,Margaret,Lopez,margaret.lopez139@yahoo.com,SG,N/A,Pending,Low,814,196876,56562.23,2023-03-01,Platinum,0,0
C29008,Liam,Garcia,liam.garcia93@icloud.com,CA,N/A,Rejected,Low,502,180337,50327.27,2024-07-19,Silver,0,0
C24254,Steven,Anderson,steven.anderson474@icloud.com,US,FL,Pending,Medium,362,85108,35187.91,2022-08-24,Silver,1,0
C38998,Matthew,Allen,matthew.allen269@icloud.com,US,NY,Verified,Medium,377,248765,13456.58,2020-01-25,Standard,0,1
C31260,Steven,Martin,steven.martin913@proton.me,DE,N/A,Verified,Medium,,157543,56974.03,2022-03-08,Standard,0,0
C10421,Robert,Smith,robert.smith133@fintechmail.io,IN,N/A,Verified,Medium,690,141739,55819.1,2023-09-26,VIP,1,0
C21705,Joseph,Wright,joseph.wright756@outlook.com,US,IL,Verified,Critical,441,45290,71068.53,2023-02-18,Silver,0,0
C52332,Michael,Rodriguez,michael.rodriguez114@fintechmail.io,DE,N/A,Under Review,Medium,686,314047,70994.43,2024-08-06,Platinum,0,0
C80393,Linda,Perez,linda.perez572@icloud.com,US,WA,Verified,Medium,694,238469,67243.94,2021-06-21,Platinum,0,0
C17340,Barbara,Anderson,barbara.anderson392@proton.me,IN,N/A,Under Review,Medium,743,259088,42318.97,2019-12-06,Platinum,0,0
C49448,Emily,Scott,emily.scott881@fintechmail.io,SG,N/A,Rejected,Medium,706,225810,2420.55,2021-11-20,VIP,1,0
C10663,Mary,Lewis,mary.lewis965@icloud.com,US,IL,Verified,Low,492,77732,30111.27,2020-07-03,VIP,0,0
C66549,Robert,Johnson,robert.johnson956@outlook.com,FR,N/A,Rejected,Critical,654,222132,48709.48,2024-08-02,Silver,0,0
C22618,Elizabeth,Wright,elizabeth.wright448@gmail.com,SG,N/A,Verified,Critical,584,95638,49790.16,2023-06-19,VIP,0,0
C39853,Charles,Rossi,charles.rossi348@proton.me,SG,N/A,Rejected,Medium,708,245618,66567.62,2019-07-30,VIP,0,0
C99248,Margaret,Young,margaret.young904@yahoo.com,DE,N/A,Verified,Low,680,317208,52476.21,2020-05-22,Platinum,0,0
C12576,Paul,Jackson,paul.jackson650@proton.me,IN,N/A,Rejected,Low,778,29994,5930.07,2024-08-11,Gold,0,0
C88586,Barbara,Moore,barbara.moore35@fintechmail.io,FR,N/A,Under Review,Low,483,128453,26214.29,2024-07-11,VIP,0,0
C72458,Paul,Patel,paul.patel172@yahoo.com,FR,N/A,Pending,Low,428,232745,41930.69,2021-08-16,Platinum,0,0
C99332,Donna,Johnson,donna.johnson319@proton.me,US,OH,Verified,Critical,763,82359,41253.18,2020-10-23,Standard,1,0
C32028,Michael,Martinez,michael.martinez519@gmail.com,US,FL,Rejected,Medium,803,194553,18638.43,2021-12-14,Gold,1,0
C59337,Carlos,Rodriguez,carlos.rodriguez608@outlook.com,US,AZ,Rejected,Medium,682,290553,43077.71,2023-10-29,VIP,0,0
C62298,Lisa,Dubois,lisa.dubois544@proton.me,DE,N/A,Verified,Medium,400,256302,48318.31,2023-08-15,Silver,0,0
C37575,Jennifer,White,jennifer.white950@outlook.com,AU,N/A,Verified,High,360,27299,35097.3,2021-08-29,Silver,1,0
C10823,Paul,Clark,paul.clark561@icloud.com,US,MI,Verified,Medium,389,190232,3325.77,2021-06-04,Platinum,0,0
C77700,Jennifer,Scott,jennifer.scott292@fintechmail.io,IN,N/A,Under Review,High,835,80773,28259.24,2019-12-15,VIP,0,0
C88373,John,Young,john.young65@fintechmail.io,FR,N/A,Rejected,High,798,299627,73857.54,2023-07-09,VIP,1,0
C62515,Emily,Lewis,emily.lewis569@fintechmail.io,IN,N/A,Rejected,Medium,452,96480,1399.77,2021-09-15,Standard,0,0
C80462,Ashley,Miller,ashley.miller362@icloud.com,US,NY,Under Review,Medium,781,39551,21737.39,2019-07-20,Silver,0,0
C64725,Barbara,Muller,barbara.muller73@icloud.com,US,NC,Verified,Medium,550,186554,35138.18,2020-03-11,Gold,0,0
C12618,Amara,Scott,amara.scott821@proton.me,GB,N/A,Verified,Low,378,108636,23477.45,2021-07-09,Platinum,1,0
C32197,Priya,Martin,priya.martin473@fintechmail.io,US,NC,Rejected,Low,698,285245,34164.67,2023-09-30,Platinum,1,0
C18965,Richard,Rossi,richard.rossi904@icloud.com,US,IL,Pending,Low,706,283636,36866.21,2020-01-16,Platinum,0,0
C41207,Liam,Patel,liam.patel819@fintechmail.io,DE,N/A,Pending,Medium,637,123428,57693.3,2024-06-30,Standard,1,0
C88306,Christopher,Wright,christopher.wright286@proton.me,US,IL,Verified,Low,662,295922,39263.06,2024-02-01,Platinum,0,0
C56689,Liam,Dubois,liam.dubois845@proton.me,US,NC,Verified,Medium,795,281381,63704.36,2023-12-05,VIP,1,0
C38674,Aarav,Davis,aarav.davis874@proton.me,DE,N/A,Rejected,High,758,23096,74479.16,2023-05-22,Silver,0,0
C77462,Kimberly,Patel,kimberly.patel99@yahoo.com,IN,N/A,Verified,High,376,276206,39917.76,2021-12-20,Silver,1,0
C25098,Thomas,Martinez,thomas.martinez571@gmail.com,US,IL,Verified,Medium,766,75951,54484.83,2021-01-25,Silver,0,0
C10284,John,Hernandez,john.hernandez446@yahoo.com,US,WA,Verified,Low,465,265694,47791.51,2024-06-21,Silver,0,0
C82887,Susan,Chen,susan.chen637@gmail.com,CA,N/A,Under Review,Medium,503,36412,518.2,2023-02-14,Gold,0,0
C91319,Richard,Williams,richard.williams645@fintechmail.io,DE,N/A,Verified,Low,477,53378,9226.2,2020-04-30,Standard,0,0
C66362,Sarah,Hernandez,sarah.hernandez860@icloud.com,CA,N/A,Verified,Medium,696,118446,74751.73,2023-10-20,Platinum,0,0
C83083,Christopher,Jones,christopher.jones229@fintechmail.io,SG,N/A,Pending,Critical,761,302720,67599.31,2022-08-16,Gold,1,0
C31421,Charles,Anderson,charles.anderson216@gmail.com,US,WA,Pending,Low,770,122186,22308.49,2023-01-02,Platinum,0,0
C41548,Andrew,Walker,andrew.walker504@gmail.com,IN,N/A,Verified,Low,828,63881,12679.46,2024-11-28,Gold,0,0
C57934,Steven,Nguyen,steven.nguyen507@icloud.com,FR,N/A,Verified,Critical,777,57303,61027.67,2020-09-15,Standard,1,0
C67181,Michael,Moore,michael.moore795@outlook.com,US,IL,Verified,Low,422,42316,49104.42,2021-01-06,Silver,0,0
C55190,Andrew,Moore,andrew.moore621@icloud.com,CA,N/A,Verified,Low,753,162686,61129.13,2024-05-12,Gold,0,0
C53291,Andrew,Perez,andrew.perez585@proton.me,FR,N/A,Verified,High,433,125828,3260.05,2019-11-12,VIP,0,0
C77610,Anthony,Taylor,anthony.taylor300@icloud.com,SG,N/A,Verified,Medium,650,308400,29965.89,2023-01-05,Silver,0,0
C36024,Jessica,Martin,jessica.martin41@icloud.com,FR,N/A,Verified,Low,722,195863,45731.38,2021-08-07,Silver,0,0
C85373,Sofia,Taylor,sofia.taylor637@fintechmail.io,US,FL,Verified,Medium,710,61063,63472.75,2024-07-27,Gold,0,0
C58688,Emma,Patel,emma.patel702@gmail.com,IN,N/A,Under Review,Low,586,312342,41992.12,2024-11-30,Standard,0,0
C22346,Linda,Taylor,linda.taylor644@proton.me,IN,N/A,Rejected,Low,500,170553,45059.1,2022-12-05,Standard,0,0
C61273,Richard,Lopez,richard.lopez517@outlook.com,GB,N/A,Verified,Medium,689,276703,54982.59,2023-05-29,Platinum,0,0
C59117,Richard,Walker,richard.walker828@proton.me,CA,N/A,Pending,Low,846,158274,27258.87,2023-02-11,Standard,0,0
C75459,Karen,Anderson,karen.anderson589@icloud.com,IN,N/A,Verified,High,457,306306,27665.92,2022-04-09,Silver,1,0
C60340,Richard,Martin,richard.martin695@outlook.com,US,IL,Under Review,Medium,786,303552,13561.4,2023-06-28,Platinum,0,0
C47876,Elizabeth,Sanchez,elizabeth.sanchez401@outlook.com,IN,N/A,Verified,Medium,827,294161,47510.54,2021-04-20,Silver,0,0
C10232,Richard,Sharma,richard.sharma352@outlook.com,US,NJ,Rejected,Low,460,126781,29927.99,2021-02-26,Platinum,0,0
C66663,William,Tanaka,william.tanaka456@proton.me,AU,N/A,Verified,Low,566,150373,5927.8,2020-05-18,VIP,0,0
C11595,Emily,Allen,emily.allen126@gmail.com,DE,N/A,Pending,Low,414,123970,10506.54,2019-10-24,Platinum,0,0
C88359,Donna,Allen,donna.allen125@proton.me,CA,N/A,Under Review,Low,370,292527,27033.85,2020-01-24,Gold,0,0
C51471,Sofia,Jones,sofia.jones983@gmail.com,SG,N/A,Verified,Low,662,221870,52416.83,2023-01-09,Platinum,0,0
C50190,Joshua,Harris,joshua.harris469@gmail.com,GB,N/A,Rejected,Critical,603,100223,49034.51,2022-07-25,Platinum,1,0
C81671,Mark,Tanaka,mark.tanaka304@yahoo.com,US,GA,Verified,Critical,555,167280,49827.29,2023-04-16,Platinum,0,0
C58953,Mary,Thomas,mary.thomas193@fintechmail.io,DE,N/A,Pending,Critical,642,288815,34516.2,2021-06-22,Platinum,1,0
C66040,Sarah,Hill,sarah.hill186@yahoo.com,GB,N/A,Verified,Critical,812,109225,57955.26,2024-05-17,Gold,0,0
C30713,Anthony,Flores,anthony.flores417@outlook.com,GB,N/A,Verified,Critical,674,33608,23237.19,2020-04-15,Platinum,0,0
C27285,Priya,Moore,priya.moore15@icloud.com,CA,N/A,Verified,High,357,120218,68024.8,2024-10-25,Platinum,1,0
C57548,Joseph,Scott,joseph.scott567@gmail.com,US,TX,Pending,Medium,365,123366,62932.72,2021-12-07,Platinum,0,0
C39886,Steven,King,steven.king459@gmail.com,DE,N/A,Verified,High,772,104976,64491.59,2023-03-03,Silver,0,0
C25825,Margaret,Wilson,margaret.wilson858@outlook.com,DE,N/A,Rejected,Medium,726,107731,12364.2,2024-10-26,Silver,0,0
C86716,Thomas,Williams,thomas.williams552@fintechmail.io,US,CA,Under Review,Low,556,76764,24221.34,2021-08-14,Gold,0,0
C39370,Sofia,Ramirez,sofia.ramirez468@gmail.com,US,TX,Rejected,Medium,842,47317,48314.66,2023-04-02,Platinum,0,0
C79077,Richard,Smith,richard.smith973@gmail.com,FR,N/A,Pending,High,614,34295,54440.5,2022-11-07,Gold,1,0
C39739,Nancy,Flores,nancy.flores269@icloud.com,AU,N/A,Verified,Medium,619,256432,25886.47,2023-09-28,Silver,0,0
C26968,Kimberly,Sharma,kimberly.sharma488@gmail.com,FR,N/A,Verified,Critical,422,90149,28458.25,2022-03-21,VIP,0,0
C81753,Susan,Lee,susan.lee258@yahoo.com,US,GA,Verified,Medium,693,217228,12784.4,2020-10-12,Gold,0,0
C84925,Sofia,Silva,sofia.silva10@proton.me,CA,N/A,Verified,Low,489,63353,49820.24,2022-04-06,Platinum,0,0
C31171,Thomas,Ramirez,thomas.ramirez577@fintechmail.io,DE,N/A,Verified,Medium,423,293118,41251.77,2022-10-08,Standard,0,0
C84012,Mary,Moore,mary.moore195@proton.me,US,VA,Verified,Medium,616,137991,72942.06,2022-03-07,Silver,1,0
C73491,Donna,Ramirez,donna.ramirez531@icloud.com,GB,N/A,Under Review,High,508,60262,52139.67,2022-06-01,Gold,1,0
C32515,Donna,Wilson,donna.wilson537@fintechmail.io,US,FL,Verified,High,780,272150,62424.41,2022-03-18,VIP,1,0
C16541,Liam,Torres,liam.torres761@yahoo.com,DE,N/A,Under Review,High,812,272932,33522.77,2020-10-26,Gold,1,0
C19718,Steven,Anderson,steven.anderson226@icloud.com,US,NC,Verified,Low,596,54190,47781.17,2024-04-21,Silver,0,0
C79154,Paul,White,paul.white229@fintechmail.io,AU,N/A,Verified,Low,647,137004,42930.72,2021-06-24,Gold,0,0
C14147,Richard,Gonzalez,richard.gonzalez727@outlook.com,US,NC,Verified,Low,705,201935,9433.52,2020-11-28,Standard,0,0
C21266,Michael,Lewis,michael.lewis204@icloud.com,DE,N/A,Pending,High,622,42436,60133.49,2019-12-11,Silver,1,0
C29171,Wei,Hernandez,wei.hernandez762@icloud.com,IN,N/A,Verified,High,782,48427,47164.83,2019-10-31,Gold,0,0
C97720,Barbara,Allen,barbara.allen735@icloud.com,CA,N/A,Verified,Critical,805,292613,57262.84,2021-07-07,Platinum,1,0
C36998,Emily,Rossi,emily.rossi989@fintechmail.io,US,WA,Rejected,High,828,96475,3118.27,2022-11-23,Standard,1,0
C10111,Carlos,Muller,carlos.muller123@gmail.com,US,FL,Pending,Critical,756,293844,52580.64,2019-11-07,Standard,0,0
C30526,Jennifer,Ramirez,jennifer.ramirez411@gmail.com,CA,N/A,Verified,Critical,546,199660,72116.38,2021-06-10,Silver,0,0
C86585,Jennifer,Jackson,jennifer.jackson98@yahoo.com,DE,N/A,Rejected,Medium,768,236137,6359.85,2021-03-12,Silver,1,0
C35912,Joshua,Martinez,joshua.martinez527@icloud.com,CA,N/A,Rejected,Medium,675,258288,57706.86,2021-12-07,Gold,1,0
C14119,Liam,Allen,liam.allen770@icloud.com,CA,N/A,Under Review,Medium,461,71139,31647.57,2020-07-26,Gold,0,0
C77514,Mark,Dubois,mark.dubois341@proton.me,AU,N/A,Verified,Low,581,174256,5799.04,2024-02-28,Silver,1,0
C91092,Mary,Rossi,mary.rossi447@outlook.com,US,NJ,Verified,Low,626,217577,55333.29,2021-04-26,Standard,0,0
C48952,Paul,Rossi,paul.rossi323@fintechmail.io,SG,N/A,Rejected,High,353,159961,37232.67,2024-07-05,Platinum,0,0
C47911,David,Ramirez,david.ramirez325@fintechmail.io,US,TX,Pending,Medium,764,262299,40094.52,2024-05-09,Silver,1,0
C60967,Donald,Ramirez,donald.ramirez462@outlook.com,FR,N/A,Verified,Low,488,210958,42466.67,2020-06-28,VIP,1,0
C94967,Donna,Moore,donna.moore964@gmail.com,IN,N/A,Under Review,Medium,589,90705,34200.31,2023-08-26,VIP,0,0
C47985,Donna,Allen,donna.allen659@proton.me,US,CA,Verified,Low,364,142917,74112.23,2020-03-16,Standard,0,0
C12121,Elizabeth,Patel,elizabeth.patel658@proton.me,US,WA,Pending,High,771,273364,53533.26,2020-05-14,Standard,1,0
C13666,Joseph,Moore,joseph.moore573@icloud.com,US,CA,Verified,Critical,482,81107,59078.2,2023-12-19,Silver,1,0
C34792,Joshua,Lewis,joshua.lewis608@outlook.com,US,VA,Rejected,Medium,594,205308,59686.3,2024-08-31,VIP,0,0
C70257,Kimberly,Ramirez,kimberly.ramirez654@proton.me,IN,N/A,Rejected,Low,705,117942,29501.95,2021-08-18,VIP,0,0
C79418,Mateo,Harris,mateo.harris595@yahoo.com,IN,N/A,Pending,Medium,792,289075,45780.73,2021-01-21,Silver,1,0
C47022,William,Hill,william.hill123@proton.me,CA,N/A,Rejected,High,809,51006,46272.8,2021-03-27,Gold,1,0
C81855,Liam,Chen,liam.chen35@fintechmail.io,AU,N/A,Under Review,High,679,261714,49174.44,2020-04-18,Gold,1,0
C26218,Steven,Sanchez,steven.sanchez467@fintechmail.io,SG,N/A,Pending,Low,432,142927,11929.18,2024-10-18,Silver,0,0
C61328,Michelle,Sanchez,michelle.sanchez353@icloud.com,US,TX,Under Review,Critical,642,285937,8031.01,2023-07-08,Gold,1,0
C78303,Kimberly,Davis,kimberly.davis533@icloud.com,DE,N/A,Under Review,High,510,27894,35648.92,2020-07-03,Silver,1,0
C90754,Liam,Rodriguez,liam.rodriguez401@icloud.com,US,VA,Verified,Critical,846,119849,67070.03,2021-02-09,Standard,1,0
C92363,Kimberly,Hill,kimberly.hill417@outlook.com,SG,N/A,Verified,Critical,500,319784,62716.89,2024-05-19,Platinum,1,0
C40713,Patricia,Rossi,patricia.rossi524@yahoo.com,FR,N/A,Verified,Critical,,219301,12206.81,2021-02-02,Gold,1,0
C32512,Anthony,Taylor,anthony.taylor272@fintechmail.io,DE,N/A,Verified,Critical,501,207017,67941.04,2024-03-07,Standard,0,0
C96661,Kimberly,Allen,kimberly.allen325@icloud.com,US,NC,Rejected,Medium,792,228431,63954.06,2020-10-24,Standard,0,0
C49683,Donald,Rossi,donald.rossi626@yahoo.com,AU,N/A,Rejected,Low,663,298728,17062.1,2020-12-06,Platinum,0,0
C21624,Yuki,Garcia,yuki.garcia123@gmail.com,US,CA,Pending,Critical,618,46529,71129.07,2021-03-04,Gold,0,0
C43765,Donald,Moore,donald.moore482@proton.me,CA,N/A,Verified,Low,748,100989,17156.17,2021-09-10,Gold,1,0
C21948,Ashley,Johnson,ashley.johnson432@gmail.com,US,AZ,Verified,Critical,395,173007,8507.07,2021-02-08,Platinum,0,0
C97760,Nancy,Martinez,nancy.martinez504@outlook.com,DE,N/A,Pending,Critical,827,106270,37029.38,2020-03-08,Standard,0,0
C85925,Linda,Martin,linda.martin916@proton.me,CA,N/A,Verified,Low,545,260864,48310.34,2024-10-26,Standard,0,0
C19128,Carlos,Thompson,carlos.thompson289@outlook.com,FR,N/A,Verified,Low,463,95401,52676.84,2022-03-28,Silver,1,0
C13779,Carlos,Wright,carlos.wright134@yahoo.com,US,IL,Rejected,Low,765,72154,60583.59,2020-06-21,VIP,1,0
C75172,Kimberly,Muller,kimberly.muller726@gmail.com,US,IL,Verified,Low,429,203210,28242.92,2023-11-11,Gold,0,0
C21561,Linda,Jackson,linda.jackson298@yahoo.com,US,MA,Verified,Critical,373,210465,5646.01,2020-12-01,Silver,0,0
C76226,Emily,Rodriguez,emily.rodriguez309@yahoo.com,CA,N/A,Rejected,Critical,716,214535,8815.37,2020-01-20,Silver,0,0
C56412,Paul,Lee,paul.lee268@proton.me,SG,N/A,Verified,Critical,513,270459,16045.8,2019-08-08,Standard,0,0
C96973,Carlos,White,carlos.white256@outlook.com,GB,N/A,Pending,Medium,674,279327,47379.34,2020-11-30,Silver,1,0
C13121,Nancy,Hernandez,nancy.hernandez933@yahoo.com,CA,N/A,Verified,Medium,782,86165,63678.63,2024-08-23,Silver,0,0
C60966,Priya,Rodriguez,priya.rodriguez198@yahoo.com,US,NY,Verified,Low,817,156855,40938.05,2020-03-14,Silver,0,0
C50560,Sofia,Wright,sofia.wright742@proton.me,IN,N/A,Under Review,High,494,249792,37275.74,2020-03-24,Silver,0,1
C72496,Andrew,Miller,andrew.miller699@icloud.com,IN,N/A,Verified,High,649,190131,39797.54,2020-07-07,VIP,1,0
C53119,Priya,Ramirez,priya.ramirez151@icloud.com,DE,N/A,Verified,Critical,722,171252,25281.91,2022-09-24,Gold,1,0
C59520,Mateo,Smith,mateo.smith923@gmail.com,FR,N/A,Pending,High,432,310047,28325.74,2024-03-12,Platinum,1,0
C78622,Sarah,Anderson,sarah.anderson597@fintechmail.io,AU,N/A,Under Review,Low,636,261424,49004.27,2024-06-05,VIP,0,0
C62736,Emma,Wilson,emma.wilson665@icloud.com,GB,N/A,Verified,Low,688,295901,6228.77,2022-12-21,Platinum,1,0
C41817,Karen,Martin,karen.martin81@fintechmail.io,CA,N/A,Rejected,High,542,42573,12459.58,2024-07-31,Platinum,0,0
C72036,Donald,Patel,donald.patel239@proton.me,AU,N/A,Rejected,Low,681,23986,60561.72,2021-09-05,Platinum,0,0
C53949,William,Gonzalez,william.gonzalez509@outlook.com,US,NC,Pending,Medium,788,137448,19280.83,2020-09-14,Silver,0,0
C80724,Mark,Harris,mark.harris964@fintechmail.io,DE,N/A,Verified,Low,538,176722,71779.45,2020-01-31,Gold,0,0
C54751,Anthony,Clark,anthony.clark338@icloud.com,FR,N/A,Verified,Medium,737,22323,51422.76,2021-02-24,Platinum,0,0
C99504,Joshua,Silva,joshua.silva178@gmail.com,SG,N/A,Under Review,Low,364,315866,4836.51,2020-04-26,Gold,0,0
C73726,Wei,Johnson,wei.johnson952@icloud.com,IN,N/A,Verified,Medium,809,110178,55848.78,2022-02-04,Gold,1,0
C40793,Thomas,Clark,thomas.clark200@outlook.com,US,WA,Verified,Critical,806,66823,34211.89,2022-03-04,Silver,0,0
C71633,Barbara,Sanchez,barbara.sanchez375@fintechmail.io,SG,N/A,Pending,Low,516,293132,6326.65,2023-08-10,Platinum,1,0
C14989,Priya,Miller,priya.miller749@outlook.com,AU,N/A,Pending,Low,641,146515,9917.48,2019-10-08,Silver,0,0
C47992,David,Sharma,david.sharma633@gmail.com,FR,N/A,Verified,Low,608,67416,69303.33,2022-01-01,Standard,0,0
C67935,Betty,Lewis,betty.lewis615@yahoo.com,AU,N/A,Verified,Critical,779,54339,36685.62,2021-11-29,Standard,0,0
C43028,Amara,Allen,amara.allen376@gmail.com,GB,N/A,Pending,Critical,372,29943,51470.34,2020-10-13,VIP,1,0
C73951,Joseph,Young,joseph.young92@fintechmail.io,CA,N/A,Verified,Low,529,247395,61976.41,2021-04-07,Platinum,0,0
C42658,Jessica,Tanaka,jessica.tanaka717@yahoo.com,CA,N/A,Under Review,Medium,609,108323,19209.43,2024-12-01,Platinum,0,0
C91572,Thomas,Nguyen,thomas.nguyen868@yahoo.com,DE,N/A,Verified,Low,494,50879,36250.39,2022-05-02,Platinum,1,0
C14701,Christopher,Perez,christopher.perez155@outlook.com,SG,N/A,Under Review,Medium,712,42548,53604.5,2019-11-02,VIP,1,0
C52886,Priya,Brown,priya.brown153@outlook.com,DE,N/A,Pending,Critical,371,176363,43640.28,2020-04-30,Silver,1,0
C14706,Kimberly,Garcia,kimberly.garcia532@gmail.com,FR,N/A,Verified,High,636,191371,54282.52,2021-08-03,VIP,0,0
C80854,Joseph,Dubois,joseph.dubois56@icloud.com,FR,N/A,Verified,Low,612,111763,29460.61,2024-11-16,Platinum,0,0
C83898,Susan,Sanchez,susan.sanchez441@yahoo.com,DE,N/A,Verified,Medium,629,265668,10223.48,2020-07-12,VIP,0,0
C66202,Mateo,Muller,mateo.muller389@icloud.com,IN,N/A,Pending,Medium,,270360,28792.8,2020-09-12,Standard,0,0
C46824,Joseph,Nguyen,joseph.nguyen686@icloud.com,AU,N/A,Verified,Medium,733,175448,54109.38,2023-06-02,Silver,0,0
C13915,Karen,Rossi,karen.rossi387@proton.me,GB,N/A,Verified,Low,498,60087,70393.78,2024-08-09,Gold,0,0
C33326,Linda,Martin,linda.martin386@icloud.com,US,MA,Verified,High,377,91518,16731.57,2020-12-12,Silver,1,0
C26176,Donna,Harris,donna.harris146@gmail.com,AU,N/A,Verified,Low,660,176508,70299.57,2019-11-26,Silver,1,0
C65796,David,Thompson,david.thompson393@fintechmail.io,SG,N/A,Rejected,Critical,538,229897,69235.54,2021-09-09,VIP,0,0
C25878,Susan,Scott,susan.scott349@gmail.com,IN,N/A,Rejected,Low,355,37946,3428.95,2023-05-13,Gold,1,0
C99971,Michelle,Gonzalez,michelle.gonzalez265@outlook.com,IN,N/A,Rejected,Low,665,149355,38174.61,2020-07-08,Platinum,1,0
C55100,Barbara,Lopez,barbara.lopez372@proton.me,CA,N/A,Rejected,Low,726,94879,41771.46,2020-09-10,VIP,0,0
C30057,Priya,Kim,priya.kim497@outlook.com,AU,N/A,Verified,Low,613,232961,39339.84,2023-07-11,VIP,0,0
C85082,Lisa,Muller,lisa.muller387@outlook.com,US,MI,Rejected,Critical,418,307009,28022.66,2022-04-14,Silver,0,0
C95609,Patricia,Sanchez,patricia.sanchez295@proton.me,IN,N/A,Pending,Critical,618,121448,38526.76,2021-07-11,VIP,0,0
C39132,Yuki,Martinez,yuki.martinez631@fintechmail.io,SG,N/A,Verified,High,478,38712,74673.92,2024-09-16,Standard,0,0
C26557,Nancy,Jackson,nancy.jackson364@fintechmail.io,US,MA,Under Review,Medium,389,140499,64066.44,2020-12-29,Standard,0,0
C73751,Sofia,King,sofia.king570@fintechmail.io,US,OH,Verified,Medium,448,241753,7244.79,2024-10-04,Standard,0,0
C21834,Michael,Clark,michael.clark605@fintechmail.io,GB,N/A,Verified,Medium,850,74829,5588.38,2023-09-01,Platinum,0,0
C42320,Jessica,Perez,jessica.perez886@outlook.com,FR,N/A,Rejected,Low,500,41953,20600.7,2021-08-03,VIP,0,0
C67526,Amara,Tanaka,amara.tanaka671@gmail.com,US,GA,Under Review,High,709,93196,965.22,2024-02-21,Gold,0,0
C90443,Steven,Ramirez,steven.ramirez886@fintechmail.io,GB,N/A,Verified,Medium,656,283618,62007.24,2024-05-18,Standard,0,0
C69603,Sarah,Martin,sarah.martin273@gmail.com,US,FL,Verified,Critical,565,282749,37126.85,2021-06-01,VIP,1,0
C85664,Kimberly,Chen,kimberly.chen529@icloud.com,US,OH,Under Review,Medium,474,215836,47654.81,2020-10-18,Platinum,0,0
C31448,Sofia,Brown,sofia.brown806@fintechmail.io,GB,N/A,Verified,Low,845,241442,73632.42,2022-01-05,Standard,0,0
C22263,Sofia,White,sofia.white338@outlook.com,AU,N/A,Pending,Medium,602,170909,16152.23,2020-08-02,Platinum,0,0
C65363,Christopher,Lee,christopher.lee124@outlook.com,GB,N/A,Verified,Medium,605,318983,38718.07,2024-09-15,Standard,0,0
C82742,Priya,Lopez,priya.lopez653@yahoo.com,CA,N/A,Rejected,Medium,805,285550,3794.81,2023-11-26,Gold,0,0
C66816,Matthew,Nguyen,matthew.nguyen252@gmail.com,SG,N/A,Under Review,Low,394,156596,58015.07,2020-06-28,VIP,0,0
C80967,Susan,Sanchez,susan.sanchez320@yahoo.com,FR,N/A,Rejected,Critical,670,295769,65944.5,2020-08-05,Standard,0,0
C17813,Matthew,Patel,matthew.patel793@outlook.com,GB,N/A,Verified,Medium,402,127992,14997.16,2024-06-03,Platinum,1,0
C58505,Elizabeth,Young,elizabeth.young880@proton.me,US,FL,Verified,Low,506,76327,3835.23,2020-04-26,Gold,0,0
C89394,Linda,Scott,linda.scott654@gmail.com,FR,N/A,Verified,Low,607,227510,54957.37,2024-08-22,VIP,0,0
C22036,Matthew,Harris,matthew.harris370@yahoo.com,CA,N/A,Verified,Critical,653,227144,14259.35,2019-07-14,Standard,0,0
C35081,Thomas,Johnson,thomas.johnson37@gmail.com,AU,N/A,Verified,Medium,602,105541,45147.37,2023-02-13,Platinum,0,0
C49407,Karen,Martin,karen.martin843@gmail.com,IN,N/A,Pending,Medium,461,181748,30350.31,2020-01-14,Standard,1,0
C74554,Carlos,Anderson,carlos.anderson733@fintechmail.io,US,IL,Verified,Low,721,83951,61980.81,2024-04-29,Standard,0,0
C11123,Paul,Anderson,paul.anderson249@yahoo.com,US,AZ,Pending,Low,828,101552,13162.69,2020-03-02,Platinum,0,0
C48114,Yuki,Taylor,yuki.taylor373@gmail.com,US,NY,Rejected,Medium,631,33852,59036.92,2023-01-16,Gold,0,0
C99744,Charles,Miller,charles.miller557@fintechmail.io,US,TX,Rejected,Low,531,227547,36360.28,2019-11-06,VIP,0,0
C58528,Charles,Jones,charles.jones342@gmail.com,GB,N/A,Verified,Low,587,85487,6718.56,2020-03-29,VIP,0,0
C12456,Donald,Hill,donald.hill358@gmail.com,SG,N/A,Verified,Medium,565,203460,58830.06,2021-08-21,Gold,0,0
C75627,Paul,Flores,paul.flores387@gmail.com,US,NY,Verified,Critical,755,27624,43624.32,2021-03-08,Standard,1,0
C87874,Aarav,Sanchez,aarav.sanchez690@gmail.com,US,TX,Under Review,Critical,661,163645,35810.32,2023-08-30,Standard,1,0
C74957,Mary,Jackson,mary.jackson451@outlook.com,US,PA,Pending,Low,350,26100,22538.93,2023-06-28,Silver,0,0
C61848,Richard,Silva,richard.silva688@proton.me,US,WA,Verified,High,698,66379,6163.21,2020-05-16,Standard,1,0
C83265,Kimberly,Anderson,kimberly.anderson938@gmail.com,AU,N/A,Under Review,Low,679,42262,48546.93,2021-12-25,Gold,0,0
C13401,Andrew,Taylor,andrew.taylor603@proton.me,DE,N/A,Under Review,Medium,450,212587,25944.85,2021-11-12,Silver,0,0
C32626,Anthony,King,anthony.king294@fintechmail.io,IN,N/A,Pending,Medium,406,242272,47055.35,2024-03-08,Standard,0,0
C99337,Joshua,Robinson,joshua.robinson641@icloud.com,AU,N/A,Verified,Medium,664,265572,47099.19,2021-04-11,Standard,0,0
C60250,Christopher,Rodriguez,christopher.rodriguez54@outlook.com,SG,N/A,Verified,Low,389,277423,12235.82,2024-03-16,Standard,0,0
C83124,Priya,Wilson,priya.wilson620@yahoo.com,SG,N/A,Rejected,Low,675,268261,9248.02,2024-04-26,Platinum,0,0
C46420,Priya,Dubois,priya.dubois18@proton.me,IN,N/A,Verified,Medium,468,133192,5062.65,2022-09-28,Platinum,0,0
C48418,Yuki,Sanchez,yuki.sanchez887@icloud.com,US,MA,Verified,Medium,531,36982,46186.38,2022-12-17,Platinum,0,0
C76269,Charles,Martinez,charles.martinez419@yahoo.com,FR,N/A,Verified,Medium,526,146225,66471.25,2019-08-21,Standard,0,0
C53115,Jennifer,Patel,jennifer.patel405@yahoo.com,US,NJ,Rejected,Medium,799,156079,23872.42,2019-10-06,Gold,1,0
C28888,Michelle,Davis,michelle.davis430@yahoo.com,SG,N/A,Under Review,Medium,757,112009,71151.05,2023-11-24,VIP,1,0
C37555,Daniel,White,daniel.white58@proton.me,SG,N/A,Verified,Medium,659,95767,19963.35,2022-06-21,Platinum,0,0
C30869,Linda,Jones,linda.jones160@proton.me,IN,N/A,Verified,Critical,541,318116,70535.2,2023-09-10,Platinum,1,0
C25828,Lisa,Thompson,lisa.thompson758@proton.me,DE,N/A,Pending,Low,847,215545,55695.94,2023-11-19,Gold,0,0
C56525,Carlos,Sharma,carlos.sharma10@icloud.com,GB,N/A,Verified,Medium,618,294898,9962.24,2023-07-17,VIP,1,0
C36836,Lisa,Gonzalez,lisa.gonzalez430@icloud.com,IN,N/A,Under Review,Low,758,302442,68838.72,2022-12-01,Standard,0,0
C92769,John,Ramirez,john.ramirez749@outlook.com,SG,N/A,Verified,Medium,397,172375,10574.25,2022-01-01,Standard,0,0
C94862,Margaret,Robinson,margaret.robinson704@gmail.com,AU,N/A,Verified,High,720,178688,40684.26,2024-09-25,Platinum,1,0
C38341,Aarav,Taylor,aarav.taylor552@proton.me,SG,N/A,Verified,Low,709,261874,11653.63,2022-01-23,VIP,0,0
C51885,Liam,Chen,liam.chen221@fintechmail.io,US,AZ,Pending,Medium,552,157686,2043.63,2021-10-22,Standard,1,0
C54728,Anthony,Moore,anthony.moore605@proton.me,FR,N/A,Pending,High,391,223640,64119.81,2020-08-07,Standard,1,0
C79596,Betty,Ramirez,betty.ramirez421@outlook.com,US,AZ,Verified,Medium,842,94656,28771.99,2019-09-17,Silver,1,0
C75754,Donald,Muller,donald.muller430@gmail.com,AU,N/A,Verified,Medium,639,257225,3619.75,2024-04-06,VIP,0,0
C71296,Betty,Lee,betty.lee242@icloud.com,SG,N/A,Verified,Low,455,240893,3628.13,2022-10-10,VIP,1,0
C78249,Michael,Robinson,michael.robinson701@fintechmail.io,GB,N/A,Verified,Medium,781,292762,15282.36,2024-07-15,VIP,0,0
C47206,Margaret,Taylor,margaret.taylor165@icloud.com,FR,N/A,Verified,Critical,517,160380,15985.47,2019-10-16,VIP,0,0
C20062,Thomas,Thompson,thomas.thompson118@outlook.com,FR,N/A,Verified,High,430,207723,46652.59,2023-11-03,VIP,1,0
C88294,Sarah,Muller,sarah.muller946@icloud.com,AU,N/A,Rejected,Medium,815,230732,64966.99,2021-10-22,Silver,0,0
C15292,Michelle,Dubois,michelle.dubois879@icloud.com,CA,N/A,Pending,Low,827,302138,34068.79,2023-08-15,Gold,0,0
C27262,Priya,Lopez,priya.lopez777@fintechmail.io,AU,N/A,Verified,Low,739,311975,8473.81,2023-12-30,Platinum,0,0
C28276,Aarav,Ramirez,aarav.ramirez919@proton.me,US,PA,Under Review,Critical,772,109997,35857.18,2021-12-21,Silver,1,0
C52720,James,Wright,james.wright982@gmail.com,IN,N/A,Verified,Medium,543,196107,73226.27,2021-10-27,Standard,0,0
C84465,Sarah,Anderson,sarah.anderson430@proton.me,FR,N/A,Under Review,Critical,845,181943,35381.6,2022-05-11,Gold,1,0
C78695,Joseph,Allen,joseph.allen27@proton.me,US,FL,Verified,Medium,422,281360,11799.12,2023-04-01,Standard,0,0
C85495,Kimberly,Martin,kimberly.martin938@icloud.com,CA,N/A,Under Review,High,528,264288,5768.7,2022-04-20,Platinum,0,0
C82193,Margaret,Chen,margaret.chen667@fintechmail.io,US,WA,Pending,Critical,761,64258,42124.3,2021-09-03,Gold,0,0
C32979,Jennifer,Rossi,jennifer.rossi989@proton.me,SG,N/A,Verified,Critical,847,161562,61587.58,2019-11-18,Standard,1,0
C67133,Kimberly,White,kimberly.white727@fintechmail.io,FR,N/A,Under Review,Medium,372,233580,43554.91,2024-05-12,Silver,0,0
C24397,Andrew,Brown,andrew.brown624@fintechmail.io,FR,N/A,Pending,Low,409,193364,26057.79,2022-11-17,Platinum,0,0
C54144,Sofia,Allen,sofia.allen567@gmail.com,US,IL,Verified,Medium,693,283659,33913.71,2024-06-20,Standard,0,0
C65932,Charles,Davis,charles.davis275@icloud.com,US,IL,Verified,Medium,615,281470,12079.05,2021-10-13,Silver,1,0
C34035,Betty,White,betty.white915@yahoo.com,SG,N/A,Verified,Medium,807,65351,74570.84,2019-08-04,VIP,0,0
C39413,Michelle,White,michelle.white10@fintechmail.io,FR,N/A,Verified,Medium,428,242854,30454.41,2022-11-10,VIP,0,1
C80003,Barbara,Tanaka,barbara.tanaka551@gmail.com,CA,N/A,Verified,Low,405,93797,46371.99,2021-01-31,Silver,0,0
C80720,Yuki,White,yuki.white413@gmail.com,IN,N/A,Verified,Low,682,303231,27023.84,2021-02-23,Platinum,0,0
C69810,Aarav,Ramirez,aarav.ramirez933@outlook.com,DE,N/A,Verified,Low,745,229594,29665.09,2021-01-28,Standard,1,0
C12856,Michael,Rodriguez,michael.rodriguez385@proton.me,SG,N/A,Verified,Low,375,158618,60872.57,2023-01-21,Gold,1,0
C25192,Carlos,Tanaka,carlos.tanaka971@yahoo.com,US,TX,Verified,Critical,622,284374,37234.99,2020-09-08,Standard,1,0
C25602,Charles,Smith,charles.smith869@fintechmail.io,IN,N/A,Pending,Medium,751,313516,21677.89,2019-10-28,Standard,1,0
C26181,Nancy,Miller,nancy.miller659@outlook.com,IN,N/A,Under Review,Medium,437,236913,56816.64,2021-09-10,VIP,0,0
C69883,Christopher,Scott,christopher.scott192@fintechmail.io,FR,N/A,Pending,Low,770,273719,8975.38,2021-07-28,Gold,0,0
C50286,Thomas,Young,thomas.young487@gmail.com,CA,N/A,Verified,High,729,317339,61317.34,2024-04-02,Silver,1,0
C23171,Mateo,Thomas,mateo.thomas728@yahoo.com,AU,N/A,Verified,Low,501,105311,13668.94,2021-09-03,Gold,0,0
C21214,Wei,Martinez,wei.martinez681@fintechmail.io,CA,N/A,Pending,Critical,620,112010,53871.89,2020-10-31,VIP,1,0
C79365,Christopher,Miller,christopher.miller550@proton.me,US,IL,Under Review,Low,799,128039,18182.39,2019-12-02,Silver,0,0
C25267,Anthony,Wilson,anthony.wilson165@outlook.com,US,MA,Under Review,Critical,642,106280,42727.88,2023-11-29,Platinum,0,0
C19585,Thomas,Dubois,thomas.dubois807@icloud.com,IN,N/A,Pending,Critical,645,208824,20309.41,2024-10-17,VIP,0,0
C46596,Ashley,Davis,ashley.davis358@gmail.com,DE,N/A,Verified,Medium,578,198171,30420.31,2019-10-04,Platinum,1,0
C53984,Joseph,Johnson,joseph.johnson181@icloud.com,GB,N/A,Rejected,High,805,209518,55168.53,2024-09-14,Platinum,1,0
C51785,Jennifer,Wilson,jennifer.wilson700@proton.me,SG,N/A,Verified,Critical,531,256137,65835.64,2021-03-07,Platinum,0,0
C68015,William,Lopez,william.lopez687@proton.me,US,WA,Rejected,Low,439,217453,978.79,2024-02-06,Platinum,0,0
C26333,Betty,Silva,betty.silva908@outlook.com,GB,N/A,Rejected,Low,792,162906,36293.71,2023-02-27,Platinum,0,0
C64403,Emma,Miller,emma.miller548@gmail.com,IN,N/A,Rejected,Low,431,39184,63006.95,2023-12-31,VIP,1,0
C12942,Patricia,Garcia,patricia.garcia514@yahoo.com,IN,N/A,Under Review,Medium,523,192424,47811.07,2020-04-27,Silver,0,0
C94222,Aarav,Wilson,aarav.wilson777@icloud.com,CA,N/A,Pending,Low,558,247685,11711.8,2023-01-12,Silver,0,0
C74013,Michael,Young,michael.young194@outlook.com,SG,N/A,Under Review,Low,849,232627,27141.07,2023-08-24,Silver,0,0
C28545,Ashley,Johnson,ashley.johnson540@gmail.com,AU,N/A,Verified,High,564,178802,66546.75,2022-10-22,VIP,0,0
C57455,Betty,Sanchez,betty.sanchez930@fintechmail.io,US,AZ,Pending,Medium,521,275451,66182.93,2019-08-19,Gold,0,0
C17442,Lisa,Johnson,lisa.johnson780@proton.me,AU,N/A,Verified,Low,490,182490,54148.58,2024-10-30,Platinum,0,0
C75680,Donald,Muller,donald.muller490@yahoo.com,US,NC,Verified,Critical,629,67017,69279.06,2020-06-22,Gold,0,0
C75315,Donna,Thomas,donna.thomas88@fintechmail.io,US,IL,Pending,Low,646,179341,70209.64,2021-07-15,VIP,0,0
C46791,Daniel,Rodriguez,daniel.rodriguez481@proton.me,CA,N/A,Pending,Low,811,123985,1082.77,2021-11-06,Gold,0,0
C42553,Matthew,Williams,matthew.williams680@yahoo.com,IN,N/A,Rejected,Medium,555,166876,39025.88,2019-11-22,Gold,0,0
C28105,Sarah,Perez,sarah.perez11@yahoo.com,DE,N/A,Under Review,High,663,90787,66820.26,2023-02-23,Silver,0,0
C19542,Charles,Taylor,charles.taylor454@outlook.com,DE,N/A,Verified,Medium,534,177564,16529.04,2024-05-07,Platinum,0,0
C19512,William,Davis,william.davis449@proton.me,GB,N/A,Under Review,Low,476,228791,72473.92,2024-01-13,Platinum,1,0
C90959,Thomas,Hill,thomas.hill278@yahoo.com,US,TX,Verified,High,,29970,60248.92,2020-06-26,Platinum,0,0
C61425,Charles,Martinez,charles.martinez932@icloud.com,GB,N/A,Rejected,Medium,822,133374,47742.65,2023-09-08,Gold,0,0
C41516,Ashley,Anderson,ashley.anderson859@proton.me,US,FL,Rejected,Medium,600,23511,19679.67,2024-01-26,Platinum,0,0
C42888,Michelle,Robinson,michelle.robinson332@icloud.com,AU,N/A,Verified,Medium,825,132323,71979.17,2022-06-13,Platinum,0,1
C83343,William,Flores,william.flores827@yahoo.com,CA,N/A,Verified,Low,818,136103,40009.9,2020-02-28,Gold,1,0
C72885,Nancy,Davis,nancy.davis636@outlook.com,DE,N/A,Pending,Medium,676,277168,46424.69,2022-06-02,Silver,1,0
C11522,Jessica,Kim,jessica.kim505@icloud.com,SG,N/A,Pending,Medium,656,305355,3980.4,2022-01-20,VIP,0,0
C41990,Donald,Perez,donald.perez350@fintechmail.io,DE,N/A,Verified,Medium,771,92212,42933.59,2022-12-01,Standard,0,0
C85282,Betty,Garcia,betty.garcia622@yahoo.com,US,GA,Rejected,Medium,412,165208,21591.34,2022-08-03,Standard,1,0
C24753,Sofia,Rossi,sofia.rossi711@icloud.com,DE,N/A,Pending,Critical,578,220704,13341.28,2023-03-12,Gold,0,0
C87939,Michelle,Walker,michelle.walker902@proton.me,DE,N/A,Rejected,Medium,366,319151,7711.34,2022-11-04,Silver,1,0
C61954,Charles,Sanchez,charles.sanchez240@outlook.com,US,TX,Verified,Low,569,244652,3270.94,2020-08-09,Standard,1,0
C47960,Steven,Rodriguez,steven.rodriguez301@yahoo.com,AU,N/A,Under Review,Critical,674,300420,9501.16,2024-10-22,Standard,1,0
C37069,Wei,Thomas,wei.thomas184@proton.me,US,WA,Pending,Critical,387,96025,45170.87,2022-11-01,Gold,1,0
C58145,Daniel,Williams,daniel.williams723@icloud.com,US,CA,Verified,Medium,840,318587,44881.75,2024-07-05,VIP,0,0
C35154,Donna,Jackson,donna.jackson505@yahoo.com,AU,N/A,Verified,Low,743,90436,14885.45,2021-07-14,Silver,0,0
C70146,Donna,Hernandez,donna.hernandez663@yahoo.com,FR,N/A,Verified,High,718,139692,73860.08,2020-03-11,Platinum,0,0
C98747,Linda,Silva,linda.silva859@gmail.com,DE,N/A,Rejected,Medium,797,71147,2218.71,2024-05-11,Standard,0,0
C70365,Wei,Muller,wei.muller367@outlook.com,CA,N/A,Rejected,Critical,678,242676,60595.37,2023-04-05,Gold,0,0
C64086,Joshua,Rossi,joshua.rossi529@gmail.com,US,OH,Under Review,Low,535,197687,51370.28,2022-11-19,Silver,1,0
C35018,Karen,Taylor,karen.taylor693@yahoo.com,US,CA,Under Review,High,712,76501,47589.3,2020-06-06,Silver,0,0
C76811,Linda,Thomas,linda.thomas97@yahoo.com,GB,N/A,Verified,Low,659,148121,5684.2,2022-06-13,Standard,0,0
C20893,Robert,Rodriguez,robert.rodriguez718@yahoo.com,US,TX,Pending,High,721,201606,602.32,2021-08-26,Gold,0,0
C91250,Aarav,White,aarav.white192@icloud.com,SG,N/A,Verified,Medium,470,125490,34276.44,2019-12-15,VIP,0,0
C58841,Sarah,Jones,sarah.jones363@outlook.com,SG,N/A,Pending,Low,675,185886,28364.77,2021-10-06,VIP,1,0
C36077,Karen,Martin,karen.martin298@icloud.com,CA,N/A,Verified,Critical,819,235414,70355.89,2020-05-06,Platinum,0,0
C77954,Amara,Miller,amara.miller115@proton.me,IN,N/A,Under Review,High,712,71903,69049.6,2024-04-20,Standard,1,0
C27858,William,Ramirez,william.ramirez575@proton.me,SG,N/A,Pending,Low,702,209746,59943.28,2021-01-19,Platinum,1,0
C49909,Betty,Gonzalez,betty.gonzalez866@fintechmail.io,AU,N/A,Verified,Medium,595,181487,48186.94,2024-05-16,Platinum,0,0
C23151,Barbara,Wilson,barbara.wilson185@icloud.com,DE,N/A,Pending,High,665,280210,70306.01,2023-09-28,VIP,0,0
C58771,William,Ramirez,william.ramirez571@gmail.com,SG,N/A,Rejected,Low,435,279138,55639.34,2024-06-10,Silver,0,0
C80635,Priya,Gonzalez,priya.gonzalez786@outlook.com,SG,N/A,Rejected,Medium,706,118171,8183.48,2023-05-19,Gold,0,0
C88584,Carlos,Flores,carlos.flores865@gmail.com,US,MI,Verified,Medium,482,42708,15469.85,2019-11-05,Silver,0,0
C90489,Charles,Harris,charles.harris188@icloud.com,US,VA,Rejected,Low,551,174248,37438.33,2022-07-06,Gold,1,0
C27744,Steven,Thomas,steven.thomas102@outlook.com,DE,N/A,Verified,High,362,124426,62160.77,2020-01-03,VIP,1,0
C25214,William,Lewis,william.lewis169@gmail.com,GB,N/A,Pending,Low,784,193747,58810.15,2023-08-03,Platinum,0,0
C77530,Daniel,Patel,daniel.patel642@fintechmail.io,IN,N/A,Verified,Critical,725,80544,26427.24,2023-08-28,Gold,0,0
C60768,Mark,Gonzalez,mark.gonzalez85@fintechmail.io,SG,N/A,Pending,Low,573,165768,60766.88,2019-12-29,Platinum,0,0
C67255,James,Silva,james.silva872@gmail.com,US,CA,Verified,Medium,458,276847,41105.31,2019-10-05,VIP,0,0
C75286,Margaret,Martinez,margaret.martinez948@yahoo.com,CA,N/A,Verified,High,433,206044,59555.4,2021-04-12,Gold,1,1
C66482,Charles,Walker,charles.walker815@yahoo.com,AU,N/A,Verified,Medium,638,128865,49741.05,2020-10-05,Platinum,1,0
C19655,Emma,Scott,emma.scott746@outlook.com,US,IL,Rejected,Critical,493,231419,29790.72,2020-01-16,VIP,1,0
C64437,Patricia,Jones,patricia.jones784@gmail.com,FR,N/A,Pending,Low,430,225289,33068.82,2022-05-12,Platinum,0,0
C52646,William,Sharma,william.sharma151@outlook.com,CA,N/A,Verified,High,760,32785,31934.13,2022-12-28,Gold,0,0
C34830,Emma,White,emma.white687@icloud.com,US,OH,Verified,High,654,154034,64712.2,2022-09-22,Platinum,0,1
C98471,John,Taylor,john.taylor594@icloud.com,GB,N/A,Rejected,High,681,114137,48062.43,2020-01-25,Gold,0,0
C38197,Jessica,Muller,jessica.muller970@outlook.com,US,WA,Under Review,Critical,575,65308,45042.79,2019-08-24,Standard,1,0
C86563,Aarav,Nguyen,aarav.nguyen160@gmail.com,DE,N/A,Verified,Low,,24473,31593.57,2024-11-20,VIP,0,0
C27500,Amara,King,amara.king463@proton.me,CA,N/A,Rejected,Medium,454,174218,210.14,2022-05-05,Standard,0,0
C86827,Aarav,Robinson,aarav.robinson90@fintechmail.io,US,GA,Under Review,Low,779,253082,56051.09,2019-11-27,VIP,1,0
C53525,Amara,Harris,amara.harris601@outlook.com,GB,N/A,Verified,Medium,478,279210,33581.98,2022-09-16,Standard,0,0
C45487,Joshua,Davis,joshua.davis72@gmail.com,AU,N/A,Verified,Medium,,73653,54174.26,2023-09-15,Gold,0,0
C18769,Anthony,Lewis,anthony.lewis415@fintechmail.io,US,IL,Rejected,Medium,515,229037,72068.66,2024-02-21,Silver,0,0
C61673,David,Tanaka,david.tanaka952@proton.me,CA,N/A,Pending,Medium,839,202902,27409.63,2020-06-17,Gold,0,0
C57255,Anthony,Taylor,anthony.taylor448@icloud.com,US,AZ,Verified,Medium,445,24648,44849.78,2022-07-12,Silver,0,0
C22814,Amara,Nguyen,amara.nguyen940@outlook.com,US,IL,Verified,Low,453,155179,49555.69,2021-03-21,Silver,0,0
C32911,Paul,Ramirez,paul.ramirez178@gmail.com,FR,N/A,Under Review,Low,847,207787,12588.47,2023-04-01,Platinum,0,0
C96285,Kimberly,Hernandez,kimberly.hernandez135@icloud.com,AU,N/A,Verified,Low,502,170170,56020.6,2023-12-14,Platinum,1,0
C81035,Richard,Lewis,richard.lewis814@outlook.com,US,VA,Pending,Low,565,193251,15699.18,2021-06-15,Standard,1,0
C65119,Elizabeth,Perez,elizabeth.perez825@icloud.com,SG,N/A,Verified,Low,515,60044,37073.78,2020-02-11,Gold,1,0
C99263,Emily,Dubois,emily.dubois42@proton.me,IN,N/A,Verified,Low,821,65256,28101.39,2024-10-16,Silver,1,0
C62316,Aarav,Scott,aarav.scott35@icloud.com,DE,N/A,Verified,Low,654,266112,47183.75,2021-12-12,Standard,1,0
C33470,Paul,Scott,paul.scott766@gmail.com,IN,N/A,Rejected,Medium,620,297509,63001.27,2020-10-26,Silver,0,0
C97895,Karen,Martinez,karen.martinez827@outlook.com,US,CA,Verified,Medium,533,195940,62583.33,2020-02-14,Standard,1,0
C68199,Amara,Garcia,amara.garcia530@proton.me,CA,N/A,Verified,High,831,43023,46442.29,2020-08-20,Standard,0,0
C86091,Richard,Garcia,richard.garcia59@gmail.com,GB,N/A,Verified,Medium,501,71724,53366.25,2022-08-31,Gold,0,0
C59483,Linda,Martinez,linda.martinez99@fintechmail.io,FR,N/A,Verified,Medium,406,180372,57718.41,2020-07-11,Gold,0,0
C51693,Barbara,White,barbara.white33@icloud.com,AU,N/A,Verified,Low,670,83992,3237.37,2020-02-01,Gold,0,0
C36700,William,Taylor,william.taylor368@proton.me,US,NY,Verified,Medium,770,299944,52935.0,2024-10-11,Gold,1,0
C84362,Andrew,Rossi,andrew.rossi785@icloud.com,GB,N/A,Verified,Low,690,233649,27183.37,2021-05-17,Gold,0,0
C72507,Joshua,Moore,joshua.moore321@gmail.com,FR,N/A,Pending,Medium,517,179280,5372.47,2020-07-28,Silver,0,0
C48064,Joseph,Clark,joseph.clark896@gmail.com,FR,N/A,Pending,Medium,447,69027,71344.94,2019-08-21,VIP,0,0
C30333,Karen,Patel,karen.patel670@gmail.com,GB,N/A,Pending,Critical,368,171435,10650.5,2024-11-24,Silver,0,0
C84205,Andrew,Nguyen,andrew.nguyen348@outlook.com,IN,N/A,Verified,Medium,494,300960,70530.48,2021-11-28,Platinum,0,0
C25559,Donna,Clark,donna.clark253@proton.me,DE,N/A,Pending,Medium,764,178289,53122.11,2024-06-15,VIP,0,0
C76673,Nancy,Ramirez,nancy.ramirez175@fintechmail.io,DE,N/A,Verified,Medium,461,156034,15812.89,2020-11-29,Platinum,0,0
C43840,Sarah,Dubois,sarah.dubois149@yahoo.com,US,TX,Rejected,Medium,625,243791,27577.46,2021-09-27,Silver,0,0
C76224,Liam,Kim,liam.kim782@proton.me,DE,N/A,Under Review,Medium,622,282098,60444.27,2021-01-13,Platinum,0,0
C54821,Carlos,Torres,carlos.torres682@fintechmail.io,US,FL,Verified,Medium,580,143600,16521.9,2021-01-12,Standard,1,0
C72797,John,Jackson,john.jackson993@fintechmail.io,CA,N/A,Verified,High,476,32345,35481.55,2024-08-18,Platinum,0,0
C60436,Anthony,Williams,anthony.williams403@fintechmail.io,AU,N/A,Verified,Low,552,257483,49620.69,2023-11-14,Platinum,0,0
C19865,Thomas,Silva,thomas.silva311@fintechmail.io,SG,N/A,Pending,Low,476,191174,28813.9,2022-02-26,Silver,0,0
C44912,Joshua,Young,joshua.young548@gmail.com,US,PA,Rejected,Medium,727,154277,8685.37,2021-04-29,Gold,1,0
C98274,Daniel,Wright,daniel.wright18@fintechmail.io,US,MA,Verified,Critical,756,218347,12215.45,2019-12-18,Standard,0,0
C74684,David,Hernandez,david.hernandez584@fintechmail.io,GB,N/A,Verified,Low,742,228025,23738.4,2023-04-04,VIP,0,0
C64898,Mateo,Lewis,mateo.lewis953@icloud.com,CA,N/A,Verified,High,378,139570,67829.21,2023-08-24,VIP,0,0
C89382,David,Perez,david.perez138@outlook.com,CA,N/A,Under Review,Low,386,314842,53099.84,2024-02-23,Platinum,0,0
C21448,Richard,King,richard.king831@proton.me,US,NJ,Verified,Medium,398,151503,36448.47,2020-09-11,Gold,0,0
C70396,Sandra,Jones,sandra.jones606@icloud.com,US,FL,Rejected,Low,505,43180,784.06,2024-11-17,Standard,0,0
C43909,Michelle,Williams,michelle.williams731@fintechmail.io,CA,N/A,Verified,Medium,844,247218,38597.95,2019-12-25,Gold,0,0
C20450,Daniel,Ramirez,daniel.ramirez871@outlook.com,IN,N/A,Verified,Critical,492,252207,22003.54,2022-04-20,Silver,1,0
C60062,Mark,Rossi,mark.rossi323@proton.me,IN,N/A,Pending,Critical,592,272692,67033.51,2020-06-10,Gold,0,0
C87430,Wei,Silva,wei.silva490@proton.me,US,IL,Rejected,Critical,363,85740,47588.18,2022-02-25,Silver,0,0
C10426,Charles,Hill,charles.hill219@icloud.com,US,AZ,Rejected,Low,453,225539,58606.55,2020-10-27,VIP,0,0
C88358,Wei,Taylor,wei.taylor25@icloud.com,GB,N/A,Rejected,Low,391,188556,25303.08,2023-06-22,Gold,0,0
C67444,Emily,Dubois,emily.dubois751@icloud.com,US,GA,Rejected,Medium,841,218151,53162.09,2020-09-20,Platinum,0,0
C40323,Barbara,Walker,barbara.walker235@icloud.com,US,FL,Verified,Medium,,73221,53363.1,2022-09-10,Standard,0,0
C30170,Karen,Moore,karen.moore846@icloud.com,FR,N/A,Pending,Critical,721,270124,7882.05,2022-06-25,Gold,1,0
C83330,Emma,Dubois,emma.dubois31@gmail.com,IN,N/A,Verified,Medium,647,306132,26458.05,2024-04-22,VIP,0,0
C98706,Mark,Flores,mark.flores662@proton.me,AU,N/A,Verified,Low,664,313362,1863.35,2022-03-29,Silver,0,0
C55755,Mary,Thompson,mary.thompson54@proton.me,US,GA,Verified,Critical,676,298761,3077.37,2023-12-22,Gold,0,0
C20315,Jessica,Young,jessica.young222@proton.me,GB,N/A,Verified,Medium,400,48510,13483.46,2023-05-07,Silver,1,0
C71402,Mary,Wright,mary.wright533@icloud.com,GB,N/A,Verified,Medium,388,251253,17355.62,2023-08-27,Standard,1,0
C51808,Kimberly,Smith,kimberly.smith866@gmail.com,GB,N/A,Verified,Medium,810,30234,10526.53,2023-12-05,VIP,0,0
C33401,Donna,Lee,donna.lee956@yahoo.com,US,WA,Verified,Medium,671,112063,56913.46,2023-01-26,Standard,0,0
C50761,Jessica,Ramirez,jessica.ramirez939@outlook.com,GB,N/A,Verified,Medium,824,312159,71893.0,2020-04-22,VIP,0,0
C49709,Matthew,Williams,matthew.williams188@fintechmail.io,FR,N/A,Rejected,Medium,468,217342,10614.83,2024-01-03,VIP,0,0
C99899,James,Thomas,james.thomas339@proton.me,DE,N/A,Pending,Low,759,41348,68147.62,2023-06-20,Standard,1,0
C94794,Sandra,Allen,sandra.allen875@fintechmail.io,SG,N/A,Rejected,Medium,553,110095,45841.74,2023-11-22,Gold,1,0
C84579,Mateo,Perez,mateo.perez978@gmail.com,IN,N/A,Pending,Medium,690,181577,71319.42,2020-06-16,VIP,0,0
C12629,Thomas,Brown,thomas.brown54@yahoo.com,GB,N/A,Rejected,Low,542,178274,35480.32,2022-02-06,Gold,0,0
C70691,Karen,Jones,karen.jones736@icloud.com,GB,N/A,Pending,Critical,695,178155,62406.89,2022-03-30,VIP,1,0
C89438,Richard,Taylor,richard.taylor174@yahoo.com,CA,N/A,Rejected,Low,847,172505,42002.66,2022-10-01,Gold,0,0
C67742,Donald,Wright,donald.wright242@yahoo.com,SG,N/A,Verified,Low,386,130697,56260.17,2023-02-24,Standard,1,0
C51184,Joshua,Young,joshua.young907@yahoo.com,US,MA,Verified,Low,379,148926,14822.78,2019-09-19,Gold,1,0
C16062,Robert,Walker,robert.walker141@gmail.com,SG,N/A,Verified,Low,492,82945,48947.24,2020-04-19,Platinum,0,0
C38991,Ashley,Clark,ashley.clark69@icloud.com,AU,N/A,Verified,Critical,614,304722,60360.04,2023-12-26,Standard,0,0
C73051,Patricia,Tanaka,patricia.tanaka995@fintechmail.io,IN,N/A,Verified,Medium,478,254502,57672.2,2021-03-26,Standard,0,0
C54302,Joseph,Wilson,joseph.wilson365@yahoo.com,GB,N/A,Verified,Low,789,256388,63620.94,2021-08-24,Standard,0,0
C55543,Ashley,Scott,ashley.scott360@outlook.com,DE,N/A,Verified,Medium,748,226508,33675.23,2024-11-30,Gold,0,0
C96828,James,Rodriguez,james.rodriguez426@proton.me,US,WA,Verified,Medium,763,67475,8235.2,2024-09-13,VIP,1,0
C76704,Margaret,Lopez,margaret.lopez520@yahoo.com,DE,N/A,Rejected,Low,849,40485,5809.25,2023-11-13,Gold,1,0
C64871,Donald,Rodriguez,donald.rodriguez815@proton.me,IN,N/A,Rejected,Low,642,181527,22534.2,2021-06-19,Standard,0,0
C19013,Elizabeth,Walker,elizabeth.walker901@icloud.com,SG,N/A,Rejected,Medium,440,218453,8209.21,2024-05-25,Standard,0,0
C19885,Christopher,Martinez,christopher.martinez587@fintechmail.io,FR,N/A,Under Review,Low,439,32587,21277.87,2024-01-02,Silver,0,0
C85786,Ashley,Ramirez,ashley.ramirez417@icloud.com,US,VA,Verified,Low,482,112888,55152.58,2022-02-13,Platinum,1,0
C51426,Lisa,Scott,lisa.scott58@icloud.com,SG,N/A,Verified,Medium,794,220071,55258.01,2022-01-01,VIP,0,0
C99163,Christopher,Moore,christopher.moore722@gmail.com,IN,N/A,Pending,Low,483,125031,41581.97,2023-11-03,Standard,0,0
C51734,Mark,White,mark.white430@yahoo.com,DE,N/A,Verified,Low,827,252403,30697.54,2021-06-14,VIP,0,0
C75681,Carlos,Anderson,carlos.anderson229@proton.me,GB,N/A,Pending,Medium,713,199330,51466.0,2019-08-13,Silver,0,0
C97356,Richard,Miller,richard.miller111@gmail.com,US,MA,Verified,Medium,686,288136,57525.74,2020-08-09,VIP,1,0
C31366,Emma,Martin,emma.martin368@yahoo.com,CA,N/A,Rejected,Low,752,40838,32925.21,2019-09-18,VIP,0,0
C80253,Liam,Rodriguez,liam.rodriguez727@yahoo.com,DE,N/A,Verified,Medium,664,128331,66188.95,2024-05-07,Standard,0,0
C80560,Barbara,Dubois,barbara.dubois725@outlook.com,US,TX,Rejected,Critical,800,202855,49384.27,2022-11-25,VIP,1,0
C75343,Charles,Muller,charles.muller472@outlook.com,IN,N/A,Pending,High,795,293136,8563.56,2020-05-20,VIP,0,0
C88450,Aarav,Rossi,aarav.rossi781@gmail.com,AU,N/A,Rejected,Low,411,249092,305.58,2022-02-14,VIP,0,0
C78379,Elizabeth,Rodriguez,elizabeth.rodriguez704@icloud.com,US,WA,Pending,Low,661,161601,72897.8,2020-06-20,Standard,0,0
C57378,Kimberly,Anderson,kimberly.anderson964@fintechmail.io,FR,N/A,Verified,Medium,836,194201,37289.49,2020-05-18,Standard,0,0
C31390,Michelle,Scott,michelle.scott291@icloud.com,IN,N/A,Verified,Medium,727,85959,39305.95,2020-10-05,Gold,0,0
C53473,Karen,Kim,karen.kim596@fintechmail.io,SG,N/A,Under Review,High,759,80826,61606.7,2023-08-03,Platinum,0,0
C95744,Elizabeth,Silva,elizabeth.silva569@yahoo.com,US,PA,Rejected,Critical,586,32444,1273.7,2023-01-13,Gold,0,0
C13330,Michael,Garcia,michael.garcia933@icloud.com,FR,N/A,Pending,Low,816,294056,30308.56,2022-05-04,VIP,0,0
C49461,Jennifer,Tanaka,jennifer.tanaka492@outlook.com,AU,N/A,Verified,Medium,702,85149,48272.8,2023-01-06,VIP,0,0
C61004,Joseph,Martin,joseph.martin115@fintechmail.io,SG,N/A,Under Review,Medium,549,123909,68144.04,2020-04-21,Standard,0,0
C67461,Liam,Harris,liam.harris652@yahoo.com,GB,N/A,Under Review,Medium,765,49423,7198.18,2022-05-25,Silver,1,0
C92856,Barbara,Williams,barbara.williams290@outlook.com,GB,N/A,Rejected,Medium,447,40629,52673.22,2024-09-10,VIP,0,0
C73468,Elizabeth,Martin,elizabeth.martin648@proton.me,AU,N/A,Verified,Low,498,47514,13504.91,2019-08-09,Silver,0,0
C20501,Michelle,Wilson,michelle.wilson893@proton.me,IN,N/A,Under Review,Critical,537,108186,32072.41,2021-09-13,Standard,1,0
C15222,Sandra,Smith,sandra.smith439@proton.me,DE,N/A,Verified,Medium,835,311087,74437.44,2024-09-07,Standard,0,0
C65494,Christopher,Brown,christopher.brown129@gmail.com,US,FL,Under Review,Low,734,175550,68796.29,2020-07-02,Platinum,0,0
C84003,Charles,Dubois,charles.dubois962@fintechmail.io,DE,N/A,Under Review,Medium,794,37900,33523.4,2020-05-03,VIP,1,0
C87328,Sarah,Hernandez,sarah.hernandez607@proton.me,AU,N/A,Verified,Critical,413,276378,7620.69,2020-04-21,Silver,1,0
C94223,Matthew,Jones,matthew.jones80@outlook.com,US,NC,Under Review,Medium,430,238658,14118.99,2020-09-21,Platinum,0,0
C49351,Paul,Torres,paul.torres613@fintechmail.io,SG,N/A,Verified,Medium,635,226679,54956.71,2021-06-18,Platinum,0,0
C13294,Michelle,Dubois,michelle.dubois629@gmail.com,GB,N/A,Verified,Low,732,104336,63076.62,2024-03-29,Silver,0,0
C38854,Robert,Ramirez,robert.ramirez541@fintechmail.io,FR,N/A,Pending,High,401,73222,27986.35,2024-03-02,Gold,0,0
C81599,Mary,Wright,mary.wright75@fintechmail.io,SG,N/A,Verified,Medium,646,145014,74752.16,2023-11-23,Standard,0,0
C91636,Lisa,Hernandez,lisa.hernandez883@icloud.com,US,MA,Pending,Medium,681,216983,21471.89,2021-05-10,VIP,0,0
C85305,Priya,Rossi,priya.rossi687@outlook.com,SG,N/A,Under Review,Low,738,25267,58210.93,2024-01-20,Standard,1,0
C70398,Steven,Smith,steven.smith845@fintechmail.io,CA,N/A,Verified,Low,597,121708,51113.6,2022-04-14,Gold,0,0
C65081,Mateo,Martin,mateo.martin224@icloud.com,DE,N/A,Pending,High,802,66268,29330.13,2020-07-19,Standard,0,0
C21740,Emma,Young,emma.young575@icloud.com,CA,N/A,Pending,High,413,95560,2254.39,2022-03-31,Standard,0,0
C82061,Lisa,Garcia,lisa.garcia72@fintechmail.io,US,NY,Rejected,High,379,55250,15831.74,2023-07-26,Standard,0,0
C15019,Donald,Williams,donald.williams850@proton.me,US,OH,Verified,Critical,743,232077,29001.22,2021-07-18,Silver,0,0
C41408,Sarah,Jackson,sarah.jackson237@yahoo.com,AU,N/A,Verified,Medium,724,119436,43056.15,2020-01-10,VIP,0,0
C16729,Paul,Williams,paul.williams182@yahoo.com,US,NY,Under Review,Critical,508,280720,41328.11,2024-10-30,Gold,0,0
C25843,Betty,Chen,betty.chen840@proton.me,DE,N/A,Under Review,High,447,152471,38481.24,2023-02-21,Platinum,0,0
C54241,Robert,Clark,robert.clark732@gmail.com,FR,N/A,Rejected,Critical,445,185533,74953.93,2024-03-14,Standard,0,0
C11473,Patricia,Patel,patricia.patel540@yahoo.com,CA,N/A,Pending,Medium,649,209861,42888.69,2022-05-23,Standard,0,0
C14200,Kimberly,King,kimberly.king530@yahoo.com,US,VA,Under Review,Low,648,186079,72323.5,2023-12-06,VIP,0,0
C56538,Michael,King,michael.king996@fintechmail.io,SG,N/A,Verified,Critical,497,280228,61914.44,2023-06-07,VIP,0,0
C81656,Susan,Garcia,susan.garcia444@proton.me,US,VA,Verified,Low,458,63935,7817.22,2020-11-14,Gold,0,0
C72056,Steven,Thomas,steven.thomas679@fintechmail.io,IN,N/A,Under Review,Low,471,241842,34994.92,2024-05-21,Standard,0,0
C82999,Emma,Ramirez,emma.ramirez521@proton.me,US,WA,Verified,Low,490,179356,9856.58,2022-02-19,Gold,1,0
C24873,Aarav,Harris,aarav.harris527@gmail.com,FR,N/A,Rejected,Low,519,152111,70917.97,2020-05-16,VIP,0,0
C32785,Aarav,Garcia,aarav.garcia970@gmail.com,IN,N/A,Verified,Critical,523,51652,12282.94,2024-01-10,Silver,1,0
C69229,Donald,Robinson,donald.robinson640@fintechmail.io,US,GA,Pending,Medium,724,88674,67973.98,2022-05-27,Silver,1,0
C41998,Amara,Ramirez,amara.ramirez91@fintechmail.io,CA,N/A,Rejected,Critical,526,307915,70597.65,2023-07-14,VIP,1,0
C59709,Kimberly,Torres,kimberly.torres467@gmail.com,US,NC,Verified,Critical,830,165060,13470.48,2021-06-16,Standard,0,0
C23382,Michelle,Allen,michelle.allen627@icloud.com,FR,N/A,Pending,Critical,559,76209,62335.84,2022-10-11,Standard,0,0
C33776,Mary,Nguyen,mary.nguyen578@yahoo.com,IN,N/A,Verified,Low,492,271608,6034.18,2021-04-09,Silver,0,0
C31267,Amara,Silva,amara.silva205@gmail.com,GB,N/A,Verified,High,809,222718,6131.95,2021-12-27,Gold,0,0
C53356,Anthony,Lewis,anthony.lewis618@fintechmail.io,US,NY,Verified,Medium,775,100887,65621.63,2023-10-03,Gold,1,0
C23230,Emily,Perez,emily.perez917@yahoo.com,US,MA,Verified,Medium,482,227663,29596.84,2021-01-01,Standard,0,0
C86234,John,Anderson,john.anderson824@outlook.com,US,AZ,Verified,Medium,810,31041,69756.71,2024-05-12,VIP,1,0
C65843,Kimberly,King,kimberly.king160@icloud.com,GB,N/A,Rejected,Critical,518,85566,65085.08,2024-11-20,VIP,0,0
C90308,Karen,Rossi,karen.rossi824@proton.me,FR,N/A,Verified,High,387,25586,41475.18,2020-01-24,Platinum,1,0
C90573,Michelle,Lopez,michelle.lopez355@icloud.com,SG,N/A,Rejected,Low,561,255379,19888.35,2021-11-09,Standard,0,0
C78729,Steven,Williams,steven.williams547@icloud.com,US,NC,Verified,Low,,282787,17716.35,2020-05-30,VIP,0,0
C56725,Linda,Thomas,linda.thomas885@outlook.com,AU,N/A,Verified,High,799,84701,12151.15,2021-03-16,VIP,0,0
C21100,Barbara,Johnson,barbara.johnson199@proton.me,CA,N/A,Pending,Low,701,166938,55109.89,2022-01-07,VIP,0,0
C91651,Richard,Rossi,richard.rossi79@proton.me,DE,N/A,Under Review,Medium,691,56443,21781.18,2023-06-12,Silver,0,0
C81155,Ashley,Lewis,ashley.lewis854@yahoo.com,DE,N/A,Verified,High,561,290513,35205.55,2022-11-20,Standard,0,0
C50883,Anthony,Harris,anthony.harris939@yahoo.com,FR,N/A,Verified,Medium,465,240122,1760.74,2022-11-17,Silver,0,0
C89167,Donna,Davis,donna.davis203@icloud.com,DE,N/A,Under Review,Medium,794,103553,61816.78,2022-08-03,VIP,0,0
C40591,Yuki,Chen,yuki.chen124@icloud.com,US,VA,Verified,High,685,190925,59229.5,2024-07-14,Standard,0,0
C97490,Karen,Dubois,karen.dubois297@proton.me,US,FL,Verified,Low,552,238840,25175.7,2021-03-12,Platinum,0,0
C18945,Thomas,Martin,thomas.martin98@outlook.com,GB,N/A,Pending,High,577,49892,12805.47,2022-02-17,Gold,0,0
C78022,Robert,Jackson,robert.jackson710@outlook.com,US,NY,Rejected,Medium,441,206443,20095.6,2020-09-09,Gold,1,0
C91827,Robert,Jones,robert.jones733@yahoo.com,IN,N/A,Under Review,Low,663,146063,35582.47,2019-09-21,Standard,0,0
C65412,Richard,Dubois,richard.dubois397@proton.me,AU,N/A,Pending,Low,386,123929,5520.31,2021-07-29,Standard,1,0
C22518,Joseph,Flores,joseph.flores805@gmail.com,AU,N/A,Verified,Low,405,204752,34665.36,2020-01-25,Standard,1,0
C88598,Emma,Nguyen,emma.nguyen357@outlook.com,SG,N/A,Under Review,Low,515,289179,53825.79,2019-08-10,Silver,0,0
C36644,Joseph,Sharma,joseph.sharma205@icloud.com,AU,N/A,Under Review,Critical,553,137750,71046.45,2022-03-23,Gold,0,0
C14621,Patricia,Taylor,patricia.taylor990@yahoo.com,SG,N/A,Rejected,Medium,814,246605,12123.61,2019-09-26,VIP,0,0
C33201,Barbara,Perez,barbara.perez115@gmail.com,GB,N/A,Pending,Critical,,217300,39667.6,2020-06-19,Gold,0,0
C48041,Mary,Walker,mary.walker37@yahoo.com,FR,N/A,Under Review,Low,731,259256,2706.56,2022-08-31,Gold,0,0
C89915,William,Sanchez,william.sanchez542@outlook.com,SG,N/A,Verified,Medium,538,28961,21957.64,2020-08-20,VIP,0,0
C62801,Elizabeth,Muller,elizabeth.muller210@fintechmail.io,SG,N/A,Verified,Critical,412,132941,67695.42,2024-07-27,Platinum,0,0
C99706,Sandra,White,sandra.white530@fintechmail.io,GB,N/A,Pending,Medium,760,176140,62917.97,2021-08-01,Platinum,0,0
C23890,Paul,Allen,paul.allen971@proton.me,IN,N/A,Rejected,Medium,580,72367,48892.41,2022-10-20,Standard,0,0
C87019,Mark,Lee,mark.lee229@fintechmail.io,DE,N/A,Verified,Medium,627,221611,29000.02,2020-09-25,Standard,0,0
C14572,Amara,Tanaka,amara.tanaka115@gmail.com,FR,N/A,Under Review,Low,830,70101,22610.93,2021-07-25,Gold,1,0
C68329,Susan,Chen,susan.chen649@fintechmail.io,AU,N/A,Verified,Critical,541,193077,32930.54,2024-05-14,Platinum,1,0
C61865,Jennifer,Brown,jennifer.brown706@fintechmail.io,US,FL,Pending,Low,481,39600,51948.03,2024-01-07,VIP,0,0
C58490,Susan,Torres,susan.torres955@fintechmail.io,US,NJ,Verified,Critical,579,236269,74599.13,2022-07-17,Silver,1,0
C70382,Ashley,Brown,ashley.brown973@fintechmail.io,GB,N/A,Pending,Low,845,129812,53270.33,2022-10-18,Platinum,0,0
C78958,Steven,Taylor,steven.taylor316@outlook.com,SG,N/A,Verified,Critical,443,84783,50814.33,2022-09-24,Silver,1,0
C79400,Mateo,Walker,mateo.walker638@yahoo.com,AU,N/A,Rejected,High,791,269886,74057.21,2021-01-23,Standard,1,0
C50848,Michael,Davis,michael.davis340@icloud.com,IN,N/A,Under Review,Low,665,170477,33005.03,2020-06-13,Standard,0,0
C32712,Patricia,White,patricia.white978@fintechmail.io,FR,N/A,Verified,Critical,695,64107,44549.75,2020-04-17,Gold,0,0
C98206,William,Martin,william.martin786@proton.me,FR,N/A,Verified,Low,585,182786,19741.84,2021-12-12,Standard,0,0
C40931,Wei,Williams,wei.williams805@outlook.com,IN,N/A,Pending,Medium,632,110291,64694.27,2022-05-18,Silver,0,0
C12767,Jessica,Miller,jessica.miller140@gmail.com,CA,N/A,Pending,Critical,571,63727,44907.27,2022-07-10,Platinum,0,0
C69202,Emma,Sharma,emma.sharma353@yahoo.com,SG,N/A,Verified,High,806,209896,28191.01,2020-05-11,Standard,0,0
C47027,Emily,Gonzalez,emily.gonzalez285@proton.me,US,NC,Rejected,Low,424,188942,23558.95,2020-06-15,VIP,0,0
C26758,Michelle,Hernandez,michelle.hernandez832@icloud.com,AU,N/A,Pending,High,532,236286,35419.08,2022-08-21,Gold,0,0
C94933,Mateo,Smith,mateo.smith956@outlook.com,DE,N/A,Under Review,Medium,647,164021,57005.13,2021-03-28,VIP,0,0
C47019,Lisa,Garcia,lisa.garcia926@fintechmail.io,FR,N/A,Verified,High,578,252431,7836.15,2021-04-01,VIP,0,0
C53168,Sandra,Lee,sandra.lee419@gmail.com,AU,N/A,Rejected,Low,599,73734,49138.06,2024-07-12,Platinum,0,0
C63800,Margaret,Rossi,margaret.rossi564@fintechmail.io,SG,N/A,Rejected,Medium,785,271880,34815.27,2022-10-22,VIP,0,0
C87912,Mary,King,mary.king249@gmail.com,FR,N/A,Pending,Low,768,117637,51245.57,2023-01-10,VIP,1,0
C95433,Karen,Ramirez,karen.ramirez949@gmail.com,US,FL,Verified,Medium,600,201170,48505.14,2020-04-03,Platinum,0,0
C86905,David,Martinez,david.martinez71@yahoo.com,CA,N/A,Verified,Medium,560,167654,25608.37,2023-08-21,Gold,0,0
C25401,Daniel,Wright,daniel.wright963@icloud.com,DE,N/A,Verified,Critical,487,121079,4169.06,2024-04-11,Platinum,0,0
C40387,Mary,Lopez,mary.lopez690@icloud.com,DE,N/A,Verified,Low,515,278250,65027.82,2024-04-30,Standard,0,0
C87963,Mark,Martin,mark.martin743@proton.me,SG,N/A,Verified,High,499,74263,56726.95,2021-11-07,Standard,0,0
C31826,Michael,Walker,michael.walker348@proton.me,US,NC,Rejected,Medium,429,41493,1307.34,2022-06-20,Gold,0,0
C14576,Sofia,Brown,sofia.brown842@proton.me,AU,N/A,Under Review,Medium,409,42878,40304.65,2020-02-21,Silver,1,0
C17892,Thomas,Moore,thomas.moore418@gmail.com,IN,N/A,Under Review,Low,608,271733,65109.3,2023-01-27,VIP,1,0
C95345,Nancy,Nguyen,nancy.nguyen875@fintechmail.io,DE,N/A,Verified,Low,704,296928,7075.1,2021-04-25,Gold,1,0
C10249,Sofia,Garcia,sofia.garcia949@gmail.com,IN,N/A,Verified,Critical,725,304252,6102.12,2020-08-08,Gold,0,0
C67392,Donna,Silva,donna.silva511@fintechmail.io,GB,N/A,Under Review,Medium,721,53119,54789.13,2022-02-23,Standard,0,0
C62325,Emily,Wilson,emily.wilson708@outlook.com,US,PA,Verified,Medium,480,290997,9746.95,2022-04-16,Standard,0,0
C41492,Jessica,Young,jessica.young682@fintechmail.io,DE,N/A,Verified,Medium,448,251030,73262.31,2020-12-31,Standard,0,0
C80138,Liam,Brown,liam.brown591@icloud.com,AU,N/A,Verified,Low,850,266637,23903.48,2024-01-29,Platinum,0,0
C47681,Christopher,Torres,christopher.torres156@fintechmail.io,DE,N/A,Under Review,Low,716,286009,39757.29,2024-03-20,Platinum,0,0
C52499,Matthew,Muller,matthew.muller762@outlook.com,US,NC,Verified,Medium,518,97638,24849.86,2024-07-23,Standard,0,0
C92847,Lisa,Muller,lisa.muller39@icloud.com,CA,N/A,Pending,High,504,204669,49999.86,2024-05-03,Platinum,0,0
C95908,Donna,Smith,donna.smith27@fintechmail.io,US,IL,Under Review,Low,449,314847,57416.92,2020-09-27,Standard,0,0
C71877,Barbara,Allen,barbara.allen786@proton.me,DE,N/A,Verified,Medium,692,122035,3131.05,2020-05-17,Gold,0,0
C10141,Thomas,Garcia,thomas.garcia71@outlook.com,GB,N/A,Pending,Critical,357,50969,44666.89,2021-05-01,Standard,0,0
C98806,Jennifer,Johnson,jennifer.johnson607@icloud.com,AU,N/A,Verified,Medium,744,94286,38785.74,2020-02-07,Gold,0,0
C66559,Karen,King,karen.king268@outlook.com,IN,N/A,Verified,Low,844,208697,8414.34,2021-10-09,VIP,0,0
C36807,Aarav,Torres,aarav.torres940@proton.me,AU,N/A,Rejected,High,730,201909,17242.27,2022-02-20,Silver,0,0
C15759,David,Jones,david.jones355@proton.me,GB,N/A,Verified,High,385,33674,33737.09,2020-11-26,Silver,0,0
C94855,Aarav,Silva,aarav.silva727@fintechmail.io,IN,N/A,Verified,Critical,585,316804,8071.61,2023-01-08,Silver,0,0
C77962,Nancy,Young,nancy.young829@gmail.com,GB,N/A,Under Review,Medium,793,318870,63673.87,2021-08-04,Standard,0,0
C20707,Steven,Moore,steven.moore663@icloud.com,SG,N/A,Rejected,High,409,302820,62432.89,2023-12-17,Platinum,1,0
C96829,Margaret,Lopez,margaret.lopez561@proton.me,DE,N/A,Verified,Critical,690,113591,24987.05,2022-01-20,Platinum,1,0
C39479,William,Rossi,william.rossi418@outlook.com,AU,N/A,Under Review,Medium,410,198122,61221.87,2024-04-24,Gold,1,0
C14985,Michelle,Brown,michelle.brown685@icloud.com,FR,N/A,Pending,High,401,105583,42750.21,2024-05-23,Standard,1,0
C82014,Anthony,Nguyen,anthony.nguyen783@fintechmail.io,AU,N/A,Pending,Medium,426,100382,2177.15,2020-03-19,Standard,0,0
C96417,Andrew,Tanaka,andrew.tanaka527@yahoo.com,US,AZ,Verified,Critical,588,245930,41524.32,2021-01-30,Gold,0,0
C47363,Matthew,Rodriguez,matthew.rodriguez940@outlook.com,US,TX,Verified,Critical,440,314061,2315.01,2022-06-13,Gold,0,0
C87620,Elizabeth,Jackson,elizabeth.jackson715@gmail.com,DE,N/A,Under Review,Critical,442,124876,72559.84,2024-06-26,VIP,0,0
C79845,Sarah,Gonzalez,sarah.gonzalez172@fintechmail.io,US,PA,Verified,High,480,269651,68035.84,2021-01-13,VIP,1,0
C39746,Donna,Johnson,donna.johnson802@fintechmail.io,FR,N/A,Verified,Low,817,154968,18425.35,2020-04-02,Gold,0,0
C93563,Margaret,Jackson,margaret.jackson515@outlook.com,US,GA,Verified,Medium,538,56251,57329.13,2023-08-10,Platinum,1,0
C35595,Christopher,Allen,christopher.allen357@fintechmail.io,CA,N/A,Pending,High,841,316520,6863.55,2019-11-04,VIP,1,0
C17218,Paul,Rodriguez,paul.rodriguez805@icloud.com,CA,N/A,Rejected,Low,778,271385,29949.47,2022-07-20,Platinum,1,0
C33736,Carlos,Harris,carlos.harris292@outlook.com,IN,N/A,Verified,High,479,284107,9267.87,2024-06-09,Platinum,0,0
C29041,Christopher,Jones,christopher.jones293@proton.me,US,NC,Verified,High,604,88519,34904.14,2024-07-08,Platinum,0,0
C47006,Susan,Brown,susan.brown897@icloud.com,GB,N/A,Verified,Critical,439,218305,66535.88,2021-04-23,Platinum,0,0
C18881,Jessica,King,jessica.king991@icloud.com,US,WA,Pending,Low,429,306135,68649.0,2022-11-04,Standard,0,0
C58157,Richard,Wright,richard.wright574@yahoo.com,US,NC,Rejected,Low,514,75763,6955.13,2022-10-18,VIP,0,0
C84673,Karen,Flores,karen.flores761@outlook.com,SG,N/A,Rejected,Low,768,225127,14375.77,2021-07-29,VIP,1,0
C19888,Emily,Lopez,emily.lopez126@proton.me,GB,N/A,Rejected,Low,662,79844,73554.65,2021-06-10,VIP,1,0
C86903,Nancy,Walker,nancy.walker182@icloud.com,US,NJ,Verified,Medium,840,126578,72220.38,2023-03-18,Standard,0,0
C55031,Barbara,King,barbara.king890@outlook.com,US,NC,Verified,Low,842,179043,16393.22,2021-01-22,Silver,0,0
C19388,Nancy,Patel,nancy.patel526@fintechmail.io,US,OH,Rejected,Medium,725,175128,42605.89,2024-11-30,Standard,0,0
C96271,Anthony,Davis,anthony.davis45@fintechmail.io,US,MA,Verified,Critical,420,45243,21219.12,2022-01-08,Gold,1,0
C73986,Amara,Anderson,amara.anderson402@outlook.com,SG,N/A,Verified,High,823,96253,5989.51,2020-05-03,Silver,0,0
C94316,David,Lopez,david.lopez509@outlook.com,SG,N/A,Verified,Low,615,124205,19375.08,2023-12-20,Standard,1,0
C64450,Jennifer,White,jennifer.white677@gmail.com,SG,N/A,Verified,Medium,495,302118,56572.8,2023-03-14,Standard,0,0
C33424,Wei,Silva,wei.silva893@gmail.com,US,NJ,Pending,Medium,488,125804,8856.39,2020-01-12,VIP,1,0
C23188,Kimberly,Walker,kimberly.walker37@fintechmail.io,US,AZ,Under Review,Critical,469,297189,52907.97,2022-12-16,Platinum,1,0
C65124,Christopher,Harris,christopher.harris893@icloud.com,US,NC,Verified,Medium,515,251251,29791.3,2024-08-19,Gold,0,0
C74866,Elizabeth,Brown,elizabeth.brown31@icloud.com,US,FL,Under Review,Critical,672,307985,53911.54,2022-10-07,VIP,0,0
C51864,Jennifer,Martinez,jennifer.martinez531@proton.me,FR,N/A,Verified,Critical,634,233011,66240.36,2020-08-21,Platinum,0,0
C32791,Andrew,Wright,andrew.wright895@outlook.com,FR,N/A,Under Review,Medium,,260145,54439.11,2022-01-28,Silver,0,0
C45691,Patricia,Gonzalez,patricia.gonzalez126@gmail.com,US,NY,Verified,High,666,106228,58735.41,2024-07-18,Gold,0,0
C59770,Patricia,Thompson,patricia.thompson177@gmail.com,FR,N/A,Verified,Low,718,158181,19243.81,2022-01-07,Silver,1,0
C60259,Carlos,Nguyen,carlos.nguyen16@fintechmail.io,US,CA,Verified,Low,637,116783,24454.29,2023-01-17,Platinum,0,0
C23385,Susan,Rodriguez,susan.rodriguez599@fintechmail.io,US,WA,Verified,Medium,830,219422,69848.88,2024-06-29,VIP,1,0
C64884,Donald,Martin,donald.martin922@gmail.com,SG,N/A,Rejected,Low,809,204013,35219.17,2023-04-07,Silver,1,0
C57609,Paul,Wright,paul.wright12@fintechmail.io,DE,N/A,Verified,High,632,214186,48796.72,2024-01-09,Platinum,1,0
C57797,Sofia,Tanaka,sofia.tanaka255@gmail.com,FR,N/A,Under Review,Medium,516,262000,11045.42,2021-02-24,VIP,0,0
C96782,Aarav,Walker,aarav.walker708@gmail.com,DE,N/A,Under Review,Medium,660,31033,12389.75,2024-02-26,Gold,0,0
C33659,Susan,Rossi,susan.rossi25@proton.me,US,MA,Pending,Medium,787,144904,40453.63,2021-07-15,Standard,1,0
C33087,Mateo,Flores,mateo.flores361@fintechmail.io,AU,N/A,Rejected,Medium,622,307034,55594.96,2023-07-19,Silver,1,0
C58370,Mary,Kim,mary.kim345@icloud.com,AU,N/A,Verified,Low,813,250385,36734.39,2021-08-22,Silver,0,0
C27085,Andrew,King,andrew.king764@outlook.com,AU,N/A,Pending,Critical,350,197398,65122.63,2023-01-28,Silver,0,0
C88947,Donald,Muller,donald.muller597@gmail.com,FR,N/A,Under Review,High,683,202132,6900.57,2021-07-05,Platinum,0,0
C30004,Michelle,Wilson,michelle.wilson805@gmail.com,FR,N/A,Pending,Low,646,224724,20735.98,2019-12-04,Standard,0,0
C78876,Thomas,Allen,thomas.allen451@gmail.com,FR,N/A,Verified,Low,707,43778,20448.41,2024-10-07,Gold,0,0
C24214,Sarah,Perez,sarah.perez613@fintechmail.io,US,AZ,Verified,High,546,267512,54165.14,2020-08-29,Platinum,1,0
C18747,Ashley,Perez,ashley.perez901@fintechmail.io,FR,N/A,Rejected,High,541,173886,68007.99,2024-09-04,VIP,0,0
C51268,Emma,Anderson,emma.anderson649@outlook.com,US,WA,Verified,Low,824,119578,45594.25,2020-04-24,VIP,1,0
C88367,John,Lee,john.lee834@gmail.com,CA,N/A,Verified,Medium,381,277237,39618.51,2021-01-11,Silver,0,0
C17758,Sarah,Thompson,sarah.thompson196@yahoo.com,US,VA,Verified,Critical,441,115643,11914.65,2021-08-02,Standard,0,0
C66892,David,Taylor,david.taylor628@fintechmail.io,AU,N/A,Pending,Medium,468,81621,69299.13,2023-10-20,Silver,0,0
C65740,Matthew,Ramirez,matthew.ramirez801@gmail.com,GB,N/A,Pending,Medium,458,294480,63278.71,2020-12-09,VIP,0,0
C72016,Jessica,Allen,jessica.allen840@icloud.com,CA,N/A,Verified,Low,755,48167,763.9,2023-01-10,Silver,0,0
C46127,Susan,Rodriguez,susan.rodriguez207@outlook.com,DE,N/A,Under Review,Low,798,66440,56221.56,2022-06-09,Platinum,0,0
C77681,Emily,Patel,emily.patel572@fintechmail.io,GB,N/A,Under Review,Low,477,37653,38437.55,2021-07-01,VIP,1,0
C49623,Christopher,Lee,christopher.lee77@outlook.com,SG,N/A,Verified,Low,489,175730,4827.94,2020-04-24,Standard,0,0
C14646,Christopher,Kim,christopher.kim675@outlook.com,CA,N/A,Pending,Low,480,217885,3296.49,2022-09-10,Standard,0,0
C54831,Sandra,Walker,sandra.walker286@outlook.com,US,OH,Verified,Medium,569,305115,69955.05,2023-11-21,Gold,1,0
C48714,Amara,Chen,amara.chen662@proton.me,US,NY,Verified,Critical,703,34884,48042.88,2022-08-12,Standard,0,0
C50140,Nancy,Tanaka,nancy.tanaka230@icloud.com,IN,N/A,Pending,Critical,446,172377,31832.01,2023-08-09,Silver,1,0
C36465,Karen,Jones,karen.jones56@yahoo.com,CA,N/A,Verified,Critical,681,163609,38839.27,2023-05-26,VIP,0,0
C19845,Joseph,Thompson,joseph.thompson923@yahoo.com,DE,N/A,Pending,Low,529,41639,37284.56,2023-02-25,VIP,0,0
C48216,Barbara,Scott,barbara.scott995@fintechmail.io,CA,N/A,Verified,Low,677,36736,69891.04,2020-02-03,Platinum,0,0
C32192,John,Rodriguez,john.rodriguez344@yahoo.com,AU,N/A,Rejected,Low,498,135452,37855.13,2022-12-27,Standard,0,0
C18451,Karen,Brown,karen.brown266@gmail.com,FR,N/A,Pending,High,595,49304,62819.28,2023-11-26,Silver,0,0
C37558,Anthony,Wright,anthony.wright613@yahoo.com,US,GA,Under Review,Medium,803,59199,57006.75,2019-07-21,Gold,1,0
C63144,Sofia,Ramirez,sofia.ramirez948@yahoo.com,SG,N/A,Verified,Low,556,267144,48091.07,2021-12-09,Platinum,0,0
C95444,David,Robinson,david.robinson643@yahoo.com,SG,N/A,Pending,Low,494,45765,34198.26,2024-03-09,Gold,0,0
C32461,Mateo,Gonzalez,mateo.gonzalez373@proton.me,CA,N/A,Verified,Medium,501,211395,51413.67,2024-04-07,Standard,0,0
C78255,Emma,Johnson,emma.johnson454@outlook.com,IN,N/A,Verified,High,761,121461,8830.6,2022-08-10,Standard,0,0
C62278,Donna,Allen,donna.allen892@fintechmail.io,US,FL,Under Review,High,676,44224,58954.58,2022-07-23,Gold,1,0
C88987,Joseph,Martin,joseph.martin117@outlook.com,SG,N/A,Verified,Low,850,315479,23914.91,2023-04-22,Standard,1,0
C20290,Emily,White,emily.white37@outlook.com,US,MI,Under Review,Medium,468,209595,70564.25,2024-11-04,VIP,1,0
C26100,Steven,Martinez,steven.martinez944@icloud.com,US,NC,Pending,Low,468,63104,7496.38,2023-06-03,VIP,0,0
C99056,Mark,Wilson,mark.wilson873@proton.me,SG,N/A,Under Review,High,697,293364,55614.59,2024-10-04,Platinum,0,0
C19397,Daniel,Robinson,daniel.robinson512@proton.me,IN,N/A,Verified,Medium,522,46436,74861.92,2021-12-04,Standard,0,0
C85873,Daniel,Perez,daniel.perez368@fintechmail.io,FR,N/A,Pending,High,749,312555,21939.06,2021-09-01,Platinum,0,0
C85755,Sofia,Wright,sofia.wright694@yahoo.com,CA,N/A,Rejected,Critical,567,153438,39811.46,2019-10-19,Gold,0,0
C88147,Jennifer,Sharma,jennifer.sharma880@proton.me,FR,N/A,Verified,Low,753,155915,38389.19,2020-04-27,Gold,0,0
C70923,Aarav,Taylor,aarav.taylor682@proton.me,US,AZ,Rejected,High,502,77674,72266.56,2023-04-15,Silver,0,0
C80424,Daniel,Torres,daniel.torres21@fintechmail.io,US,OH,Verified,Critical,653,224404,66607.85,2022-07-09,Platinum,0,0
C53789,Anthony,Flores,anthony.flores280@fintechmail.io,FR,N/A,Verified,Low,722,278109,23301.33,2021-05-08,Silver,0,0
C54028,Joseph,Patel,joseph.patel876@fintechmail.io,FR,N/A,Verified,Medium,695,177531,23691.9,2023-11-24,Platinum,1,0
C11139,Liam,Chen,liam.chen733@fintechmail.io,SG,N/A,Under Review,Low,772,115680,64470.17,2019-11-02,Standard,1,0
C12862,Andrew,Perez,andrew.perez928@outlook.com,SG,N/A,Pending,Medium,775,220336,25178.91,2022-04-26,Platinum,0,0
C48210,Joshua,Patel,joshua.patel231@fintechmail.io,AU,N/A,Pending,Medium,823,257246,48616.36,2024-01-16,VIP,1,1
C73967,Anthony,Rodriguez,anthony.rodriguez162@proton.me,GB,N/A,Under Review,Medium,612,196383,59618.92,2020-07-11,Silver,0,0
C79542,Charles,Chen,charles.chen388@outlook.com,IN,N/A,Verified,Medium,510,89358,34727.13,2024-03-02,Standard,0,0
C68833,Anthony,Ramirez,anthony.ramirez611@gmail.com,US,GA,Under Review,Low,516,232950,23929.18,2023-02-12,VIP,1,0
C90976,Emma,Silva,emma.silva966@outlook.com,CA,N/A,Rejected,Medium,457,215239,35366.31,2020-06-12,Silver,0,0
C84617,Priya,Muller,priya.muller443@icloud.com,US,TX,Verified,Medium,555,66142,28768.05,2020-10-30,VIP,0,0
C86145,Matthew,Davis,matthew.davis37@fintechmail.io,US,CA,Under Review,Low,426,246602,73535.95,2022-03-02,Platinum,0,0
C43763,Susan,Chen,susan.chen394@outlook.com,US,VA,Under Review,Medium,698,36826,47351.03,2020-12-30,VIP,0,0
C85042,Aarav,Kim,aarav.kim990@proton.me,US,PA,Under Review,Critical,749,275307,21330.53,2024-08-06,Silver,0,0
C96990,Anthony,Walker,anthony.walker899@yahoo.com,US,WA,Rejected,Critical,826,154326,2067.41,2024-07-08,Gold,0,0
C71723,Charles,Smith,charles.smith449@proton.me,DE,N/A,Under Review,Medium,778,25120,26546.54,2021-03-14,Standard,1,0
C74301,Lisa,Anderson,lisa.anderson629@yahoo.com,DE,N/A,Rejected,Low,524,142669,39538.84,2020-08-08,Silver,0,0
C38146,Priya,Muller,priya.muller980@proton.me,DE,N/A,Under Review,Low,755,230490,46738.22,2020-08-29,VIP,1,0
C43760,Aarav,Walker,aarav.walker869@fintechmail.io,IN,N/A,Under Review,Medium,663,205794,33822.51,2023-03-28,Standard,0,0
C24786,Amara,Silva,amara.silva764@fintechmail.io,SG,N/A,Verified,Low,838,103944,46979.88,2024-02-21,Platinum,0,0
C32188,Mark,Brown,mark.brown843@fintechmail.io,DE,N/A,Verified,Low,567,72102,54725.41,2023-05-12,Platinum,1,0
C60646,Betty,Lopez,betty.lopez868@proton.me,DE,N/A,Rejected,Critical,417,151712,40397.55,2022-06-23,Standard,0,0
C14670,Jessica,Ramirez,jessica.ramirez83@gmail.com,US,CA,Verified,Medium,801,230272,49235.99,2021-09-21,Gold,0,0
C64919,Kimberly,Jones,kimberly.jones339@fintechmail.io,DE,N/A,Rejected,Critical,648,116805,5666.8,2020-09-14,Standard,0,0
C24047,Jennifer,Patel,jennifer.patel970@fintechmail.io,SG,N/A,Rejected,Low,489,128706,798.32,2021-01-28,Standard,1,0
C10250,Betty,Sharma,betty.sharma690@yahoo.com,US,FL,Rejected,Medium,427,254052,35459.98,2020-10-13,Silver,0,0
C48018,Mark,Lopez,mark.lopez477@icloud.com,US,TX,Verified,Medium,367,250315,50384.11,2021-04-20,Gold,0,0
C14997,Thomas,Tanaka,thomas.tanaka200@proton.me,FR,N/A,Pending,High,734,197346,53831.42,2021-10-23,Standard,1,0
C37312,Mary,Thomas,mary.thomas253@fintechmail.io,IN,N/A,Verified,Medium,443,216223,36679.89,2022-09-14,Platinum,1,0
C17536,David,Taylor,david.taylor501@fintechmail.io,FR,N/A,Verified,Medium,633,208062,25697.77,2022-09-29,Gold,0,0
C50367,Lisa,Garcia,lisa.garcia351@yahoo.com,SG,N/A,Rejected,High,754,164005,57452.35,2021-07-21,Platinum,0,0
C90592,Charles,Brown,charles.brown33@fintechmail.io,US,CA,Pending,Medium,530,140362,36506.53,2021-11-17,VIP,1,0
C86406,Liam,Tanaka,liam.tanaka258@gmail.com,US,NJ,Verified,Low,470,130365,73499.33,2024-01-22,Gold,0,0
C62012,Susan,Patel,susan.patel801@gmail.com,IN,N/A,Under Review,High,622,105595,13100.33,2021-04-05,Gold,0,0
C31899,Mary,Wright,mary.wright761@icloud.com,US,FL,Verified,High,805,267133,4313.51,2023-06-27,Gold,0,0
C36797,Michael,Kim,michael.kim530@fintechmail.io,GB,N/A,Pending,Medium,742,278158,10145.28,2022-04-29,VIP,1,0
C19742,Emma,Chen,emma.chen814@outlook.com,IN,N/A,Verified,Critical,674,213619,72720.03,2022-02-15,Platinum,0,0
C90274,Mateo,Sanchez,mateo.sanchez823@icloud.com,US,GA,Verified,Critical,552,190678,1621.13,2021-03-25,Gold,0,0
C29921,Jessica,Sharma,jessica.sharma987@outlook.com,US,NC,Verified,Low,513,200287,4146.32,2020-06-27,VIP,0,0
C40586,Lisa,Clark,lisa.clark295@yahoo.com,AU,N/A,Under Review,Critical,596,184941,41767.25,2020-03-25,Platinum,1,0
C17010,Michelle,Lee,michelle.lee197@yahoo.com,CA,N/A,Verified,Low,410,284307,27748.15,2023-06-10,Platinum,0,0
C80941,Sarah,Johnson,sarah.johnson915@gmail.com,US,AZ,Verified,Critical,449,158275,45774.79,2022-10-01,Standard,0,0
C72620,Linda,Nguyen,linda.nguyen843@yahoo.com,US,NJ,Verified,Medium,768,205939,36650.39,2024-11-14,Platinum,0,0
C58843,Robert,Silva,robert.silva583@gmail.com,GB,N/A,Under Review,Low,694,264297,62412.55,2023-11-10,Platinum,1,0
C31187,Liam,Thomas,liam.thomas36@proton.me,US,AZ,Verified,Low,629,71582,11157.51,2022-06-19,VIP,0,0
C24137,Karen,Patel,karen.patel624@icloud.com,FR,N/A,Verified,Medium,560,226682,44290.88,2019-09-18,Silver,0,0
C23631,Donna,Jackson,donna.jackson624@icloud.com,CA,N/A,Pending,Critical,817,144357,32106.48,2024-07-23,VIP,0,0
C80537,Donald,Jones,donald.jones342@fintechmail.io,AU,N/A,Rejected,Medium,447,298092,41960.81,2020-08-25,Silver,1,0
C73163,Betty,Tanaka,betty.tanaka978@yahoo.com,US,NY,Pending,Low,651,57501,15885.42,2024-02-24,Gold,0,0
C38646,Donald,Ramirez,donald.ramirez740@gmail.com,SG,N/A,Rejected,Medium,477,317935,63803.09,2019-09-29,VIP,0,0
C89870,Priya,Wright,priya.wright24@yahoo.com,FR,N/A,Verified,Critical,757,147839,54289.19,2024-10-01,Silver,0,0
C20788,Nancy,Miller,nancy.miller889@yahoo.com,CA,N/A,Verified,Critical,818,46716,70875.96,2022-12-12,Gold,1,0
C16391,Sofia,Miller,sofia.miller802@fintechmail.io,US,VA,Pending,Medium,384,207667,57357.63,2024-02-01,Standard,0,0
C57523,Sofia,Lee,sofia.lee550@proton.me,US,OH,Verified,Low,369,293695,63931.61,2023-03-18,Silver,0,0
C11560,Elizabeth,Nguyen,elizabeth.nguyen291@fintechmail.io,US,NC,Rejected,Medium,566,55961,61783.87,2024-09-26,Standard,0,1
C43931,Carlos,Anderson,carlos.anderson64@proton.me,CA,N/A,Verified,Medium,720,308270,35583.35,2021-04-06,Gold,0,0
C28832,Michelle,Williams,michelle.williams442@fintechmail.io,CA,N/A,Pending,Low,504,231676,44246.8,2024-11-07,Gold,0,0
C99443,Elizabeth,Patel,elizabeth.patel190@gmail.com,GB,N/A,Verified,Medium,609,176429,2240.84,2021-08-31,Standard,0,0
C45170,Mark,Kim,mark.kim758@fintechmail.io,US,NY,Under Review,High,512,255135,58745.64,2021-02-28,Gold,1,0
C12308,Karen,Sanchez,karen.sanchez55@yahoo.com,IN,N/A,Rejected,Critical,777,280528,24608.53,2021-10-04,Gold,1,0
C75985,Kimberly,Williams,kimberly.williams294@icloud.com,DE,N/A,Verified,Critical,452,286414,30729.5,2019-09-07,VIP,1,0
C84791,Lisa,Rossi,lisa.rossi80@icloud.com,FR,N/A,Rejected,High,532,256002,70695.84,2024-04-21,Gold,0,0
C89897,Priya,Dubois,priya.dubois95@outlook.com,US,MI,Rejected,Low,652,237958,57087.84,2024-07-12,VIP,0,0
C51329,Michelle,Miller,michelle.miller660@yahoo.com,US,NJ,Verified,Critical,651,137434,12077.22,2021-03-07,Standard,0,0
C97572,James,Robinson,james.robinson363@yahoo.com,US,CA,Pending,Low,396,253575,18557.76,2020-11-20,VIP,0,0
C13065,Christopher,Wright,christopher.wright349@outlook.com,AU,N/A,Under Review,Medium,813,79159,56147.66,2021-02-08,VIP,0,0
C52960,Joshua,Hernandez,joshua.hernandez702@outlook.com,IN,N/A,Pending,Medium,802,84760,69058.18,2024-07-29,VIP,1,0
C80945,John,Young,john.young72@fintechmail.io,CA,N/A,Verified,Critical,597,291721,23847.29,2024-06-04,Silver,0,0
C54305,Barbara,Scott,barbara.scott301@fintechmail.io,CA,N/A,Pending,Critical,368,279538,48455.15,2022-09-07,VIP,0,0
C46343,Jennifer,Clark,jennifer.clark112@gmail.com,DE,N/A,Under Review,Low,711,235876,74230.02,2023-01-19,Platinum,0,0
C21794,John,Hill,john.hill290@gmail.com,US,NJ,Rejected,Low,565,302155,47806.53,2024-10-10,Silver,1,0
C81576,Donald,Dubois,donald.dubois682@proton.me,US,CA,Under Review,Medium,561,136332,31499.42,2021-04-25,Silver,1,0
C93443,Wei,Scott,wei.scott361@outlook.com,CA,N/A,Verified,Low,823,310879,25210.9,2020-05-15,Standard,1,0
C83285,Christopher,Brown,christopher.brown132@icloud.com,US,OH,Verified,High,745,203366,50078.23,2023-03-09,Gold,1,0
C97143,Jessica,Flores,jessica.flores379@yahoo.com,US,CA,Verified,Critical,614,275985,40888.51,2024-09-22,Standard,0,0
C28820,John,Kim,john.kim178@gmail.com,CA,N/A,Rejected,Critical,567,34358,28472.64,2024-06-11,VIP,1,1
C88616,Lisa,Moore,lisa.moore919@fintechmail.io,IN,N/A,Pending,Medium,588,229302,3457.02,2020-09-25,Platinum,0,0
C86900,David,Muller,david.muller721@yahoo.com,DE,N/A,Verified,Medium,425,210476,39354.25,2024-03-14,Gold,0,0
C53730,Emma,Sanchez,emma.sanchez82@icloud.com,SG,N/A,Verified,Medium,819,83941,64256.61,2023-06-09,Gold,0,0
C87565,Liam,Moore,liam.moore815@yahoo.com,GB,N/A,Verified,Critical,715,281469,60987.88,2020-09-26,Gold,1,0
C98881,Amara,Gonzalez,amara.gonzalez663@proton.me,FR,N/A,Verified,Low,790,232342,361.22,2023-01-31,Gold,1,0
C13878,Thomas,Martin,thomas.martin948@icloud.com,GB,N/A,Verified,Medium,394,85390,15086.65,2022-12-12,VIP,0,0
C54910,Thomas,Rossi,thomas.rossi19@icloud.com,IN,N/A,Rejected,Medium,507,135909,18730.38,2021-11-08,Standard,1,0
C40768,Carlos,Martin,carlos.martin364@gmail.com,US,FL,Verified,High,406,80213,40672.68,2021-05-26,Standard,0,0
C14171,Yuki,Smith,yuki.smith649@gmail.com,DE,N/A,Pending,Critical,520,157909,26940.37,2023-07-19,VIP,1,0
C13479,Kimberly,Davis,kimberly.davis909@fintechmail.io,US,NY,Verified,Low,512,259117,35758.62,2024-04-13,VIP,0,0
C57129,Daniel,Lee,daniel.lee71@proton.me,IN,N/A,Rejected,Medium,610,43893,73140.71,2023-03-24,Gold,0,0
C45782,Mary,Lee,mary.lee316@icloud.com,SG,N/A,Rejected,Low,471,110394,12865.14,2019-11-11,Gold,0,0
C21310,Barbara,Williams,barbara.williams995@proton.me,CA,N/A,Rejected,Medium,831,94935,26943.94,2020-12-22,VIP,0,0
C63987,James,Sharma,james.sharma789@gmail.com,US,CA,Rejected,Critical,697,55964,69527.26,2023-07-30,VIP,0,0
C94546,Linda,Jones,linda.jones356@proton.me,DE,N/A,Under Review,Low,821,72358,4376.1,2019-12-21,VIP,0,0
C37899,Jennifer,Martinez,jennifer.martinez761@gmail.com,US,VA,Rejected,Low,428,90145,63320.36,2024-09-24,VIP,1,0
C88210,Wei,Wright,wei.wright300@outlook.com,IN,N/A,Rejected,Critical,836,210876,65703.25,2023-04-06,Gold,0,0
C71432,Matthew,Walker,matthew.walker315@icloud.com,US,NC,Under Review,Critical,577,203077,15403.58,2019-10-22,Gold,0,0
C60136,Andrew,Martin,andrew.martin251@icloud.com,FR,N/A,Under Review,Critical,708,140948,54504.41,2023-01-09,VIP,1,0
C42668,Linda,Jackson,linda.jackson950@fintechmail.io,US,CA,Verified,High,511,77636,33203.6,2024-01-02,Gold,0,0
C76004,Matthew,Wright,matthew.wright979@outlook.com,US,CA,Under Review,Low,791,185070,4586.72,2024-04-21,Gold,0,0
C92942,Daniel,Jackson,daniel.jackson158@proton.me,US,AZ,Rejected,Medium,,102025,40452.84,2023-09-13,VIP,0,0
C61259,Amara,Clark,amara.clark496@proton.me,GB,N/A,Verified,Critical,818,253437,13303.51,2024-04-29,Platinum,0,0
C57377,Mateo,Lewis,mateo.lewis116@icloud.com,FR,N/A,Pending,Critical,680,150938,6928.8,2021-03-13,Gold,0,0
C90639,Mateo,Robinson,mateo.robinson182@icloud.com,CA,N/A,Under Review,Medium,433,223416,38459.79,2022-08-28,Gold,0,0
C95943,Donald,Moore,donald.moore468@gmail.com,CA,N/A,Verified,Medium,,285712,38800.15,2020-11-21,Silver,0,0
C93240,Anthony,Robinson,anthony.robinson791@outlook.com,DE,N/A,Verified,Low,411,94492,13476.13,2021-01-01,Platinum,0,0
C69784,Amara,Silva,amara.silva538@icloud.com,AU,N/A,Verified,High,462,42082,47334.88,2021-11-14,VIP,0,0
C57740,Priya,Wright,priya.wright469@icloud.com,US,TX,Verified,Low,382,101621,12124.09,2023-07-29,VIP,0,0
C67204,Elizabeth,Martinez,elizabeth.martinez535@outlook.com,DE,N/A,Rejected,Low,719,302504,31373.64,2023-07-10,Standard,0,0
C10347,Margaret,Nguyen,margaret.nguyen139@icloud.com,AU,N/A,Pending,Low,795,97309,36774.59,2022-02-09,VIP,0,0
C62293,Richard,Allen,richard.allen726@proton.me,GB,N/A,Rejected,Low,820,226956,71690.38,2024-07-27,VIP,1,0
C23599,Karen,Ramirez,karen.ramirez557@outlook.com,CA,N/A,Verified,Medium,782,228389,29232.52,2020-08-07,Platinum,0,0
C15127,Charles,Patel,charles.patel873@yahoo.com,US,PA,Verified,Low,,140859,62767.02,2022-10-29,Silver,0,0
C76014,Steven,Silva,steven.silva972@icloud.com,US,NY,Under Review,Medium,,179388,13943.56,2022-08-15,Platinum,0,0
C70661,Christopher,Kim,christopher.kim26@gmail.com,IN,N/A,Rejected,Low,608,129355,36286.98,2021-08-06,Standard,0,0
C58768,Nancy,King,nancy.king241@outlook.com,IN,N/A,Verified,Critical,685,127412,14765.85,2024-01-09,Platinum,0,0
C96591,Anthony,Kim,anthony.kim767@gmail.com,SG,N/A,Pending,Medium,816,49337,5779.68,2022-05-18,VIP,0,0
C27109,Elizabeth,Davis,elizabeth.davis451@outlook.com,US,VA,Verified,Critical,752,107638,7539.61,2024-06-26,Gold,0,0
C11091,Nancy,Allen,nancy.allen301@yahoo.com,GB,N/A,Rejected,Medium,448,301238,23866.55,2021-08-21,Gold,0,0
C40766,John,Lee,john.lee824@proton.me,US,PA,Verified,High,526,67790,32156.12,2021-03-21,Platinum,0,0
C64880,Daniel,Brown,daniel.brown365@outlook.com,IN,N/A,Verified,Medium,663,34356,67832.79,2024-01-20,VIP,0,0
C61597,Sarah,Taylor,sarah.taylor976@gmail.com,US,MA,Rejected,Critical,752,270841,47485.14,2020-10-29,Silver,0,0
C46345,Liam,Thompson,liam.thompson922@fintechmail.io,GB,N/A,Verified,Low,512,240374,72513.44,2019-12-09,VIP,0,0
C89085,Michelle,Gonzalez,michelle.gonzalez857@fintechmail.io,FR,N/A,Under Review,Medium,,232760,13874.93,2023-06-09,VIP,0,0
C74616,Priya,Young,priya.young625@gmail.com,AU,N/A,Rejected,Medium,560,153916,35197.01,2021-08-09,Silver,0,0
C12561,Elizabeth,Hernandez,elizabeth.hernandez273@fintechmail.io,GB,N/A,Verified,Medium,680,164229,26348.05,2020-03-17,Standard,0,0
C47624,Joseph,Sanchez,joseph.sanchez117@icloud.com,US,FL,Verified,Medium,583,294460,12556.07,2021-06-25,Standard,0,0
C37732,Robert,Lewis,robert.lewis35@fintechmail.io,SG,N/A,Rejected,Medium,,133242,16758.36,2022-04-07,Gold,1,0
C43322,Anthony,Tanaka,anthony.tanaka627@fintechmail.io,AU,N/A,Rejected,Medium,796,43199,23774.22,2023-06-08,VIP,1,0
C23487,Steven,Wilson,steven.wilson626@outlook.com,SG,N/A,Verified,Low,476,209807,54340.12,2020-10-15,VIP,0,0
C72445,Elizabeth,Thompson,elizabeth.thompson876@gmail.com,CA,N/A,Verified,Critical,758,259602,37700.16,2023-09-20,Silver,0,0
C16857,Ashley,Chen,ashley.chen383@icloud.com,US,AZ,Verified,Medium,363,195298,52674.26,2020-06-03,Standard,0,0
C53559,Patricia,Wilson,patricia.wilson63@yahoo.com,SG,N/A,Verified,Critical,651,272430,15528.18,2024-07-07,Standard,0,0
C34691,Mary,Lopez,mary.lopez358@yahoo.com,US,MI,Verified,Medium,492,259603,72517.44,2022-07-05,Silver,0,0
C27953,Christopher,Young,christopher.young79@yahoo.com,US,NY,Rejected,Medium,486,111807,20422.99,2023-07-08,Silver,1,0
C86243,Elizabeth,Nguyen,elizabeth.nguyen374@gmail.com,IN,N/A,Rejected,Medium,360,259530,17502.23,2019-09-20,Platinum,0,0
C20132,Paul,Thomas,paul.thomas402@proton.me,GB,N/A,Under Review,High,428,130157,16467.42,2019-10-26,VIP,1,0
C43694,Robert,Allen,robert.allen396@icloud.com,GB,N/A,Verified,Medium,380,179774,15083.95,2024-09-28,Gold,0,1
C71109,Wei,Thomas,wei.thomas73@gmail.com,US,WA,Pending,Low,805,233915,4779.91,2020-04-25,Standard,0,0
C55511,William,Allen,william.allen789@outlook.com,US,AZ,Rejected,Low,753,57968,52085.46,2022-03-13,Silver,0,0
C33203,Jennifer,King,jennifer.king601@proton.me,US,TX,Verified,High,785,260893,41157.53,2023-12-17,Gold,1,0
C43215,Joseph,Lewis,joseph.lewis751@outlook.com,DE,N/A,Rejected,Critical,759,239373,28681.72,2023-07-14,VIP,1,0
C21677,Mark,White,mark.white914@proton.me,IN,N/A,Verified,Critical,555,116790,65384.42,2023-01-13,Standard,0,0
C39882,Lisa,Jackson,lisa.jackson278@icloud.com,GB,N/A,Rejected,Medium,842,292682,17239.23,2020-01-28,VIP,0,0
C87438,Aarav,Ramirez,aarav.ramirez825@fintechmail.io,CA,N/A,Verified,Critical,402,210761,25551.91,2021-07-17,Standard,0,0
C76726,Joseph,Lewis,joseph.lewis208@fintechmail.io,SG,N/A,Under Review,High,829,22831,12988.91,2020-08-18,Gold,0,0
C81078,Christopher,Wright,christopher.wright747@icloud.com,US,NC,Verified,Low,374,38767,54340.15,2022-08-07,VIP,0,0
C59631,Christopher,Lopez,christopher.lopez502@gmail.com,FR,N/A,Verified,Medium,530,267390,34062.37,2022-01-26,Silver,0,0
C94140,Thomas,Wilson,thomas.wilson740@gmail.com,IN,N/A,Pending,Low,665,29560,61477.69,2023-04-05,Platinum,1,0
C68581,Margaret,Smith,margaret.smith950@yahoo.com,US,CA,Verified,Low,793,124971,73164.59,2024-11-08,Gold,1,0
C80680,Betty,Thompson,betty.thompson110@outlook.com,CA,N/A,Under Review,Medium,773,264887,33631.18,2019-09-18,Gold,1,0
C42479,William,Nguyen,william.nguyen846@proton.me,SG,N/A,Under Review,Low,659,189190,5951.63,2021-05-20,VIP,0,0
C61984,Margaret,Perez,margaret.perez770@icloud.com,IN,N/A,Pending,High,667,152482,64553.43,2024-08-08,Gold,1,0
C46812,Steven,Rodriguez,steven.rodriguez769@gmail.com,CA,N/A,Pending,High,727,44428,8829.11,2023-09-23,VIP,0,0
C67021,Charles,Thompson,charles.thompson724@fintechmail.io,DE,N/A,Pending,High,549,44248,19416.49,2020-05-13,VIP,0,0
C53193,David,King,david.king825@gmail.com,IN,N/A,Rejected,Critical,764,273691,43612.71,2019-11-03,Platinum,0,0
C91809,Joseph,Silva,joseph.silva780@fintechmail.io,US,FL,Pending,Critical,637,240943,4181.61,2020-07-17,Silver,0,0
C75781,Anthony,Davis,anthony.davis909@proton.me,AU,N/A,Rejected,High,826,95242,2865.12,2021-06-07,Platinum,0,0
C77558,Priya,Hernandez,priya.hernandez370@icloud.com,GB,N/A,Under Review,Medium,506,26304,21824.46,2021-07-14,Silver,0,0
C82423,Jessica,Brown,jessica.brown457@yahoo.com,CA,N/A,Pending,Critical,833,43614,12452.31,2023-06-28,Platinum,0,0
C92334,Thomas,Johnson,thomas.johnson738@fintechmail.io,GB,N/A,Verified,Low,366,271943,63138.81,2021-12-03,VIP,0,0
C88462,Steven,Patel,steven.patel748@icloud.com,US,VA,Rejected,High,433,261431,619.37,2020-08-25,VIP,1,0
C66302,Joshua,Perez,joshua.perez14@gmail.com,GB,N/A,Rejected,Critical,826,284250,30588.77,2020-08-02,Platinum,1,0
C16833,Yuki,Taylor,yuki.taylor534@outlook.com,IN,N/A,Verified,Medium,,234082,34599.32,2019-12-28,Standard,0,0
C49286,Susan,Chen,susan.chen715@outlook.com,AU,N/A,Pending,Medium,632,296074,9476.46,2020-09-06,Silver,1,0
C52541,Sandra,Wright,sandra.wright296@proton.me,GB,N/A,Under Review,Low,782,120218,41614.02,2024-10-24,VIP,1,0
C38887,Emily,King,emily.king245@outlook.com,CA,N/A,Pending,Low,652,146608,26746.46,2022-04-25,VIP,1,0
C19069,Thomas,Moore,thomas.moore456@gmail.com,DE,N/A,Verified,Medium,554,28421,66073.97,2024-04-13,Platinum,1,0
C93019,Daniel,Jackson,daniel.jackson477@icloud.com,US,OH,Pending,Critical,634,260610,52157.98,2021-02-01,VIP,0,0
C67582,Elizabeth,Tanaka,elizabeth.tanaka191@outlook.com,US,PA,Verified,Low,805,51842,38757.68,2020-12-19,Standard,0,0
C47115,Priya,Garcia,priya.garcia374@gmail.com,GB,N/A,Pending,Low,355,78856,15504.71,2023-07-25,Platinum,0,0
C20391,Margaret,Robinson,margaret.robinson749@yahoo.com,DE,N/A,Pending,Low,567,264042,60192.85,2023-04-18,VIP,0,0
C25467,Andrew,Jackson,andrew.jackson872@outlook.com,US,MA,Verified,Low,763,156551,55032.37,2019-10-07,Gold,0,0
C71566,Mark,Garcia,mark.garcia394@gmail.com,GB,N/A,Under Review,Medium,741,24267,16130.13,2024-08-06,Gold,0,0
C41513,Susan,Rodriguez,susan.rodriguez128@yahoo.com,US,FL,Verified,Low,742,25344,29324.77,2021-02-13,Silver,0,0
C22442,Elizabeth,Wright,elizabeth.wright967@gmail.com,DE,N/A,Verified,High,748,93671,51864.47,2019-09-17,Platinum,1,0
C71713,Mark,Robinson,mark.robinson895@gmail.com,AU,N/A,Verified,Low,444,259148,11070.09,2023-03-28,Platinum,1,0
C93145,Donna,Sanchez,donna.sanchez67@fintechmail.io,AU,N/A,Pending,Medium,483,125190,28768.4,2024-06-30,Gold,0,0
C65237,Jessica,Johnson,jessica.johnson936@gmail.com,US,TX,Rejected,Low,601,278757,50189.87,2021-12-26,Platinum,0,0
C12204,Liam,Hernandez,liam.hernandez50@proton.me,FR,N/A,Verified,High,577,161573,55591.63,2023-12-22,Platinum,1,0
C72572,Nancy,Kim,nancy.kim913@proton.me,AU,N/A,Verified,Medium,770,198962,32231.05,2020-05-01,Standard,0,0
C17589,Priya,Thomas,priya.thomas687@gmail.com,US,MA,Verified,Critical,570,136812,41182.6,2022-06-12,Standard,0,0
C69316,Wei,Walker,wei.walker80@yahoo.com,DE,N/A,Under Review,Medium,,92065,34321.79,2023-02-08,Silver,0,0
C75428,Sofia,King,sofia.king530@outlook.com,SG,N/A,Verified,Critical,700,273960,70149.88,2021-10-19,Standard,0,0
C32926,Nancy,Garcia,nancy.garcia653@yahoo.com,AU,N/A,Pending,Critical,624,71140,40628.87,2022-12-17,Standard,1,0
C81094,Christopher,Tanaka,christopher.tanaka609@yahoo.com,US,NY,Under Review,Medium,766,128497,69242.59,2019-09-13,VIP,1,0
C99315,Matthew,Lee,matthew.lee965@gmail.com,FR,N/A,Verified,Medium,670,58248,27036.63,2019-10-30,VIP,0,0
C59070,Mateo,Jackson,mateo.jackson688@proton.me,DE,N/A,Pending,Medium,748,100635,68303.95,2021-12-16,VIP,1,0
C65020,Aarav,King,aarav.king162@fintechmail.io,CA,N/A,Verified,Low,778,254643,42488.17,2023-12-04,VIP,1,0
C25759,Thomas,Scott,thomas.scott97@yahoo.com,SG,N/A,Rejected,Low,431,224270,9468.63,2021-10-19,Standard,0,0
C57553,Donald,Nguyen,donald.nguyen457@fintechmail.io,SG,N/A,Under Review,Low,520,231123,19531.87,2023-10-06,Gold,0,0
C75913,Daniel,Jones,daniel.jones859@outlook.com,FR,N/A,Verified,Medium,727,34648,15886.61,2024-02-04,VIP,0,0
C31115,Christopher,Allen,christopher.allen142@outlook.com,FR,N/A,Rejected,Low,655,120727,62178.21,2023-03-31,VIP,0,0
C82636,Kimberly,Smith,kimberly.smith271@fintechmail.io,AU,N/A,Under Review,Critical,632,283419,28138.47,2023-03-29,Standard,1,0
C33105,Barbara,Wright,barbara.wright349@gmail.com,DE,N/A,Pending,Medium,722,251084,39983.11,2019-08-29,Standard,0,0
C76994,Jessica,Thomas,jessica.thomas676@icloud.com,FR,N/A,Under Review,Critical,487,72854,36015.81,2024-08-07,Platinum,0,0
C15918,Donna,Ramirez,donna.ramirez12@proton.me,US,CA,Rejected,Critical,484,234693,38531.41,2022-05-08,Gold,0,0
C25537,Yuki,Torres,yuki.torres205@icloud.com,AU,N/A,Verified,Low,501,267808,23018.66,2021-12-18,VIP,1,0
C49453,Mateo,Garcia,mateo.garcia156@proton.me,FR,N/A,Rejected,Medium,508,279503,49998.79,2019-12-08,VIP,1,0
C84233,Wei,Nguyen,wei.nguyen261@fintechmail.io,US,AZ,Pending,Low,574,22425,26994.05,2024-10-19,Standard,1,0
C52284,Carlos,Anderson,carlos.anderson560@yahoo.com,SG,N/A,Verified,Critical,598,113698,33714.85,2023-10-31,Silver,0,0
C57046,David,Silva,david.silva900@fintechmail.io,DE,N/A,Verified,Low,746,134601,23996.41,2022-03-15,Gold,1,0
C82855,Charles,Rossi,charles.rossi694@gmail.com,CA,N/A,Verified,Medium,525,195112,24134.12,2023-07-18,Standard,0,0
C82800,Wei,Hill,wei.hill780@outlook.com,CA,N/A,Rejected,Critical,,39603,74089.59,2020-09-07,Silver,1,0
C92202,Paul,Taylor,paul.taylor938@proton.me,US,WA,Verified,Low,399,295175,18844.58,2021-03-08,Gold,0,0
C34529,Matthew,Walker,matthew.walker225@proton.me,US,NC,Verified,Medium,779,319095,44363.1,2022-06-30,Silver,1,0
C82853,Priya,Young,priya.young831@proton.me,AU,N/A,Pending,Low,350,274436,48549.78,2020-02-12,Gold,0,0
C58650,Jessica,Jones,jessica.jones956@fintechmail.io,FR,N/A,Verified,Critical,622,138331,65405.01,2022-04-17,VIP,0,0
C58403,Andrew,Taylor,andrew.taylor73@yahoo.com,US,PA,Verified,Medium,350,60036,35535.52,2021-10-10,VIP,0,0
C19540,Daniel,Walker,daniel.walker958@yahoo.com,FR,N/A,Verified,High,437,219645,26050.64,2023-03-26,Platinum,0,0
C34344,Betty,Torres,betty.torres180@outlook.com,US,NJ,Verified,Medium,563,46900,39260.54,2021-05-25,Platinum,0,0
C99921,Susan,Tanaka,susan.tanaka115@gmail.com,US,IL,Verified,Medium,367,259533,18965.02,2021-08-14,VIP,0,0
C65402,David,Clark,david.clark959@proton.me,US,TX,Pending,Low,428,319753,38572.0,2024-01-29,Platinum,0,0
C68967,David,Davis,david.davis734@gmail.com,SG,N/A,Under Review,Low,846,266877,12158.3,2020-05-06,Silver,1,0
C16245,Mary,Miller,mary.miller524@icloud.com,IN,N/A,Verified,Critical,768,96197,11614.35,2022-12-10,VIP,0,0
C94694,Lisa,Lee,lisa.lee675@fintechmail.io,GB,N/A,Verified,Medium,567,51980,58982.8,2019-09-15,Silver,0,0
C46593,Mary,White,mary.white519@fintechmail.io,CA,N/A,Under Review,Low,462,188827,70002.85,2024-01-16,VIP,0,0
C25153,Linda,Muller,linda.muller342@outlook.com,CA,N/A,Verified,Low,827,308474,70003.07,2023-05-30,Silver,0,0
C52945,Charles,Brown,charles.brown974@fintechmail.io,CA,N/A,Verified,Critical,457,58036,43301.14,2020-06-28,Platinum,0,0
C46451,Joseph,Muller,joseph.muller76@proton.me,SG,N/A,Verified,Low,804,308919,46491.11,2023-07-05,Platinum,0,0
C28160,Amara,Rossi,amara.rossi455@fintechmail.io,SG,N/A,Rejected,High,416,59714,48631.55,2023-11-12,Standard,0,0
C34361,Christopher,Allen,christopher.allen550@fintechmail.io,US,PA,Verified,Medium,529,210871,51220.9,2024-06-30,Silver,0,0
C27306,Richard,Thomas,richard.thomas497@outlook.com,GB,N/A,Under Review,Low,807,33372,73598.45,2020-02-04,Standard,1,0
C89660,Christopher,Rossi,christopher.rossi54@fintechmail.io,CA,N/A,Verified,Medium,504,238226,68488.27,2022-10-13,Gold,0,0
C24215,Robert,Wilson,robert.wilson86@icloud.com,CA,N/A,Under Review,Low,460,145934,69651.77,2023-01-10,VIP,0,0
C51156,David,Gonzalez,david.gonzalez633@gmail.com,GB,N/A,Rejected,Low,673,175808,39614.54,2023-03-06,Gold,0,0
C53776,Jessica,King,jessica.king208@icloud.com,US,IL,Under Review,Medium,602,250390,74475.98,2020-06-18,Gold,1,0
C56892,Liam,Lewis,liam.lewis114@proton.me,GB,N/A,Verified,Critical,824,188737,73805.99,2020-12-02,Gold,0,0
C39890,Ashley,Jackson,ashley.jackson75@fintechmail.io,IN,N/A,Rejected,Medium,357,226587,3869.45,2020-05-20,Silver,1,0
C24395,Lisa,Anderson,lisa.anderson199@outlook.com,US,NC,Verified,Low,592,63779,48805.22,2020-10-14,VIP,0,0
C39634,James,Flores,james.flores777@icloud.com,DE,N/A,Verified,Medium,821,124150,28507.43,2019-10-27,Platinum,0,0
C21940,Joshua,Lewis,joshua.lewis932@fintechmail.io,US,MA,Rejected,High,371,77790,74790.5,2021-01-25,Gold,0,0
C70088,Linda,Davis,linda.davis468@gmail.com,IN,N/A,Verified,Medium,532,240203,5038.26,2022-12-22,Standard,1,0
C34153,Wei,Rodriguez,wei.rodriguez933@outlook.com,IN,N/A,Verified,High,546,261520,10164.64,2019-12-17,Platinum,0,0
C98945,Michelle,Lewis,michelle.lewis425@outlook.com,IN,N/A,Verified,High,677,195793,74591.38,2021-04-26,Standard,0,0
C26318,Lisa,Taylor,lisa.taylor885@icloud.com,CA,N/A,Verified,Medium,716,89967,66900.95,2022-10-08,Gold,1,0
C96042,Ashley,Dubois,ashley.dubois543@fintechmail.io,US,IL,Verified,Medium,555,125764,10467.29,2024-01-02,Silver,0,0
C97770,Aarav,Clark,aarav.clark659@gmail.com,US,NJ,Verified,Medium,749,120813,20540.48,2024-03-13,VIP,0,0
C84746,Susan,Miller,susan.miller42@gmail.com,IN,N/A,Verified,Low,732,112590,74053.35,2023-09-07,Silver,1,0
C81310,Paul,Perez,paul.perez314@fintechmail.io,SG,N/A,Rejected,Medium,653,38315,27372.25,2020-04-17,VIP,0,0
C43554,Joshua,Walker,joshua.walker680@proton.me,GB,N/A,Verified,Low,527,276133,71569.1,2019-10-22,VIP,1,1
C32673,Amara,Hernandez,amara.hernandez499@outlook.com,GB,N/A,Pending,Medium,578,129343,45978.0,2023-02-10,Platinum,1,0
C45182,Margaret,Taylor,margaret.taylor51@yahoo.com,CA,N/A,Verified,Critical,847,24321,14453.87,2020-10-21,Standard,0,0
C62928,James,Kim,james.kim663@yahoo.com,FR,N/A,Pending,Low,751,222455,74928.74,2024-05-31,Standard,1,0
C88997,Sandra,Sharma,sandra.sharma735@gmail.com,US,NY,Under Review,Critical,520,310063,34832.11,2023-01-25,VIP,1,0
C25808,Emma,Dubois,emma.dubois600@gmail.com,AU,N/A,Rejected,Low,594,94034,12803.15,2020-09-09,Platinum,0,0
C29478,Barbara,King,barbara.king649@gmail.com,AU,N/A,Pending,High,389,93537,53436.45,2021-04-26,Silver,1,0
C24177,Emily,Sharma,emily.sharma126@outlook.com,US,NJ,Verified,Low,,291739,64503.06,2023-05-12,Silver,0,0
C52802,Andrew,Rodriguez,andrew.rodriguez783@gmail.com,FR,N/A,Pending,Medium,539,123874,8180.86,2020-06-05,Silver,0,0
C16722,Betty,Nguyen,betty.nguyen861@fintechmail.io,CA,N/A,Pending,Low,730,198344,66248.47,2020-05-25,Gold,0,0
C99338,Michelle,Harris,michelle.harris118@fintechmail.io,US,PA,Verified,Critical,407,102260,59953.32,2022-03-17,Gold,0,0
C60402,Sarah,Lee,sarah.lee49@proton.me,FR,N/A,Under Review,Low,849,92980,13974.06,2020-02-01,Platinum,0,0
C55356,Margaret,Walker,margaret.walker411@proton.me,AU,N/A,Verified,Medium,654,110237,32997.18,2021-07-14,VIP,0,0
C10706,Wei,Harris,wei.harris774@yahoo.com,US,IL,Verified,Critical,367,247373,69827.52,2020-09-08,Silver,0,1
C10473,Sandra,Hill,sandra.hill901@outlook.com,FR,N/A,Verified,Low,667,49584,12024.17,2022-05-04,VIP,0,0
C86218,Yuki,Muller,yuki.muller998@yahoo.com,US,NC,Rejected,Medium,,102436,65482.13,2019-10-09,Standard,0,0
C18024,Joshua,Robinson,joshua.robinson777@gmail.com,SG,N/A,Rejected,Critical,436,110058,25889.25,2019-11-01,Standard,1,0
C13792,Susan,Lopez,susan.lopez188@icloud.com,US,GA,Verified,Medium,551,307736,66203.84,2021-01-15,Silver,1,0
C22597,David,Garcia,david.garcia773@gmail.com,IN,N/A,Verified,Medium,786,81828,71389.27,2022-07-26,Silver,0,0
C57783,Steven,Jackson,steven.jackson148@icloud.com,US,IL,Verified,Critical,370,199562,29231.21,2022-09-28,Silver,1,0
C68887,Liam,Miller,liam.miller612@icloud.com,US,GA,Verified,Critical,701,31191,14454.98,2021-08-15,Platinum,0,0
C94057,Daniel,Hernandez,daniel.hernandez521@proton.me,AU,N/A,Under Review,High,405,178550,24710.47,2022-04-15,Platinum,0,0
C21907,Priya,Anderson,priya.anderson878@proton.me,US,PA,Verified,Low,572,27212,45367.54,2022-09-12,Silver,0,0
C33365,William,Dubois,william.dubois759@outlook.com,US,IL,Verified,Critical,701,297365,193.98,2022-12-16,Platinum,0,0
C24665,Matthew,Perez,matthew.perez183@gmail.com,AU,N/A,Verified,Medium,367,108135,51825.1,2022-02-11,Gold,0,0
C36755,John,Tanaka,john.tanaka57@icloud.com,IN,N/A,Under Review,Low,444,223225,38381.33,2021-10-11,Platinum,0,0
C69847,Joshua,Scott,joshua.scott102@gmail.com,IN,N/A,Verified,Low,769,70114,22638.49,2023-03-15,Platinum,0,0
C48939,Mary,Tanaka,mary.tanaka799@yahoo.com,US,GA,Under Review,Medium,413,265954,57801.26,2021-07-27,VIP,0,0
C76179,Karen,Young,karen.young369@proton.me,SG,N/A,Verified,Medium,729,313019,7158.22,2021-05-20,Standard,0,0
C46435,Anthony,Robinson,anthony.robinson189@yahoo.com,CA,N/A,Pending,Medium,784,41752,70158.26,2023-01-14,VIP,1,0
C71192,Kimberly,King,kimberly.king613@icloud.com,CA,N/A,Verified,Medium,847,192854,3312.82,2022-05-28,VIP,0,0
C32885,Kimberly,Chen,kimberly.chen383@proton.me,GB,N/A,Under Review,High,780,188317,17105.22,2020-11-06,VIP,0,0
C80651,Linda,Chen,linda.chen712@outlook.com,US,OH,Under Review,Critical,622,316823,38481.34,2023-02-18,Gold,0,0
C36294,Christopher,Perez,christopher.perez531@gmail.com,AU,N/A,Verified,Low,610,199745,5548.19,2020-07-05,Standard,0,0
C93034,Liam,Muller,liam.muller460@icloud.com,SG,N/A,Verified,Low,773,301258,41832.28,2024-08-12,VIP,0,0
C15438,Sarah,Torres,sarah.torres267@gmail.com,DE,N/A,Verified,Medium,388,180355,55096.52,2020-10-30,Gold,1,0
C20991,William,Harris,william.harris720@icloud.com,DE,N/A,Verified,Medium,481,96540,61454.82,2024-02-22,Gold,0,0
C63325,Anthony,Johnson,anthony.johnson544@icloud.com,DE,N/A,Verified,Low,429,164439,42272.73,2024-03-28,Standard,0,0
C87188,William,Lewis,william.lewis331@yahoo.com,FR,N/A,Verified,Medium,527,49366,54290.79,2021-08-14,Standard,0,0
C19072,Barbara,Martinez,barbara.martinez335@yahoo.com,US,NJ,Pending,Low,710,312868,17192.57,2019-10-03,Silver,0,0
C62628,Charles,White,charles.white15@proton.me,DE,N/A,Pending,Low,538,115663,14832.99,2022-04-20,Silver,1,0
C61311,Joshua,Johnson,joshua.johnson959@icloud.com,FR,N/A,Verified,Low,586,70148,29221.76,2022-01-27,VIP,0,0
C45534,Paul,Martinez,paul.martinez55@yahoo.com,FR,N/A,Verified,Medium,,222135,25405.71,2024-08-29,Standard,1,0
C43648,Jessica,Torres,jessica.torres490@gmail.com,SG,N/A,Verified,Medium,694,317963,63842.64,2023-06-17,Gold,0,1
C26658,Ashley,Williams,ashley.williams472@outlook.com,SG,N/A,Pending,Critical,464,200792,26153.33,2023-10-20,Gold,0,0
C82612,Kimberly,Robinson,kimberly.robinson182@icloud.com,US,NY,Pending,High,743,210973,51875.93,2023-04-03,VIP,0,0
C76240,Joseph,Brown,joseph.brown893@fintechmail.io,US,TX,Pending,Low,651,258742,42679.42,2022-01-03,Gold,1,0
C12839,David,Davis,david.davis158@icloud.com,FR,N/A,Verified,Medium,381,42024,56609.88,2022-03-11,Platinum,0,0
C10714,Charles,Torres,charles.torres243@icloud.com,US,TX,Verified,High,818,228156,34992.6,2019-08-09,VIP,0,0
C51141,Linda,Thompson,linda.thompson338@fintechmail.io,GB,N/A,Verified,Medium,801,50518,9921.98,2019-10-26,Gold,0,0
C51045,Yuki,Harris,yuki.harris629@fintechmail.io,DE,N/A,Verified,Medium,618,106914,44908.59,2020-07-01,VIP,0,0
C46549,Amara,Tanaka,amara.tanaka30@proton.me,SG,N/A,Verified,Critical,680,70179,20067.42,2021-12-15,Platinum,0,0
C29463,Donald,Anderson,donald.anderson606@fintechmail.io,US,CA,Verified,High,596,171361,25620.02,2021-07-03,VIP,1,0
C90162,Carlos,Tanaka,carlos.tanaka639@outlook.com,AU,N/A,Rejected,Medium,707,257109,41526.82,2023-08-21,Silver,1,0
C49849,Daniel,Anderson,daniel.anderson925@proton.me,US,IL,Verified,Medium,367,34801,32620.41,2023-10-01,Platinum,0,0
C14977,William,Lee,william.lee596@fintechmail.io,FR,N/A,Verified,Low,755,125402,55263.35,2021-06-05,Gold,1,0
C30782,Paul,Flores,paul.flores383@fintechmail.io,US,TX,Verified,Low,850,257682,50667.72,2024-03-28,VIP,1,0
C92249,Patricia,Johnson,patricia.johnson168@fintechmail.io,SG,N/A,Verified,Medium,631,145565,39563.44,2023-10-19,Silver,1,0
C11444,Michael,Perez,michael.perez838@outlook.com,US,FL,Under Review,High,370,246473,29562.55,2021-05-06,Standard,1,0
C34142,Mateo,Thompson,mateo.thompson916@gmail.com,SG,N/A,Pending,High,809,192200,3048.18,2024-07-23,Silver,1,0
C55106,John,Lewis,john.lewis797@gmail.com,AU,N/A,Verified,Critical,522,257198,50737.3,2021-07-30,Silver,0,0
C38090,Sofia,Taylor,sofia.taylor451@icloud.com,GB,N/A,Pending,Low,515,78146,21402.9,2024-09-18,Silver,0,0
C75938,Steven,Silva,steven.silva783@outlook.com,US,PA,Pending,Critical,817,175400,71597.21,2020-05-14,Standard,0,0
C36584,Sofia,Moore,sofia.moore394@icloud.com,US,NC,Verified,Low,624,173954,19877.09,2022-07-27,Platinum,1,0
C40338,Donna,Silva,donna.silva671@outlook.com,AU,N/A,Rejected,Low,524,139376,66416.49,2019-10-07,Silver,0,0
C36396,Wei,Johnson,wei.johnson72@yahoo.com,GB,N/A,Verified,Medium,661,275610,57020.35,2021-12-07,VIP,1,0
C28286,Karen,Wilson,karen.wilson928@yahoo.com,AU,N/A,Verified,Low,414,88874,18281.01,2021-07-14,Platinum,0,0
C44551,David,Wright,david.wright957@yahoo.com,US,FL,Verified,High,390,228020,28824.39,2023-08-14,Standard,0,0
C21644,Susan,Taylor,susan.taylor569@gmail.com,AU,N/A,Verified,Critical,627,148486,30838.14,2019-09-05,Gold,0,0
C17382,Yuki,Scott,yuki.scott298@icloud.com,US,VA,Under Review,Medium,,145896,47735.49,2023-11-09,VIP,0,0
C60329,Barbara,Muller,barbara.muller820@fintechmail.io,US,PA,Verified,Medium,695,283714,34545.46,2020-03-22,Silver,1,0
C52243,Patricia,Jackson,patricia.jackson836@icloud.com,FR,N/A,Rejected,Low,480,208095,73493.85,2024-06-25,Platinum,0,0
C84378,Thomas,Anderson,thomas.anderson813@gmail.com,US,PA,Pending,Medium,827,286623,1349.69,2021-04-26,Standard,1,0
C79973,Wei,Rodriguez,wei.rodriguez906@proton.me,US,WA,Under Review,Medium,,299387,47783.56,2024-06-24,Gold,1,0
C24824,Joshua,Hill,joshua.hill973@icloud.com,FR,N/A,Pending,Critical,715,126107,5165.03,2021-02-11,Platinum,0,0
C29714,Michael,Dubois,michael.dubois51@icloud.com,FR,N/A,Verified,Low,632,194418,3298.21,2022-03-04,Standard,1,0
C94665,William,Muller,william.muller283@yahoo.com,GB,N/A,Verified,High,640,175450,70788.68,2024-09-12,Gold,1,1
C77831,Amara,Wilson,amara.wilson383@outlook.com,US,NY,Pending,Low,535,169603,10035.53,2024-06-26,Silver,0,0
C28346,Patricia,King,patricia.king618@fintechmail.io,US,NJ,Verified,Medium,371,223635,31898.07,2020-05-04,Standard,0,0
C19433,Priya,Nguyen,priya.nguyen360@proton.me,DE,N/A,Rejected,High,393,184107,68839.8,2021-10-01,Silver,1,0
C68607,Priya,White,priya.white672@proton.me,US,FL,Verified,Medium,615,309364,71581.96,2020-09-12,Standard,0,0
C17493,Paul,Williams,paul.williams467@icloud.com,GB,N/A,Pending,High,570,86047,72307.97,2020-01-30,Gold,0,0
C35650,Wei,Young,wei.young62@icloud.com,AU,N/A,Pending,Medium,464,23984,53132.46,2021-08-06,Platinum,0,0
C36658,Donald,Lee,donald.lee407@gmail.com,DE,N/A,Under Review,Low,463,169283,1177.13,2022-11-02,Standard,0,0
C63692,Emma,Allen,emma.allen60@yahoo.com,AU,N/A,Verified,Low,407,201759,32197.61,2022-05-27,Silver,1,0
C45460,Aarav,Lee,aarav.lee693@gmail.com,US,CA,Verified,Critical,844,117904,43022.66,2022-12-21,Silver,0,0
C86081,Sandra,Chen,sandra.chen510@gmail.com,IN,N/A,Verified,Low,501,304177,42028.44,2024-02-21,VIP,0,0
C39090,Priya,Harris,priya.harris509@fintechmail.io,SG,N/A,Verified,Low,400,22687,73461.76,2022-06-20,Standard,0,0
C61076,Jennifer,Rossi,jennifer.rossi30@fintechmail.io,US,AZ,Verified,High,690,206183,47630.92,2022-08-02,Silver,0,0
C84022,Liam,Lee,liam.lee527@yahoo.com,US,FL,Verified,High,379,138353,28856.83,2023-09-12,Standard,0,0
C47997,Joshua,Brown,joshua.brown470@fintechmail.io,IN,N/A,Verified,Low,605,269061,42595.13,2020-05-25,Platinum,0,0
C75682,Emma,Flores,emma.flores108@outlook.com,US,AZ,Rejected,Medium,627,252311,43728.43,2020-09-07,Standard,0,0
C73662,Barbara,Garcia,barbara.garcia171@fintechmail.io,US,VA,Verified,High,424,174929,74699.11,2021-07-18,Gold,0,0
C76266,Barbara,Tanaka,barbara.tanaka947@gmail.com,US,FL,Rejected,Critical,720,293286,44734.43,2019-12-02,Standard,0,0
C72019,Elizabeth,Allen,elizabeth.allen570@fintechmail.io,IN,N/A,Verified,High,699,66625,72226.09,2019-10-29,VIP,1,0
C43732,James,Sanchez,james.sanchez131@icloud.com,FR,N/A,Verified,Medium,569,92996,41342.61,2024-09-10,Gold,1,0
C55327,Charles,Young,charles.young178@proton.me,US,WA,Verified,Critical,786,285172,57004.2,2023-10-11,VIP,0,0
C84828,Donna,Scott,donna.scott243@outlook.com,AU,N/A,Pending,High,702,125461,70755.21,2022-07-02,Silver,1,0
C65390,John,King,john.king653@yahoo.com,CA,N/A,Verified,Medium,582,279335,72788.95,2024-09-04,Gold,0,0
C57220,Steven,Johnson,steven.johnson592@outlook.com,GB,N/A,Verified,Critical,688,71524,11489.88,2020-03-09,Standard,0,0
C52785,Jessica,Lee,jessica.lee314@yahoo.com,CA,N/A,Verified,Medium,,131469,62270.48,2024-04-10,Standard,0,0
C44929,Michelle,Chen,michelle.chen16@outlook.com,FR,N/A,Verified,Critical,673,106207,5613.92,2024-09-23,Silver,0,0
C84424,Amara,Brown,amara.brown897@icloud.com,GB,N/A,Verified,Medium,416,65939,35210.9,2023-01-09,Silver,0,0
C75655,Mark,Garcia,mark.garcia754@outlook.com,CA,N/A,Verified,Medium,670,193399,20035.29,2020-07-29,Standard,1,0
C40205,Christopher,Thompson,christopher.thompson569@fintechmail.io,DE,N/A,Pending,Medium,396,47246,23306.57,2019-07-16,Silver,0,0
C71246,Mary,Hernandez,mary.hernandez513@proton.me,AU,N/A,Rejected,Critical,710,183860,46603.94,2021-08-17,Silver,1,0
C32505,Matthew,Rodriguez,matthew.rodriguez373@proton.me,US,MI,Verified,Medium,450,140920,35567.58,2021-11-12,Platinum,0,0
C76495,Mary,Thomas,mary.thomas547@icloud.com,US,NJ,Verified,High,570,90775,55717.77,2023-01-28,Standard,1,0
C56764,Elizabeth,Anderson,elizabeth.anderson900@icloud.com,US,CA,Under Review,Critical,541,249255,28292.71,2023-08-11,Silver,0,0
C98136,Jennifer,Anderson,jennifer.anderson252@proton.me,GB,N/A,Verified,Low,519,264295,35488.15,2024-02-23,Gold,0,0
C64910,Kimberly,Flores,kimberly.flores448@proton.me,US,WA,Verified,Critical,,61328,7991.73,2022-05-26,Gold,0,0
C14814,Susan,White,susan.white991@fintechmail.io,DE,N/A,Under Review,High,474,279915,30322.61,2021-09-30,Platinum,0,0
C83948,Jennifer,King,jennifer.king265@proton.me,CA,N/A,Verified,Low,716,146043,24558.92,2020-04-03,Standard,0,0
C33945,Barbara,Patel,barbara.patel107@fintechmail.io,FR,N/A,Under Review,Medium,787,96492,2917.03,2024-12-01,Platinum,1,0
C70688,Wei,Nguyen,wei.nguyen429@proton.me,US,WA,Rejected,Critical,648,178454,4556.06,2022-01-27,Platinum,1,0
C29942,Anthony,Moore,anthony.moore775@proton.me,US,MI,Rejected,Critical,691,247077,10450.78,2022-02-08,Platinum,0,0
C68122,James,Rodriguez,james.rodriguez634@fintechmail.io,CA,N/A,Pending,Medium,841,202943,41784.7,2020-07-29,Silver,0,0
C60906,Nancy,Rossi,nancy.rossi337@proton.me,FR,N/A,Pending,Low,464,260564,15577.2,2022-05-11,Gold,0,0
C38363,Sandra,Jones,sandra.jones398@gmail.com,US,MI,Verified,High,611,194037,11787.59,2022-01-21,VIP,1,0
C68566,Joseph,Dubois,joseph.dubois518@fintechmail.io,IN,N/A,Verified,Critical,392,184879,48374.08,2021-06-27,VIP,0,0
C52771,Daniel,Silva,daniel.silva501@outlook.com,CA,N/A,Rejected,Medium,665,218606,22696.94,2021-08-03,Gold,1,0
C25169,Priya,Dubois,priya.dubois988@proton.me,GB,N/A,Under Review,Low,356,240551,21475.66,2022-10-25,VIP,1,0
C59161,Charles,Rossi,charles.rossi23@outlook.com,DE,N/A,Under Review,High,450,196023,28390.91,2020-07-10,Standard,0,0
C50722,Priya,Williams,priya.williams16@fintechmail.io,IN,N/A,Rejected,Medium,457,121981,31648.31,2022-06-19,Gold,1,0
C90840,Priya,Torres,priya.torres305@proton.me,GB,N/A,Verified,Medium,662,255914,55421.5,2022-01-23,Standard,0,0
C95689,Mary,Williams,mary.williams411@yahoo.com,DE,N/A,Rejected,Low,799,190336,45346.02,2021-02-22,Gold,0,0
C52522,Carlos,Sharma,carlos.sharma116@fintechmail.io,IN,N/A,Verified,Medium,719,37600,30252.58,2019-11-15,Standard,0,0
C93705,Christopher,Clark,christopher.clark642@icloud.com,US,MI,Under Review,Low,525,190299,49212.81,2021-12-05,Standard,1,0
C45964,Liam,Anderson,liam.anderson949@fintechmail.io,GB,N/A,Pending,High,803,302758,55100.81,2019-09-21,Gold,0,0
C92984,Sarah,Rodriguez,sarah.rodriguez614@fintechmail.io,IN,N/A,Verified,Critical,796,129188,577.88,2023-08-09,Silver,0,0
C10530,Sarah,Torres,sarah.torres11@icloud.com,SG,N/A,Pending,High,560,176859,44504.28,2021-11-22,Gold,1,0
C79087,Priya,Robinson,priya.robinson39@proton.me,CA,N/A,Verified,Low,416,187674,45017.86,2022-01-04,Gold,0,0
C96321,Barbara,Sanchez,barbara.sanchez131@outlook.com,AU,N/A,Verified,Medium,418,279073,32047.45,2023-05-25,VIP,0,0
C92184,Joshua,Lopez,joshua.lopez41@proton.me,AU,N/A,Verified,Medium,579,135692,40608.57,2020-10-04,Silver,0,0
C11321,Richard,Martin,richard.martin672@yahoo.com,SG,N/A,Under Review,Low,386,251389,3744.28,2021-12-11,Platinum,0,0
