transaction_id,customer_id,transaction_amount,account_age_months,transaction_date,region
TX104873,C54313,NaN,103,2025-10-03 04:56:03,North
TX107538,C40161,931.17,62,2025-10-18 13:21:36,North
TX101583,C91183,932.88,71,03-16-2025,South
TX101864,C36071,339.48,0,2025-12-08 13:38:25,West
TX104799,C72296,100.39,10,20-Dec-2025,North
TX107093,C42087,622.78,11,08-31-2025,West
TX101186,C13534,885.2,47,12-08-2025,West
TX101996,C26334,1399.1,69,2025-03-30,North
TX100546,C46048,383.4,58,12-Sep-2025,North
TX103055,C74332,842.89,71,2025-11-10,East
TX108263,C44600,1088.26,97,2026-03-21,West
TX101741,C12560,1474.31,111,2025-03-04,East
TX105182,C81482,341.74,119,2025-01-22,North
TX107527,C66822,311.63,41,2026-02-10,West
TX105508,C44973,893.96,21,28/05/2025,North
TX101132,C37760,,63,01-24-2025,West
TX107833,C36685,1478.18,29,29/05/2025,North
TX105976,C57301,593.01,104,01-22-2026,West
TX107441,C35203,1219.54,108,10-16-2025,East
TX100191,C70589,446.59,31,2026-01-01,North
TX103379,C20500,1424.34,114,23-Apr-2026,West
TX106793,C97806,743.96,76,05/03/2026,South
TX105267,C62772,162.26,113,19/03/2026,North
TX108375,C33416,1471.98,37,09-14-2025,North
TX105400,C15224,1465.12,44,18/12/2025,East
TX103801,C37869,1335.49,98,01-07-2025,South
TX101763,C54313,585.72,105,09-28-2025,South
TX104391,C50768,1353.11,17,2025-07-15 06:36:20,South
TX101270,C72402,903.58,87,2025-05-01,South
TX106922,C81482,1323.2,112,18-Dec-2025,South
TX107243,C69510,906.04,34,2025-06-24 02:25:42,West
TX106724,C11854,252.47,118,2026-02-16 16:12:44,North
TX100322,C13478,1450.87,87,05-Jan-2025,East
TX105119,C89905,387.67,27,08-22-2025,West
TX105979,C31299,1301.05,95,09/03/2026,East
TX103147,C80678,112.55,19,11/04/2025,South
TX109003,C45509,569.61,96,2025-06-08 11:41:26,West
TX103097,C57819,1052.34,23,2025-06-15 02:40:47,South
TX103250,C19171,616.13,5,2025-03-21 08:40:40,North
TX105245,C96356,786.41,77,18/05/2025,East
TX101756,C87278,1133.49,116,2026-03-16,South
TX107249,C20735,385.93,109,2025-05-15,West
TX100239,C35995,159.29,47,03-28-2026,East
TX103154,C48469,,53,08-28-2025,North
TX108836,C50189,403.39,43,2026-03-24 21:52:47,South
TX108105,C88104,1299.9,71,08-Nov-2025,South
TX100703,C97500,1113.44,114,16/05/2026,North
TX103783,C45954,1185.78,1,2025-02-24,North
TX107047,C24029,518.12,18,10-01-2025,West
TX105690,C35242,758.91,48,2025-09-29,South
TX109661,C47828,585.21,1,25/01/2025,North
TX105112,C34914,110.1,114,03-Mar-2026,East
TX104147,C22899,534.57,25,05-Nov-2025,North
TX101177,C81066,872.58,47,2025-03-07 17:57:36,South
TX102799,C27342,1388.1,35,2025-07-13,South
TX105424,C44237,1330.53,62,2025-12-24,South
TX106556,C96662,1157.46,8,12-17-2025,East
TX104816,C38785,785.91,106,2025-11-29,West
TX103268,C92240,1196.16,21,02-08-2025,East
TX108335,C84531,1077.98,29,2025-06-30 20:52:11,South
TX102225,C10053,623.22,26,08-07-2025,East
TX108192,C78146,954.03,73,18/12/2025,North
TX109694,C19329,884.61,119,03-18-2026,West
TX105552,C35928,607.69,72,2025-06-29,South
TX104924,C80282,517.95,22,2025-06-26,North
TX100774,C42087,658.85,116,15-Feb-2026,South
TX102949,C94259,1392.13,54,2026-02-14 13:07:05,West
TX102632,C99065,889.2,69,08-11-2025,West
TX109786,C66179,75.91,35,2025-07-04,South
TX106511,C39444,363.8,10,2026-04-03 05:28:46,East
TX103319,C51145,726.18,106,2025-01-25,West
TX103227,C26591,332.66,95,05-04-2025,West
TX101760,C81582,1052.54,13,2025-11-19,West
TX107188,C88047,583.74,17,25/04/2026,South
TX101117,C25860,739.1,2,2025-07-31,West
TX103827,C45614,655.65,27,12-14-2025,South
TX108080,C65108,863.47,113,2025-07-07,West
TX106546,C71524,1400.93,2,18/03/2025,North
TX106532,C97026,83.03,31,2025-11-27 11:16:53,west
TX100845,C55508,,87,04-17-2026,East
TX107922,C65461,1205.17,61,2026-05-05 05:53:53,West
TX100864,C47388,17.08,75,03/12/2025,North
TX106919,C30635,632.0,79,2026-05-10 20:41:47,East
TX105158,C16582,1494.43,102,01/04/2025,East
TX103574,C50888,561.47,19,06-28-2025,West
TX102637,C40735,155.25,67,2025-08-09 10:30:09, South 
TX100220,C31174,51.14,97,04-23-2025,North
TX102048,C77000,1270.96,77,06-Feb-2026,East
TX100895,C37607,353.39,84,2025-09-26,West
TX102117,C26361,,36,2026-05-06 06:19:49,North
TX108649,C23396,971.54,37,10/01/2026,South
TX100569,C96706,868.45,39,24/11/2025,South
TX100350,C24168,387.56,29,08-22-2025,South
TX104175,C20561,NaN,25,2025-01-08 16:34:03,West
TX100720,C73904,1276.25,27,05-28-2025,North
TX101881,C66333,821.46,94,01-Mar-2026,West
TX100907,C62227,824.9,31,01-Jan-2026,East
TX100481,C21164,1001.71,14,01-May-2025,south
TX105170,C99733,10.42,12,2025-05-25 23:11:58,East
TX100283,C95215,889.39,90,12-25-2025,East
TX108592,C92960,830.48,84,2026-01-07 08:43:07,South
TX108788,C59615,455.12,110,2025-09-12 23:53:09,East
TX100488,C93606,107.97,19,08-19-2025,South
TX101155,C29769,461.46,116,19/12/2025,East
TX109614,C81511,1379.48,74,2026-04-20,East
TX102263,C80284,689.54,65,22/01/2025,South
TX107651,C62923,1414.01,92,09-14-2025,North
TX104156,C37742,40.38,27,04/11/2025,West
TX108680,C33053,488.05,92,21-Aug-2025,South
TX102979,C92240,63.9,4,19/12/2025,North
TX109548,C68878,1470.68,52,2025-06-10,East
TX107294,C51588,453.24,43,21/04/2025,East
TX106025,C30585,590.15,57,23-Jan-2026,East
TX103091,C25860,24.39,9,07-Aug-2025,South
TX108842,C48890,1441.21,86,24-Jun-2025,West
TX106861,C42098,961.64,26,2025-09-16 21:30:00,West
TX100028,C89129,1121.11,43,2026-02-16,West
TX100666,C33509,280.82,71,2025-12-29,South
TX106417,C98501,272.42,117,15/10/2025,North
TX107185,C80468,755.98,93,2025-09-05 13:56:48,South
TX103959,C46655,1139.71,108,2025-10-12 12:17:49,West
TX105578,C61116,NaN,43,2026-03-02,North
TX105694,C47930,783.15,70,09/02/2025,South
TX104629,C24993,933.2,44,26/11/2025,East
TX108648,C12757,1105.95,27,2025-03-07,East
TX106590,C35042,544.87,59,2025-10-20 16:57:33,East
TX106940,C77561,349.06,117,06-02-2025,North
TX100817,C30033,689.28,90,2025-09-20 03:44:13,West
TX100842,C39581,736.02,50,2025-10-03,North
TX102882,C93810,906.1,55,2025-10-18,South
TX108516,C82140,1170.78,37,11-12-2025,South
TX102431,C65069,1272.56,1,02-05-2025,East
TX102401,C11267,877.17,1,23-Jun-2025,West
TX109282,C21226,1455.24,7,24/03/2026,North
TX106709,C86556,1368.75,90,2025-03-13,North
TX106044,C96511,211.8,1,13-Dec-2025,South
TX107945,C16057,570.89,120,02/03/2026,South
TX109011,C91678,1464.44,83,2026-01-18 03:02:40,West
TX104993,C37110,475.75,70,25/02/2026, North 
TX108752,C55056,901.92,26,31/08/2025,West
TX106999,C78386,1260.13,37,2025-05-25,West
TX106886,C29769,269.34,6,2025-05-29 07:33:24,East
TX103778,C13804,127.47,10,06/04/2025,North
TX102083,C50306,906.72,61,2025-06-21 18:04:28,North
TX103999,C48829,574.12,13,21-Aug-2025,West
TX103884,C42591,45.34,56,02-17-2026,South
TX104045,C62994,80.83,101,2025-05-08 16:54:04,North
TX107655,C70910,1349.91,74,2025-09-23 01:45:54,West
TX108730,C25906,1461.21,51,2025-08-27,West
TX101322,C47353,964.53,57,01/03/2026,North
TX107592,C59823,1138.04,84,28-Feb-2026,North
TX109424,C36130,NaN,98,21-Nov-2025, East 
TX100606,C19602,650.52,117,11-30-2025,South
TX104416,C11025,768.59,47,2025-07-22 12:04:37,East
TX103441,C49240,347.07,13,2025-09-03,East
TX107545,C44671,9.89,83,11-26-2025,South
TX107635,C91057,1019.38,15,2025-06-19 10:55:09,West
TX107002,C81200,821.37,11,2025-01-30,South
TX108152,C98259,180.97,10,2025-12-29,West
TX109473,C42087,429.09,14,18-Nov-2025,South
TX108450,C42092,291.47,12,2026-04-20,West
TX109322,C88504,18.12,20,26-Mar-2026,West
TX108286,C61990,224.03,117,30-Jun-2025,North
TX107663,C30289,1276.93,36,2025-04-09 21:32:03,North
TX107774,C40495,1279.26,47,11-Dec-2025,North
TX100185,C14207,1379.13,29,2025-04-19 15:17:02,North
TX105221,C41979,237.09,59,2026-03-28,East
TX102342,C94659,691.9,33,2025-05-29 06:02:21,East
TX102562,C82132,669.82,54,04/12/2025,East
TX104091,C86225,1151.44,100,2026-05-13 08:43:53,North
TX103292,C83772,1277.67,61,06-09-2025,South
TX101040,C68743,596.22,57,29-Apr-2025,South
TX108224,C81066,1007.85,37,2025-12-12 12:10:38,West
TX100972,C53540,440.17,18,18/04/2025, East 
TX108019,C44237,841.27,14,2025-11-19,West
TX107285,C44741,982.62,71,15/04/2025,South
TX109470,C76244,671.98,88,2026-02-14,North
TX103874,C51904,1447.77,86,13/09/2025,East
TX104493,C84593,587.58,20,2026-01-02 20:24:37,West
TX109657,C53025,422.33,86,2025-03-06 17:27:01,East
TX101420,C25525,1109.71,83,2025-06-19,East
TX106835,C82357,1395.94,44,23-Feb-2026,East
TX109774,C68446,751.7,101,26-Aug-2025,East
TX109140,C44237,609.42,48,25/08/2025,East
TX109082,C55309,159.52,9,05-10-2025,North
TX107200,C19038,1219.35,102,22-Jul-2025,North
TX107601,C65057,307.96,44,03-28-2026,West
TX108284,C54057,366.97,92,02/01/2025,North
TX103581,C71993,1172.56,78,28/01/2026,West
TX101936,C87924,237.01,72,2026-04-11 06:47:26,East
TX101869,C33509,425.84,20,30-Jan-2025,East
TX104962,C62581,556.8,71,2025-01-11,West
TX103725,C53309,750.57,107,2026-02-11,East
TX104463,C53369,746.74,31,09-Mar-2026,East
TX104541,C43862,1416.45,80,2025-05-25,South
TX101945,C34050,735.97,103,27-Apr-2026,West
TX100254,C87607,1158.29,3,21-Jun-2025,South
TX109854,C31465,351.69,88,02-15-2026,North
TX109418,C87236,1324.08,36,04/01/2026,North
TX103029,C35242,286.2,102,2026-01-05,North
TX101442,C60328,332.87,16,17/02/2026,East
TX107203,C87993,1280.58,110,03-15-2026,West
TX104865,C29528,199.6,26,04-15-2026,North
TX108691,C44675,96.08,67,19-Apr-2026,East
TX104414,C36685,960.64,43,10-19-2025,South
TX105265,C25814,1129.91,29,27-Jan-2025,West
TX100788,C50404,832.12,34,03-Apr-2026,West
TX108430,C21359,1273.11,82,05-12-2026,North
TX104005,C85243,866.94,50,2025-04-03,West
TX101541,C44237,266.95,38,2025-02-21 05:57:56,East
TX103492,C85456,1493.67,42,18/02/2026,North
TX100146,C59856,644.42,41,14-Feb-2025,North
TX101237,C44179,1346.6,47,08-29-2025,North
TX107414,C31417,1405.76,54,10/04/2026,West
TX101927,C28289,1269.72,94,27/12/2025,South
TX107233,C89818,1439.93,110,2026-03-05,West
TX104485,C17100,817.45,44,02-08-2025,West
TX106611,C42098,375.78,21,04-03-2025,South
TX106531,C71993,1159.63,88,17/02/2025,West
TX103474,C61990,588.31,30,28/08/2025,North
TX105995,C50026,1358.88,20,02-16-2026,West
TX106698,C62350,336.51,87,12-Apr-2025,South
TX107269,C89129,928.52,8,2025-04-07 10:54:19,North
TX102372,C71694,133.49,42,17-Mar-2026,West
TX104115,C78386,1111.7,58,04/02/2026,North
TX106036,C83975,909.16,81,2025-03-18,East
TX108566,C82512,811.05,86,01-28-2025,West
TX102361,C92149,740.07,68,02-10-2025,South
TX103721,C23473,1079.79,26,09/10/2025,South
TX104385,C72402,1488.61,25,01/03/2026,North
TX106360,C26361,1274.42,88,05-05-2025,West
TX101882,C69473,1234.7,31,2026-03-25,East
TX106180,C44760,833.36,83,2025-11-01,North
TX107385,C42816,532.97,81,2025-12-11,West
TX107942,C62383,1428.59,46,2025-05-19 13:34:16,West
TX105478,C66333,,89,10-Mar-2026,South
TX103975,C24371,795.47,44,08-24-2025,West
TX106577,C39389,639.27,27,05-20-2025,north
TX104963,C19602,67.85,21,25-Jul-2025,West
TX106181,C43092,1143.7,113,20-Jan-2025,South
TX109045,C30730,27.53,84,03-28-2026,South
TX107492,C69473,469.3,66,28/02/2025,West
TX100282,C36685,1259.64,108,30/03/2025,East
TX107553,C38080,806.76,9,2026-01-05,West
TX101602,C19016,973.51,29,10-18-2025,East
TX107963,C88047,1358.11,36,24-Feb-2026,East
TX107750,C87580,1295.85,33,12-18-2025,South
TX104703,C16175,1110.38,60,22/02/2025,East
TX105739,C73624,1239.51,51,19-Jul-2025,North
TX107405,C42527,806.38,86,05/05/2026,North
TX104557,C80702,1248.71,70,12/05/2026,North
TX105952,C89471,272.94,53,29/04/2026,East
TX107497,C44718,219.04,65,2026-03-15 04:43:42,South
TX105667,C80855,1488.41,37,2025-03-17 19:55:08,North
TX105935,C97782,323.56,19,2026-03-01 04:07:48,East
TX108323,C12260,57.01,109,2026-03-27,South
TX108279,C91927,547.88,108,07/03/2025,East
TX109520,C24029,145.07,116,03/07/2025,South
TX103401,C26728,1431.13,104,05-29-2025,South
TX105458,C28643,1288.69,86,2025-01-30,West
TX108834,C65724,1418.24,117,27-Jan-2025,West
TX100144,C72021,1334.44,17,2026-03-12 14:17:12,North
TX101060,C72031,693.28,106,2026-03-13 13:15:13,East
TX100627,C86569,150.45,78,2025-03-29 02:52:52,North
TX105242,C49824,347.29,44,2025-06-09,South
TX105810,C87278,1460.06,11,2025-12-09 00:58:14,South
TX103627,C50888,1027.48,74,12-Feb-2026,West
TX102491,C73788,655.52,94,03-08-2026,South
TX107856,C44993,,5,2025-01-30 03:31:51,North
TX106890,C40784,332.54,3,24/11/2025,West
TX102053,C17944,1433.49,33,15-May-2025,North
TX100943,C80686,756.41,14,2025-08-19 06:11:12,North
TX100694,C23833,190.07,77,2025-04-16 06:11:42,South
TX108003,C82529,1064.73,35,13/03/2025,East
TX107613,C47762,519.85,73,29-Sep-2025,South
TX106235,C74722,272.93,12,02-24-2026,West
TX101259,C44718,1379.18,15,16-Aug-2025,West
TX102118,C62350,,16,2026-04-26,East
TX108686,C70217,946.77,22,2026-05-01 04:52:45,North
TX105554,C76784,1361.29,55,31-Mar-2025,North
TX103074,C15229,331.53,37,2026-05-03,North
TX100750,C82063,1221.05,34,28-May-2025,West
TX106971,C84593,NaN,57,10-Feb-2025,North
TX102239,C28643,1060.2,70,02/06/2025,South
TX109669,C88135,,2,16-Oct-2025,North
TX104516,C60205,1235.13,48,02/04/2026,South
TX100305,C22240,583.72,66,2025-08-03 21:55:59,West
TX108532,C35825,535.06,85,07-Sep-2025,West
TX109100,C87992,331.39,80,04-19-2025,West
TX104116,C57472,744.26,8,05/03/2025,South
TX108634,C25157,574.38,67,06-06-2025,East
TX107326,C21003,982.84,59,2025-08-22 15:13:18,North
TX103212,C65255,891.54,21,2025-07-08 21:11:55,East
TX106010,C42411,1244.01,111,2026-04-29 01:20:06,North
TX103552,C16175,768.81,83,26-Aug-2025,South
TX101326,C84668,946.06,111,2026-04-07,East
TX106673,C59689,839.23,18,25/03/2025,South
TX107653,C93320,611.95,53,13-Apr-2026,West
TX106737,C26683,1039.88,84,2025-07-13 22:58:17,South
TX105173,C97747,746.19,53,2025-04-19 07:49:04,North
TX106618,C80697,580.28,2,26/01/2026, North 
TX102750,C38683,NaN,113,29/03/2025,West
TX103151,C42177,921.85,87,27/05/2025,South
TX105889,C68028,1017.09,62,2026-01-06,South
TX100667,C60140,248.08,38,2025-03-04,West
TX103657,C86622,230.35,98,2025-03-26 02:56:44,East
TX101074,C86955,1013.66,42,2025-07-28 03:32:51,East
TX100424,C81582,633.92,111,2025-01-23 13:14:51,West
TX102776,C42493,209.37,106,02-15-2025,South
TX101065,C99974,908.24,22,15/09/2025,North
TX109032,C49446,594.72,88,04-22-2026,North
TX103518,C88385,1291.87,65,2025-07-23 20:06:34,South
TX106739,C84847,951.31,21,2025-07-25,West
TX108322,C62994,64.15,116,01-05-2026,South
TX107048,C82603,949.5,116,2026-02-02 14:11:03,East
TX104554,C88139,994.32,102,04-Feb-2025,North
TX106520,C17100,1067.47,36,15-Jun-2025,North
TX102055,C54236,1365.97,92,12-09-2025,East
TX106778,C84668,691.76,1,2026-01-13,North
TX105275,C59689,772.02,89,09-Apr-2025,South
TX102158,C42406,1077.33,72,08-02-2025,North
TX101257,C69177,765.5,21,2025-01-15 01:57:34,east
TX107565,C37607,1153.63,23,02/09/2025,South
TX101528,C82140,1406.13,82,07-17-2025,West
TX101375,C23434,1024.63,52,2026-03-20 15:55:24,North
TX104547,C85243,NaN,32,2025-11-14 15:53:46,South
TX105414,C83259,717.61,9,2025-08-25,East
TX105984,C33519,769.81,62,13/04/2026,North
TX101778,C46048,34.26,98,2025-12-20 13:36:21,North
TX103741,C78494,,1,17/05/2025,East
TX102322,C16590,588.61,86,2025-07-26, South 
TX100919,C69429,914.76,74,18-Aug-2025,East
TX102968,C47450,232.75,119,02-26-2026,East
TX107472,C66333,1044.85,1,2025-06-25 08:38:35,South
TX106411,C34164,918.2,118,2026-05-13 08:25:28, West 
TX107284,C40005,448.18,62,13/04/2026,North
TX104365,C68743,43.0,17,09-29-2025,West
TX107300,C30289,1362.95,30,2025-07-01,East
TX107288,C58393,529.36,15,2025-08-03 15:35:33,East
TX109235,C47056,1196.86,58,06/12/2025,North
TX103865,C54597,127.59,78,02-24-2025, South 
TX107941,C88193,738.08,21,05-06-2026,South
TX100349,C83000,1253.67,85,10/09/2025,North
TX102275,C25118,259.89,116,2025-07-03 04:01:26,North
TX104085,C63545,215.3,33,10-Mar-2025,West
TX108623,C10726,578.19,85,2025-01-04 03:27:21,North
TX102121,C44814,545.21,9,2025-01-18,West
TX102194,C42951,574.79,12,08-Jan-2025,North
TX109515,C76784,714.9,13,29-Aug-2025,East
TX105723,C56025,1402.87,60,2025-11-10 23:33:59,West
TX102871,C36158,178.15,47,2026-04-01,North
TX104802,C80678,240.16,53,04-26-2025,South
TX109707,C26544,1303.81,76,25-May-2025,South
TX102466,C56025,834.39,5,2026-02-04,West
TX102689,C22704,1042.63,108,2025-08-31, South 
TX106011,C99593,1340.32,116,04-Feb-2025,East
TX100339,C30969,757.49,39,2025-03-27,North
TX106166,C55082,240.96,32,13-Mar-2025,North
TX109460,C65723,227.79,89,2025-02-10,North
TX105421,C18675,1149.62,83,2025-02-25,North
TX108868,C32810,1038.53,94,2025-06-23,South
TX106101,C26544,217.9,65,10-Mar-2026,East
TX102983,C82512,1145.13,114,2025-04-13,North
TX107994,C93606,1288.95,84,2025-04-08 02:12:44,South
TX105954,C26334,1035.16,66,2026-05-14,North
TX102886,C82512,954.35,65,24/05/2025,West
TX102211,C48469,1411.5,73,05-May-2025,West
TX104062,C43586,1092.26,18,03-28-2026,West
TX108565,C66346,1466.58,74,2026-02-07 10:58:03,West
TX101199,C61645,54.69,17,2026-04-03,South
TX104428,C69177,490.69,87,07/01/2026,South
TX101037,C35203,20.56,45,04-23-2025, East 
TX108627,C72021,795.85,1,2026-04-10,South
TX104017,C61856,1121.78,112,2026-02-19 13:40:30,East
TX104240,C96706,1107.56,31,28/04/2026,North
TX100057,C92719,900.99,0,04-15-2025,East
TX100483,C46471,560.24,11,08/05/2025,West
TX108824,C47388,48.06,56,2026-03-14,North
TX104337,C52504,1036.12,32,03-28-2026,East
TX106898,C66959,20.7,34,05-07-2025,East
TX102622,C79822,583.49,21,08-May-2026,east
TX106498,C22196,1442.26,31,28-Apr-2025,North
TX108007,C89997,1000.58,36,2026-01-18 06:26:00,North
TX101140,C26361,117.19,42,2025-12-19 12:17:44,East
TX104105,C98501,754.43,118,2025-09-19,West
TX101564,C20458,1354.53,7,14-Nov-2025,North
TX104252,C22704,1182.33,40,2025-08-25,South
TX100619,C71433,1170.85,15,2025-10-18 11:21:43,South
TX103039,C28136,638.73,29,2025-02-12 13:15:01,East
TX109456,C82692,1010.83,116,2025-04-22,East
TX109186,C36158,1318.51,59,2025-10-22 02:02:53,South
TX102739,C12719,501.52,35,2025-11-09,West
TX102555,C60432,5.37,117,03-02-2026,North
TX108732,C80545,311.5,71,2025-10-04,North
TX108977,C63269,1186.98,94,2025-05-28 08:19:09,East
TX106533,C79827,237.34,58,26/03/2026,East
TX102859,C25012,1401.68,59,2025-10-26 19:45:39,South
TX103113,C44741,931.96,8,05/04/2026,West
TX106252,C15276,391.26,89,2025-05-05,West
TX108006,C77889,1361.45,104,03-28-2026,East
TX109734,C89593,111.42,67,13-Apr-2025,North
TX103424,C79615,62.64,46,2025-08-01,South
TX108173,C67905,448.38,8,2025-04-27 01:16:02,North
TX100534,C96900,1137.88,8,01-Apr-2025,West
TX108607,C17989,680.38,23,11/03/2026,West
TX107900,C80282,1179.16,85,2025-12-29 20:54:37,East
TX101633,C36685,805.82,92,01-25-2025,North
TX105073,C91416,528.67,14,30/11/2025,East
TX105379,C16582,1075.61,74,06/03/2026,West
TX102010,C42951,1344.61,92,05-08-2025,East
TX101827,C32241,NaN,30,2025-10-31,East
TX108735,C96563,1103.02,66,04/06/2025,West
TX102042,C80678,1318.58,46,02-13-2026,North
TX103284,C65057,1024.19,49,02-06-2026,North
TX108855,C66155,15.12,23,18/05/2025,South
TX108395,C50135,,81,03-05-2026,South
TX100954,C89507,1305.44,112,2025-10-20 01:08:31,North
TX102112,C80008,659.42,40,2026-02-06 11:55:03,North
TX105403,C37235,1455.72,73,2025-10-01,South
TX105721,C72518,1018.44,86,01-15-2025,South
TX108769,C15817,1344.33,16,30/08/2025,East
TX105159,C44600,498.49,88,01-18-2026,East
TX105370,C87993,,3,02-16-2026,East
TX102891,C13101,1435.25,118,15-Jan-2025,East
TX103686,C42411,107.32,53,03-Oct-2025,North
TX109914,C31579,1188.71,19,2025-10-10 04:56:27,East
TX103032,C78146,292.7,91,12-13-2025,South
TX105641,C31632,1076.63,70,06-12-2025,South
TX102297,C83385,688.8,55,23/04/2026,East
TX105226,C63264,1334.89,93,2025-12-10 07:51:03,East
TX106433,C48290,784.29,80,2025-11-12 20:53:30,North
TX104686,C57739,884.47,57,2025-09-30 13:24:12,West
TX105395,C42951,137.21,80,07-Apr-2026,North
TX103237,C39389,154.58,64,03-Feb-2025,West
TX106865,C41266,1058.27,49,21/02/2026,East
TX104128,C22363,693.14,25,09/01/2026,South
TX107440,C11607,657.95,48,02-25-2026, East 
TX101009,C19602,527.83,92,06-Apr-2025,south
TX102753,C80575,307.77,67,2025-02-09 17:39:43,North
TX107218,C41385,315.92,62,2025-04-13,West
TX100777,C53279,,22,07/02/2026,West
TX106104,C91560,85.56,90,06-Dec-2025,South
TX103210,C40161,1231.01,42,09/01/2026,East
TX102082,C19071,149.38,86,2026-02-13 04:17:05,West
TX100055,C23833,1012.58,34,15-Aug-2025,West
TX100107,C69638,1277.79,91,30/12/2025,South
TX103014,C17492,996.7,76,08-Jul-2025,West
TX109820,C83060,345.18,80,2026-02-21,West
TX106269,C13478,1335.78,91,13/03/2025,South
TX102584,C91560,1227.05,60,2025-12-25,East
TX104217,C59692,545.91,5,2025-08-01 05:38:52,West
TX101628,C62772,1292.46,49,2026-01-21 03:27:44,South
TX103488,C35995,533.46,11,2025-12-17,North
TX107850,C40495,865.92,30,2025-09-17 15:01:27,South
TX109553,C78494,1347.98,102,02-24-2025,East
TX108497,C23104,933.82,120,2026-03-11 00:23:15,North
TX104992,C19545,1026.45,60,2025-07-10 00:18:18,West
TX107646,C72031,43.66,9,07/03/2025,East
TX105287,C97782,720.87,66,01-03-2026,North
TX107953,C71993,48.83,88,22/07/2025,West
TX107775,C57472,525.83,20,13/10/2025,South
TX106109,C89471,324.93,48,14-Aug-2025,West
TX105085,C85454,252.54,103,2025-03-17 00:06:26,South
TX102323,C42816,584.17,12,10-13-2025,East
TX103833,C41439,71.17,16,2025-10-04 15:19:20,West
TX107964,C57795,720.9,64,19/03/2026,East
TX106201,C25670,544.36,47,23-Dec-2025,West
TX108559,C62743,426.67,35,2025-10-25,West
TX100365,C13617,548.13,57,2025-02-28,east
TX103948,C17685,NaN,87,14/12/2025,East
TX106049,C35995,172.47,120,2025-04-12 23:12:53,North
TX104134,C76317,1225.37,71,16/05/2025,South
TX104288,C32241,,74,15/01/2026,South
TX107338,C91070,1237.05,30,05-22-2025,North
TX101156,C26483,685.55,1,08-Dec-2025,West
TX109686,C35203,675.11,4,2026-03-08,South
TX102216,C87656,466.61,3,2026-05-04 21:46:50,South
TX108576,C20322,1251.69,36,2026-01-16, South 
TX101701,C18326,856.1,53,14/02/2026,West
TX108196,C36130,1106.33,106,22-Jun-2025,South
TX104166,C19016,717.22,14,2026-05-12,South
TX100027,C62521,798.62,116,20/05/2025,South
TX101922,C59797,,47,24/11/2025,East
TX103433,C25713,60.99,119,2025-05-28,North
TX102876,C84085,193.74,97,2025-09-19,South
TX103526,C13552,627.88,102,2025-10-10,West
TX100369,C91678,750.75,67,2026-01-12,West
TX105548,C38657,624.3,7,03-31-2026,North
TX108736,C98777,301.36,99,03-Jul-2025,North
TX106242,C49829,705.26,21,2025-04-11, North 
TX105894,C73788,217.62,59,2025-06-19,East
TX104972,C83385,,44,2026-01-23,north
TX104469,C24168,1480.95,49,13-Mar-2026,North
TX104409,C89276,528.33,41,08/03/2026,West
TX101390,C64948,410.85,68,2026-03-10 02:51:03,West
TX105196,C28131,547.27,106,2026-02-05,East
TX106285,C18392,308.04,112,2025-08-31,East
TX101719,C65392,511.29,20,22-Dec-2025,West
TX109316,C36100,412.33,27,06/03/2026,East
TX108424,C36062,530.68,108,20/01/2025,West
TX105897,C89593,1307.56,65,08-26-2025,West
TX101986,C15817,973.8,25,2025-08-26 14:43:07,West
TX103789,C84341,130.18,75,23/04/2025,East
TX105974,C48427,233.56,56,01-13-2025,North
TX103047,C64921,656.64,78,10/07/2025,North
TX100263,C65069,1316.41,42,01-Jan-2025,South
TX108032,C93748,837.96,6,16/07/2025,North
TX108457,C91183,1050.42,14,11-08-2025,North
TX103023,C30032,17.24,58,04-11-2025,East
TX100584,C40735,297.52,87,03-26-2026,South
TX109596,C61990,615.2,109,21/01/2026,West
TX107127,C85674,1255.54,62,02-19-2026,South
TX105904,C13552,486.73,96,2025-07-19,West
TX102839,C14117,334.91,14,2025-01-17,West
TX106830,C75435,1436.68,114,2025-09-17 14:18:41,South
TX102357,C98555,914.61,110,2025-08-20,west
TX100156,C40512,95.08,114,05-Feb-2025,North
TX104140,C35144,NaN,118,17-Feb-2026,South
TX103838,C76162,462.31,90,08-25-2025,South
TX108614,C80798,834.18,80,2025-11-28 22:47:08,North
TX109782,C42411,155.13,78,28/04/2026,East
TX103389,C10464,806.77,20,14-Jul-2025, East 
TX101621,C73904,179.8,93,03-05-2026,West
TX101994,C50135,110.56,69,21-Apr-2026,South
TX102407,C91070,221.33,28,01-24-2026,South
TX103202,C93130,1262.29,55,17/02/2026,East
TX102344,C19838,277.42,119,2025-01-20 15:32:34,East
TX107528,C24208,1356.72,109,22-Apr-2025,West
TX101101,C50189,787.14,97,2025-06-21,East
TX109346,C54236,832.9,56,2025-01-11,West
TX101112,C84668,144.43,55,2025-01-06 04:01:39,North
TX108650,C65057,302.14,0,10-25-2025,West
TX103950,C47828,800.78,27,09-28-2025,South
TX102758,C13534,949.89,42,2026-01-13,North
TX103578,C39154,385.34,97,03-27-2025,East
TX106216,C42530,892.9,32,26-Feb-2025,North
TX108687,C69829,486.25,78,29/07/2025,South
TX101320,C79615,1060.34,22,23/05/2025,South
TX105187,C30676,NaN,55,12/01/2026,South
TX108132,C12757,NaN,53,2025-07-18,West
TX106268,C89997,1337.74,2,2025-10-07,North
TX107020,C65461,105.48,104,2026-03-04 06:44:33,West
TX101742,C70258,1447.89,14,27-Jan-2026,South
TX106111,C94874,172.4,23,2025-12-27,North
TX107381,C88193,769.12,37,02-10-2025,East
TX105024,C27477,NaN,47,2025-03-29 21:17:24,South
TX108481,C13534,876.74,56,2025-06-29,South
TX101732,C70901,1188.8,60,01-Mar-2026,West
TX101219,C98117,460.88,70,2025-04-18,South
TX101796,C99016,1430.66,54,2025-03-30 14:17:20,South
TX105023,C44664,1348.59,109,2026-02-10 21:58:33,North
TX102377,C29536,1340.49,79,23-Dec-2025,South
TX101317,C61876,1254.98,11,17-Oct-2025,North
TX103077,C36685,810.28,72,2025-07-18 16:57:30,North
TX107981,C29528,1445.86,69,31/03/2025,West
TX108923,C43386,1116.51,117,12-29-2025,East
TX104767,C61116,1146.07,4,2025-04-08,West
TX107384,C26334,556.46,67,02-16-2025,North
TX109382,C74032,561.36,102,2025-07-23 06:01:46,North
TX106624,C61856,1154.6,52,2025-09-22 16:46:07,North
TX106720,C33509,1241.84,26,17-Dec-2025,North
TX109428,C38569,1229.81,73,13/03/2026,West
TX104129,C62386,1458.89,101,05-11-2026,East
TX100207,C52245,1037.2,19,2025-06-26,West
TX103187,C49824,1175.71,94,14/05/2026,North
TX101353,C81066,38.46,95,2025-05-12,West
TX100506,C19358,1383.2,42,28-Jun-2025,West
TX104074,C38906,783.99,77,2025-07-08 07:04:52,North
TX106790,C25906,1019.9,6,17/04/2025,East
TX104653,C50768,199.47,102,03-03-2026,West
TX105842,C87924,418.69,57,25/10/2025,South
TX108379,C27477,1324.3,17,2025-01-14 15:27:41,South
TX100491,C38016,963.15,14,2025-02-19 21:04:02,East
TX101524,C31465,1307.65,8,08/03/2026,South
TX106637,C34957,1465.44,41,2025-09-04 18:31:00,West
TX107659,C24953,485.52,88,30/03/2026,East
TX108801,C38893,498.9,83,2025-05-18 01:41:13,East
TX109720,C46265,346.85,37,2025-09-19 03:45:41,North
TX101733,C73624,1253.03,28,08-19-2025,South
TX109650,C49363,1245.14,11,05-05-2025,East
TX105928,C62581,1061.22,69,14/02/2026,North
TX103066,C91351,843.14,111,2026-02-11,South
TX104161,C17816,1466.07,17,15-Aug-2025,West
TX109737,C50319,611.16,32,2026-01-10,West
TX101849,C38657,682.4,32,26/10/2025,West
TX109403,C57052,1399.14,7,28/08/2025,East
TX100721,C41499,1115.62,11,2026-01-03 03:37:21,South
TX104796,C67912,NaN,117,16/04/2026,South
TX100828,C74340,513.24,23,2025-08-01,South
TX104803,C71993,399.28,30,2025-11-30,East
TX108048,C22156,42.43,53,04-30-2025,North
TX106419,C87128,1099.09,66,08/11/2025,East
TX100451,C65057,1282.22,35,19/08/2025,East
TX101203,C98555,339.91,120,05-29-2025,West
TX100231,C13278,1271.52,11,10-Jan-2026,South
TX101434,C65108,1044.13,97,2025-01-20,East
TX103790,C10726,1442.77,5,10-16-2025,North
TX104012,C19099,581.62,16,2026-03-28,North
TX108962,C80678,11.47,17,25/03/2025,East
TX107037,C80236,553.41,83,2025-08-27,South
TX102430,C98184,1042.98,42,14/09/2025, South 
TX108728,C17944,756.45,77,12/09/2025,North
TX108419,C62296,218.11,96,2026-01-28 05:26:14,South
TX100971,C33053,85.91,119,12-30-2025,West
TX109499,C48566,926.65,38,2025-03-12,north
TX106779,C53279,1282.14,2,09/03/2025,West
TX101712,C43386,597.54,27,27-Jul-2025,East
TX103525,C54092,646.64,64,03-14-2026,West
TX104268,C73699,196.18,11,01-10-2026,South
TX104368,C69638,251.97,17,07-14-2025,South
TX100351,C12552,1279.11,46,02-15-2026,West
TX100135,C60488,526.46,119,04-24-2026,South
TX101430,C26334,386.65,14,29-Apr-2026,north
TX106932,C83579,262.49,77,11-Feb-2026,west
TX106519,C36100,1320.37,74,18-Mar-2025,West
TX100952,C55745,1454.55,94,16-Jun-2025,East
TX100995,C59856,,96,19/07/2025,South
TX107777,C69087,1179.93,107,2026-02-15 20:46:16,east
TX100657,C76784,800.2,105,09-30-2025,West
TX103945,C16582,589.5,49,2026-03-31,East
TX107654,C69692,742.66,68,11/12/2025,West
TX102464,C75435,828.38,75,2025-11-15 01:05:05, South 
TX100382,C37742,1443.9,94,2025-09-21,West
TX101264,C26483,427.49,25,2025-11-22,east
TX108639,C99016,836.78,114,03-06-2026,South
TX103941,C75597,1488.19,84,20/04/2025,South
TX107706,C11025,551.07,120,2025-11-05,East
TX100530,C91057,1108.82,19,03/02/2026,North
TX103402,C27154,1488.87,64,2026-01-17,East
TX103219,C21164,238.95,56,2025-06-15,North
TX104647,C74789,1207.83,84,2025-09-19,North
TX102594,C69048,,105,03-02-2026,South
TX102438,C55830,,11,2025-03-23 03:49:35,East
TX109080,C41979,1413.9,69,15/01/2026, South 
TX104121,C46517,1040.94,84,31/05/2025,North
TX102159,C31174,198.57,21,17/07/2025,West
TX101320,C79615,1060.34,22,23/05/2025,South
TX107771,C69929,354.4,102,01-16-2026,West
TX106298,C95426,1295.44,36,24/06/2025,west
TX101348,C72031,,22,05-31-2025,west
TX101636,C44814,877.44,63,28-Apr-2025,North
TX106289,C44814,745.43,84,24/01/2025,North
TX103832,C63225,1443.46,20,01-04-2025,West
TX101438,C41830,1370.8,5,04-Oct-2025, East 
TX101505,C95256,1416.65,54,26-Jul-2025,West
TX105454,C37742,727.83,4,03/01/2025,South
TX100397,C82848,973.67,1,2025-10-11 04:07:02,North
TX105355,C65302,111.42,77,15-Oct-2025,South
TX109503,C30730,466.43,8,05-02-2026,South
TX101962,C46500,182.38,35,08-Apr-2025,South
TX109488,C71694,1080.73,37,11/10/2025,South
TX103155,C50857,118.67,96,30/08/2025,East
TX103829,C32810,219.84,95,23-Jan-2026,East
TX107583,C34356,696.59,31,23/04/2025,South
TX109412,C95215,861.0,99,2026-01-01,North
TX104106,C80644,1348.75,3,2025-09-13 21:25:49,South
TX107283,C19880,1265.73,118,2025-08-26,East
TX108874,C20735,1192.59,73,29/04/2025,South
TX101003,C96706,,89,10-01-2025,East
TX104660,C44970,1334.73,62,04-16-2025,North
TX104867,C59192,424.1,61,2025-10-30 05:21:32,West
TX103045,C80282,559.77,48,27/08/2025,North
TX102771,C41499,404.18,54,09-20-2025,South
TX105543,C54118,990.27,3,2025-08-24 02:47:02,North
TX106323,C61990,1367.26,51,04-30-2026,South
TX106490,C88907,899.69,109,2025-03-04 12:10:41,South
TX108729,C56898,927.78,54,2025-09-18 17:24:22,West
TX104967,C54020,669.15,37,03-15-2025,North
TX107072,C85880,1058.91,53,10-Mar-2025,West
TX107029,C11607,307.05,63,17/06/2025,West
TX104325,C46463,63.32,19,2026-02-09,West
TX103986,C76317,1376.67,118,2025-08-12 15:02:27,North
TX105565,C96163,227.23,54,14/05/2025,West
TX108484,C75909,471.9,117,2025-04-27 00:44:05,South
TX108244,C41358,993.18,68,2025-09-03,North
TX105675,C41439,396.68,23,2025-02-22,North
TX109182,C42591,971.77,1,08-18-2025,South
TX107396,C41385,,18,2025-12-02 11:29:39,South
TX102833,C20155,725.55,70,2026-04-08,East
TX105197,C84531,1301.54,46,09-19-2025,West
TX104657,C61645,231.58,108,2026-04-05,West
TX109658,C57472,,33,03-21-2025,East
TX102338,C84341,1466.36,41,09-08-2025,North
TX105484,C45697,1217.39,59,19/05/2025,South
TX106901,C59674,513.44,57,2025-07-07 04:07:11,East
TX103068,C26704,216.94,50,06-26-2025,West
TX107612,C41029,688.63,71,2025-09-11 01:11:17,South
TX108797,C31643,1171.72,95,20-Apr-2025,north
TX108593,C74332,359.61,4,22-Mar-2025,West
TX107128,C20322,1079.01,0,2026-04-13,South
TX103254,C40828,1492.07,66,31/12/2025,West
TX100616,C56566,1092.68,99,2025-08-17,West
TX107436,C23006,1206.65,86,2025-04-17,West
TX101532,C38043,1413.11,53,29-Mar-2026,West
TX107860,C96374,886.16,16,2025-09-24 07:24:54,West
TX109682,C40005,854.09,83,2025-01-08,West
TX106903,C21221,1456.14,10,15/08/2025,North
TX102093,C24592,1266.54,113,2026-02-18,North
TX107051,C45614,553.23,118,26/01/2025,East
TX103533,C16826,499.87,15,2025-05-26 14:09:16,North
TX100227,C62743,1020.55,12,11-Mar-2025,North
TX107741,C25670,801.53,42,2025-02-14 17:12:34,West
TX100930,C42087,1382.69,76,03/10/2025,East
TX107821,C13101,158.72,82,2026-01-30,South
TX102381,C10053,348.73,40,11/02/2026,North
TX102465,C34890,714.89,14,2025-05-04,West
TX104572,C70068,1190.94,5,2025-05-31,East
TX105312,C72216,692.8,83,2025-03-25 15:17:57,North
TX107066,C83772,1334.56,27,18/03/2025,North
TX101750,C70589,148.49,66,2025-10-15,East
TX103018,C67125,646.29,20,14-Mar-2026,West
TX100398,C47196,460.51,95,01-15-2026,East
TX108530,C57795,636.3,19,23/02/2025,West
TX107675,C10282,1007.68,111,2025-03-26 11:03:04,North
TX106846,C54587,915.33,37,24/04/2026,South
TX102278,C18981,1053.19,51,30-Apr-2025,East
TX100598,C79514,986.2,37,2026-02-19 00:18:31,North
TX105653,C71644,1435.12,19,2025-11-02 01:01:50,East
TX106154,C59615,477.61,98,2026-03-09 21:48:27,South
TX100006,C17331,1262.9,14,2025-08-25,East
TX104762,C44522,192.43,57,14-Apr-2026,West
TX107689,C51904,1321.13,54,2025-08-16,East
TX105115,C19880,692.88,107,21-Oct-2025,West
TX105031,C85456,869.05,81,12-17-2025,East
TX109787,C83519,301.76,45,01/08/2025,South
TX103638,C63269,300.6,51,2025-08-23,East
TX106970,C88139,1476.48,111,13/05/2026,West
TX109012,C76307,738.72,18,24/07/2025,South
TX104786,C86484,1409.23,19,02/11/2025,East
TX101185,C19071,1118.17,30,2025-03-29 23:44:34,East
TX102824,C50319,1148.2,55,01-04-2026,East
TX109168,C85456,860.95,28,2025-08-04,West
TX108124,C26704,332.84,30,16/05/2026,North
TX108626,C99016,1408.17,120,12-05-2025,North
TX104158,C22676,1384.91,43,12-06-2025,North
TX109855,C37653,135.82,76,2025-09-25 16:08:14,West
TX109156,C81819,1068.96,10,2025-08-31 14:57:26,South
TX103312,C49240,1136.52,26,2025-10-19 13:09:24,East
TX104046,C44760,288.88,17,02-08-2025, North 
TX100116,C44760,456.63,31,17-Feb-2026,South
TX101835,C29342,811.15,28,29-Apr-2025,West
TX104856,C52600,1130.15,113,27-Dec-2025,North
TX107949,C40828,1410.66,72,2025-10-18 07:36:06,West
TX103664,C15014,484.98,110,2025-01-16,East
TX108750,C90728,1264.63,40,2025-04-22 11:38:51,South
TX109939,C72296,348.21,68,2025-06-23,South
TX101209,C38221,341.74,44,09-Aug-2025,South
TX100173,C62386,483.75,26,07-09-2025,West
TX104412,C51441,704.8,88,06-16-2025,West
TX107306,C34050,1301.55,73,2025-08-03,South
TX107763,C46585,345.6,116,2025-06-15 07:17:23,West
TX102301,C73517,1011.18,108,18/09/2025,South
TX102450,C54092,233.2,16,2025-05-22,West
TX109604,C98117,1158.65,73,2025-01-23 21:00:55,East
TX100147,C42271,15.21,49,01-May-2025,South
TX109701,C39389,1460.17,54,12-01-2025,West
TX106150,C88907,211.49,53,07-21-2025,East
TX100246,C19016,202.31,110,2026-03-06 13:23:34,East
TX105386,C89905,1419.26,117,2025-05-13 20:40:00,West
TX100069,C26828,716.07,19,2026-05-06,West
TX106039,C76317,166.39,48,05/03/2026,East
TX103428,C82603,1406.35,33,2025-05-13 20:37:39,west
TX100278,C45382,210.17,25,2025-11-26 07:40:51,North
TX103559,C98259,823.45,68,2025-05-14,west
TX101883,C83519,NaN,73,20-Jan-2026,North
TX105134,C39444,516.72,66,01-16-2026,East
TX102383,C52237,420.94,78,18-Sep-2025,South
TX109099,C27146,561.45,94,2026-04-28,West
TX103358,C16175,1196.79,27,2025-06-18 16:47:17,West
TX101319,C49240,1316.41,120,05-07-2025,East
TX103826,C64321,1292.97,20,14-May-2026,South
TX108751,C46585,1422.57,60,01/02/2025,West
TX102269,C48566,1319.21,48,12/03/2026, East 
TX107566,C16006,401.99,50,10-05-2025,South
TX108352,C70332,21.34,34,2025-10-31,North
TX104308,C24953,258.08,56,2025-04-30,East
TX103929,C95215,1401.56,47,03-17-2026,North
TX102271,C17492,780.25,65,2025-11-03 10:00:17,West
TX102078,C36062,203.39,112,12-26-2025,West
TX105748,C28726,864.18,70,02-Jul-2025,West
TX107595,C37607,NaN,83,2025-03-23 18:28:38,South
TX100172,C86019,466.09,46,20-Sep-2025,West
TX106173,C76562,1395.02,8,03-23-2026,North
TX104954,C61876,66.93,35,01-Mar-2026,North
TX107715,C40007,,105,14/12/2025,East
TX104461,C73904,1101.31,5,2025-01-14,North
TX107321,C83975,1288.66,115,2025-07-13 14:29:23,South
TX106518,C76237,17.0,11,08/01/2026,East
TX108651,C81426,536.55,6,11/01/2025,South
TX102902,C23473,223.61,107,24-Jun-2025,South
TX106358,C49446,185.51,120,2025-01-28,South
TX104302,C59857,1256.88,21,27-Feb-2025,North
TX103083,C52237,1046.3,98,30-Apr-2026,North
TX106475,C65333,68.56,75,2025-05-01 22:22:24,North
TX105315,C73993,804.74,61,2025-08-24,West
TX108815,C59009,57.18,57,02-25-2025,North
TX103923,C45093,281.08,46,06-Jul-2025,West
TX105318,C15014,105.24,51,03-Apr-2025,West
TX102040,C27477,1300.27,68,25-Jan-2025,South
TX106942,C47450,432.96,76,25-Apr-2025,East
TX108214,C34914,1063.01,101,29/05/2025,North
TX106245,C15014,83.88,22,10-Sep-2025,East
TX102157,C95256,454.25,4,14-Aug-2025,West
TX109292,C50135,1267.57,93,2025-08-28,West
TX107033,C80292,1373.34,44,2025-02-11 21:02:45,East
TX102829,C74789,1097.44,18,2025-06-01 15:37:40,East
TX102681,C31319,302.58,0,04-Feb-2025,East
TX109093,C73699,1101.37,20,2025-02-18 23:11:34,East
TX106413,C55309,203.83,7,2026-01-07 01:09:33,North
TX108744,C46655,152.45,5,21-Jan-2025,East
TX106317,C34356,1497.79,28,27/06/2025,North
TX106706,C33819,1154.34,113,06/01/2026,South
TX105816,C35928,761.33,115,03-27-2025,South
TX105757,C16630,194.28,50,2025-05-09 08:04:06,North
TX105797,C85243,1167.09,23,18-Oct-2025,South
TX109338,C97841,1436.31,97,2026-02-19,East
TX106427,C70910,671.43,92,2025-02-09,East
TX106529,C34914,324.84,85,2026-02-10 00:02:57,West
TX108150,C63354,1496.69,58,07-Feb-2025,East
TX101686,C55082,569.25,0,28-May-2025,West
TX102703,C76562,757.62,38,03-11-2025,North
TX100406,C99593,1338.7,108,2025-09-17,West
TX108296,C28373,1471.74,95,07-19-2025,South
TX104549,C40735,,58,2025-10-01,South
TX102333,C82140,803.89,40,04-Jan-2025,North
TX105624,C17331,1103.2,19,11-12-2025,West
TX104444,C13804,1393.8,85,2026-02-22,East
TX105056,C87580,6.39,18,2025-07-03,North
TX104780,C93136,564.38,68,20-Apr-2025,North
TX102520,C82140,1295.2,70,11-26-2025,South
TX100929,C50404,1103.72,97,21-Mar-2025,North
TX105266,C95990,739.36,10,2025-05-22,East
TX107186,C80644,873.98,17,2026-04-16,East
TX106379,C33834,327.12,44,09-20-2025,North
TX100884,C58520,821.31,42,04-11-2025,South
TX109706,C42662,749.12,21,2025-06-17 17:40:37,West
TX105402,C45400,484.76,89,09-Jan-2026,West
TX106806,C49824,804.88,102,2025-05-13 03:19:47,North
TX107858,C36100,789.08,60,23-Oct-2025,South
TX101197,C27601,957.91,71,13/04/2025,South
TX100010,C97670,227.15,68,09-05-2025,South
TX100277,C30379,927.38,82,01-Jun-2025,West
TX105387,C59009,755.67,38,05/06/2025,North
TX104424,C44741,NaN,44,02-Aug-2025,East
TX100181,C94259,788.96,30,2025-04-09 16:16:52,South
TX105108,C63264,923.39,101,21/01/2026,East
TX101497,C10053,,49,2025-06-06,South
TX107454,C65444,90.68,76,2025-12-08,East
TX100132,C58944,1163.58,117,2025-08-30,East
TX100269,C38746,1447.13,26,08-20-2025,West
TX104535,C47450,383.44,32,2025-08-29 22:14:36,North
TX105619,C82768,337.45,108,2025-03-10,East
TX107567,C53369,1074.99,84,2025-07-26 16:36:21,East
TX102472,C91057,895.6,97,29-Oct-2025,South
TX104003,C24322,69.52,44,12-27-2025,South
TX100599,C13761,203.15,35,05-21-2025,North
TX109822,C20745,752.1,5,17-Mar-2026,West
TX100020,C62772,1348.87,59,04-07-2026,East
TX107930,C56105,70.23,28,2025-02-22,West
TX104594,C67733,1302.84,67,2025-11-27,North
TX105448,C12552,831.18,99,22-Sep-2025,South
TX104723,C95813,507.28,52,24-Jan-2025,West
TX106767,C38746,722.33,15,02-04-2026, South 
TX104569,C46434,1260.06,41,2025-04-07 23:44:09,South
TX105203,C34164,1248.28,81,13/09/2025, North 
TX101958,C45400,268.33,11,2025-05-26,West
TX106644,C39816,943.5,7,27/01/2025,South
TX107279,C98039,841.9,11,02-17-2026,North
TX109177,C42662,841.92,19,2025-12-02 04:52:07,South
TX105382,C10425,1155.03,44,06-22-2025,West
TX109944,C37607,931.46,63,23-Aug-2025,South
TX104021,C24029,641.55,73,05/03/2025,West
TX100466,C87304,670.04,89,04/10/2025,West
TX102920,C42527,1315.85,111,03-31-2026,North
TX105366,C59823,735.63,73,04-23-2025,East
TX107876,C13365,81.59,75,2026-04-16 02:04:38,West
TX103854,C54597,816.91,29,18/02/2025,East
TX109554,C28373,39.39,3,05-30-2025,East
TX104491,C50768,798.05,81,10-Mar-2025, East 
TX106676,C86484,697.89,79,2026-01-16 02:16:08,West
TX100793,C43386,626.9,63,05/06/2025,East
TX107201,C70068,969.51,114,2025-07-29,West
TX104859,C42325,1419.76,70,06/04/2025,West
TX104622,C93227,44.97,16,10-16-2025, South 
TX100000,C55056,65.15,96,31-Mar-2025,West
TX100109,C30969,133.89,39,23-Jul-2025,West
TX106392,C84085,226.34,45,2025-08-19 15:02:43,North
TX100786,C48829,1469.33,108,2025-09-11 19:46:35,South
TX108099,C17100,417.02,50,2025-10-07,West
TX101233,C80678,62.56,87,17-Sep-2025,South
TX102586,C39154,763.06,42,2025-04-22 10:43:38,North
TX106012,C42325,,117,26-Aug-2025,West
TX105793,C38893,761.72,96,2025-01-16 17:35:46,North
TX104801,C78494,13.49,106,01-23-2026,West
TX100482,C46211,183.88,101,2025-05-05,North
TX104462,C71694,762.17,40,12-May-2025,West
TX105993,C84364,352.69,97,2025-09-19,South
TX103432,C54118,1494.69,77,07-27-2025,South
TX103277,C63964,314.55,49,06/01/2025,North
TX104889,C88907,1343.29,74,06/11/2025,South
TX108022,C30517,899.06,114,2025-11-23,East
TX109124,C60328,294.43,112,2025-11-26,West
TX104294,C66498,894.23,54,05/09/2025,North
TX104581,C40828,1055.89,4,06/12/2025,West
TX108320,C71433,1316.27,112,29-Dec-2025,West
TX100763,C71524,527.66,26,03-21-2026,East
TX105068,C33834,1109.43,65,04-19-2025, North 
TX103136,C41266,1422.85,62,06-25-2025,North
TX107429,C48469,43.12,8,2025-08-10,North
TX105022,C54236,975.13,8,27-Mar-2026,west
TX108055,C47930,237.19,78,29/09/2025,East
TX108522,C91167,1117.21,91,05-28-2025,South
TX109591,C41635,1192.35,56,2025-02-17,West
TX106755,C84607,368.53,55,18-Jan-2026,West
TX106558,C65723,234.36,91,12-May-2025,South
TX104110,C95649,,29,09-22-2025, West 
TX109404,C15209,1166.96,99,2025-10-24,East
TX106554,C13478,978.67,78,07-Aug-2025,West
TX107163,C83147,403.47,49,2025-08-25 07:05:19,West
TX106697,C79616,NaN,18,16/02/2025,South
TX107252,C16057,1206.46,43,2025-12-19 03:18:14,East
TX105575,C67125,1499.12,50,05-Apr-2026,East
TX100559,C74722,NaN,24,06-19-2025,West
TX109397,C72493,445.51,33,02/01/2026,North
TX108043,C53540,676.02,77,01-08-2025,West
TX107093,C42087,622.78,11,08-31-2025,West
TX107117,C19961,742.96,29,2026-04-28 00:55:01,South
TX104874,C26683,717.84,103,19-Feb-2025,East
TX109253,C25906,1043.89,21,2025-05-17,South
TX101187,C19099,640.13,3,26-May-2025, North 
TX106462,C71694,688.62,106,14/11/2025,South
TX103818,C57301,1160.21,1,11-17-2025,East
TX105385,C26334,714.68,22,18/07/2025,East
TX105866,C54092,467.87,84,2025-02-02,East
TX109244,C67912,1053.78,50,2025-02-04,South
TX101558,C99733,NaN,26,2025-01-26,West
TX103514,C99192,955.25,113,2025-09-22 19:46:14,North
TX103685,C69087,1199.88,47,13/08/2025,North
TX101131,C78327,1212.1,85,2025-02-08 20:26:43,West
TX107469,C84691,1085.02,109,04-05-2025,East
TX107995,C99974,37.07,46,2025-04-19 16:33:41,East
TX105577,C10772,645.17,101,01-02-2026,south
TX103861,C10726,735.85,59,2025-08-07 15:30:31,South
TX107085,C10425,1054.93,78,2026-04-29,West
TX108328,C41385,1449.11,82,16/02/2026,West
TX107768,C13390,603.52,64,2026-01-04 10:46:33,North
TX105452,C47196,1227.84,93,2025-01-07,North
TX108230,C16582,336.37,56,03-26-2025,South
TX108678,C17100,275.89,93,03-Mar-2025,East
TX105364,C65461,735.0,23,2025-11-09,West
TX103387,C76244,581.88,31,2025-10-12 03:26:32,West
TX104064,C89129,383.44,30,02-Oct-2025,West
TX105936,C64496,161.78,34,2025-05-12 12:34:58,South
TX106516,C59823,960.06,0,2025-01-10,North
TX101911,C38361,594.82,11,06-16-2025,West
TX108326,C74789,1386.46,32,2026-01-09,North
TX105443,C65069,617.02,34,2026-01-04 19:42:48,North
TX100270,C76542,459.8,90,2025-12-23 01:13:53,South
TX107660,C41830,551.37,83,15-Jul-2025,South
TX102534,C46930,1163.44,34,2025-11-25,East
TX103341,C24621,677.7,0,03-02-2026,East
TX100326,C36772,962.69,110,05-22-2025,South
TX102923,C27477,251.21,104,2026-02-15 09:45:23,North
TX106530,C19862,292.25,93,08-May-2025,East
TX103761,C46211,1081.13,105,06/04/2025,East
TX108635,C86556,1095.04,44,14-Dec-2025,South
TX105309,C15229,1369.8,38,2025-03-04 22:15:20,North
TX104205,C67080,751.71,8,21/05/2025,West
TX105300,C54942,1279.64,71,06/09/2025,East
TX108747,C76237,512.3,41,2025-09-16 17:23:56,South
TX106801,C77715,763.69,36,29/05/2025,West
TX102577,C89905,417.33,58,27-Jan-2025,West
TX101761,C79514,1234.15,87,18/09/2025,west
TX101747,C51114,1122.86,8,15/05/2026,West
TX107195,C49117,915.84,120,25/12/2025,North
TX100852,C29555,75.21,117,2025-08-04 14:20:00,West
TX108785,C13478,509.96,22,02-06-2025,South
TX101053,C24993,1184.34,110,23/04/2026,East
TX100948,C36772,1335.78,40,23/02/2026,South
TX103000,C30730,1461.92,107,11-Sep-2025,South
TX102834,C25860,1468.92,36,23/07/2025,South
TX101044,C83563,25.26,106,2025-11-26,East
TX103455,C75597,171.07,98,2026-01-19,North
TX101525,C15224,171.49,8,2025-07-29 17:01:39,East
TX100092,C95909,1104.1,42,2025-03-10,South
TX103617,C85243,1119.96,117,09/01/2025,West
TX107040,C21003,1427.87,14,05-15-2026,North
TX107183,C11934,1413.58,49,27-Jun-2025,East
TX101713,C36071,898.98,75,2025-07-12,North
TX100936,C63005,1061.31,3,24/12/2025,South
TX105943,C40495,917.51,114,01-13-2025,East
TX102222,C92719,61.26,94,07-17-2025,West
TX106789,C42411,358.5,112,2025-03-01 05:46:26,East
TX101794,C56566,167.12,29,25/12/2025,South
TX109381,C89507,1350.49,91,2025-09-19 13:36:06,South
TX101892,C71644,1453.75,82,03-08-2025,South
TX101409,C47828,73.77,84,19-Jul-2025,East
TX107144,C93136,,74,2026-01-23,South
TX101015,C78146,1072.91,41,20-Jan-2026,West
TX103131,C23006,44.34,97,2025-04-21 08:50:45,West
TX104001,C31465,1238.83,10,01-Feb-2026,East
TX105971,C74038,756.87,110,18/07/2025,North
TX102674,C16630,887.85,17,01-23-2025,South
TX100323,C98696,914.47,120,06-06-2025,West
TX108321,C51588,144.16,42,01-02-2026,East
TX103051,C60488,929.74,20,2025-02-20 17:15:25,North
TX100290,C50319,861.39,108,2026-01-30 01:11:38,South
TX103269,C27601,166.77,62,2026-02-09 18:51:09,South
TX107254,C63225,830.85,14,18-Feb-2026,North
TX107627,C28726,488.07,95,11-Jun-2025,West
TX105668,C46509,1435.73,82,01-25-2026,North
TX109437,C42591,107.07,46,05-Nov-2025,East
TX107173,C34164,388.29,38,2025-05-07,North
TX105358,C24168,803.76,81,17-Sep-2025,South
TX102129,C73464,537.47,0,2025-11-23 17:58:26,South
TX102842,C51359,1201.16,87,2025-05-21 03:18:02,South
TX104426,C48890,1257.95,90,19/01/2025, East 
TX109059,C80855,764.72,118,16/02/2026,East
TX104090,C87278,361.72,13,2026-04-05,West
TX104556,C13248,1376.21,53,2025-08-19,East
TX107458,C83147,1453.14,19,2025-12-19, South 
TX107785,C42662,774.43,120,2025-05-15 03:18:34,North
TX103787,C63264,741.22,61,2025-01-04 00:41:19,East
TX106721,C69429,1060.33,12,06-May-2026,South
TX106902,C95180,765.53,72,2026-01-26,South
TX103417,C16734,801.86,89,20-Mar-2025,West
TX106528,C30289,1101.34,47,2026-03-07 14:28:42,South
TX101857,C41195,334.49,85,2025-12-06 11:41:15,East
TX102266,C80798,1043.2,22,11-03-2025,North
TX100355,C16006,1267.3,13,2025-08-02 15:51:36,West
TX108619,C54725,602.83,3,02-Jul-2025,West
TX101498,C96474,749.81,68,04-22-2025,North
TX108917,C44522,315.7,90,09-Nov-2025,East
TX105367,C60019,1062.34,69,2025-05-07,east
TX108767,C49139,1467.02,118,02/04/2025, East 
TX105383,C69087,1208.39,101,2025-12-31,West
TX107987,C46347,753.45,50,08/04/2025,North
TX104520,C48175,,96,2025-03-29 16:23:01,East
TX105895,C41571,169.31,98,02/02/2026,North
TX109928,C18981,,17,05-25-2025,south
TX104655,C63424,943.49,111,2025-09-19,West
TX100353,C28136,1100.94,47,02-22-2026,East
TX107274,C80236,1180.28,95,01-Nov-2025,South
TX108113,C13552,88.88,112,10-19-2025,North
TX106595,C15209,540.43,99,06/04/2025,West
TX100603,C91070,1134.45,14,27/01/2025,West
TX102770,C33206,678.25,57,2025-10-03,East
TX101184,C87278,394.11,78,15-Dec-2025,North
TX104761,C49829,1101.29,31,19-Mar-2025,West
TX108364,C10851,1352.08,61,02-20-2025,East
TX100004,C42018,750.25,56,2026-01-25,East
TX107717,C89415,432.14,11,16-May-2025,West
TX106149,C77839,NaN,28,08/03/2025,East
TX106713,C50687,786.46,81,01-23-2025,North
TX107940,C82529,1229.63,36,06/11/2025,West
TX108506,C51114,1436.11,38,23-Feb-2025,East
TX107228,C24592,1499.36,119,09-Oct-2025,East
TX108587,C38893,476.51,58,2025-12-21 14:21:49,East
TX107801,C53540,1252.4,49,2025-04-14,South
TX100053,C25014,604.17,18,2026-01-15,North
TX108637,C42087,322.78,90,2025-06-17,West
TX100376,C64987,84.33,7,04-13-2025,East
TX102434,C56105,1216.12,90,2026-01-30 02:44:32,East
TX103736,C10464,1151.77,76,22/04/2026,East
TX100061,C85880,1421.68,58,03-02-2026,North
TX105842,C87924,418.69,57,25/10/2025,South
TX100361,C18834,571.06,104,2025-05-01,West
TX104754,C44237,8.63,102,09-06-2025,North
TX106262,C68800,455.45,94,19/09/2025,South
TX105116,C95909,1468.24,52,2025-08-15,West
TX107145,C16590,162.41,72,2025-09-27 19:01:11,North
TX104760,C80282,589.98,26,2025-06-07,East
TX105914,C28301,586.05,86,12-10-2025,North
TX106461,C77839,NaN,34,26/02/2025,South
TX100383,C65296,878.06,32,01-03-2025,West
TX108490,C15817,710.55,52,06/09/2025,East
TX100527,C69598,1294.57,39,2025-12-19 04:27:58,East
TX107808,C18981,783.49,52,2025-10-14 02:19:21,East
TX104989,C86484,1473.45,81,03-Jan-2025,West
TX100450,C26483,359.52,60,2026-05-06 10:23:11,West
TX108604,C91959,258.75,92,2025-09-16 02:15:24,North
TX103290,C21395,1265.35,77,29/04/2025,South
TX107607,C19305,903.62,105,02/02/2025,North
TX107168,C27477,228.54,57,05-10-2025,North
TX104245,C17816,484.13,71,2026-04-20,South
TX109406,C51904,591.93,92,01-Jan-2026,East
TX107080,C67422,550.65,53,2025-04-24 05:04:06,West
TX104869,C52245,,53,15-Dec-2025,North
TX109408,C40021,1451.73,80,2025-07-01,South
TX106981,C25525,1386.38,119,08-30-2025,North
TX102803,C95813,368.6,39,2025-04-16 02:20:05,North
TX106794,C70515,692.27,104,08-Feb-2025,South
TX101314,C25906,552.55,1,27-Apr-2026,West
TX103747,C40007,1004.73,55,2025-05-29,South
TX101427,C38893,1117.19,94,17-Apr-2025,North
TX101166,C46655,436.17,1,13/09/2025,West
TX104606,C42951,391.13,64,28/02/2025,South
TX103259,C23104,1186.93,62,05-03-2025,South
TX107954,C64040,845.29,4,15/10/2025,East
TX108938,C92240,1000.56,92,02-13-2025,East
TX106538,C81582,1112.62,28,01-31-2026,South
TX107339,C68800,1016.45,15,04-12-2026,East
TX104466,C27361,159.83,115,2025-10-26,East
TX102974,C65933,836.68,109,15/04/2025,South
TX107611,C29528,1078.16,1,2025-07-05 16:49:28,West
TX103007,C72518,NaN,75,2025-04-11,North
TX101511,C22280,,26,2026-04-06,south
TX109467,C25014,1236.78,109,2026-02-09 10:28:24,East
TX101445,C80381,1402.26,4,18-Jan-2026,North
TX109931,C16057,306.62,7,15-Jan-2025,West
TX102769,C95813,175.18,80,20-Jan-2026,North
TX108064,C23577,508.27,70,2026-05-08,North
TX106040,C16630,114.6,45,07-Oct-2025,West
TX101963,C54942,1386.41,27,2026-03-10,South
TX102071,C44600,142.58,1,09-Apr-2026,South
TX100711,C63964,54.13,71,12-04-2025,East
TX100074,C32782,1451.71,89,06-Dec-2025,East
TX101424,C72493,44.21,77,2026-04-29,East
TX106718,C67125,866.78,98,2026-05-04 09:08:29,West
TX108915,C37607,134.59,82,04-28-2025,East
TX102017,C62581,667.06,52,2025-09-22,East
TX100192,C13761,1110.78,40,2025-07-04,north
TX101935,C24662,1032.79,25,15/08/2025,East
TX108583,C97806,222.91,115,2026-04-24,South
TX106093,C44335,508.81,95,11-Feb-2025,West
TX106229,C47268,917.07,19,22-Oct-2025,North
TX103800,C11504,1264.61,101,2025-08-05,North
TX109899,C28643,258.76,73,10-22-2025,North
TX104823,C50404,396.26,7,2025-04-25 19:51:22,North
TX109814,C25014,1169.37,12,03-Jun-2025,South
TX109367,C39871,954.15,43,05-03-2026,North
TX104932,C38864,1391.14,105,2025-04-07 21:13:46,West
TX100822,C36158,1173.12,60,2026-03-04 04:48:08,West
TX109254,C69829,22.09,2,22-Jul-2025,North
TX109587,C42177,397.26,57,2025-03-27,South
TX103610,C84531,1138.65,6,09-Apr-2026,West
TX107410,C77889,548.9,73,12/09/2025,North
TX100202,C12540,1272.44,101,29-Jul-2025,East
TX103324,C41571,NaN,21,04/03/2025,North
TX108734,C38760,443.53,23,06-19-2025,West
TX106596,C36062,877.15,91,08-22-2025,South
TX103535,C94607,1480.11,5,13/04/2026,North
TX104704,C29887,1163.29,97,07-28-2025,East
TX101079,C97841,852.52,63,2025-02-19,East
TX105998,C80539,731.34,57,01-29-2025,East
TX101557,C26728,187.36,90,13/03/2025,North
TX107350,C54597,324.64,115,2025-09-30,East
TX109908,C92960,620.65,69,20-Feb-2025,North
TX104143,C84691,850.41,33,2026-02-11 07:02:19,West
TX109030,C81511,1137.14,79,2026-03-14 20:37:03,South
TX104241,C17026,1187.87,3,03-13-2025,south
TX108399,C49529,91.55,45,2025-03-13,West
TX105209,C82350,1218.12,88,2025-03-13 08:13:26,North
TX106730,C64948,1016.89,86,2025-08-25,East
TX102136,C84364,1052.13,21,2025-02-20 23:42:10,North
TX108862,C65444,974.74,88,2026-05-13,North
TX106512,C22196,761.58,26,2025-05-28,West
TX107679,C68446,873.19,28,16/12/2025,north
TX101315,C23238,1143.13,18,01-09-2026,North
TX107547,C85392,1043.15,72,12-15-2025,North
TX101755,C65296,480.88,15,2025-04-04 06:37:51,North
TX103794,C36685,1246.1,120,07-Feb-2025,South
TX105718,C28301,370.12,37,05-Jul-2025,East
TX109906,C41979,528.26,119,10-13-2025,East
TX103158,C41635,987.55,46,05-06-2025,East
TX107755,C85631,693.67,25,22/01/2026,South
TX103597,C36772,1213.96,44,14/02/2026,East
TX103399,C70515,570.9,88,13-Oct-2025,North
TX103279,C71953,568.94,94,11-06-2025,North
TX106319,C33834,119.06,35,21/01/2025,South
TX107992,C40340,711.24,19,2025-08-10 00:03:33,north
TX109204,C76540,1224.15,106,01-03-2025,North
TX106602,C68008,489.41,62,2025-02-11 09:28:42,West
TX105629,C91183,768.58,25,04-09-2026,West
TX105244,C63528,890.72,51,26/07/2025, West 
TX100762,C10221,,90,15-Oct-2025,West
TX109506,C91959,668.08,45,2025-01-20,West
TX101709,C29536,631.84,42,2025-06-03,East
TX104379,C39466,219.54,72,01-14-2026,West
TX108781,C89905,568.93,10,2026-05-15,East
TX101054,C31465,1464.63,104,2025-02-04,West
TX100962,C76562,867.49,0,2025-06-09,East
TX101572,C17989,1281.45,35,27/04/2025,West
TX109919,C93507,325.82,0,09-17-2025,South
TX101897,C38010,937.34,117,2025-08-12 15:45:54,East
TX104985,C72616,581.71,6,03-09-2025,East
TX106628,C29410,547.09,12,2025-10-07,West
TX107977,C44795,1302.01,11,2025-07-05 20:05:41,East
TX100134,C65519,451.26,120,05-14-2026,South
TX103408,C33416,237.03,99,17-Jun-2025,north
TX109494,C15383,108.66,17,19/07/2025,East
TX102447,C89593,940.75,26,05-09-2026,West
TX101868,C72518,219.75,93,08/07/2025,South
TX104943,C60432,1207.69,31,07/02/2026,West
TX109753,C80855,762.0,119,01/06/2025,West
TX104051,C80008,712.8,21,2025-10-17,South
TX102446,C17665,1449.76,13,2025-11-15,South
TX105009,C70068,296.46,84,06-06-2025,South
TX106993,C95813,1143.67,34,09/05/2025,South
TX106453,C36685,251.93,29,2025-09-08,North
TX100837,C16630,1260.03,48,29/06/2025,South
TX102992,C69638,146.52,74,03-05-2025,East
TX100050,C12757,725.87,108,02-25-2025,South
TX106204,C43862,851.95,118,23-Apr-2026,North
TX108461,C66057,218.86,119,15/07/2025,South
TX104602,C44741,1070.04,3,2025-06-24,North
TX101173,C18564,869.36,87,29/01/2026,South
TX103410,C39154,1463.51,13,04-05-2025,North
TX104975,C52504,243.19,105,2025-04-01 07:19:37, North 
TX103034,C91560,460.13,106,07-03-2025,East
TX101957,C24029,806.54,84,02-Apr-2025,South
TX104947,C95215,1480.72,88,08-25-2025,East
TX102058,C65724,1257.08,13,21-May-2025,East
TX103400,C58393,428.34,61,11/12/2025,North
TX109659,C81426,742.6,115,06/09/2025,North
TX106424,C67905,1271.95,78,2025-12-09 11:05:25,South
TX109597,C98777,1237.9,103,11-03-2025,South
TX106488,C39451,406.51,5,03-01-2025,South
TX108873,C80282,658.4,44,24-Jan-2026,South
TX102698,C93130,1389.34,41,2025-08-12 22:38:39,North
TX109425,C94886,137.65,35,2025-03-07,South
TX106881,C94080,1041.22,107,01-29-2026,South
TX103593,C21114,1234.84,66,22-Mar-2026,North
TX102109,C26334,146.66,87,10/01/2025,South
TX101316,C73517,760.67,22,2025-11-22,South
TX100998,C79329,377.42,77,03-Aug-2025,East
TX106238,C22280,733.01,73,11-Jul-2025,North
TX108900,C49529,703.32,26,12-26-2025,West
TX105281,C89471,1407.03,65,10-Jan-2026,South
TX107449,C41499,864.65,11,04-23-2025,North
TX109422,C53309,811.98,65,11-11-2025,West
TX107539,C51588,1306.48,104,2026-02-16 08:39:13,North
TX109314,C29769,343.75,18,2025-05-15 07:48:49,East
TX103922,C26828,1306.16,55,04-23-2026,East
TX100579,C81066,604.22,52,2025-05-03 07:35:10,West
TX106059,C12560,1041.32,58,08-Mar-2026,East
TX108094,C33416,1048.28,9,2025-12-06,North
TX109065,C18675,648.8,82,2025-09-27,North
TX107100,C94939,617.63,5,08/09/2025,North
TX100385,C49446,279.88,8,2026-02-07 05:26:34,West
TX109476,C71348,1473.96,100,07-Jun-2025,East
TX109132,C49363,139.29,88,05-Dec-2025,North
TX101282,C37653,985.8,60,07-12-2025,West
TX101396,C66822,5.74,96,2025-07-28 08:31:40,East
TX103640,C49651,1375.2,85,04-05-2026,South
TX100563,C60328,285.13,14,03-19-2026,South
TX105210,C64987,1410.92,33,2025-06-15,North
TX104920,C19099,1313.33,33,04/10/2025,South
TX105408,C82512,358.2,38,25-Sep-2025,North
TX105534,C45774,112.2,54,04-Dec-2025,West
TX107016,C38043,352.77,29,01-29-2025,North
TX101136,C10464,1163.05,63,2025-11-10,West
TX107709,C33206,1360.99,113,04-Nov-2025,east
TX109175,C19016,25.53,38,2025-03-21,West
TX101531,C83563,453.29,5,24-Aug-2025,East
TX102650,C13617,,1,28/10/2025,North
TX109218,C38080,507.68,64,03-14-2025,North
TX103232,C10425,549.82,5,2025-03-29,South
TX103925,C29342,1091.45,106,11-14-2025,South
TX108803,C16590,137.66,46,05-Mar-2026,West
TX105497,C27146,559.1,71,2025-02-02 04:35:16,East
TX101641,C21114,398.19,8,13/05/2026,West
TX100313,C44237,1346.06,2,06-22-2025,South
TX109150,C23176,88.75,94,23-Jan-2026,North
TX103330,C17592,471.77,87,10/02/2025,North
TX107110,C67912,358.32,22,2025-09-19 11:33:36,South
TX108595,C90728,780.86,33,16-Apr-2026,North
TX102252,C51441,476.21,115,2026-01-19,East
TX106353,C80010,903.46,15,01-03-2026,East
TX105147,C55309,1329.34,41,28-Apr-2026,East
TX105276,C84531,1139.08,113,2025-07-13,South
TX101823,C66531,1246.47,35,19/06/2025,West
TX108883,C85880,779.83,110,28/06/2025,East
TX107867,C80010,48.31,109,15/09/2025,West
TX103449,C43092,482.55,77,2025-03-06,North
TX101189,C22224,NaN,45,2025-09-14 06:22:57,West
TX107916,C68878,894.97,31,08-05-2025,West
TX108334,C36365,895.39,67,23/08/2025,West
TX103564,C46421,1094.31,50,2025-10-05 00:50:12,North
TX109609,C31178,213.15,53,16/03/2026,West
TX105968,C40007,210.74,107,08-30-2025,North
TX108053,C42018,455.98,96,10-Jan-2025,South
TX106348,C48829,664.32,105,2026-03-07 05:36:35,North
TX103766,C95181,746.0,117,08-01-2025,South
TX103893,C92397,1138.07,36,2026-02-23,North
TX107374,C69473,318.26,84,31-May-2025,South
TX108557,C77561,1404.15,106,2025-10-07,South
TX109522,C19862,925.06,73,2026-02-22,North
TX100841,C71644,1383.78,77,2025-09-01,North
TX105574,C49618,834.24,0,11/12/2025,North
TX104318,C59797,272.26,5,07-25-2025,North
TX101428,C77839,887.37,15,17/02/2025,North
TX100743,C88104,NaN,80,06-06-2025,North
TX109858,C63271,1462.5,28,17/02/2026,South
TX104162,C69177,480.93,33,22/04/2025,West
TX101548,C38657,887.53,21,07-06-2025,East
TX103124,C15075,513.34,106,2025-01-12 11:10:48,South
TX101758,C48427,146.0,120,2025-10-29,North
TX101577,C95717,318.14,41,19/12/2025,South
TX104722,C47606,614.96,33,2025-12-16 06:55:27,North
TX104632,C94259,784.14,112,26/06/2025,North
TX101038,C60968,1168.39,99,2025-10-26,West
TX101285,C86099,966.01,42,2025-03-15,North
TX109415,C86955,1426.03,60,24-Oct-2025,East
TX104113,C70637,1140.19,4,2025-08-19 22:37:43,West
TX101894,C38221,664.9,45,18/04/2026,East
TX109344,C30028,1148.85,40,17/10/2025,East
TX102934,C13761,782.73,25,2025-01-03,North
TX101872,C94246,105.4,24,12/04/2025,West
TX109716,C33509,1309.05,35,23-Jul-2025,West
TX103895,C35144,1322.32,60,17-Oct-2025,East
TX108994,C41635,1131.62,49,13/05/2025,South
TX106551,C79163,NaN,48,13/04/2025,West
TX101176,C67377,46.37,71,14-Jan-2025,North
TX100233,C23970,1279.37,100,2025-06-25,North
TX101239,C49363,1070.7,120,21-Apr-2025,North
TX103817,C32810,466.81,49,2026-03-26,West
TX107643,C80678,1101.99,68,2026-02-13 12:40:34,East
TX108758,C67433,305.49,87,2025-05-10,North
TX102397,C48890,282.36,1,16/05/2025,East
TX101940,C63883,858.71,33,03-20-2026,West
TX103189,C82350,158.95,53,2026-05-13,West
TX109363,C39871,695.09,26,2026-01-21,North
TX101220,C38221,1049.02,83,27-Jan-2026,North
TX106069,C97500,1416.21,120,2025-07-01,West
TX108469,C73904,861.62,30,07/01/2026,East
TX100573,C61856,133.75,50,2025-04-02 18:40:53,West
TX109332,C64948,1186.63,51,20/04/2025,South
TX101122,C79352,1092.98,120,03-06-2025,South
TX102816,C85392,325.94,31,2026-01-11 08:21:53,West
TX105091,C38746,1413.73,29,2025-09-20,West
TX100853,C74799,1485.45,28,16-May-2026,North
TX103769,C66148,1338.33,91,16/06/2025,North
TX102849,C79616,1381.57,48,2025-01-31,South
TX101192,C26544,1164.22,67,13/05/2025,South
TX104111,C91070,1445.48,9,01-29-2026,East
TX107890,C72070,1418.54,36,2025-03-30,East
TX109170,C20745,1377.69,81,06-01-2025,west
TX102664,C89840,99.97,49,2026-01-17,South
TX104912,C35443,1417.24,7,03-11-2025,North
TX103539,C48469,813.83,30,2025-12-02,South
TX100174,C15383,394.86,119,2025-10-27 23:26:18,East
TX108471,C19961,183.39,11,30/01/2026,North
TX109559,C66626,1383.9,102,19-Aug-2025,North
TX102814,C14207,1110.04,96,2025-01-24,North
TX102957,C83259,972.79,32,2025-06-12,South
TX102563,C72746,1180.82,14,2025-01-07 08:18:45,North
TX109046,C23396,1244.11,9,2025-04-17 06:53:41,South
TX101563,C49321,798.17,83,04-01-2026,South
TX106751,C65296,1362.66,117,2025-12-15 15:51:16,South
TX103084,C70515,921.17,101,2026-03-05 20:16:53,West
TX105388,C50189,1384.28,16,2025-02-17,East
TX104726,C59797,1034.23,102,2026-01-19 20:39:47,North
TX108072,C59692,802.44,65,27/04/2026,North
TX102179,C13390,1109.99,22,2025-08-10 14:16:17,West
TX107399,C85574,804.96,25,2025-05-20 01:35:49,South
TX102355,C62521,1163.82,62,2025-06-18 11:48:33,East
TX107619,C86225,286.48,96,30-Mar-2025,East
TX105838,C68082,1040.01,25,04-Aug-2025,East
TX102044,C99593,1416.97,19,24-Apr-2026,South
TX109048,C85470,271.4,54,2026-05-12 07:45:41,South
TX105769,C38569,161.72,92,01-16-2026,South
TX102367,C34356,368.81,54,2025-01-22 01:44:33,South
TX106158,C24168,1306.47,55,2026-05-10 03:58:24,South
TX102064,C62227,176.35,116,2025-01-16 20:38:42,West
TX107506,C92544,938.73,102,09-22-2025,South
TX108533,C31579,1289.44,86,14/04/2025,West
TX108792,C41635,177.2,112,30/07/2025,South
TX107759,C11330,1334.84,41,09-07-2025,East
TX102208,C44675,866.47,48,31/10/2025,South
TX101966,C36062,199.33,110,2025-05-25 20:57:06,South
TX100014,C50768,1307.04,19,08-Feb-2025,South
TX101739,C30969,1097.87,21,12-03-2025,South
TX105142,C54473,276.84,30,2025-09-25,North
TX107431,C25866,878.78,104,2025-07-24 20:58:46,East
TX107534,C93227,1397.66,10,2025-05-31 03:08:26,East
TX107484,C60205,575.99,37,28/01/2025,West
TX101218,C91070,619.2,79,09-06-2025,North
TX101241,C19710,81.89,60,2025-12-04 16:28:20,South
TX107638,C39389,780.12,50,2026-03-24 05:30:10,West
TX108934,C47606,867.7,61,2025-08-31 01:14:46,West
TX102111,C30517,1227.27,119,2025-05-18,East
TX104348,C53279,380.24,38,08/04/2026,West
TX109863,C61990,136.23,26,10/04/2026,East
TX101290,C93307,NaN,21,12-Apr-2025,North
TX105597,C19880,1188.46,4,28-Mar-2025,North
TX109402,C63883,1192.88,107,11-14-2025, North 
TX100303,C95717,71.7,56,08-27-2025,East
TX102351,C92149,880.83,3,2025-12-20,North
TX107180,C51145,470.89,109,20-Jan-2025,North
TX103460,C39871,397.29,15,10-Sep-2025,East
TX100346,C93579,631.14,115,2025-02-23 23:39:07,South
TX104604,C23396,1442.34,99,2025-05-01,North
TX104773,C12260,479.69,102,2025-02-13, West 
TX100275,C12260,68.83,59,26/01/2025,West
TX104289,C41499,1249.71,117,15-Apr-2025,West
TX106447,C69510,862.64,59,26/09/2025,North
TX100509,C42914,1130.5,73,2025-09-16,East
TX103129,C41358,688.19,52,2025-12-25,West
TX103171,C13552,1084.4,100,16-Sep-2025,East
TX100082,C11025,158.37,108,2025-09-22,South
TX106388,C26299,891.04,111,07-Dec-2025,South
TX102913,C65069,430.3,65,08-Jul-2025,East
TX103162,C51245,480.83,27,19-Jan-2026,South
TX104225,C22363,1453.47,54,2026-04-13 13:56:15,East
TX100477,C93227,1427.71,7,17-May-2025,North
TX105296,C34931,211.48,95,2025-07-19,East
TX106445,C99399,165.01,82,08-Apr-2025,North
TX108004,C71993,123.83,113,18-Mar-2026,East
TX100687,C35144,1169.32,52,24/06/2025,North
TX107589,C46655,796.15,25,02/01/2026,West
TX109232,C76469,558.54,58,2025-12-26 20:56:12,East
TX101679,C36158,216.74,55,23/05/2025,East
TX103796,C65333,1067.13,99,2025-04-28 19:59:14,East
TX105708,C42914,266.95,64,12-Jan-2025,South
TX106450,C55082,263.27,39,27/10/2025,North
TX104623,C76317,1138.81,36,17-May-2025,East
TX108082,C56898,558.76,35,2026-05-15,North
TX100997,C38569,193.92,48,10-18-2025,North
TX103439,C81426,143.77,36,2025-05-31,South
TX109037,C62757,1441.29,30,2026-02-09 01:07:48,North
TX101070,C58434,1270.68,3,05-03-2025,East
TX106710,C72031,527.56,23,2025-11-29 09:51:50,North
TX104876,C63545,1152.82,120,18/06/2025,North
TX100230,C67091,775.84,35,12-22-2025,West
TX100905,C25860,695.94,9,24-Nov-2025,West
TX100009,C44814,764.07,105,01-02-2025,South
TX106168,C95477,170.99,68,26-Feb-2026,West
TX100749,C13905,655.56,117,21-Apr-2026,West
TX109842,C93227,,70,2025-11-19 23:38:47,North
TX107167,C79352,12.95,50,2025-02-06 12:43:39,South
TX101878,C71953,1024.66,106,22-Feb-2025,West
TX105544,C96752,1455.05,67,2026-01-30,South
TX103940,C50687,438.24,45,11-15-2025,South
TX104673,C75435,197.39,65,20/10/2025,West
TX104488,C50306,483.46,54,27/01/2025,South
TX102469,C18834,252.64,15,12-Jan-2025,East
TX109902,C38569,NaN,51,03-12-2026,South
TX108013,C11607,201.22,105,30/05/2025,East
TX108509,C24371,864.8,88,2026-03-11 19:01:18,East
TX105621,C93810,,24,05-13-2026,West
TX106288,C17492,383.32,59,2025-04-16 12:46:23,South
TX102387,C53279,1352.21,64,10/09/2025,West
TX105277,C42098,1249.74,49,2025-09-12,East
TX104774,C26704,357.34,48,2025-06-30,South
TX105970,C44237,358.98,34,16-Mar-2026,North
TX106535,C69087,238.86,84,02-23-2026,South
TX107487,C85880,611.88,66,09/06/2025,East
TX100797,C39219,1134.87,13,2026-02-05 19:50:54,North
TX105183,C84364,101.33,50,21/03/2026,East
TX108571,C86503,1435.76,7,07/03/2026,North
TX109584,C13552,283.83,100,01-16-2025, South 
TX106878,C38221,69.63,69,2025-01-28 18:57:51,East
TX106816,C51904,1002.12,66,2025-04-08 00:28:20,North
TX100582,C49857,899.4,87,2026-02-21 12:20:31,North
TX100792,C28136,1037.59,11,08-Dec-2025,East
TX106408,C79615,752.52,102,08/04/2026,East
TX105021,C62521,1245.06,52,06/03/2026,West
TX106655,C66207,1490.71,90,06-25-2025,West
TX100330,C62521,444.21,60,03-07-2025,East
TX100782,C82063,28.75,24,2026-03-16,East
TX105791,C97410,1129.25,3,14-Dec-2025,East
TX102539,C39871,1059.2,8,01/07/2025,South
TX107555,C93886,1190.59,104,03-03-2026,East
TX102155,C13390,693.45,96,2026-03-26,West
TX107904,C41499,1222.65,94,09/07/2025,West
TX105807,C84847,11.77,34,04-11-2025,East
TX109517,C92240,439.07,52,2026-02-22 13:51:14,North
TX105725,C20735,438.49,79,14-Jul-2025,East
TX108669,C98117,694.76,88,10-09-2025,West
TX100291,C17716,160.64,63,03-14-2025,North
TX107415,C25043,,96,12-Apr-2026,east
TX103260,C15695,684.41,17,2025-10-01 06:17:49,North
TX108809,C31417,1048.02,10,2025-10-22 05:53:31,West
TX109544,C30861,293.18,64,09-14-2025,North
TX101645,C64496,1288.75,9,16/03/2025,East
TX101625,C38746,1242.35,87,2025-02-06,South
TX109904,C44522,299.85,104,2025-10-26 19:24:03,South
TX109094,C30635,704.93,82,12-05-2025,South
TX101774,C86099,408.11,61,23-Apr-2025,east
TX103846,C25713,66.23,112,2025-08-13,South
TX102609,C54597,1261.8,30,2025-11-16,West
TX107903,C83519,1001.65,0,2025-06-21,West
TX106004,C35203,716.76,89,30-Apr-2025,East
TX101335,C80282,594.1,27,13-Apr-2026,West
TX106802,C73699,752.57,3,2026-01-06,East
TX102025,C89457,NaN,76,2025-12-02 09:51:08,South
TX105745,C61049,1087.2,76,2026-02-06,West
TX103548,C39816,467.46,4,23-Aug-2025,West
TX109427,C68008,954.67,37,2025-10-20 08:54:50,North
TX100051,C19287,1268.51,98,2026-02-24 19:43:41,North
TX109879,C44099,1427.16,83,18/01/2026,North
TX106203,C46509,232.19,72,2026-03-08 01:45:12,South
TX101414,C29555,485.29,29,08-24-2025,South
TX100487,C85574,284.01,44,15-Jun-2025,South
TX104915,C72070,712.73,120,03-Mar-2026,East
TX102257,C81511,392.12,113,07-Oct-2025,North
TX105338,C12757,1223.88,33,27/02/2026,South
TX100011,C50001,1305.05,89,2025-05-03 12:14:54,West
TX104720,C35928,677.44,112,2026-02-21 04:07:18,East
TX102429,C62581,370.26,57,2025-02-12,North
TX103512,C19508,1446.57,23,01/03/2025,East
TX109348,C84691,449.22,60,2025-08-03,West
TX100653,C92502,1398.7,65,04-30-2026,North
TX100268,C95180,1156.37,13,2025-03-21,East
TX109497,C18993,988.2,51,01-17-2025,West
TX106823,C76307,127.6,62,01-31-2026,West
TX105391,C44438,680.74,0,25-Apr-2026,West
TX101229,C19880,1174.73,103,2026-01-31 00:07:19,South
TX105141,C33519,636.85,22,2025-05-01 21:47:23,South
TX108218,C37653,19.29,101,08-30-2025,West
TX104338,C53719,1303.77,71,03/08/2025,East
TX102763,C26704,693.06,78,2025-07-31 23:55:14,East
TX107523,C85880,496.27,42,04-04-2025,North
TX105615,C55870,640.12,2,02-08-2025,North
TX109315,C44600,477.93,98,03-07-2026,South
TX105451,C23006,498.61,104,04-09-2026,West
TX101909,C10282,340.19,24,2025-06-06 03:56:43,North
TX106301,C88139,1493.32,64,15/03/2026,North
TX101595,C70258,233.18,111,2025-03-12 10:20:24,west
TX101688,C66057,1287.6,16,2026-02-17,East
TX108118,C16826,224.62,119,28-Jan-2026,East
TX103320,C47606,835.75,36,30-Sep-2025,South
TX100448,C97062,1291.3,99,31-Mar-2025,North
TX109309,C36062,1231.94,114,2025-06-11,east
TX101660,C63005,592.66,8,04-07-2025,West
TX105776,C70946,1335.67,111,2025-02-14,North
TX106821,C50189,786.27,71,2025-06-03,South
TX102909,C91959,1232.94,82,14-Jun-2025,North
TX101662,C85574,717.17,49,2025-06-10,East
TX109486,C30676,424.1,12,2025-01-02 15:41:55, North 
TX100184,C61049,NaN,10,13-Sep-2025,South
TX101355,C67080,415.81,88,03/02/2026,South
TX106225,C40217,291.2,21,19/01/2026,East
TX100255,C12719,120.22,58,09-19-2025,North
TX108991,C22704,124.55,17,27/03/2026,East
TX102773,C59823,1406.76,78,13-Jun-2025,East
TX101069,C31178,251.41,102,10-Jul-2025,East
TX102506,C94874,685.89,26,2025-04-03,East
TX108097,C35203,142.89,7,04-25-2026,South
TX105349,C63354,952.86,97,20/11/2025,East
TX101971,C98184,182.17,100,2025-09-21,North
TX107111,C70889,36.9,76,2025-10-22 03:35:36,East
TX108811,C71694,1105.6,36,01-08-2026,South
TX106347,C24592,1130.8,35,10-20-2025,North
TX102802,C14207,82.39,67,02-16-2026,North
TX101088,C69048,652.51,51,2025-06-18,South
TX103133,C44816,NaN,49,09-09-2025,South
TX107581,C11854,611.64,61,2025-03-04 13:30:03,West
TX103980,C10282,1404.11,105,2025-08-24,South
TX100532,C86099,1269.98,60,12-31-2025,East
TX103302,C39154,1133.62,63,04-04-2026, South 
TX104626,C61049,,54,24-Nov-2025,South
TX101926,C35928,676.26,81,08-Feb-2026,South
TX102873,C10772,201.22,105,04-Jan-2025,South
TX106212,C35242,1339.29,116,02-17-2025,South
TX108806,C80855,320.72,118,2025-05-25,South
TX101133,C30861,577.37,73,01-11-2025,North
TX109935,C37235,688.62,93,04-10-2026,North
TX100811,C80284,1412.31,57,2025-06-02 23:00:29,South
TX100425,C70901,1362.25,107,2025-12-23 03:27:08,South
TX107869,C64377,258.79,55,2025-06-11 02:44:50,West
TX105851,C20458,772.49,72,19/03/2025,North
TX102354,C23356,1165.84,38,2025-11-14 23:29:37,South
TX104517,C86350,739.95,69,05-28-2025,West
TX107278,C62350,230.97,77,2025-09-24 15:16:49,South
TX102967,C24168,788.4,30,04-10-2025,south
TX105225,C42406,1323.24,108,03-17-2026,east
TX109747,C98696,1151.1,75,09/05/2025,South
TX100081,C29410,1226.25,102,06/11/2025,South
TX102618,C69473,1261.4,115,2025-09-19 04:07:22,West
TX103216,C73653,1247.27,60,21/06/2025,North
TX109676,C87832,332.74,12,2025-02-23,West
TX100033,C15817,356.03,68,11-Mar-2025,West
TX101993,C42087,1443.97,93,2026-03-05 16:40:37,South
TX108526,C33053,301.42,32,2025-07-07 05:49:13,North
TX104387,C53369,302.83,28,2025-08-30 17:03:46,East
TX104336,C95909,295.68,34,2026-02-04,North
TX100266,C16658,853.89,55,06/12/2025,East
TX100402,C48974,731.36,42,11-12-2025,East
TX103111,C49651,,56,07-30-2025,North
TX100808,C70946,1089.02,94,27/03/2026,South
TX104188,C56566,421.72,27,2026-03-26,West
TX102999,C22363,850.57,13,03-11-2025,South
TX102538,C60140,346.71,0,2025-10-20 05:42:47,South
TX105832,C36772,662.81,104,2025-10-29,South
TX100888,C53933,1085.15,59,2025-06-24,South
TX107793,C63545,149.2,81,13/12/2025,South
TX106524,C73517,1299.23,100,25/04/2025,East
TX104040,C95717,966.32,111,16-May-2026,South
TX105168,C77889,453.62,17,04-20-2025,East
TX106227,C21114,1420.77,119,02-21-2026,East
TX107602,C41830,980.37,1,28-Jun-2025,North
TX105040,C99399,192.2,115,06-25-2025,East
TX104374,C29528,1227.56,70,03-01-2026,West
TX105325,C89818,1376.1,101,2025-12-12 05:52:01,South
TX108037,C63271,741.73,7,2026-01-28,North
TX105415,C63424,494.92,82,2025-08-21,south
TX102756,C28373,667.72,26,2025-09-26,East
TX105823,C13478,1003.95,88,02/03/2026,West
TX108602,C19305,NaN,27,27-Feb-2026,North
TX102559,C83563,219.63,62,2025-12-04,South
TX108220,C81511,1164.6,8,2025-08-11,East
TX108973,C28373,1382.61,15,05-03-2026,West
TX104447,C49529,1373.87,90,2026-04-04 02:44:23,South
TX101631,C62386,,70,02-Feb-2026,East
TX101770,C93130,1305.58,109,30/04/2026,West
TX100335,C81121,473.55,7,03-Jan-2025,South
TX100096,C47268,413.46,102,08-Jul-2025,West
TX105934,C28643,203.41,1,23-Aug-2025,West
TX102583,C41195,669.09,117,2025-08-06 16:15:13,North
TX107227,C60019,129.04,84,2026-04-27,East
TX109649,C21114,877.77,7,21-Nov-2025,North
TX105553,C25118,238.34,43,03/02/2026,West
TX109398,C88697,1107.81,23,2025-08-21,North
TX105461,C63264,1163.08,96,2025-04-06 15:24:22,West
TX106955,C16734,980.25,6,2025-09-20,North
TX102856,C26361,360.02,117,21/06/2025,South
TX108491,C91351,1378.27,56,12/09/2025,West
TX107315,C85525,714.88,97,19-Apr-2026,South
TX107035,C18564,705.18,75,22/04/2026,West
TX101695,C22676,1303.6,61,02-04-2025,South
TX103364,C85880,989.69,6,01-01-2026,East
TX108291,C70901,202.45,35,04-25-2026,South
TX101064,C18993,707.93,92,22-Jun-2025,North
TX102598,C76540,410.97,71,2026-04-13 23:49:17,East
TX101871,C69048,76.3,20,2025-10-17 02:49:49,South
TX107701,C39451,1472.0,22,2026-04-11,South
TX105937,C72277,1238.76,36,2025-09-18 18:16:22,South
TX101748,C25713,302.67,5,19-Jan-2025,east
TX103606,C99192,1386.09,30,2025-05-08,East
TX107889,C88222,711.17,114,10/08/2025,West
TX100613,C87656,247.14,9,2025-05-22,West
TX100671,C44970,492.92,77,25/11/2025,East
TX101664,C55508,311.31,114,2025-12-05 01:00:07,South
TX104300,C43586,681.03,17,05/09/2025,East
TX108016,C21915,360.96,22,2025-03-05,South
TX108495,C55508,1453.54,38,2025-03-10,South
TX104659,C37760,1483.44,117,10-21-2025,East
TX102204,C58520,581.12,51,2025-12-05,South
TX103127,C32810,61.27,75,2026-02-13 10:17:08,West
TX102727,C62772,235.09,114,05-12-2025,South
TX108435,C37607,1430.24,86,09-Apr-2026,East
TX101508,C89516,,49,04-07-2025,North
TX108098,C97410,543.17,116,16-Apr-2026,East
TX109299,C73624,129.72,59,2025-06-11 00:56:32,West
TX102363,C79329,842.61,54,19-Apr-2026,East
TX101418,C41830,142.75,71,2026-02-04,East
TX100468,C53540,621.24,19,2025-06-05,North
TX103629,C74789,602.6,82,24/08/2025,West
TX102212,C70332,851.76,66,31/08/2025,North
TX109934,C62227,1446.91,105,2025-12-03,North
TX103456,C58393,880.2,24,10-15-2025,South
TX104193,C51114,1483.57,19,13/03/2026,North
TX106085,C80575,165.41,90,2025-05-13, East 
TX106118,C19602,810.67,83,08/05/2026,East
TX100770,C65057,235.43,38,09-Sep-2025,South
TX101463,C37869,1098.98,76,03-19-2026,East
TX102878,C94607,1369.53,82,2025-12-30,East
TX108696,C38016,691.96,83,2025-08-23 22:49:09,North
TX103388,C93886,1029.15,119,2025-08-04 01:22:40,North
TX105044,C80008,789.48,17,03-21-2025,South
TX107070,C58944,1418.78,88,25-Mar-2026,South
TX101343,C45774,605.55,98,01-28-2025,West
TX108888,C17665,648.52,57,30-Oct-2025,north
TX105761,C19602,1424.23,86,12/02/2026,South
TX107248,C72402,1485.47,80,31/12/2025,East
TX101973,C93748,68.72,1,2025-09-22,South
TX104505,C42018,269.75,76,02-10-2026,West
TX102309,C64548,518.43,28,11-05-2025, West 
TX108621,C91399,1464.29,92,2025-11-08 07:31:33,East
TX101594,C67733,362.7,82,2025-12-16 00:03:41,East
TX107181,C27146,1086.42,37,2026-04-13,West
TX109539,C82140,1340.63,40,2025-03-01,West
TX107795,C65933,771.48,88,23-Mar-2025,West
TX100101,C52753,1020.72,3,2025-03-15 21:50:28,North
TX102901,C43972,907.54,0,2025-01-30,East
TX106929,C63883,896.73,63,12/09/2025,West
TX108518,C66985,1029.14,14,25-Dec-2025,West
TX106145,C14722,1100.21,106,2025-06-05 20:32:31,South
TX103527,C82140,463.34,4,08/09/2025,North
TX103579,C40735,390.58,83,2025-03-26,South
TX105885,C17816,599.81,44,23/07/2025,North
TX100537,C55082,372.35,68,2025-07-22,West
TX108303,C10726,1292.22,112,2026-01-20 15:07:13,North
TX104220,C32241,1499.74,105,05/04/2026,East
TX109161,C83519,1268.87,28,12-27-2025,South
TX103238,C62383,419.62,12,02-11-2026,East
TX105161,C79514,814.77,112,03/12/2025,South
TX105279,C33206,316.44,20,10-29-2025,North
TX101435,C11025,1235.76,53,30/03/2025,East
TX101706,C56438,38.23,61,05-20-2025,South
TX106187,C96563,NaN,44,13-Jan-2026, South 
TX106356,C15014,289.15,87,2026-04-12 01:50:57,North
TX109125,C16658,948.22,18,10-Jul-2025,North
TX105171,C89997,769.45,64,11-29-2025,South
TX108898,C80008,611.24,18,22/04/2025,South
TX101654,C24953,772.71,40,04-20-2026,East
TX104307,C42951,620.09,17,2026-05-03 00:11:20,North
TX101095,C93130,843.56,114,02/11/2025,North
TX105613,C96163,279.05,71,30/12/2025,North
TX109448,C42325,727.68,34,2025-05-02 21:18:02,North
TX102966,C92149,1158.96,51,30-Jan-2026,West
TX108248,C44099,1390.47,89,2026-04-23 04:00:23,South
TX107151,C89457,210.01,16,2025-12-10,North
TX104417,C72070,853.42,108,01-14-2026,West
TX109151,C44816,1068.14,66,07/06/2025,West
TX105248,C11658,199.14,36,01-May-2026,East
TX101204,C16734,435.66,68,22/10/2025,South
TX103799,C36130,166.07,97,2025-07-27 01:18:22,North
TX100399,C63528,280.07,78,03-04-2026,East
TX100924,C27154,811.27,116,15/04/2026,East
TX100747,C64921,346.92,11,14-May-2026,East
TX104063,C51359,367.83,99,2025-03-22,East
TX104144,C30257,NaN,49,2025-06-02 13:08:47,West
TX109007,C97747,504.79,80,02-15-2025,East
TX104792,C19838,369.79,63,2025-07-04,North
TX104779,C29555,60.57,78,09-02-2025,East
TX106523,C69510,1444.23,13,2025-05-30 14:47:44,North
TX100392,C95649,864.57,29,04-12-2026,West
TX109794,C40311,833.26,65,27/10/2025,West
TX103534,C56438,733.51,37,2025-08-06 10:56:02,East
TX107507,C75612,726.49,4,04-04-2025,South
TX103369,C88193,513.88,80,05/04/2026,North
TX102115,C49857,154.34,56,27/12/2025,East
TX100979,C51114,1055.59,38,20/10/2025,North
TX101001,C30032,131.45,36,11-Oct-2025,North
TX107962,C77033,1435.93,80,12/03/2026,South
TX107299,C43065,502.28,69,01-17-2025,North
TX109744,C85631,1114.34,45,2025-01-24,North
TX108598,C12757,731.24,95,2026-02-28,West
TX100940,C71592,137.87,81,10-21-2025,East
TX106805,C85574,1119.88,6,2025-11-11 06:56:30,South
TX100344,C13478,NaN,53,16-Aug-2025,North
TX103049,C37742,1423.34,119,2025-08-28 04:24:57,South
TX106134,C50306,1224.39,63,11-Mar-2025,South
TX109433,C73372,1390.27,45,2025-04-06,South
TX106945,C49446,303.12,0,2025-08-23,North
TX100251,C35443,370.5,118,2025-08-11,West
TX107509,C13365,1400.39,107,2026-02-06 03:11:38,West
TX105630,C17100,1446.51,60,02-Sep-2025, West 
TX108477,C60140,994.63,54,15/04/2025,North
TX104327,C98184,,29,06-Jun-2025,East
TX100261,C98696,440.93,100,2025-06-05 07:29:23,West
TX107965,C23947,70.78,113,19/04/2026,East
TX101799,C99687,83.98,23,03/10/2025,East
TX105633,C49139,1446.35,23,19/10/2025,West
TX100415,C30032,774.24,35,19/04/2025,East
TX100826,C93307,857.52,24,20-Jan-2026,North
TX100604,C58571,1384.08,29,14-Jul-2025,West
TX102956,C37802,310.74,115,27-Feb-2026,East
TX102008,C19171,66.43,55,03-12-2025,West
TX105308,C77033,821.12,54,2026-03-07 19:37:25,North
TX109329,C42953,1384.01,114,07-07-2025,East
TX109221,C45774,230.28,64,2025-10-15,East
TX100324,C96511,702.71,86,2025-09-24 12:37:06,North
TX101213,C41850,884.98,29,2025-07-31 18:02:51,North
TX104670,C33053,591.89,58,2025-08-29,South
TX105000,C33086,521.56,92,2025-07-05,East
TX107610,C18907,968.23,116,23-Sep-2025,East
TX102336,C64496,744.51,54,01-31-2026,East
TX101371,C30861,982.9,70,19/09/2025,East
TX102496,C52487,1157.01,50,2025-12-17 12:09:57,West
TX104577,C46265,1297.59,108,29-Mar-2026,North
TX102317,C21164,250.22,17,08-May-2026,North
TX108462,C58368,407.08,110,2026-04-17 00:07:03,South
TX103894,C64377,72.16,102,2025-10-01,South
TX109918,C38657,544.74,53,06-Jun-2025,East
TX103230,C88104,,95,16-Apr-2025,South
TX105237,C46421,1216.47,80,2025-02-14 03:30:50,North
TX107050,C99974,1450.67,37,15/01/2025,West
TX100223,C51245,982.24,31,2025-06-02,West
TX103631,C26483,937.28,9,09/05/2026,South
TX105506,C10425,167.67,104,15/03/2025,East
TX101968,C40495,1362.43,51,05-May-2026,West
TX107083,C98039,7.98,79,31-May-2025,South
TX109606,C91678,484.86,21,2025-09-16,South
TX104737,C42177,966.02,23,05-14-2025,West
TX108897,C10282,198.32,91,07/05/2025,South
TX107209,C64496,680.72,120,01-Nov-2025,East
TX102510,C98696,1285.43,22,2025-04-06,East
TX109138,C80697,737.51,87,02/11/2025,South
TX102783,C73904,1257.48,85,03-Sep-2025,North
TX107069,C51359,686.86,35,2026-02-04,East
TX107304,C60432,162.9,109,13/10/2025,North
TX104277,C78327,845.2,55,2026-04-21,South
TX108537,C55830,466.86,117,09-18-2025,North
TX101826,C11504,139.64,91,04-Nov-2025,West
TX104913,C20543,928.46,4,2025-11-24 22:39:56,South
TX104864,C30926,734.98,1,01-08-2025,East
TX106305,C40217,936.01,9,08-29-2025,East
TX100123,C56357,400.39,46,27-Jan-2026,South
TX107445,C33834,1056.26,88,06-Jul-2025,South
TX108373,C28289,,101,27/06/2025,East
TX102000,C69510,998.55,6,2025-05-17,South
TX102877,C41635,1100.48,80,2025-03-07 01:11:05,East
TX106950,C61173,124.45,16,14-Mar-2025,South
TX109840,C14207,910.3,58,03-31-2026,South
TX109749,C19016,597.61,95,15-Feb-2026,North
TX104132,C51245,606.01,74,2025-04-15,North
TX100784,C25118,179.11,115,20-Mar-2025,West
TX103099,C55870,353.74,76,05-14-2025,South
TX104432,C78386,729.22,77,16/01/2025,West
TX104229,C99065,1423.72,75,11-Apr-2025,South
TX102621,C64321,1451.85,109,31/03/2026,East
TX105356,C73372,442.15,96,2026-02-11,West
TX101995,C70258,1420.47,113,2025-07-02 16:47:59,East
TX100440,C93307,1164.52,87,2025-08-24 00:30:07,South
TX106539,C43386,1275.84,0,2025-11-23 09:34:47,West
TX105744,C38746,1187.75,35,11-18-2025,South
TX105763,C16057,928.76,76,03-22-2026,East
TX100354,C39831,581.64,108,02-Sep-2025,East
TX105991,C87110,255.53,61,17-Jun-2025,South
TX108690,C45683,1105.21,87,2026-02-16,South
TX107958,C89457,,30,2025-04-10 15:38:59,East
TX102437,C56507,957.57,24,07-30-2025,East
TX105920,C82667,1176.27,88,2026-03-14,North
TX107732,C31747,655.69,58,2025-04-29 01:24:58,North
TX109280,C88047,203.11,2,2025-07-28 13:30:15,West
TX102608,C89276,261.38,60,27-Jul-2025,east
TX104713,C23947,581.79,2,2025-06-20 09:42:05,South
TX104675,C15383,105.76,34,03-30-2025,North
TX106513,C22196,1409.92,64,2025-02-10 02:24:42,West
TX108343,C16630,,109,2026-01-19 23:47:46,East
TX109789,C52237,1461.04,105,05/10/2025,North
TX100983,C76784,NaN,83,2025-03-24,South
TX100731,C65518,1087.73,17,2025-05-01,North
TX104894,C88193,728.87,98,12-May-2026,East
TX101743,C89997,768.62,61,2025-12-09 08:50:05,South
TX106355,C21221,427.89,99,23-May-2025,West
TX102386,C73464,410.13,92,2026-01-28,East
TX101011,C75612,378.95,60,07-22-2025,South
TX106035,C48752,1478.84,99,2026-01-25 19:46:48,West
TX105247,C49829,1335.61,101,04-29-2026,North
TX100090,C90676,106.18,67,2025-10-06 16:35:01,West
TX101942,C86503,1352.1,59,2026-01-24 15:46:07,East
TX107778,C57447,1245.81,105,2025-01-26 00:49:45,West
TX101411,C94874,1465.88,93,31/07/2025,East
TX101939,C70637,736.21,82,26-Aug-2025,East
TX104123,C96673,960.44,7,14/05/2025,North
TX101749,C80468,,83,23-Jun-2025,North
TX109519,C29528,,118,2026-03-31,North
TX107451,C57795,387.5,45,13/04/2025,South
TX104269,C18161,1081.91,58,25/11/2025,East
TX101730,C79827,798.65,113,2025-09-28 19:59:39,East
TX106585,C18326,1290.79,71,2026-03-14,East
TX105324,C10074,NaN,108,09/02/2025,East
TX102679,C42953,637.47,57,01-06-2025,West
TX103566,C82063,1320.78,97,01-26-2026,East
TX103542,C35825,810.71,102,12-11-2025,East
TX107749,C96374,104.64,27,2025-10-03 19:48:09,West
TX108394,C78765,546.68,55,04-12-2026,South
TX107204,C63545,47.58,58,03-Nov-2025,East
TX100310,C64321,1138.77,120,2025-02-21,North
TX100834,C84341,834.29,100,03-06-2025,West
TX100182,C82692,691.2,31,23/12/2025,South
TX106568,C41439,359.53,90,2025-06-17 03:15:46,East
TX105735,C85849,511.68,65,10-03-2025,West
TX100911,C48427,77.75,48,28/01/2026,East
TX109103,C98696,NaN,37,2025-01-19 13:51:06,East
TX107816,C16734,611.22,32,29/05/2025,West
TX103405,C47388,240.3,39,13/11/2025,North
TX108850,C13534,1168.07,103,2026-02-03 00:10:55,East
TX105671,C97580,1171.56,47,11-15-2025,South
TX107003,C63225,229.32,117,31/10/2025,East
TX107268,C89415,687.83,4,07-Nov-2025,South
TX100892,C92544,906.49,77,21-Oct-2025,West
TX100820,C99166,635.53,119,04-03-2026,South
TX100595,C92149,711.32,94,2025-12-06,South
TX107424,C81810,1066.17,66,2025-07-08 03:38:31,South
TX100553,C55870,91.99,73,2026-01-09 02:30:46,South
TX109688,C70931,17.0,117,2025-03-14 07:08:16,East
TX109598,C46471,656.44,86,2025-05-22 20:20:14,West
TX102942,C48974,1037.93,90,2025-11-25,North
TX106399,C43065,495.19,20,12-Feb-2026,West
TX100596,C89516,705.96,65,09-Apr-2026,South
TX108817,C63269,105.48,22,2025-10-22,East
TX108170,C36100,451.72,78,2025-03-19,North
TX109343,C16658,354.74,37,2025-12-06,North
TX106712,C42662,525.37,76,01-13-2025,South
TX109347,C79827,212.82,70,06-Mar-2026,North
TX104263,C41830,186.03,40,11/09/2025,South
TX108960,C39816,740.26,31,13-Nov-2025,West
TX108886,C62383,867.13,97,04-20-2025,North
TX104076,C69929,,109,2025-12-02, West 
TX106555,C35443,101.44,101,25/06/2025,South
TX103098,C69049,1402.91,104,27/12/2025,East
TX103145,C44237,NaN,49,17-Jun-2025,East
TX101459,C50888,1416.79,19,16-Apr-2025,East
TX106030,C87656,1406.24,99,30-Mar-2025,West
TX108425,C98039,1330.03,87,31/05/2025,North
TX105899,C18834,1484.93,29,2025-06-19 21:18:36,North
TX100319,C74686,366.7,62,01-Nov-2025,East
TX103365,C80798,219.69,90,2026-01-19,West
TX106468,C16826,528.21,107,06-Apr-2025,North
TX103784,C19602,146.54,69,02-17-2025,North
TX106297,C25525,1206.6,38,20/08/2025,South
TX104829,C10726,1125.37,57,18-Jan-2026,North
TX102565,C41385,989.45,49,09-25-2025,West
TX106338,C27361,1049.62,30,2025-11-17 18:31:48,West
TX106592,C38534,NaN,109,29-Nov-2025, West 
TX100525,C45382,783.47,86,10/11/2025,West
TX106001,C47606,584.47,99,04/01/2026,East
TX104791,C81810,367.06,107,06-29-2025,South
TX108209,C40512,209.7,53,2025-05-18,West
TX101454,C47606,242.33,87,2025-03-26 07:53:59,East
TX100115,C45179,978.44,98,20-Oct-2025,North
TX101308,C39256,496.04,116,07-08-2025,North
TX106858,C68446,852.26,10,2025-05-15 22:37:22,East
TX109001,C88907,1127.49,98,05-29-2025,East
TX103964,C89276,1370.48,41,12-Dec-2025,West
TX109283,C45400,1331.01,46,05-Feb-2025,South
TX109660,C85470,689.39,65,15-Oct-2025,East
TX100629,C96356,1255.46,101,2025-04-20,East
TX109601,C64040,774.77,9,07-14-2025,south
TX100679,C25670,743.68,94,26/08/2025,North
TX106375,C43862,858.21,109,11-Apr-2025,East
TX108221,C51904,453.36,16,13/01/2026,North
TX101562,C41195,954.77,75,2025-06-01 13:32:40,South
TX108970,C91439,546.28,84,02-02-2025,East
TX100662,C61116,731.79,85,2025-12-23 17:28:29,South
TX102653,C79588,602.01,35,2025-11-18, West 
TX109922,C52753,1008.43,92,2025-05-19 03:27:37,West
TX105097,C54092,892.6,72,07-12-2025,South
TX104507,C76542,1451.33,19,2025-09-21,East
TX105997,C74454,NaN,93,2026-02-12 11:55:39,West
TX103549,C30374,115.46,83,10/04/2025,East
TX107742,C43065,1491.53,70,2026-05-02 11:26:47,North
TX103011,C67560,297.37,120,03-11-2025,East
TX104103,C13804,1185.8,77,2025-10-02,East
TX105059,C25525,1275.41,10,11-Feb-2025,North
TX106244,C96900,,91,2026-01-06,North
TX101722,C38016,1033.15,74,03-May-2025,West
TX108215,C80539,1288.17,118,17/11/2025,West
TX105862,C52504,1007.45,113,11/08/2025,East
TX101974,C30926,166.73,43,2025-12-27,West
TX106988,C87993,869.87,21,22/04/2026,North
TX102591,C19329,1344.99,1,31/08/2025,East
TX100104,C79822,583.55,71,03-02-2025,South
TX108434,C19305,836.45,74,2025-06-23,East
TX107531,C61990,1242.43,95,02-19-2025,South
TX108075,C90120,689.86,66,2026-04-17 08:12:04,North
TX107928,C76784,593.51,76,27/10/2025,West
TX108449,C59672,1026.86,58,2025-01-23,East
TX100299,C48175,401.57,36,02/06/2025,North
TX101099,C59009,328.13,26,03/05/2026,North
TX104952,C80292,NaN,53,09/02/2025,West
TX101850,C40311,634.0,79,21-Oct-2025,South
TX105194,C84341,1311.02,2,2025-12-26,North
TX104334,C22240,683.69,21,08/02/2026,West
TX108689,C31579,130.51,21,02-11-2025,East
TX108277,C24322,709.42,41,03-12-2026,East
TX107062,C87992,416.35,52,2025-06-28 20:48:38, East 
TX107787,C93130,602.7,76,01-09-2026,West
TX100155,C72493,596.94,104,02/01/2025,North
TX104533,C98501,502.39,7,01-22-2026,West
TX104510,C38569,151.39,52,01-May-2025,West
TX109824,C39466,,118,2026-01-30 02:12:47,East
TX102181,C79588,1357.88,59,20/08/2025,West
TX105988,C41499,510.91,91,01-19-2026,South
TX100271,C42816,772.62,86,06-03-2025,East
TX107546,C18981,349.3,107,11/12/2025,South
TX103630,C98039,20.19,35,09-21-2025,West
TX108346,C38016,806.7,41,2026-04-29 10:04:22,South
TX100647,C82420,64.89,60,2026-01-11 01:27:33,West
TX101552,C24029,1044.46,34,23-Dec-2025,South
TX105869,C29769,484.56,77,2025-01-23 20:01:41,East
TX108083,C25525,621.01,58,11-Mar-2025,West
TX105236,C65518,1284.61,19,2026-05-02 16:28:24,North
TX102766,C44795,1014.88,94,2025-04-24 08:45:52,South
TX104700,C70946,335.31,93,2025-04-06 01:40:49,North
TX106267,C85456,1070.77,19,05-13-2026,West
TX104982,C80697,1104.16,50,03/01/2026,West
TX106826,C33206,1394.26,8,2026-03-27,South
TX104858,C12719,1317.57,66,16-Apr-2025,East
TX103925,C29342,1091.45,106,11-14-2025,South
TX104772,C19602,1328.52,114,2025-05-04 15:34:58,North
TX104458,C86019,1275.5,42,2025-04-19,East
TX107216,C30379,1330.14,104,08/02/2026,West
TX103960,C68743,1438.31,15,2025-12-05 05:53:08,East
TX106507,C97670,889.23,48,04-25-2026,East
TX104135,C35242,1445.16,40,2025-12-09 18:45:39,South
TX105348,C80284,842.5,31,01-08-2025,East
TX108870,C54092,596.36,15,04-06-2025,south
TX102033,C35042,1446.68,61,22-Dec-2025,South
TX101781,C82529,709.72,30,09-30-2025,West
TX108318,C50538,1298.28,32,20-Jan-2025,East
TX104189,C83975,1497.52,118,04-03-2026,East
TX100964,C11854,221.33,120,01/06/2025,West
TX109710,C38016,879.91,72,03-14-2026,North
TX107805,C87607,852.02,36,21/11/2025,South
TX103650,C49529,876.21,98,12/08/2025,South
TX106112,C80855,NaN,42,2026-01-13 05:30:47,North
TX102479,C29528,486.17,94,01-Mar-2025,South
TX105480,C19545,145.64,21,2025-08-01 02:14:02,West
TX107409,C64040,1197.02,5,10-Aug-2025,West
TX104903,C53279,32.34,61,20/01/2026,West
TX103270,C16658,1139.37,57,05-09-2026,South
TX102414,C77889,140.92,103,2025-08-09 12:48:44,South
TX105028,C50001,71.57,104,02-13-2026,East
TX103612,C26544,124.46,119,15/01/2025,East
TX109050,C82848,1241.58,25,12-Mar-2025,South
TX105086,C23970,725.1,36,2025-08-17 23:31:06,South
TX109761,C80776,11.36,81,20-Dec-2025,South
TX102651,C17455,418.06,2,25/01/2026,East
TX107637,C73092,1449.64,47,03-06-2026,east
TX105389,C82667,849.18,115,18-Feb-2025,West
TX106872,C76542,1096.03,27,13/10/2025,East
TX107295,C67733,832.21,9,2025-02-20 15:11:07,East
TX103653,C78327,137.37,102,12/04/2026,East
TX103996,C28373,1393.97,4,24/11/2025, North 
TX100759,C42951,399.32,40,12/08/2025,South
TX100046,C81511,682.98,53,2026-01-09,South
TX103054,C17944,81.42,103,2025-04-01,East
TX102638,C63883,464.49,32,03/03/2025,South
TX102531,C65057,246.73,74,30-Jan-2025,South
TX101057,C86019,806.64,29,2025-07-16,West
TX106918,C68082,347.46,30,22/06/2025,South
TX108119,C16590,728.22,100,2025-01-15,West
TX100512,C90676,112.11,99,08-09-2025,North
TX105468,C32810,593.88,15,2025-04-12 20:28:54,South
TX103891,C46509,1496.72,115,21-Jul-2025,North
TX103223,C23396,1105.93,73,01/09/2025,East
TX109886,C41195,551.19,37,03-26-2026,East
TX105972,C83259,806.25,24,28/07/2025,West
TX100356,C27361,1294.55,112,06/03/2026,West
TX108578,C36130,951.06,72,12/08/2025,East
TX103185,C33509,1009.22,12,2026-04-03,West
TX100279,C27361,1173.25,44,2026-04-13 16:20:24,South
TX100496,C87128,150.19,92,2025-04-29 12:12:12,East
TX104879,C42406,NaN,40,12-23-2025,North
TX107844,C41439,,106,02-02-2026,South
TX101118,C59692,1335.12,81,11-Apr-2026, East 
TX102536,C50768,1416.51,109,05-02-2026,West
TX101113,C92213,683.29,80,02-03-2026,East
TX104683,C21114,,40,07-26-2025,South
TX103499,C58393,1079.66,24,03-04-2025,East
TX106756,C37938,665.44,62,2026-05-04,South
TX101346,C91927,390.47,65,2026-02-21 23:55:29,West
TX108974,C77889,1282.24,23,18-May-2025,West
TX108018,C44600,778.04,98,03/05/2026,West
TX102603,C44438,1405.69,19,07-31-2025,North
TX104616,C19305,952.07,118,23/05/2025,West
TX101332,C80776,140.15,101,28/01/2026,South
TX106303,C91959,807.66,77,16-Feb-2026,North
TX109463,C80010,,2,10-Mar-2025,East
TX103186,C71261,483.05,52,15-Jan-2026,East
TX108382,C94696,741.12,18,2025-07-25 19:00:07,West
TX107174,C48974,583.51,88,01-06-2025,East
TX101081,C93748,866.88,45,2025-02-15,East
TX100570,C66346,664.47,15,20/05/2025, East 
TX101462,C38361,173.69,59,2025-08-07 05:56:45,West
TX101918,C11607,762.13,101,22-Jan-2026,West
TX104539,C61990,441.82,112,12-Feb-2026, South 
TX102691,C33519,1036.85,77,24-Dec-2025,East
TX108282,C60488,553.86,120,2025-11-03,North
TX107590,C89276,451.91,2,2025-12-10,North
TX102488,C11607,821.28,9,09-Apr-2026,West
TX104494,C82420,273.9,114,21-Apr-2025,North
TX108759,C35105,692.93,93,2025-07-04,West
TX102215,C96662,948.29,73,04-06-2026,East
TX105627,C96673,107.13,111,13-Apr-2026,North
TX102240,C17716,338.12,69,10-09-2025,North
TX109306,C40021,458.5,67,2025-07-27,North
TX104484,C67433,1144.04,13,2026-02-24,South
TX105637,C47268,758.97,90,24/12/2025,North
TX100442,C10282,1012.18,105,2025-06-25,East
TX103682,C26683,722.01,91,2025-05-17,West
TX102845,C68028,1340.98,4,2025-03-19 17:53:56,West
TX109524,C97500,965.6,34,2025-12-10,South
TX104596,C40828,1051.37,117,08-09-2025,East
TX108039,C48752,180.13,24,03-31-2026,South
TX108036,C74789,1180.05,15,06/07/2025,East
TX103436,C50001,10.87,9,16-Aug-2025,East
TX106811,C85243,681.93,104,2026-05-14 19:30:10,East
TX106545,C92149,899.88,91,2026-04-01,West
TX102613,C40161,32.76,11,26/04/2026,East
TX100865,C29313,635.98,25,15/05/2026,East
TX101484,C79329,1388.63,30,2025-06-13 11:04:44,East
TX108027,C46434,956.17,43,19-Feb-2026,East
TX104100,C38080,539.22,96,17-Mar-2026,East
TX101333,C93810,304.61,22,06-04-2025,North
TX102462,C27146,918.89,67,2025-08-06,East
TX107402,C67654,1008.17,75,11-13-2025,West
TX104979,C79616,802.44,110,2025-10-04,North
TX105555,C45614,172.23,50,23-Feb-2025,south
TX100617,C44675,,34,03-19-2025,West
TX101546,C93320,937.93,86,21/07/2025,North
TX106630,C42953,521.09,56,28-Mar-2026,South
TX107327,C44970,64.02,89,22/08/2025,South
TX107352,C97684,1444.77,66,2025-11-04 08:30:42,East
TX109866,C40512,1191.17,70,05-12-2026,West
TX106302,C97012,232.86,100,29-Jan-2026,West
TX100736,C72493,NaN,107,2026-01-14,East
TX103239,C97416,931.77,22,24/09/2025,South
TX102125,C42914,568.58,108,10/03/2026,South
TX107133,C44973,507.17,69,16-Jul-2025,East
TX101291,C10074,789.26,17,2026-01-19 13:25:00,South
TX106140,C46517,103.42,75,20/10/2025,North
TX101377,C39045,1234.36,98,01-21-2025,West
TX106210,C10425,628.18,51,2026-05-09 12:26:48,North
TX103603,C37802,613.65,117,2026-03-31,South
TX105081,C46048,746.57,67,01-27-2025,West
TX102270,C67954,307.52,37,05-31-2025,West
TX105806,C84177,299.98,35,2025-06-06 22:36:50,South
TX100165,C85631,266.82,86,2025-08-07 15:03:22,West
TX109811,C29769,231.89,38,2026-02-27,West
TX105996,C72518,892.15,59,22/06/2025,East
TX102003,C35313,1289.2,84,10-Dec-2025,East
TX103516,C51588,162.17,116,04-21-2026,West
TX106840,C45774,874.26,83,03-21-2025,South
TX109291,C42177,264.94,52,2025-04-23,West
TX101247,C22280,630.85,97,11-Oct-2025,North
TX103445,C30730,298.13,95,2026-02-20 11:54:33,West
TX104955,C80010,NaN,38,2025-06-23,North
TX102893,C17716,932.77,43,2025-12-12 09:22:11,East
TX103411,C49529,,13,2026-04-18 20:10:49,North
TX102247,C50135,1416.76,54,07-20-2025,East
TX103553,C18981,841.69,62,2026-01-12 17:56:28,East
TX101876,C49321,289.63,57,2025-02-08 09:19:16,North
TX101887,C42914,991.03,1,02-02-2026,West
TX103033,C35112,649.93,5,2026-02-13 20:05:37,East
TX102319,C17716,NaN,111,2025-12-07,South
TX102503,C91183,676.81,32,2026-02-02,South
TX109057,C94696,1006.96,75,26/05/2025,West
TX109205,C80010,431.29,7,11-Apr-2025,East
TX104906,C67905,463.38,55,18-Feb-2026,West
TX100187,C65057,1232.25,118,02-09-2025,East
TX109656,C46463,1048.71,57,2025-04-29 06:58:03,South
TX108153,C44671,921.32,110,11/09/2025,South
TX107520,C70901,1008.93,88,17-Oct-2025,South
TX102485,C47450,352.85,70,2025-02-16,North
TX109572,C50538,1162.11,99,28/04/2026,East
TX107055,C28643,1166.68,111,03/02/2025,East
TX100566,C10425,1385.84,93,2026-03-24 09:49:20,East
TX106975,C29555,1292.25,115,26/05/2025,North
TX101501,C97500,1350.84,63,2025-04-09 04:39:58,South
TX105584,C49857,1461.25,98,02-Sep-2025,West
TX105628,C80539,569.89,3,2026-04-05,North
TX105008,C41890,336.63,55,2025-07-19 09:55:12,West
TX101392,C22676,402.32,35,16/02/2025,North
TX106867,C74340,326.14,93,2025-03-15 06:44:55,West
TX107087,C40311,349.3,47,07-Mar-2025, East 
TX109947,C15209,192.83,9,04-Mar-2026,South
TX106787,C53719,923.3,72,17-Feb-2025,West
TX104618,C41385,1373.47,53,19/02/2026,West
TX101571,C14207,,19,05-19-2025,East
TX104617,C96356,191.85,22,08-Jan-2025,West
TX105262,C73904,1432.72,12,21-May-2025,South
TX100824,C83975,1105.19,82,15/02/2025,North
TX100241,C64377,1380.24,78,18-Dec-2025,East
TX101202,C31319,195.15,66,2025-06-02,North
TX109234,C11934,649.69,106,2025-06-19 03:01:07,South
TX103201,C24322,953.67,93,2025-10-27 10:27:25,South
TX109250,C28373,1498.66,113,2026-01-09 03:48:16,East
TX105500,C23970,20.01,32,08-22-2025,North
TX102311,C57795,1495.54,8,27-Jan-2026,West
TX100221,C80697,850.65,98,28-Jan-2026,North
TX102916,C56566,393.18,44,2025-11-03 12:24:39,East
TX105146,C92719,355.92,89,2025-03-16,East
TX102786,C80010,1454.02,95,2025-01-16 23:41:37,West
TX105347,C83060,1170.54,93,22/01/2026,North
TX104857,C89593,314.76,106,2026-03-03,East
TX102988,C10074,965.83,65,2026-02-08,East
TX103384,C72296,1040.63,54,2025-01-13 01:47:48,North
TX102090,C86225,245.57,33,03-Jan-2026,East
TX109308,C66626,28.34,94,31-Mar-2025,West
TX106536,C57739,1136.11,7,2025-09-20 17:13:31,North
TX104614,C88135,1300.28,46,02-22-2026,West
TX106985,C51359,1416.74,51,02-05-2025,North
TX103760,C28643,310.02,85,12/07/2025,East
TX102887,C49117,1274.07,37,05-18-2025,West
TX105292,C42018,1179.04,49,12/10/2025,South
TX108586,C37869,433.43,113,2025-06-12 05:24:03,West
TX101055,C38785,195.67,98,07-17-2025,South
TX107253,C26544,422.61,48,2026-01-12,South
TX101771,C59615,652.77,20,2025-02-01,West
TX108536,C29769,1046.0,50,02-10-2025,North
TX105459,C86569,1013.89,64,01-08-2025,East
TX105038,C13905,663.59,35,02-Jan-2026,South
TX100377,C44973,1037.44,37,2025-04-15 01:22:52,West
TX104644,C81121,1298.38,17,2025-01-11,North
TX100745,C18326,1032.76,105,06-17-2025,East
TX105460,C89507,,112,26-Jun-2025,East
TX108208,C96951,980.12,117,19/04/2026,South
TX104749,C54118,397.43,13,09/07/2025,West
TX104167,C29313,836.39,28,2025-01-16 11:03:30,East
TX101585,C21221,376.1,48,2025-08-05,South
TX107727,C47196,1170.96,12,08-08-2025,South
TX108136,C56566,1383.59,10,02-20-2026,North
TX109444,C47388,1162.52,47,02-Feb-2025,East
TX108121,C54942,1470.88,65,13-Mar-2026,East
TX107468,C40340,136.57,85,24/02/2025,North
TX102501,C35203,1171.36,99,05-01-2025,North
TX101649,C25525,1308.45,81,22/03/2025,South
TX105469,C90120,271.36,67,2026-04-26,East
TX101537,C69177,1002.16,34,2026-01-17 04:41:25,East
TX101234,C39871,1488.0,32,01-09-2025,North
TX107639,C89840,820.85,36,17-Oct-2025,West
TX102642,C79163,65.27,38,10/01/2026,South
TX102778,C97538,523.7,94,2025-05-11 07:37:27,West
TX103623,C74042,977.31,109,16-Feb-2026,West
TX107397,C93606,1380.28,119,2025-12-25,South
TX107240,C32782,1276.37,61,19-Feb-2026,North
TX106485,C67080,668.18,24,2025-08-18 08:31:46,north
TX103803,C53933,413.4,72,06-16-2025,South
TX106851,C30289,1365.7,33,2025-10-22, West 
TX104099,C96706,458.67,6,05-Jan-2026,East
TX102498,C37742,719.96,8,17/03/2026,South
TX100244,C85914,912.36,24,18-Jan-2026,South
TX102234,C79329,1201.53,16,16/03/2026,North
TX101022,C64496,336.55,54,2025-09-03,West
TX108178,C82350,1264.69,96,2025-11-11,East
TX109884,C41358,678.23,87,2026-04-24 23:13:04,South
TX100812,C77889,1342.04,80,2025-12-07 19:14:22,South
TX106316,C26483,895.4,97,2025-11-10 06:45:16,West
TX105303,C25129,911.28,102,24/10/2025,East
TX100436,C25906,27.97,90,2025-02-05,South
TX106234,C24029,1365.63,38,06-06-2025,East
TX101863,C24621,1195.44,39,2026-03-12 08:40:57,North
TX102596,C30861,173.87,45,2026-02-01 19:26:28,North
TX101906,C44335,336.37,88,04-24-2025,South
TX104817,C15224,882.76,45,04-May-2026,south
TX108652,C42087,651.28,55,28/12/2025,East
TX102220,C88047,467.72,120,15-Feb-2025,East
TX109288,C25670,1042.9,43,2025-07-29 21:50:12,West
TX102741,C58434,1433.72,14,12-03-2025,North
TX102241,C21226,614.06,119,10/12/2025,North
TX109671,C16826,441.74,104,2025-08-08 12:38:00,North
TX101638,C26544,1042.25,81,2025-10-06,West
TX101934,C34957,591.78,70,21/03/2026,West
TX101616,C94080,1152.13,18,21-Feb-2026,West
TX109496,C41830,1304.55,87,2025-05-03 02:11:10,North
TX108869,C87128,647.47,72,2025-07-15 01:22:19,South
TX105167,C65302,899.75,83,04-May-2026,East
TX107076,C49529,1153.22,43,26/04/2025,West
TX108338,C22704,878.32,90,03-08-2026,South
TX106359,C80539,378.72,43,2025-11-21 12:32:10,North
TX102219,C26704,699.08,39,2025-06-08 21:48:27,West
TX105280,C82544,51.27,27,09-09-2025,North
TX106263,C86503,683.83,72,2025-09-17 22:40:14,West
TX107737,C45382,409.97,91,11/04/2026,West
TX104149,C25014,208.43,85,2026-04-26,West
TX105012,C63354,1140.68,16,2025-04-12,South
TX106911,C89069,,106,2025-03-10,West
TX102917,C15224,390.49,62,2025-12-04 06:51:43,West
TX106102,C50306,195.01,42,04-09-2026,West
TX105130,C10221,1330.52,110,2025-12-27,East
TX108011,C47450,157.3,18,10-19-2025,West
TX104525,C44099,170.44,56,23-Mar-2026,North
TX101694,C37607,1308.81,9,11-03-2025,South
TX106117,C45992,566.48,90,10/04/2026,East
TX108980,C83579,925.5,2,13-Oct-2025,west
TX109838,C79352,995.93,55,2025-08-09,South
TX105973,C83579,895.65,66,2026-04-24,East
TX105409,C52487,506.72,53,11/12/2025,North
TX109837,C16057,631.89,38,2025-05-19,West
TX105192,C98039,949.49,53,08-01-2025,East
TX104234,C18161,531.01,101,15/07/2025,South
TX101815,C88697,,109,26/11/2025,West
TX103911,C81426,283.35,80,18-Jan-2025,South
TX103886,C26483,185.69,52,04-Nov-2025,South
TX105698,C95909,,86,16/06/2025,South
TX108377,C81819,1113.56,70,15-Dec-2025,South
TX104418,C49446,1131.73,64,2025-11-18 13:47:12,North
TX105881,C44438,325.83,7,2025-11-26,West
TX107332,C36100,1097.27,54,03-12-2026,North
TX108270,C95181,1028.95,67,24/09/2025,East
TX102582,C35105,35.55,30,06-Jul-2025,West
TX101419,C45382,705.33,83,2025-04-08,West
TX106820,C17989,1019.85,23,2025-11-01, South 
TX105860,C30028,309.82,91,18/12/2025,North
TX105550,C93886,785.68,58,10-09-2025, North 
TX106956,C46241,1393.0,99,2025-03-08 11:52:43,West
TX102470,C35105,1118.29,60,12-Mar-2025,North
TX102366,C83060,376.69,109,30/09/2025,West
TX103338,C71261,752.75,12,14-Nov-2025,North
TX105764,C82845,1092.79,4,12-Feb-2025,West
TX102963,C56566,NaN,91,03-16-2026,East
TX100910,C88135,328.17,89,2025-01-25 20:42:45,North
TX100821,C60488,,8,2026-03-22,West
TX109038,C29973,287.39,38,24/02/2025,west
TX109742,C49446,386.1,37,2025-10-21,West
TX108174,C38569,1140.95,91,04-29-2025,South
TX109413,C13201,801.97,73,2025-08-16 14:59:04,North
TX105903,C71993,1276.66,72,2025-10-05 22:06:59, North 
TX103222,C20641,850.76,26,2025-06-29 05:03:53,North
TX108396,C85454,1159.15,23,03/04/2026,East
TX104776,C80381,1439.0,13,2025-11-23 22:09:55,West
TX106425,C34914,315.66,13,2025-02-14 14:30:33,West
TX102695,C36062,380.79,0,03-Feb-2025,East
TX104274,C38893,651.61,82,2025-12-08 10:12:38,North
TX102841,C23833,343.5,34,05-13-2026,East
TX109105,C67433,702.79,52,04-28-2026,East
TX103901,C69048,331.54,14,07/03/2025,West
TX108040,C13390,325.18,5,09-May-2026,east
TX105847,C56357,1221.19,104,2025-04-29,West
TX109386,C68991,431.25,12,2025-05-29 03:48:27,North
TX103484,C58351,308.07,21,22-Nov-2025,East
TX100590,C80545,,84,12/08/2025,North
TX109566,C93320,1027.45,63,04-24-2026,North
TX105499,C80776,1295.95,25,2026-04-10 00:29:39,East
TX100879,C89069,NaN,114,14-Apr-2025,East
TX108059,C73993,837.38,84,2025-01-15,West
TX100921,C80798,210.65,63,01/06/2025,East
TX104755,C95256,10.09,21,2025-08-11,East
TX102079,C23970,1309.66,48,01-08-2025, North 
TX103765,C20155,1409.47,11,05-Sep-2025,North
TX103281,C90676,595.15,6,12-03-2025,North
TX102235,C40982,1273.14,48,2026-04-21,East
TX104436,C64496,1001.11,13,04/12/2025,East
TX107166,C43386,1298.08,75,01/01/2026,East
TX103738,C97153,214.02,100,03/03/2026,West
TX100371,C93579,758.64,49,2025-08-03 22:48:15,South
TX105272,C88047,968.4,113,01-Aug-2025,East
TX101450,C59674,965.23,69,2025-03-06,East
TX104926,C20458,1132.55,95,2025-06-07 00:09:13,West
TX103890,C66346,874.23,26,04-14-2025,West
TX104744,C38080,1299.79,28,2025-08-04,East
TX100325,C88222,844.38,76,11-08-2025,South
TX100106,C68028,1495.91,103,12-16-2025,South
TX107784,C50135,1439.47,83,2025-12-07 01:22:40,South
TX107064,C82692,349.75,14,2025-04-03,South
TX103426,C12260,1145.58,49,05-20-2025,West
TX105509,C21359,27.54,12,08/04/2025,West
TX104708,C25043,75.87,119,29-Aug-2025,East
TX102759,C56507,967.15,108,2025-12-02,East
TX109718,C73904,453.79,14,2025-04-11,South
TX104564,C21359,188.94,93,08-05-2025,North
TX100360,C78146,116.92,62,14/06/2025,South
TX102740,C22676,847.46,56,07-Dec-2025,West
TX109410,C55830,732.76,37,2025-07-07,West
TX106334,C55309,1228.12,97,2026-01-12,North
TX103920,C68446,310.84,103,27/09/2025,South
TX103053,C39154,665.9,37,2025-06-27 23:39:53,North
TX109185,C99353,795.57,71,23-Mar-2025,South
TX105316,C95990,938.01,107,2026-02-15 20:11:20,West
TX101757,C37653,1129.69,5,09-Jun-2025,North
TX106952,C86622,NaN,44,08-20-2025,East
TX107894,C84593,452.23,39,2025-05-02 08:17:26,East
TX106537,C50888,1043.97,76,2026-02-06,West
TX109580,C64948,690.52,6,23/11/2025,South
TX100880,C25525,240.03,107,07-11-2025,North
TX105351,C30374,1332.73,38,07-Nov-2025,South
TX107259,C57819,219.38,10,29/11/2025,West
TX107466,C25129,742.97,61,08/01/2025,North
TX100150,C49651,332.6,17,02/09/2025,West
TX103224,C90676,814.47,95,04-21-2025,East
TX100981,C39045,100.58,107,2025-10-27 22:52:50,North
TX103421,C41963,99.77,5,04-23-2025,North
TX105343,C34356,629.41,44,09/02/2025,North
TX104475,C18834,162.63,104,2025-08-29 13:03:21,West
TX103059,C51347,NaN,106,09/10/2025,West
TX108272,C46471,1072.82,59,2026-05-16,North
TX107756,C16658,953.38,57,2025-01-21,North
TX104852,C50404,1178.39,9,2025-03-07 04:05:15,South
TX107672,C18326,1202.88,38,2025-05-17 03:14:02, West 
TX103397,C73654,884.91,18,2025-01-09,East
TX106959,C70946,630.92,97,2026-05-02 22:59:18,North
TX108485,C23970,842.95,107,14/05/2026,East
TX106844,C57301,843.29,65,2026-01-03 12:50:16,South
TX100175,C35485,751.46,83,04-29-2026,South
TX103326,C62994,1217.61,72,26-Sep-2025,East
TX109851,C22240,298.84,9,2025-11-23 23:24:28,East
TX103528,C45093,1261.1,59,06-May-2026,North
TX104661,C17331,993.47,22,25/09/2025,South
TX108306,C41266,1089.62,99,12-Apr-2026,West
TX100287,C74722,1058.28,84,2025-07-22 03:21:19,South
TX107365,C92502,1006.36,47,15-May-2026,West
TX109833,C30866,971.26,11,05-16-2026,West
TX100047,C49240,1031.8,60,2025-02-04,North
TX102775,C91987,225.22,56,2025-04-30,West
TX104815,C69177,59.97,13,11/12/2025,West
TX108267,C35144,1430.9,110,08/05/2025,North
TX106660,C62994,1105.26,109,05-05-2026,North
TX106208,C17894,368.83,33,09/07/2025,East
TX104321,C83000,1433.21,101,2025-05-11,West
TX108008,C63528,1119.59,105,31-Dec-2025,East
TX108762,C75435,1150.25,26,30/03/2025,North
TX109354,C24168,994.51,43,08-Feb-2025,South
TX107164,C46463,778.3,22,02/05/2025,South
TX107236,C46509,1137.02,96,13/10/2025,South
TX104886,C48427,720.74,73,02-06-2025,South
TX102341,C19961,1099.71,14,03-Mar-2026,North
TX105048,C15778,NaN,19,25-Feb-2026,West
TX107681,C85243,488.89,15,2025-12-31 20:19:44,North
TX100300,C46241,86.48,0,2025-08-07,South
TX102922,C74032,1128.3,78,29-Aug-2025,South
TX108253,C16590,484.64,78,2025-04-25,West
TX108045,C72070,981.23,49,02-13-2025,North
TX104203,C31299,123.61,45,02-Apr-2026,West
TX109528,C27601,,117,29/04/2025,North
TX107372,C70217,1382.03,20,12-27-2025,East
TX101858,C40495,1471.5,105,01-02-2025,West
TX109537,C46347,236.58,91,2025-02-16,South
TX105590,C80575,NaN,21,30-Jan-2025,North
TX101311,C80545,1212.11,4,2025-07-09,East
TX104716,C64948,1148.4,88,2025-10-09,South
TX105985,C19508,518.12,113,2026-03-29 19:23:11,North
TX103906,C13390,20.89,32,09-22-2025,West
TX107694,C14067,72.43,1,14-Mar-2025,North
TX102258,C65069,485.07,33,2025-07-31,East
TX103017,C36365,1309.51,64,04-12-2025,East
TX103792,C89276,676.2,69,04-Jan-2025,West
TX104339,C62565,548.89,102,2026-01-02,South
TX104561,C50001,308.79,67,06-14-2025,West
TX107192,C65302,772.7,74,2025-06-11 05:41:16,East
TX106545,C92149,899.88,91,2026-04-01,West
TX109095,C17331,886.08,45,12-01-2025,East
TX106254,C59857,238.8,46,04-19-2026,East
TX100906,C89507,21.05,14,30/12/2025,South
TX103025,C97500,954.23,118,2025-06-26,East
TX108844,C21226,926.35,67,2026-03-24 20:30:00,North
TX109060,C29555,NaN,70,01-Feb-2026,East
TX102515,C23970,174.13,103,14/08/2025,South
TX109867,C91070,1199.18,62,2025-05-15 06:00:43,North
TX105354,C26483,796.38,109,2025-01-08 10:30:11,East
TX108264,C80468,1223.03,106,30/12/2025,North
TX108622,C50404,1426.08,1,2025-11-05 23:57:31,West
TX102060,C58944,974.8,75,19/08/2025,East
TX105712,C76784,1249.85,47,2025-10-26,South
TX100218,C82512,1263.77,79,01-28-2025,North
TX104682,C97153,1138.5,118,2026-05-10,South
TX106621,C42406,1259.11,69,07-15-2025,East
TX104168,C33519,345.46,16,10-Nov-2025,East
TX107302,C76562,1286.63,116,25/04/2025,West
TX108187,C98039,1443.93,90,2026-03-28 14:21:52,East
TX105376,C82132,1305.49,54,01-14-2026,South
TX102113,C39045,80.91,40,02-26-2025,East
TX101791,C39871,342.31,17,2025-01-17,East
TX102573,C38760,NaN,76,23/06/2025,South
TX106871,C59692,589.15,59,25/03/2026,East
TX108597,C94012,1347.91,84,2025-03-27 14:38:51,North
TX109061,C74042,632.98,8,11-02-2025,East
TX100641,C91070,221.69,118,09-Nov-2025,East
TX107493,C17685,1482.25,16,24-Aug-2025,North
TX102827,C39219,1048.27,53,02/05/2026,East
TX100456,C55745,1398.11,32,2025-06-26,West
TX102304,C68028,786.36,109,12-01-2025,East
TX107496,C62772,1046.9,71,01/04/2025,North
TX106335,C12757,NaN,115,2025-04-30 20:52:23,South
TX107427,C17331,1494.44,94,25-Dec-2025,South
TX107584,C12671,384.22,112,16/02/2025,North
TX101243,C86622,670.29,112,07-29-2025,North
TX106934,C42706,409.05,63,07-23-2025,North
TX100977,C89069,950.34,56,2025-07-08,North
TX100480,C17455,242.12,93,2025-01-22 16:07:16,West
TX108183,C94659,929.35,90,12-16-2025,South
TX106357,C35242,156.0,43,09-24-2025,North
TX101899,C30028,556.18,89,2025-05-18,South
TX108764,C66959,767.76,56,10-16-2025,North
TX102102,C26704,611.42,34,07-Oct-2025,North
TX100170,C84085,1363.95,27,25/04/2026,North
TX100755,C19602,1409.29,102,2025-11-03,North
TX101073,C98696,1128.76,50,14/09/2025,South
TX104524,C33416,NaN,64,2026-05-06 02:22:50,East
TX106065,C31798,1158.05,22,19-Jun-2025,East
TX102835,C73699,420.57,18,2026-01-19 20:10:24,South
TX102905,C76768,1173.85,98,02-08-2025,South
TX108096,C62581,,116,2025-09-24,West
TX108412,C59672,1306.41,112,2025-04-23 02:44:57,West
TX106822,C70946,495.39,51,18/01/2025,East
TX101016,C46655,NaN,44,2025-09-14,East
TX109632,C93227,207.8,56,15-Sep-2025,West
TX103933,C47930,1311.88,114,2025-07-06 09:35:53,South
TX102188,C72070,1164.47,22,2026-04-10,East
TX109917,C74332,1152.75,40,2026-02-04 11:32:13,East
TX106264,C42092,546.22,47,03-21-2026,East
TX105230,C33519,1415.83,14,04-01-2026,East
TX100965,C62565,999.7,102,2026-02-28,South
TX101825,C42493,1236.79,24,2026-03-01 08:37:20,North
TX107896,C96474,1052.37,78,11-27-2025,North
TX101410,C96951,88.89,43,2025-05-22 11:28:59,South
TX105740,C65518,1103.26,14,2025-03-03 16:04:26,North
TX103701,C15383,716.59,89,12-24-2025,West
TX108957,C82848,97.08,18,05-16-2026,East
TX103143,C30861,1450.42,78,29/11/2025,North
TX100194,C63528,44.26,45,2025-10-11, South 
TX103174,C98696,773.6,25,17-May-2025,South
TX103712,C74722,61.09,113,2025-09-25 08:04:59,North
TX107773,C87139,682.2,63,29-May-2025,South
TX107318,C54092,1165.31,0,2025-10-22,East
TX104763,C44179,1191.27,110,2025-03-05 20:54:18,West
TX107908,C89507,178.26,75,03-24-2025,North
TX104658,C44760,555.54,54,14/09/2025,North
TX106382,C39219,690.29,101,2026-04-29,North
TX106042,C55508,1179.42,17,03-03-2025,North
TX101582,C87656,218.91,108,2026-02-03,West
TX101119,C41385,948.66,109,2025-01-17,South
TX107661,C35105,1129.28,114,2025-07-11 10:16:30,South
TX101813,C72216,839.6,79,2025-07-01,East
TX108092,C46930,1465.24,116,18/03/2026,West
TX103903,C44970,NaN,62,2025-10-24,North
TX109758,C90120,1313.63,115,2025-12-30,West
TX102853,C88104,1401.16,9,2026-01-31 06:27:30,South
TX104721,C37869,8.77,113,07/08/2025,North
TX103419,C54092,1310.67,72,2026-03-03,North
TX103353,C10282,611.25,88,03/02/2026,East
TX109166,C87278,462.52,10,24-Nov-2025,West
TX109859,C95477,390.33,7,04-11-2026,North
TX109860,C34164,818.27,57,01-29-2025,South
TX108266,C82848,304.61,93,01-Sep-2025,North
TX107879,C53279,1148.82,42,2025-01-31 05:25:29,North
TX101833,C90301,1088.54,53,2026-04-15,East
TX107017,C80008,1377.61,43,2025-10-08,North
TX109894,C41195,1192.37,43,2025-10-28 20:44:09,West
TX108699,C48974,298.46,11,29/06/2025,North
TX103465,C79616,1272.19,55,2025-05-21,East
TX105320,C22363,NaN,18,17-Jan-2026,East
TX107957,C83259,491.72,70,02-28-2025,North
TX106053,C70901,284.77,102,05-28-2025,South
TX106223,C54057,946.77,9,13/12/2025,South
TX102738,C68082,1308.51,109,23/01/2025,North
TX103036,C98259,1496.54,17,2026-03-10,South
TX109852,C25129,650.74,67,13-Apr-2025,East
TX100423,C68446,NaN,11,04/09/2025,North
TX101834,C69929,91.63,39,2025-11-06,North
TX100029,C52247,1016.1,86,2025-07-23 11:05:50,west
TX108796,C66531,,18,2025-03-23,east
TX108904,C77839,249.36,7,2025-06-04 03:07:53,South
TX101449,C61876,733.6,70,2025-08-22,South
TX104271,C70217,334.92,62,21/03/2025,East
TX100993,C21395,1469.33,28,2025-07-13,North
TX106799,C35042,1073.43,71,02-27-2025,West
TX106352,C55309,444.9,4,05-May-2025,West
TX101821,C82845,1298.87,93,2025-01-12,West
TX105795,C55745,208.45,62,30/04/2025,West
TX104452,C70258,928.62,50,13-Mar-2026,West
TX104039,C97062,120.96,11,16-Jun-2025,North
TX102537,C49363,600.97,49,22/02/2025,North
TX105463,C78386,1478.71,64,2025-09-02 05:42:25,South
TX105886,C87304,1268.24,4,2025-10-26 09:55:19,North
TX102592,C40735,1492.82,104,02/10/2025,West
TX103482,C62757,1115.96,65,25/12/2025,East
TX106422,C33405,1403.3,55,02-11-2026,South
TX106683,C70889,825.76,20,2025-09-22 02:32:53,East
TX106350,C69598,1214.32,34,2026-03-02,South
TX105264,C17665,624.41,110,2025-12-14,South
TX104014,C37110,893.97,49,2025-12-23 21:07:37,East
TX108261,C64496,857.27,72,2025-05-22,East
TX102938,C11854,1017.38,77,04-15-2026,West
TX102784,C42092,732.85,57,2025-05-28,East
TX100663,C16572,393.71,61,07-10-2025,North
TX100280,C19305,,7,19-Feb-2026,South
TX108086,C64321,82.06,3,03-27-2026,South
TX104538,C97580,570.65,48,2026-04-30,West
TX108177,C14722,270.85,84,24-Jan-2025,South
TX105535,C38893,1400.72,105,2025-05-16,South
TX106625,C53369,1310.41,90,18/11/2025,East
TX106966,C94659,511.16,117,25-Jan-2026,West
TX105538,C73788,451.07,7,23/12/2025,West
TX108684,C80292,233.37,52,28-Jan-2026,East
TX108909,C52600,110.65,35,2026-03-06,South
TX100870,C42662,543.06,3,12/04/2025,South
TX103057,C81582,411.94,77,04/02/2026,South
TX108539,C78765,1491.23,51,28-Oct-2025,East
TX100112,C87304,522.3,120,09-23-2025,North
TX106292,C67091,1113.97,21,2025-06-26 13:02:27,East
TX104309,C38534,1030.23,119,04-28-2026,East
TX104150,C16658,330.32,47,31/01/2025,South
TX101114,C34890,1261.48,92,04-Feb-2026,South
TX107680,C41358,964.08,84,09/02/2026,North
TX106241,C94939,778.6,68,12/05/2025,North
TX109882,C72021,1184.59,79,2025-02-17,North
TX105515,C78494,568.19,16,06/09/2025,North
TX100449,C65255,NaN,48,2025-10-25,South
TX101549,C84531,736.97,115,2025-03-27,East
TX101389,C89905,NaN,94,04-14-2025,North
TX108448,C47606,1247.32,43,09-Jun-2025,West
TX105620,C16006,1204.78,56,18-Sep-2025,West
TX105432,C63883,,118,10-Apr-2025,East
TX101400,C74340,958.64,68,26/02/2026,East
TX104460,C82667,26.12,11,02-04-2026,West
TX107772,C55309,1104.74,67,2025-03-07 06:03:01, West 
TX106845,C33053,590.26,18,04-May-2026,West
TX103930,C24993,233.05,56,02-02-2026,South
TX105488,C13278,1499.64,113,18-Jan-2026,East
TX102419,C30033,1179.21,29,2025-05-23 08:32:27,South
TX104649,C59857,1464.05,88,29-Oct-2025,West
TX105631,C14117,1496.15,97,03-04-2025,South
TX102138,C42177,657.61,68,07-10-2025,North
TX108901,C71524,1475.14,116,2025-01-09 15:32:40,South
TX101669,C72493,1292.04,108,17-Jul-2025,East
TX102748,C82512,1233.44,72,09-Jun-2025,North
TX103992,C25014,460.36,109,2026-02-01,South
TX100247,C87656,883.11,1,15/05/2025,North
TX100031,C70142,709.86,79,2026-03-29 10:58:39,East
TX109313,C52237,442.29,18,2025-11-28,West
TX106327,C24592,1425.25,85,17-Mar-2026,North
TX100342,C65333,37.76,64,2025-03-28,South
TX102390,C72616,39.67,69,07-Mar-2025,East
TX109755,C15778,1126.68,111,2025-12-15,West
TX105647,C78146,441.19,89,24/11/2025,North
TX102334,C59192,156.93,89,2026-03-01 01:00:47,East
TX105200,C77033,53.35,43,2025-03-03 05:24:52,West
TX100744,C38569,1246.78,97,2025-03-08 21:26:50,South
TX101455,C15229,421.24,51,01-Jun-2025,West
TX108332,C76784,1258.09,107,2025-01-04,South
TX102777,C72518,1233.36,29,03-31-2025,North
TX106322,C50319,598.31,105,21-Apr-2026,South
TX100561,C59695,1088.82,40,2025-10-12 00:13:36,South
TX101221,C68082,579.34,105,2026-05-10,North
TX104916,C22833,9.82,115,2025-06-20,South
TX107154,C66959,872.94,95,08/09/2025,North
TX108523,C97062,1489.38,100,2025-03-13 08:50:10,North
TX102602,C52245,1085.46,18,2026-04-07 02:21:00,East
TX108889,C79822,249.01,0,20-Feb-2025,East
TX104437,C24371,675.08,88,18-Jun-2025,West
TX106965,C62743,1208.33,65,03-22-2026,West
TX102805,C39831,924.63,51,2025-11-20 10:27:19,East
TX108812,C55745,325.43,113,09-Mar-2026,South
TX107452,C18161,462.72,12,2025-01-07,South
TX102059,C22196,1094.7,76,04-Oct-2025,South
TX102579,C62521,354.59,70,2026-04-19,South
TX105011,C80678,1393.98,13,01-Oct-2025,West
TX100951,C54057,774.8,84,2025-04-07,south
TX103345,C48566,361.14,52,23-Mar-2025,East
TX107554,C74340,1068.67,9,2025-10-30 23:02:15,West
TX105302,C79329,1182.31,36,20/02/2025,West
TX103655,C80678,756.0,46,2025-08-31,East
TX105540,C10851,1340.41,46,2025-05-04,East
TX106701,C67154,1335.16,44,07-11-2025,East
TX107160,C82845,917.32,103,2026-02-22 21:12:24,East
TX107549,C85456,110.93,43,2025-07-02,South
TX107442,C92719,218.75,62,30-Jan-2025,South
TX103016,C96163,424.63,83,2025-08-08 17:42:52,West
TX104882,C46421,394.15,118,05-06-2026,North
TX100041,C15482,1119.77,60,08-18-2025,North
TX109869,C89840,1087.09,100,25/08/2025,West
TX106692,C92397,1314.61,31,2025-01-29 18:33:39,East
TX106810,C94659,1271.98,88,2025-05-10,North
TX100100,C44687,1497.24,35,2025-11-24,North
TX106197,C49829,507.7,48,20/03/2025,North
TX105959,C40005,1274.45,110,2025-01-13 20:05:43,West
TX101108,C37235,28.22,19,02-09-2026,South
TX108914,C19358,1461.08,77,11-10-2025,West
TX105094,C46559,595.86,65,2025-12-13 15:20:12,North
TX108562,C84177,377.8,31,02-Jul-2025,West
TX107822,C44335,1033.74,91,04-Jan-2026,North
TX103695,C16590,37.11,101,27/10/2025,South
TX106557,C40495,298.52,44,2026-01-12,South
TX102837,C22097,397.09,108,2025-12-07,North
TX107081,C15383,577.72,110,2025-10-21 15:28:14,South
TX106279,C82512,NaN,112,04-21-2025,West
TX109004,C23577,260.13,95,2026-04-30 11:45:20,North
TX109850,C15276,274.96,59,02-Jul-2025,West
TX103585,C76469,412.94,78,2025-01-18 01:13:52,South
TX105696,C22704,1065.68,9,2025-09-11,North
TX100535,C21164,610.28,5,08-Nov-2025,South
TX100739,C34890,1335.92,117,08-13-2025,West
TX105896,C31465,1051.41,48,26/03/2026,West
TX101955,C20641,185.83,92,17-Jan-2025,East
TX108963,C14117,743.5,116,05-13-2025,East
TX104184,C43586,569.6,32,2026-05-11,West
TX106428,C80010,1499.3,105,02-Apr-2025,West
TX106527,C66179,1218.68,54,23-Dec-2025,South
TX100945,C21915,516.52,74,01-May-2025,West
TX107813,C86225,1058.58,91,29/09/2025,West
TX108129,C25713,701.34,93,06/05/2026,West
TX100832,C25906,765.39,64,2025-07-17,South
TX107951,C56112,1372.33,98,2025-03-01,North
TX108740,C41979,1091.58,71,2025-10-22 02:45:47,South
TX105498,C34890,587.38,71,2025-01-22,South
TX107310,C57052,15.31,58,20-Feb-2025,West
TX107109,C16006,997.07,24,2025-12-31,South
TX105046,C19880,82.45,116,09/06/2025,West
TX101002,C49363,208.96,63,2025-09-21 22:07:25,North
TX100913,C77715,997.84,92,2025-03-27,West
TX109712,C72746,670.72,120,2025-12-26,West
TX103489,C54597,929.57,88,10-03-2025,East
TX103374,C70637,1048.91,34,19/03/2025,South
TX109622,C82357,220.46,46,2025-09-19 13:44:02,South
TX106007,C65255,99.17,27,03-09-2025,West
TX108302,C86019,1019.13,15,07-11-2025,South
TX107162,C63005,,48,2025-02-27 15:56:03,East
TX105547,C58520,1209.38,117,19/10/2025,North
TX105517,C62923,1004.42,73,29-Aug-2025,West
TX108387,C51180,501.72,111,05-03-2026,North
TX103078,C89997,9.47,35,05/10/2025,West
TX101045,C25014,901.46,101,2026-05-10,North
TX101252,C81582,484.05,22,2025-09-18 08:49:06,East
TX101150,C78522,412.52,12,26-Jan-2025,West
TX108857,C63264,1070.66,24,09-17-2025,South
TX102646,C80010,539.13,61,22/12/2025,East
TX102197,C85880,397.67,18,18/04/2025,East
TX102038,C83519,1279.85,81,20-Feb-2026,North
TX107187,C16175,50.31,47,29/01/2026,North
TX107044,C85914,1397.25,81,08-Apr-2026,South
TX109318,C52840,1460.5,81,2025-05-15 09:21:09,North
TX101565,C44970,NaN,40,10-29-2025,North
TX100113,C91167,939.41,78,2025-10-01,East
TX100133,C31632,568.35,22,2025-08-24 10:34:22,South
TX100969,C97782,712.77,44,23-Jan-2026,West
TX102467,C81376,1074.36,96,2025-01-27 08:06:37,South
TX106593,C88193,160.65,13,02-07-2026,North
TX105710,C95256,1095.46,34,2025-03-24 20:04:27,East
TX102935,C56112,1233.45,107,2025-01-26 09:32:58,South
TX108499,C62581,1079.2,43,2025-01-02,West
TX101802,C65069,225.99,56,06-Feb-2025,North
TX102468,C55056,1301.67,117,2025-01-05,North
TX102888,C91987,1205.05,103,2025-01-05 09:43:11,East
TX101579,C59674,1456.85,29,2025-12-29 19:15:52,East
TX105865,C44099,14.37,86,03-13-2025,West
TX104026,C80644,240.68,75,2026-03-14 06:18:47,South
TX100292,C31174,1444.8,105,12-29-2025,west
TX104299,C17685,460.15,79,2025-03-01,West
TX109771,C11267,1277.72,98,01-04-2025,North
TX109141,C90728,1282.55,115,02-03-2025,West
TX102940,C28136,1301.41,116,16/10/2025,South
TX107425,C56507,984.95,33,07/10/2025,East
TX102717,C19171,1363.95,16,15-Apr-2025,West
TX102490,C26591,73.19,85,2026-02-20 14:10:14,west
TX100098,C19358,1492.67,23,10-07-2025,South
TX108529,C60328,1263.87,9,2025-04-08,South
TX106484,C40982,760.02,1,2025-01-09,North
TX109711,C73464,1385.68,55,2025-12-10,West
TX105962,C37659,551.88,79,2026-02-20 18:27:59,North
TX101190,C30730,1080.22,43,24/08/2025,South
TX100215,C69829,531.22,58,13/11/2025,South
TX105598,C89069,1193.83,45,01-05-2026,East
TX105536,C38221,639.32,34,03-29-2025,South
TX105726,C72296,619.26,3,2026-04-30,West
TX109395,C23356,732.07,108,22/02/2025,West
TX108591,C12719,514.32,76,03-Apr-2026,South
TX106570,C64496,,91,2026-04-21,South
TX109135,C90676,1455.77,67,06-Mar-2025,East
TX101444,C20745,695.91,75,2025-09-24 18:56:17,East
TX109804,C51588,149.05,0,26/01/2025,East
TX101921,C62350,1219.56,54,2025-06-20, East 
TX101381,C73904,390.59,35,2025-11-01,East
TX104666,C38657,593.83,49,2025-03-16,North
TX107219,C79163,752.69,9,22/01/2026,North
TX106283,C84847,129.79,89,2025-12-06,North
TX101990,C65296,649.03,84,2025-03-13,East
TX109420,C88385,72.29,74,2025-10-04,West
TX102677,C38016,600.21,51,22/03/2025,South
TX107582,C38569,714.48,112,2025-01-14,West
TX109321,C77561,1053.77,29,2025-12-04 10:18:45,North
TX106478,C44671,630.98,7,12-Jan-2026,South
TX100165,C85631,266.82,86,2025-08-07 15:03:22,West
TX100631,C18326,1271.81,78,12/07/2025,North
TX103332,C46434,797.09,79,2025-03-12,North
TX108608,C42087,230.5,83,12-Jul-2025,South
TX103576,C87139,549.89,79,2026-02-09 15:17:41,West
TX109748,C99399,994.79,20,2026-04-22,South
TX108513,C50404,919.03,60,18/05/2025,East
TX100684,C19016,1368.6,45,01-25-2025,South
TX107031,C67154,504.5,69,2025-02-12 07:21:02,North
TX100126,C76469,65.18,4,03-12-2025,West
TX103159,C99192,647.61,4,2025-11-20,North
TX108852,C21970,776.53,50,01-Feb-2025,South
TX104322,C72493,816.82,10,27/04/2026,North
TX100154,C68028,1213.99,58,2025-03-09 13:29:36,North
TX107887,C19838,1395.43,34,2026-03-08,South
TX108293,C42325,1430.22,60,08-01-2025,West
TX101673,C20500,414.84,91,29/05/2025,West
TX107711,C94246,431.16,112,11/08/2025,East
TX106771,C14067,1272.4,72,25/08/2025,East
TX105520,C37760,1392.06,22,05/01/2026,East
TX108304,C24953,1436.21,39,2026-01-30,North
TX105566,C63264,1282.08,107,08-12-2025,North
TX109006,C19287,1305.99,92,2025-09-12,South
TX102039,C36071,795.5,29,12-Jan-2026,South
TX103654,C59735,893.54,100,28/02/2025,South
TX108429,C99399,1447.01,0,03-06-2026,South
TX100618,C81376,719.82,51,2026-03-09,east
TX101604,C74251,740.06,71,11-02-2025,East
TX104901,C95990,34.92,0,10-22-2025,West
TX100441,C92719,348.75,40,07-31-2025,North
TX107699,C74686,847.27,12,10/06/2025,East
TX104335,C71524,355.84,39,2026-04-04,West
TX109576,C54608,990.44,71,24-Mar-2026,West
TX101500,C29769,NaN,103,04-24-2026,South
TX108866,C88047,156.39,59,14-Jan-2025,North
TX102585,C24663,715.69,73,11-25-2025,North
TX108642,C25525,200.25,112,19/08/2025,West
TX106774,C47828,692.68,53,12/04/2026,North
TX100284,C22196,740.88,39,31-Mar-2025,North
TX103957,C46930,329.75,101,2025-10-19 22:21:15,North
TX108867,C46500,703.87,87,2025-03-05 20:15:24,East
TX104925,C99399,797.59,61,2025-11-16 04:13:03,West
TX103435,C94080,NaN,51,2026-02-18,North
TX106003,C46421,1424.66,62,2025-01-15 14:06:33,South
TX106953,C66155,,82,2026-03-21 05:16:25,North
TX105705,C40512,314.51,89,2025-01-12,West
TX101289,C62743,1110.83,93,2025-02-11,West
TX106741,C65069,711.52,1,04-Aug-2025,East
TX101139,C66207,1225.14,68,2025-01-03,South
TX108813,C81819,1409.95,9,21/04/2025, North 
TX109643,C44687,726.56,77,2025-07-23 10:23:49,West
TX103668,C57472,180.92,3,04/03/2026,West
TX103380,C48752,201.53,35,29/07/2025,North
TX109862,C22899,348.55,73,2025-12-26 16:44:10,East
TX105135,C62772,722.03,91,2025-12-17 22:20:44,West
TX105978,C48175,426.8,106,22/04/2026,West
TX109751,C31417,559.72,39,05/09/2025,South
TX107758,C73699,361.73,104,10/04/2025,South
TX108661,C96356,227.12,19,2026-01-24,North
TX109445,C91678,271.68,78,2026-05-15 14:43:50,North
TX108603,C80236,1378.01,44,2025-02-08,East
TX108644,C84691,359.43,80,03-11-2026,North
TX101336,C95256,584.42,40,26/01/2026,West
TX105329,C63271,637.62,53,2026-05-15,East
TX103177,C85392,260.36,70,07-12-2025,South
TX102352,C44814,868.27,68,09/04/2026,South
TX108880,C41195,101.93,82,2025-11-08,East
TX109276,C50538,269.07,12,2026-03-21 06:41:52,East
TX104267,C20322,595.77,34,09-22-2025,East
TX109192,C19038,1385.12,83,2025-01-20,east
TX107832,C14067,239.56,79,07-Mar-2025,West
TX107818,C82350,965.93,81,04-Aug-2025,North
TX106165,C23006,1424.68,73,2026-04-04 07:13:02,South
TX103979,C87397,233.95,113,16/05/2026,North
TX109942,C47606,97.6,90,2026-05-01 14:01:31,South
TX100320,C91167,249.45,114,2025-05-13,South
TX102353,C98555,997.04,37,04-09-2026,East
TX104551,C98259,,26,11-Apr-2026,North
TX104315,C31174,894.44,56,05/05/2025,East
TX102804,C89516,948.8,120,2026-02-14,West
TX102021,C81810,92.59,87,04-Feb-2026,South
TX104782,C49446,682.8,118,24/05/2025, North 
TX103139,C52906,810.68,111,28-Dec-2025,West
TX109074,C84593,617.19,54,2026-02-07,West
TX102811,C40828,851.75,2,18-Feb-2025,West
TX103735,C76784,1063.59,25,2025-09-04 18:01:03,South
TX104314,C41285,352.28,41,2026-01-03,North
TX102413,C98555,576.49,16,2025-02-24,North
TX104087,C82512,664.82,113,2026-02-10 19:41:46,East
TX102068,C27477,1016.04,12,2025-01-18,East
TX105428,C54020,492.06,95,2025-06-01,East
TX103831,C93307,42.74,5,05-08-2025,South
TX105423,C73993,1208.48,66,05-09-2025,North
TX103915,C66498,NaN,102,06-30-2025,North
TX102910,C31465,238.04,31,2025-02-05,West
TX107797,C29410,NaN,25,2025-04-26 16:01:17,West
TX103625,C65069,194.21,70,26-Jun-2025,North
TX107817,C92149,1086.13,117,20-Jan-2025,West
TX105736,C44970,425.32,82,10-Oct-2025,South
TX109324,C55309,35.85,87,2025-04-30 05:58:03,north
TX101102,C22240,816.43,48,26-May-2025,South
TX100533,C71348,343.28,52,2026-01-27,South
TX105270,C39154,613.81,90,01/08/2025,South
TX102011,C70952,352.81,60,04-Jan-2026,North
TX108268,C30517,318.05,51,2025-04-17,East
TX103844,C57739,329.94,55,16/05/2026,East
TX108832,C60019,1031.96,93,02/01/2025,North
TX106342,C76469,691.97,25,13-Jan-2025,East
TX104765,C60488,1327.81,20,20-Mar-2026,West
TX107364,C20641,1206.38,57,25-Aug-2025,North
TX107412,C53719,212.43,33,2025-09-22,West
TX101149,C34050,827.7,45,09/08/2025,East
TX106860,C40311,1456.14,46,2025-12-14 18:06:16,South
TX105915,C90676,748.51,15,2025-01-10,East
TX108232,C83060,1066.6,24,03-19-2025,East
TX105071,C92240,638.39,64,2025-06-28 15:49:03,East
TX107375,C49618,186.24,12,2025-02-12,North
TX101253,C90120,790.16,65,09-Mar-2026,South
TX103508,C87924,532.17,52,08-15-2025,West
TX107766,C41571,345.87,51,12/09/2025,West
TX105778,C99593,765.48,14,04-03-2025,East
TX105079,C15965,NaN,79,2025-07-09,West
TX101988,C24208,376.12,106,03-31-2025,West
TX103635,C26551,866.0,3,2025-12-22,East
TX102733,C87656,103.99,77,2025-09-01 15:55:54,West
TX102237,C92213,503.31,50,03-19-2026,West
TX103981,C25670,428.71,10,09/11/2025,West
TX108309,C61876,1479.87,62,12-Feb-2025,West
TX101965,C15014,744.81,7,2025-03-27 19:03:28,North
TX106114,C22097,656.2,46,2025-02-19 08:30:32,West
TX106814,C31579,857.3,46,04-21-2026, North 
TX106502,C51145,1232.03,1,11-09-2025,West
TX106750,C62994,456.37,57,09/03/2025,West
TX109585,C64987,,27,06-03-2025,South
TX108390,C24993,239.36,103,2026-02-05 15:14:54,South
TX103003,C74799,1235.33,75,05-06-2026,West
TX107966,C96163,750.86,113,04-19-2026,East
TX103616,C87580,1013.4,104,2025-11-12 17:55:57,West
TX104470,C30032,787.76,120,2025-06-13,East
TX103868,C76237,945.12,102,2025-12-04 18:05:21,West
TX103122,C63225,1354.28,32,2026-01-10,West
TX108000,C81810,774.54,72,2025-09-04,South
TX108330,C23238,353.16,19,04-03-2026,East
TX106765,C21915,734.86,62,2025-09-23 01:15:01,East
TX108718,C62743,703.94,110,04-Dec-2025,North
TX104705,C89507,555.8,120,08-30-2025,North
TX100180,C91167,30.01,92,2025-05-21 09:01:32,West
TX108777,C51467,952.65,50,31-Jan-2025,East
TX102378,C95813,954.05,38,07-29-2025,North
TX107139,C19359,913.33,80,2025-10-02 02:00:17,East
TX107649,C82350,802.38,52,12/02/2025,West
TX106261,C56438,1141.44,89,2026-05-10 15:22:50,East
TX109832,C92960,394.77,11,2026-03-07, South 
TX101891,C96163,1427.34,88,09/01/2026,West
TX107910,C89997,1372.79,98,01-09-2026,South
TX101170,C75597,236.78,11,01-01-2026,East
TX102996,C85631,961.62,58,19-Apr-2026,East
TX104971,C80284,186.64,58,2026-02-06,South
TX105809,C84364,1287.48,87,04/06/2025,North
TX108058,C66148,671.4,98,22-Jan-2026,South
TX101744,C36685,820.23,32,2026-01-07,North
TX103928,C57052,501.99,56,23-Apr-2026,South
TX106668,C99687,253.95,101,20/04/2025,South
TX102141,C73517,765.24,74,03/09/2025,South
TX104067,C59797,510.37,101,2025-05-30,North
TX108410,C83385,678.45,54,2025-09-28 19:31:09,East
TX100988,C97841,394.71,83,08/04/2026,West
TX101472,C72031,531.81,31,22-May-2025,North
TX103839,C68008,1276.05,12,2026-02-20,South
TX107270,C35313,395.42,68,12-11-2025,North
TX103575,C38043,1025.6,22,2025-01-17,North
TX102080,C44816,859.6,119,2025-03-13,West
TX102976,C99733,579.68,114,2025-12-30 13:40:24,South
TX109035,C54236,1431.49,28,2025-01-10,West
TX104018,C99192,737.65,63,2025-05-15 14:18:31,West
TX107193,C53279,1491.72,80,19/09/2025,East
TX106144,C59672,1427.45,106,10-16-2025,North
TX102946,C20328,938.58,1,22-Feb-2025,South
TX100490,C31465,1450.91,104,18/07/2025,West
TX104474,C50538,11.6,15,06-28-2025,North
TX107241,C82768,512.82,103,2025-09-15,West
TX103900,C30585,1021.9,15,28/04/2026,East
TX103537,C28301,166.12,72,2025-05-08 02:40:09,West
TX100465,C63225,47.71,84,07-02-2025,West
TX105879,C95477,83.09,81,07/09/2025,North
TX109305,C16826,184.29,34,2025-01-05,West
TX105251,C95256,1108.51,66,2026-01-17,South
TX104742,C37659,338.2,2,2025-04-28 09:24:38,North
TX109828,C90676,405.89,120,06-12-2025,North
TX105042,C40735,653.01,3,02-20-2025,South
TX101008,C48752,57.97,59,2026-04-02 15:03:22,North
TX106092,C65333,1175.1,42,2025-03-07 19:14:10,North
TX105263,C45509,887.14,93,18/03/2025,East
TX102089,C21164,1182.38,0,2025-01-30,West
TX107724,C80575,430.23,57,11-19-2025,North
TX109641,C25129,626.79,24,2025-06-07 11:08:56,South
TX100341,C54725,1422.39,117,20-Feb-2026,North
TX102998,C87993,1226.45,21,2025-04-06 20:38:43,North
TX101692,C94696,702.19,59,10/07/2025,West
TX104214,C66531,1392.85,108,25/11/2025,West
TX101680,C46434,142.95,6,21/10/2025,South
TX100443,C91057,278.26,95,16/12/2025,West
TX105344,C18418,167.43,79,04-30-2026,West
TX103285,C54725,28.12,38,03-08-2025,North
TX109627,C48752,410.88,74,03-03-2026,East
TX108191,C61049,296.16,11,2025-06-16, North 
TX105890,C67433,83.12,59,2025-11-03 13:59:17,South
TX102062,C44816,319.08,22,2025-09-22 01:45:36,East
TX103258,C36130,1125.15,46,24/10/2025,West
TX109015,C59692,37.4,17,2025-08-08 09:43:37,West
TX100872,C84341,NaN,48,2025-12-02,South
TX105431,C14165,550.76,69,2025-01-14,north
TX109946,C58393,847.5,63,01-10-2025,North
TX105561,C45093,1059.24,34,2026-01-31,North
TX104031,C70068,1387.86,9,02-05-2025,West
TX103628,C95909,1456.74,68,2026-03-14,South
TX100522,C59797,796.48,42,08-Sep-2025,east
TX105660,C37653,1422.18,89,26-Jul-2025,South
TX109915,C46655,618.85,51,2025-10-14,East
TX105397,C17026,1070.16,7,14-Dec-2025,North
TX101946,C25866,1318.38,85,09-21-2025,East
TX105282,C90676,1280.56,78,2026-02-27 14:58:00,West
TX108818,C98501,1136.26,32,19/08/2025,East
TX109593,C80010,418.47,97,25-Mar-2026,South
TX107704,C24322,1165.51,98,2025-06-26,South
TX107348,C29313,1233.55,12,2026-03-16 22:25:35,West
TX109685,C31798,699.35,40,2025-04-18,North
TX106008,C32241,NaN,0,09-27-2025,East
TX100396,C76244,1274.95,37,07/05/2026,South
TX103708,C61049,1201.62,40,01-01-2026,East
TX104152,C54236,643.93,100,12-Mar-2026,South
TX103256,C30926,63.77,13,2025-08-13,West
TX105252,C46048,965.07,100,14/01/2026,South
TX101413,C87656,1179.92,91,01-14-2026,South
TX101913,C84593,1199.21,57,03-12-2026,north
TX104775,C24663,981.27,103,03-15-2025,West
TX106856,C43092,1430.17,16,2025-08-16 12:02:10,South
TX100153,C51145,807.31,21,2025-06-17 14:07:43,East
TX105155,C24953,1414.98,61,04-19-2026,West
TX102315,C86019,574.33,99,2025-10-27 00:16:18,south
TX103089,C71524,159.52,76,2025-06-06 13:13:31,North
TX105878,C65723,365.45,9,14/01/2025,east
TX102365,C34267,296.76,86,2025-07-22,North
TX107754,C27361,777.72,10,30/07/2025,West
TX105975,C96752,1399.36,86,29/06/2025,East
TX102896,C33416,1244.68,3,2025-06-04,West
TX106897,C72616,95.09,6,2025-07-11,North
TX102002,C72518,733.82,86,2026-04-03 17:14:21,West
TX107296,C59192,NaN,4,2025-12-22,South
TX108366,C84607,1402.73,59,26-Feb-2025,North
TX105076,C55508,1495.24,93,2026-03-03,East
TX104238,C68008,1258.09,8,12-11-2025,East
TX105794,C73624,269.61,18,05-18-2025,South
TX100232,C46265,647.32,27,09-11-2025,South
TX100276,C10851,642.86,45,20/04/2025,South
TX104804,C98381,1136.86,61,2025-02-20,West
TX104840,C89471,43.77,68,2026-01-12,West
TX104270,C16630,220.16,54,07/06/2025,North
TX108568,C54473,1270.6,110,16/02/2025,East
TX107535,C67954,495.27,81,31-Mar-2025,East
TX101699,C53357,992.62,56,01-10-2026,East
TX100452,C41890,408.57,30,12-Oct-2025,West
TX105464,C42325,81.65,22,06-25-2025,South
TX105394,C18907,1388.45,68,2025-10-26 20:44:31,West
TX105994,C44335,786.05,99,2026-04-19 08:23:06,North
TX107336,C18418,1061.22,82,2025-04-03 12:22:15,West
TX108615,C35144,1345.35,21,12-Apr-2025,East
TX109083,C52237,482.21,80,27-Jul-2025,East
TX106825,C46211,347.15,85,2025-12-24,West
TX100724,C20543,1407.46,34,2026-04-25 19:54:49,West
TX107457,C20543,318.18,55,05-16-2026,North
TX101570,C10464,654.4,104,05/12/2025,East
TX103144,C53279,225.41,111,08-Apr-2026,West
TX106631,C54473,528.34,38,13-Feb-2026,South
TX109823,C76542,1191.19,90,2025-12-30 23:24:11,North
TX106089,C96951,1211.15,71,2026-03-07,West
TX109673,C67154,1337.78,112,11-06-2025,East
TX104731,C30374,138.55,82,2025-05-26,South
TX109092,C44099,775.09,21,2025-06-17,South
TX107776,C15014,262.07,6,10-25-2025,East
TX107702,C58434,510.34,67,05/01/2025,South
TX101803,C36071,1489.16,43,2025-01-16,North
TX103935,C90120,635.55,108,2025-09-08,East
TX101811,C24621,769.97,41,2025-07-09,South
TX105234,C74340,122.88,85,01-21-2025,West
TX105626,C96356,668.2,20,23-Dec-2025,South
TX101048,C97410,625.85,0,13/04/2026,North
TX107092,C83147,44.07,21,09/04/2026,South
TX102687,C82603,585.57,15,11/10/2025,East
TX100950,C80236,212.6,77,2025-03-04 08:44:48,East
TX104050,C63545,1357.66,89,01-24-2026,North
TX100869,C28289,115.23,3,2025-10-12,East
TX103392,C67091,667.95,113,2025-09-24 18:40:36,South
TX107748,C32810,729.77,67,12-29-2025,North
TX102578,C88222,1284.93,112,08-01-2025,West
TX109236,C45093,1317.0,24,16-Sep-2025,south
TX106559,C80381,133.27,4,2025-06-03 20:37:06,East
TX100238,C55870,185.29,110,05/08/2025,West
TX107757,C91439,310.36,108,08/08/2025,East
TX109320,C50538,23.44,57,29-Jan-2026,North
TX103087,C81482,741.31,80,02-15-2026,West
TX105717,C45774,1079.9,18,01-17-2025,South
TX108479,C49824,297.26,36,03-Feb-2025,East
TX108014,C28131,415.64,102,14/03/2025,North
TX109810,C96951,725.25,38,2025-03-24,West
TX108666,C17894,108.8,43,18-Nov-2025,East
TX103807,C69510,977.56,116,09/08/2025,South
TX100225,C91416,917.34,54,2025-03-26 04:50:13,East
TX100622,C94259,542.1,10,30-Mar-2026,East
TX102281,C67905,65.47,34,2025-10-21 07:45:54,East
TX103697,C12540,1284.92,96,2026-02-01,East
TX104757,C25860,1408.59,110,12-19-2025, South 
TX100434,C85456,21.01,108,2025-12-03 09:12:02,East
TX104438,C27154,NaN,6,09-Jul-2025,West
TX107605,C54313,558.8,80,01/04/2025,North
TX108299,C30730,769.82,60,2025-11-08 07:51:11,East
TX104578,C65519,597.42,29,2025-10-22,South
TX102391,C21970,,8,02/12/2025,East
TX105888,C65444,534.07,54,04-11-2026,West
TX106852,C47196,1378.73,12,21/04/2026,East
TX105790,C86350,193.31,31,09/01/2026,West
TX105109,C34890,642.21,89,2025-04-06,South
TX106961,C46517,504.45,50,19/05/2025,West
TX103907,C20745,1036.7,0,03-21-2026,South
TX104848,C50001,1064.82,36,03-15-2025,North
TX103798,C44438,1224.91,43,04-Nov-2025,North
TX105045,C15482,621.36,55,2025-02-14,East
TX101618,C36071,518.46,117,17/03/2026,South
TX109429,C73372,1196.42,73,27-Apr-2025,West
TX108573,C45992,1429.42,70,01-04-2026,East
TX109399,C16658,258.43,54,03-22-2025,South
TX107379,C52906,545.59,2,2025-04-18,West
TX106266,C44099,1185.68,53,2026-04-30,West
TX104713,C23947,581.79,2,2025-06-20 09:42:05,South
TX100464,C31417,1328.78,39,28/04/2025,South
TX102627,C74332,913.97,31,02-18-2025,East
TX107599,C83772,1099.26,46,21/03/2025,South
TX103810,C83920,780.54,74,2026-04-10,East
TX103977,C44760,1355.83,64,25/02/2026,North
TX103804,C82544,887.98,103,03-12-2026,North
TX106465,C48890,1207.47,40,04-Nov-2025,East
TX106221,C19880,468.04,82,2025-02-25 20:25:06,South
TX103871,C14117,90.42,65,13-Feb-2026,West
TX104043,C99353,856.58,0,2025-09-08,West
TX103479,C40512,328.77,50,09-May-2026,North
TX102486,C92502,1368.57,53,13/05/2025,West
TX109876,C30052,605.58,6,13/07/2025,South
TX106492,C66179,1378.77,28,02-14-2025,South
TX106207,C21003,730.02,24,2025-11-20 03:50:14,east
TX100216,C13552,181.2,39,01/03/2025,South
TX102392,C85849,678.06,17,01-04-2025,South
TX105166,C82692,1193.51,13,2026-01-20,East
TX107136,C91927,1260.06,44,04-22-2026,East
TX102408,C65333,220.62,82,2025-07-23,East
TX106597,C53540,1488.65,114,01/02/2025,West
TX105004,C82309,222.37,99,2025-07-15 18:57:58,South
TX109163,C11504,253.95,29,11-16-2025,East
TX102926,C28643,482.77,2,11-Nov-2025,East
TX105268,C66333,825.01,39,09-15-2025,West
TX105304,C34164,721.76,59,2025-02-10 13:30:20,South
TX107745,C93136,965.26,86,20/02/2025,North
TX100209,C59695,716.86,56,05-Jan-2026,South
TX109909,C91070,1116.11,62,10/05/2025,West
TX103678,C97782,537.33,111,27/02/2025,North
TX102019,C39389,663.32,119,17-Sep-2025,South
TX101977,C36130,31.06,55,04-04-2025,South
TX105479,C21221,1394.61,118,2025-06-22 11:34:48,West
TX100989,C27786,1043.3,68,2025-04-15,South
TX102529,C56438,247.49,108,07-May-2025,East
TX106017,C29973,1109.54,115,2026-01-02,East
TX107633,C69638,1498.8,95,15-Feb-2025,East
TX108953,C47606,1143.28,46,21-Mar-2026,West
TX106293,C57472,770.71,70,01-23-2025,North
TX107305,C84668,236.77,10,2025-11-09,South
TX102697,C13552,1230.72,110,02-13-2025,South
TX105617,C68991,1117.08,44,2025-05-20,East
TX104662,C42742,625.72,86,2026-05-10,East
TX106097,C38043,169.82,27,2025-11-02,West
TX105334,C86556,1240.44,27,11-May-2025,South
TX107575,C62581,82.94,112,2025-09-17 00:28:51,East
TX102308,C19602,145.83,41,18/08/2025,South
TX100416,C86225,349.37,103,2025-06-19,West
TX108884,C61049,344.19,65,2025-02-25 00:33:21,South
TX102542,C49240,380.73,16,2025-03-20,East
TX103730,C30517,294.78,42,27/01/2026,East
TX102544,C81066,727.24,5,09-Aug-2025,West
TX104878,C23947,1123.32,4,11-15-2025,West
TX102711,C73092,1201.65,26,15-Mar-2025,West
TX103409,C30033,198.81,114,05-04-2026,North
TX104680,C82768,975.13,38,06/09/2025,West
TX109210,C59689,669.14,91,05-24-2025,South
TX106817,C53719,609.49,61,11-15-2025,North
TX101421,C81819,1110.49,55,2026-04-01, West 
TX108504,C87924,801.4,54,12-15-2025,West
TX100256,C49651,1161.13,114,2025-10-21, East 
TX101266,C81121,958.38,61,29/09/2025,South
TX106623,C89276,501.74,113,17/10/2025,South
TX108139,C14722,1237.74,64,03-09-2026,North
TX108102,C50189,23.37,93,08-Feb-2026,West
TX101458,C76244,376.62,44,06/02/2025,South
TX108269,C97410,789.53,110,08-Aug-2025,South
TX101665,C17685,349.58,79,2025-11-06 08:59:35,South
TX105098,C98381,979.22,22,11-21-2025, East 
TX105336,C99687,685.17,22,08-12-2025,South
TX108552,C19171,412.85,88,07-15-2025,North
TX107140,C83975,275.48,57,14-Nov-2025,South
TX101035,C18326,1186.98,82,08/05/2025,north
TX103859,C94659,561.55,119,13/05/2025,North
TX103148,C86099,1115.46,6,18/08/2025,North
TX105853,C17331,388.79,86,01-Mar-2026,East
TX106482,C93886,1415.87,77,02-21-2026,South
TX104672,C21226,1411.47,1,26/01/2025,East
TX103398,C69929,1138.84,27,03-May-2025,West
TX106906,C85914,545.63,24,2025-02-25 03:14:06,East
TX105486,C54473,1435.45,16,2025-09-26, North 
TX103157,C76307,229.27,95,05-29-2025,South
TX109179,C16826,719.83,84,02-25-2026,North
TX103305,C51588,877.6,120,2025-07-04 22:56:19,West
TX105607,C93507,1231.81,119,08-Nov-2025,North
TX106808,C49363,411.36,79,19-Jan-2026,South
TX106192,C72518,433.91,46,2025-03-15,South
TX106314,C16572,1360.89,25,2025-06-18,South
TX108274,C11934,612.55,25,2026-02-03,West
TX104733,C79352,718.95,51,2026-03-24 19:43:02,West
TX108015,C13761,659.74,53,07-Jan-2025,North
TX109575,C49618,359.22,24,13-Aug-2025,North
TX106729,C41571,967.42,46,08-18-2025,East
TX104559,C40512,609.48,81,09-29-2025,North
TX101214,C35203,194.44,23,2025-05-25,South
TX101507,C81819,286.18,11,2025-06-07 23:57:36,East
TX108363,C71261,1269.16,93,2025-04-26 12:08:20,North
TX108229,C59692,965.28,85,24/03/2025,East
TX108176,C70889,347.6,42,20/04/2025,South
TX102822,C44600,557.75,31,2026-03-23 01:39:58,West
TX106372,C94246,1194.89,3,2026-04-22 16:31:08,South
TX103166,C80678,10.4,23,22/10/2025,West
TX104440,C82848,113.01,45,2025-03-23 16:15:32,East
TX105944,C36100,119.28,120,2025-11-02,East
TX103618,C82845,666.56,111,19-Jan-2026,West
TX103851,C12757,757.65,110,2026-05-06 05:30:35,South
TX100827,C41571,416.07,26,2025-05-06 14:05:51,South
TX103511,C35485,1274.06,67,20-Oct-2025,North
TX107947,C86622,59.45,29,2026-05-08,West
TX101809,C30257,71.0,6,01-02-2025,East
TX106232,C69049,193.43,13,08/07/2025,West
TX108763,C71433,260.04,40,2026-03-17,North
TX107242,C33819,,84,2025-02-08,East
TX107115,C82063,814.36,63,2025-06-20,South
TX102964,C60488,1018.33,6,28-Jun-2025,West
TX102276,C42087,908.86,3,12-01-2025,East
TX103522,C50189,641.93,49,11-24-2025,South
TX101569,C89276,41.6,17,02-08-2026,West
TX100714,C39871,NaN,16,03-05-2026,South
TX100840,C16630,1474.62,43,18-Apr-2025,south
TX108515,C99733,1096.01,40,2025-06-04 23:23:59,West
TX107792,C88193,631.53,58,07/04/2026,West
TX100830,C79514,1441.88,23,2025-01-14,South
TX107386,C98259,1153.69,55,2025-01-28,West
TX103163,C61990,675.77,118,2025-02-17 20:48:41,West
TX104207,C74799,951.32,17,15/04/2025,East
TX104473,C67422,1309.53,104,2025-08-18,East
TX104571,C37110,437.77,28,2025-12-25,South
TX102930,C81426,976.35,67,2025-03-10,South
TX105120,C70946,1494.37,57,2025-05-10 05:44:14,North
TX106907,C46048,868.16,63,04-09-2025,North
TX105911,C69829,320.83,46,2026-02-22,East
TX101309,C80855,600.45,89,12-27-2025,South
TX103739,C54725,157.5,29,19/02/2026,West
TX101611,C85392,NaN,84,02-02-2025,South
TX106783,C67433,661.56,59,14-Aug-2025,North
TX107244,C80010,368.4,34,2025-03-08,North
TX102406,C28301,823.0,8,2025-08-31,West
TX107053,C22899,776.73,90,01-Apr-2025,East
TX105080,C38864,609.97,119,11/05/2025,East
TX107089,C66531,151.1,58,12/06/2025,east
TX107325,C17665,265.22,3,23/09/2025,South
TX101904,C62383,513.58,21,2025-05-14,South
TX102453,C85914,192.7,40,03-19-2026,East
TX107989,C20735,1370.75,77,2025-02-06,West
TX103142,C17716,NaN,2,2026-01-30,East
TX108549,C21395,249.17,66,16/02/2025,West
TX109652,C84607,349.61,10,08-27-2025,West
TX108339,C39466,1044.34,9,2025-03-10 09:03:51,East
TX109248,C66822,900.65,120,31-Dec-2025,West
TX106633,C62757,,119,11-27-2025,South
TX100249,C52237,233.26,10,2025-06-08,East
TX103063,C40007,18.51,68,2025-10-17,West
TX108772,C19880,596.7,120,2025-07-30,East
TX102416,C23006,,39,08-22-2025,North
TX102160,C73788,387.31,100,30/07/2025,South
TX104266,C52600,1382.71,117,21/04/2026,East
TX105369,C70217,1432.36,37,05-Feb-2025,West
TX103416,C67733,695.73,38,2025-07-07,East
TX104345,C51904,746.28,97,2025-11-27 03:23:15,North
TX101104,C19862,1126.17,79,2026-04-20 03:40:28,North
TX102107,C46421,503.29,98,2025-06-16,North
TX102830,C30052,987.62,53,02-19-2025,East
TX104945,C39451,1354.45,84,2025-02-10,North
TX109870,C50687,511.57,56,07-Mar-2025,North
TX109603,C48566,421.66,96,2026-04-28,North
TX104928,C39389,867.94,45,2026-04-10 19:07:07,East
TX108487,C40007,452.99,76,2026-03-21,East
TX102096,C15276,982.2,112,2025-09-16 09:35:45,South
TX104866,C87236,1217.63,72,30/11/2025,South
TX109565,C66207,209.87,77,2025-01-06,South
TX104236,C85525,1478.19,45,2025-01-19 04:18:12,East
TX105702,C28301,1277.25,65,12/05/2026,East
TX107526,C61049,955.14,107,2026-02-19,South
TX107600,C28136,1214.81,21,09-18-2025,North
TX106601,C81376,1291.28,103,2026-02-26 22:48:57,South
TX108780,C42325,861.55,65,12-Jun-2025,South
TX103342,C51145,1364.69,43,10-02-2025,South
TX109225,C30866,1459.45,4,2025-03-25 13:27:55,South
TX102654,C74032,914.08,43,16-Feb-2025,South
TX107982,C21221,593.83,111,12-Oct-2025,West
TX104094,C15695,396.38,54,02-Feb-2025,West
TX108837,C46509,433.88,7,04-07-2026,West
TX108324,C97012,1082.21,76,2025-01-27 18:27:17,East
TX103887,C39389,1218.08,3,01/09/2025,West
TX103328,C74042,174.08,117,2025-12-08 12:19:19,North
TX103589,C20543,618.49,54,2026-04-05 19:35:42,South
TX104771,C17100,808.93,111,2025-03-03 07:32:33,South
TX104998,C73699,NaN,68,2025-07-04,South
TX103692,C52504,623.43,17,19-Mar-2025,East
TX105129,C87656,1209.09,8,2025-06-18,East
TX100248,C46265,944.71,64,28-Jan-2026,West
TX104553,C83147,713.33,91,12/04/2026,North
TX106526,C37742,181.68,93,2026-03-10 18:55:10,West
TX109350,C38080,1072.74,82,2026-04-25 23:38:57,South
TX105770,C42662,989.74,73,2025-08-29,East
TX103853,C25906,649.18,21,2025-12-06,West
TX100080,C12260,1356.44,24,2025-07-08 14:29:49,South
TX106620,C96951,90.79,13,2025-08-15 12:23:06,North
TX101789,C76307,836.65,21,2025-01-14,North
TX108226,C74332,407.93,1,2026-04-05,East
TX106110,C46421,1344.51,87,10-14-2025,East
TX105743,C85456,1205.76,66,02-23-2025,West
TX100781,C45614,1012.34,88,12-Dec-2025,South
TX104295,C19508,1346.86,31,20-Feb-2025,West
TX108194,C56025,495.22,118,02-17-2025,South
TX109102,C65461,835.65,4,2025-03-03 15:06:45,South
TX105441,C91678,1268.62,19,2026-04-02 20:14:16,West
TX109039,C47762,1384.37,80,24-Mar-2026,South
TX101937,C21221,1281.53,9,11-24-2025,East
TX104568,C25713,670.81,120,2025-07-07 14:53:35,East
TX102564,C25043,153.22,44,05-22-2025,North
TX106927,C96474,511.55,48,2026-01-10 09:39:04,West
TX109245,C74042,1343.33,104,06-26-2025,East
TX102004,C42406,1054.51,36,2026-03-04 12:24:34,East
TX107347,C47762,1450.37,70,2025-01-14,West
TX109595,C26728,,82,03-14-2025,South
TX108354,C19961,1116.59,29,03-May-2026,East
TX100949,C35203,1310.25,103,2025-02-21,West
TX109861,C65302,,94,04-03-2025,East
TX102395,C99353,419.19,59,2025-01-15 23:47:35,West
TX106009,C57739,35.92,0,16/04/2026,East
TX109681,C26334,1248.05,41,2025-12-02 10:16:46,West
TX105855,C10221,1054.86,37,10-Jun-2025,South
TX105602,C14117,1153.54,115,29-Apr-2025,North
TX101105,C54313,684.67,48,28/02/2025,West
TX101652,C25157,1307.38,88,2025-10-29 21:38:38,East
TX103591,C80855,1277.88,1,2026-03-26,East
TX105729,C95717,1088.84,30,29/11/2025,East
TX105523,C48566,666.95,3,2025-09-25 07:36:45,East
TX104405,C52840,679.88,5,2026-01-19 21:48:14,West
TX107382,C33206,1064.34,87,05-21-2025,North
TX103242,C80282,157.26,110,2025-07-30 05:09:46,North
TX105738,C31798,NaN,93,09-07-2025,South
TX101513,C44671,900.13,79,12-09-2025,West
TX102346,C18981,473.62,15,08-16-2025,West
TX103892,C47828,731.11,105,2026-02-06 19:30:16,North
TX107593,C15224,123.91,39,02-02-2025,East
TX100387,C34957,922.48,79,2025-05-05,South
TX105655,C51347,522.06,40,23/09/2025,East
TX102110,C42527,85.71,89,01/04/2025,North
TX100137,C19358,666.35,32,18-Jan-2026,East
TX106486,C44237,1218.53,24,06/05/2026,East
TX103978,C18418,1098.7,94,01-04-2026,North
TX104798,C35105,350.5,48,02-18-2025,North
TX107714,C88135,1244.05,107,08-Jul-2025,East
TX100034,C39389,631.59,95,08/01/2026,West
TX102482,C59823,20.28,116,24-Feb-2025,North
TX109875,C79163,420.17,66,25/02/2025,North
TX106131,C96374,1085.64,27,09/02/2025,South
TX107895,C45179,1341.27,12,2025-10-27 03:45:52,East
TX107892,C94080,19.0,59,2026-04-22 12:56:07,West
TX109466,C70068,1199.7,84,03-17-2025,East
TX102265,C67199,58.9,80,23/04/2026,East
TX103377,C87607,521.16,2,28/06/2025,South
TX107129,C91167,1131.75,16,2025-03-09 16:12:02,East
TX103984,C51180,688.07,17,2026-04-03,East
TX100023,C93136,851.06,87,2026-02-03,West
TX109704,C20561,756.63,16,20/03/2025,South
TX101828,C56105,342.45,112,2025-07-28,North
TX105456,C12260,1035.2,114,03-23-2025,West
TX101349,C85880,58.24,14,2025-07-02,West
TX101451,C38746,447.09,111,06-27-2025,West
TX107814,C56507,226.56,113,19-Sep-2025,North
TX109586,C79588,1443.79,115,2026-02-15 04:32:04,West
TX101948,C81066,584.84,10,2026-02-22 18:20:07,West
TX107023,C10726,233.7,76,2025-07-09,East
TX107577,C65933,1489.87,50,22-Apr-2026,East
TX105429,C26704,194.49,53,11-24-2025,West
TX105077,C84341,277.82,39,23/11/2025,North
TX104628,C97684,374.11,59,2026-03-10 05:25:01,North
TX106441,C97026,543.06,87,06/09/2025,South
TX101731,C41635,,68,22-Jan-2026, North 
TX109361,C28301,1292.25,96,2026-02-04 00:55:53,east
TX103448,C73517,1406.15,55,01-04-2025,South
TX107178,C85456,1379.4,100,24/02/2025,East
TX109002,C13478,1353.34,63,2026-01-18,East
TX103806,C42591,1474.29,10,06/06/2025,North
TX101116,C94259,396.68,23,2025-02-17,West
TX101987,C65444,1362.57,12,18/03/2025,West
TX108444,C64040,1241.59,56,2025-07-24,East
TX106284,C36772,1272.89,41,24-Sep-2025,East
TX102427,C87607,817.27,107,2026-05-02,West
TX102492,C11504,NaN,56,2025-02-22,West
TX109500,C63964,NaN,46,2025-04-17,East
TX105864,C32241,1393.91,19,19/04/2026,East
TX107630,C95426,57.38,59,21-May-2025,West
TX103140,C24953,773.67,101,06-Feb-2025,East
TX100789,C61116,1047.78,2,03-24-2025,East
TX104741,C28643,114.91,105,2025-01-08 16:07:56,West
TX108679,C65771,120.79,52,09-Aug-2025,East
TX105755,C49117,1103.47,43,2025-07-19 06:50:11, North 
TX101157,C65296,260.23,97,2026-03-13,South
TX104949,C15276,1275.68,56,20-Apr-2025,East
TX109836,C56112,1338.26,19,2025-10-09 07:05:49,North
TX101453,C66148,903.4,19,2025-10-16 16:03:51,South
TX103287,C99166,699.5,1,08-25-2025,East
TX109112,C71524,824.99,12,06-04-2025,East
TX108560,C40021,1015.26,114,14/03/2025,North
TX106747,C57576,1092.29,54,22-Jan-2026,North
TX107979,C77839,828.81,14,2026-01-25,East
TX108671,C34356,88.81,90,09-14-2025,South
TX108657,C73624,546.83,50,11-12-2025,North
TX104984,C44664,656.21,52,2025-03-19 12:56:51,South
TX101938,C59856,981.71,89,09/05/2026,East
TX106540,C13248,241.74,78,09-28-2025,West
TX108148,C23833,464.14,20,12-Aug-2025,West
TX106996,C96563,1299.83,1,30/05/2025,West
TX102248,C43092,1139.37,25,13/04/2025,East
TX101292,C25012,1016.64,66,2025-06-15 11:36:41,East
TX101627,C42706,1379.74,81,2025-11-11 01:43:31,North
TX109874,C76307,240.65,101,2025-02-26 16:46:26,South
TX104783,C91057,44.12,6,24-Jun-2025,East
TX102328,C47056,1375.24,21,2025-06-04,West
TX104397,C88104,1318.73,114,24-Oct-2025,East
TX101094,C36365,631.56,60,02/10/2025,West
TX105491,C99192,1004.48,118,09-17-2025,North
TX106329,C12719,67.22,26,10-06-2025,South
TX106763,C80702,692.14,37,03/09/2025,South
TX102793,C23006,1323.11,17,21-Mar-2026,North
TX108822,C11658,1041.02,119,03/04/2025,East
TX103291,C45509,1025.25,79,2025-11-24,North
TX108944,C82692,899.29,13,02-07-2026,South
TX104883,C87832,492.12,61,02-13-2026,North
TX107400,C39581,619.93,47,2025-08-23,West
TX106218,C69638,473.99,42,01-May-2025,East
TX104048,C46347,383.37,106,2025-02-13 23:58:21,South
TX109490,C99016,NaN,31,2025-12-17,West
TX104999,C66155,239.72,59,2025-02-11,West
TX104900,C31992,864.17,91,03-16-2026,South
TX103764,C48290,622.96,38,19-Apr-2026,East
TX107751,C76317,928.33,43,17-Mar-2026,East
TX105396,C61645,986.6,94,2026-03-01,North
TX103639,C30032,693.91,40,20-Apr-2026,South
TX109847,C81121,12.43,95,2025-01-22,East
TX101399,C88135,708.41,20,2025-04-02,West
TX101775,C84847,579.95,70,18/09/2025,North
TX103702,C66531,NaN,14,2025-08-01,West
TX106607,C44973,1497.5,14,2026-03-09 16:39:51,South
TX105917,C45697,504.82,99,29/08/2025,South
TX104479,C33206,725.85,76,23/03/2026,South
TX105636,C48890,258.42,87,2025-01-26 08:28:02,South
TX109792,C14278,352.82,97,27/12/2025,East
TX107802,C20328,605.33,83,12-Jan-2026,West
TX108456,C84668,1057.92,113,04-02-2026,East
TX105089,C53369,173.28,2,2026-02-15,North
TX108460,C90301,921.47,49,2025-10-01 01:46:33,South
TX104567,C77715,1379.95,61,20/12/2025,West
TX102256,C89818,202.94,6,03-28-2026,North
TX105892,C43092,397.2,78,2025-09-13 11:02:54,North
TX100401,C45093,872.99,42,02/07/2025,East
TX100847,C29973,15.67,105,23-Nov-2025,North
TX104394,C98259,NaN,102,12-Feb-2026,North
TX102541,C26683,730.25,75,25/08/2025,South
TX109898,C45509,1102.72,89,04/02/2025,East
TX107251,C69473,1014.52,104,04-Oct-2025,North
TX102051,C82529,1051.51,81,2026-01-15,North
TX102879,C86622,150.53,105,2025-12-05 23:57:45,West
TX108638,C96374,1394.37,12,2026-04-05,West
TX100094,C39219,NaN,5,10/02/2026,North
TX102959,C41499,1228.19,120,2026-04-14,West
TX103247,C17944,517.2,82,10-May-2026,South
TX107394,C83060,184.98,108,2025-09-06,West
TX101693,C56438,1346.07,118,02-21-2025,South
TX103046,C97500,,80,13/05/2025,North
TX100984,C21915,548.52,69,29-Mar-2025,North
TX105047,C17492,871.54,52,16-Mar-2025, East 
TX105868,C38080,397.33,79,2025-03-15,East
TX105524,C19508,,116,2025-03-22 22:12:12,West
TX101656,C26828,1336.37,17,02-15-2026,East
TX101225,C47268,1095.19,94,2026-01-21,North
TX104049,C37760,542.69,102,07/01/2025,South
TX107540,C75909,1287.07,64,05-15-2025,North
TX105256,C38683,1034.12,68,2025-05-08,East
TX100460,C20500,440.58,34,06-Nov-2025,South
TX102724,C17816,495.03,97,03-Jul-2025,South
TX104305,C94080,1089.69,21,28/09/2025,East
TX102054,C89516,1034.21,60,2025-11-05 06:28:45,north
TX103344,C56025,1404.8,38,2025-12-23,South
TX104216,C19171,219.67,46,06-03-2025,East
TX108876,C63964,588.25,25,05-Feb-2025,South
TX107413,C29528,632.52,19,10-26-2025,East
TX100615,C43386,813.25,55,2025-04-22 20:06:58,West
TX101787,C60968,1094.35,118,08-Mar-2026,East
TX103808,C18418,683.94,96,2025-07-19 02:56:38,South
TX108186,C36100,1418.77,53,2025-08-05 01:11:38,South
TX105728,C99353,1183.45,61,2026-02-22,South
TX106941,C38683,874.27,94,02/02/2026,East
TX109287,C82848,527.23,79,14-Feb-2026,North
TX109018,C49618,576.21,112,2025-02-17,West
TX104625,C87993,1051.83,105,28-Sep-2025,West
TX101485,C42411,809.72,16,2025-02-19 22:30:34,South
TX109666,C17331,1471.65,5,02-Dec-2025,West
TX103393,C62565,310.61,59,2026-04-02,South
TX105034,C33834,732.48,81,20/02/2025,West
TX103797,C16582,764.41,63,25/10/2025,North
TX103993,C54597,152.3,77,24/04/2025,South
TX105105,C24592,6.51,23,07-20-2025,South
TX104212,C79615,981.1,62,17-Apr-2026,West
TX100120,C91959,1400.96,92,10/06/2025,East
TX100417,C97500,1250.88,2,2025-05-05,East
TX109778,C48752,602.69,13,01-Nov-2025,West
TX105792,C59674,1244.37,78,2025-09-15,West
TX100752,C46463,396.39,79,19/08/2025,South
TX100953,C67654,525.76,120,22-Apr-2026,North
TX105457,C22704,1435.79,120,2025-12-18 06:21:28,East
TX103902,C49139,1448.26,86,22/02/2025,East
TX105249,C83385,311.81,88,2025-07-13,West
TX108189,C74340,1319.66,102,2025-03-16 20:02:45,North
TX108418,C70946,282.89,32,04-15-2025,North
TX102554,C87397,910.2,83,02-Aug-2025,East
TX108400,C23833,434.43,112,13-Jan-2025,West
TX103722,C93507,1004.61,17,2026-05-15,North
TX101124,C44741,300.83,108,03-31-2026,West
TX103554,C47930,230.34,88,2025-12-05 22:47:47,North
TX108907,C60432,912.81,62,2026-01-18,North
TX105833,C91927,97.4,45,20/07/2025,West
TX107912,C23006,,32,2025-10-12 07:57:32,East
TX109414,C86484,87.28,41,10-25-2025,West
TX101593,C93136,824.41,11,21/02/2026,West
TX101280,C78386,35.13,95,2026-03-02 19:58:09,North
TX108031,C75909,857.18,43,07-09-2025,North
TX100328,C73788,630.76,49,2026-01-13,East
TX109878,C50189,1259.14,59,2025-02-07,North
TX105126,C12560,1475.17,10,12/02/2026,North
TX105114,C83385,598.97,6,23-Apr-2025,West
TX102589,C86484,92.73,82,2026-03-15 13:48:44,North
TX104937,C93579,1293.56,83,11-21-2025,East
TX106005,C86350,1193.01,57,2025-06-26 05:31:19,West
TX107150,C93307,1173.44,98,2025-11-27,South
TX106503,C31417,1290.33,23,2025-10-09 04:55:05,North
TX106681,C35313,365.59,78,10/11/2025,South
TX105043,C33206,1392.09,71,2025-07-28 16:13:15,East
TX102889,C12552,770.86,98,01-17-2025,North
TX109391,C40161,678.75,119,2025-11-01 20:44:11,North
TX107691,C71694,1197.75,31,29/11/2025,South
TX106230,C61876,886.71,103,2026-03-11,West
TX103490,C25860,24.23,53,06-Jan-2025,East
TX103153,C20543,363.84,49,27-Aug-2025,West
TX100435,C55745,5.43,20,02-14-2025,West
TX100626,C88907,1377.44,5,05/05/2025,North
TX104729,C59672,93.6,59,01-12-2026,East
TX106991,C85470,982.58,112,11-Mar-2026,South
TX101084,C47828,129.82,52,17-Sep-2025,South
TX102911,C40340,582.64,105,02-Sep-2025,East
TX107959,C25906,190.88,19,26/02/2026,North
TX109239,C97416,436.97,114,2026-02-11,West
TX104292,C18675,328.29,118,10/04/2025,West
TX100854,C64948,940.86,12,15-Jan-2025,West
TX109379,C17592,896.99,57,22/02/2025,East
TX104611,C49321,458.29,118,2025-09-14 21:48:25,South
TX109224,C37653,910.03,50,2026-03-19,North
TX100228,C24371,203.37,18,12-31-2025,East
TX102173,C63354,,17,05-03-2025,North
TX106684,C14165,935.5,38,09-30-2025,south
TX101959,C97782,866.76,41,10/03/2025, South 
TX102139,C85454,1036.95,60,2025-03-27,West
TX100433,C23396,1396.37,51,2025-11-11 09:45:38,North
TX108280,C68028,169.26,63,2025-04-02 01:02:15,West
TX109883,C83385,494.4,68,2025-01-21 05:59:30,East
TX103475,C52247,1088.64,27,16/03/2025,South
TX100961,C45382,513.66,75,25/04/2026,North
TX106373,C83772,162.86,49,21-Oct-2025,East
TX100117,C76542,728.96,26,2025-06-24 04:20:55,South
TX106543,C65519,156.06,111,13-Mar-2026,West
TX107882,C82512,755.02,15,08-Feb-2026,South
TX108902,C29410,709.59,83,05/02/2026,East
TX100955,C77561,702.87,114,2025-08-17,West
TX100066,C66985,706.04,80,06-05-2025,North
TX103757,C14722,907.56,78,2025-06-22 09:00:12,South
TX104173,C42271,1159.78,16,01/05/2025,North
TX102683,C82692,387.21,9,18/04/2025,South
TX101039,C38043,828.56,104,15/08/2025,South
TX105220,C63545,1118.29,9,11-29-2025,East
TX108935,C73517,455.7,85,2025-03-20,West
TX104329,C98184,357.4,90,15-Sep-2025,East
TX102815,C86569,865.93,24,27/04/2025,South
TX109569,C34050,96.19,33,2025-02-17 08:18:17,West
TX103823,C89905,299.27,107,22-Nov-2025,West
TX108753,C51347,979.92,60,15-Apr-2026,East
TX100289,C25525,1181.55,28,2025-12-07 05:24:19,South
TX109370,C38893,14.56,39,12-12-2025,East
TX101107,C26334,1320.01,33,07-Jun-2025,east
TX102524,C84531,1238.79,38,28/03/2026,North
TX101754,C38893,494.99,91,17/02/2025,North
TX107012,C31299,468.76,10,01-15-2026,West
TX107297,C61876,1240.03,85,2025-04-14 13:42:07,West
TX103318,C45992,200.12,43,2025-08-13 12:20:49,East
TX108748,C35443,735.03,21,24-Nov-2025,North
TX109533,C30257,729.95,18,20/05/2025,South
TX105357,C66333,482.48,95,13-Jul-2025,North
TX100316,C72746,89.03,101,2025-03-23,South
TX102376,C30585,269.75,10,07-13-2025,South
TX106824,C48175,74.05,68,10-May-2025,North
TX103192,C57739,958.86,21,29-Nov-2025,West
TX100437,C70889,1445.12,35,2025-04-26 06:29:59,West
TX100503,C75612,553.79,74,08/05/2025,South
TX105713,C62383,1256.76,112,02-13-2025,South
TX105053,C44814,827.14,64,24-Apr-2026,East
TX104030,C13101,115.88,16,12-09-2025,East
TX103295,C92719,1138.76,77,2025-08-21,West
TX108237,C69598,413.89,78,10-23-2025,South
TX102198,C83920,953.94,96,11-08-2025,South
TX104881,C30866,1117.46,92,2025-10-03,West
TX109405,C59695,772.73,30,2025-12-08 16:43:20,North
TX101591,C80575,106.5,19,2025-02-22 05:45:15,North
TX104855,C10074,1235.05,16,03/04/2025,East
TX104794,C53369,1191.43,98,2025-07-05 22:32:00,South
TX101051,C41385,505.59,23,14-Dec-2025,East
TX105322,C77033,1167.71,28,07-21-2025,South
TX100368,C82063,166.11,53,2025-01-24 03:49:57,West
TX103275,C69049,747.5,10,14-May-2025,East
TX101115,C87304,39.6,74,2026-03-20,North
TX103681,C16826,386.73,46,09-23-2025,West
TX104758,C13534,1394.95,111,05-11-2026,East
TX102396,C62772,863.63,26,04/04/2025,South
TX103335,C88193,1151.67,37,2026-01-12 06:12:00,South
TX102374,C20155,NaN,107,18/09/2025,West
TX106933,C37938,392.44,73,2025-02-28,South
TX100393,C63264,587.31,15,2025-10-01,North
TX105123,C60968,1253.76,48,2025-08-17 02:17:01,East
TX100855,C38043,1261.56,31,25-Feb-2025,East
TX101784,C62581,NaN,117,28-Oct-2025,North
TX102343,C40007,797.13,53,2025-02-12,East
TX106866,C58571,1211.19,36,2026-02-17,West
TX108997,C30289,304.18,40,12-Jan-2025,West
TX100660,C24953,1428.4,2,31-May-2025,East
TX106973,C97782,569.87,55,19/07/2025,West
TX102848,C96673,300.24,54,01-Feb-2025,North
TX106259,C52753,928.8,42,12/08/2025,East
TX103217,C32431,486.95,44,12-17-2025,East
TX102684,C85674,1453.1,93,01-17-2026,East
TX102767,C76469,161.48,9,2025-06-09,South
TX103867,C45382,,12,14-Feb-2026,South
TX106321,C18161,NaN,83,2025-05-18 03:16:06,North
TX100219,C46930,760.63,63,29-Jul-2025,West
TX100894,C22240,1240.58,77,2025-09-08,East
TX107403,C59856,919.56,45,2025-08-26,North
TX106743,C37869,36.21,101,05-03-2026,East
TX103954,C46517,295.22,87,27/01/2026,West
TX103896,C23446,643.54,33,09/05/2025,South
TX102652,C81426,884.91,50,29/01/2026,North
TX102986,C23238,1321.77,76,23/01/2026,North
TX104427,C65057,1151.65,22,30-Dec-2025,South
TX103815,C87304,202.54,11,03/01/2026,South
TX109209,C54725,328.02,74,18/10/2025,East
TX101483,C31643,1272.62,74,2025-07-24 12:47:16,South
TX106714,C95909,1021.43,110,2026-01-23 14:31:52,South
TX101379,C13804,1369.9,101,05/09/2025,South
TX101804,C20735,NaN,10,15/06/2025,North
TX105323,C86225,846.9,43,2025-05-28,East
TX100578,C19508,195.45,13,2025-07-27,South
TX105941,C42591,1042.18,46,09-06-2025,North
TX106638,C39444,1496.96,35,2025-07-08,West
TX104640,C53309,491.72,91,05-29-2025,East
TX103756,C87924,1140.26,30,10-Apr-2026,South
TX109442,C72296,1164.5,21,16-Sep-2025,North
TX103951,C18675,621.26,57,10-Aug-2025,East
TX102606,C17816,NaN,58,2025-03-17 16:42:37,South
TX109222,C10074,972.66,89,01-18-2026,North
TX104717,C51904,217.19,66,2025-04-22 11:02:49,West
TX106910,C83519,170.42,11,06-01-2025,East
TX102229,C42591,679.08,28,10-22-2025,West
TX103660,C66155,166.0,73,2026-03-21 01:32:09,North
TX102680,C15482,612.13,16,04-11-2025,North
TX101997,C25118,1001.54,106,08/03/2026,East
TX102626,C32782,23.47,15,05-07-2025,East
TX100513,C67433,484.5,76,2025-12-02,South
TX109019,C44179,1473.82,105,2025-04-27 12:10:55,North
TX101144,C12757,NaN,59,24-Feb-2026,East
TX101907,C81376,842.1,50,07-09-2025,North
TX104495,C73993,707.03,96,16/08/2025,West
TX104446,C11267,119.85,112,2025-05-02 17:54:27, South 
TX106572,C69638,823.36,104,2026-04-15,West
TX103914,C68446,251.87,31,03-Jul-2025, South 
TX105908,C46585,265.23,42,01-18-2025,South
TX104961,C88697,750.47,63,2025-02-25,South
TX102796,C52504,72.25,27,2026-04-20 10:00:11,South
TX105110,C11607,151.03,48,05-02-2026,East
TX106815,C10726,203.11,32,05-Feb-2026,West
TX100959,C14117,1150.67,76,02-03-2025,West
TX102489,C27342,1148.79,63,2025-09-17,South
TX104908,C27154,974.72,26,27-Feb-2025,West
TX104317,C44741,643.63,25,12-Mar-2026,North
TX107239,C79822,259.52,30,26/10/2025,south
TX108171,C44099,699.17,46,09-03-2025,North
TX104918,C13552,836.68,7,2026-04-30 18:17:53,East
TX109773,C60019,1248.44,32,2025-12-03 21:35:03,West
TX104244,C85574,518.01,56,2025-07-23,West
TX106076,C20561,659.49,82,12-10-2025,South
TX109366,C80798,102.47,44,10-27-2025,South
TX106156,C37802,1135.0,78,28/01/2026,East
TX100183,C45774,976.59,4,17-Feb-2025,West
TX100700,C62565,1105.58,87,15-May-2026,East
TX108312,C26704,NaN,90,14/05/2026,West
TX106949,C15965,876.68,91,2026-03-31 17:40:20,North
TX108745,C95180,1227.62,45,11-Mar-2026,North
TX106078,C89129,735.53,117,2025-05-29,South
TX107536,C50888,926.5,100,2025-09-14 10:26:01,West
TX101765,C24592,611.29,24,01-18-2026,East
TX103718,C62386,1331.6,80,03-17-2025,East
TX107281,C61173,1309.2,30,2026-01-19,West
TX108344,C40735,368.37,25,18-Apr-2025,West
TX102729,C37535,NaN,107,12-Jun-2025,North
TX108190,C38569,1452.21,22,11/11/2025,South
TX101810,C93886,776.26,67,18-Mar-2025,West
TX108245,C54118,372.69,118,2026-02-19 01:03:34,West
TX101941,C41571,907.39,108,2026-03-17 14:00:11,East
TX101640,C89905,210.6,3,2025-03-24,East
TX106047,C39871,346.88,76,15-Sep-2025,North
TX100479,C63883,55.1,58,2026-01-12,East
TX103500,C95215,248.15,84,2026-02-11 01:20:32,East
TX108940,C38221,556.57,39,08-24-2025,North
TX103734,C59735,517.53,82,03-18-2025,West
TX101013,C39256,1306.42,25,26/02/2025,South
TX108135,C15817,,27,23/04/2026,North
TX100740,C93227,1411.04,60,13-Jan-2026,South
TX107556,C98501,872.89,26,2025-06-19 10:07:44,South
TX105378,C40828,1126.78,117,24-May-2025,North
TX107938,C91959,652.37,92,01/04/2025,North
TX100347,C36365,1168.05,106,25/09/2025,South
TX102818,C65296,647.92,24,18/05/2025,North
TX107054,C46509,73.97,73,05-13-2025,West
TX100421,C31174,517.29,58,2025-11-02 02:14:24, West 
TX101200,C85243,282.03,93,2026-05-06 15:12:53,East
TX101830,C84691,1296.7,114,2025-01-05,East
TX100939,C99399,456.82,68,04-Dec-2025,South
TX105156,C39389,321.26,62,15/02/2025,West
TX105353,C25860,869.64,44,2025-02-10 16:32:22,West
TX101581,C68991,1420.98,93,2025-05-17,West
TX102337,C83920,833.45,21,2025-04-03 21:19:10,South
TX109849,C83772,301.06,70,03-Feb-2025,South
TX100706,C31178,769.56,18,29-Jan-2026,North
TX101271,C49618,95.9,98,06-15-2025,South
TX106782,C46509,106.34,49,16/07/2025,East
TX106406,C98781,539.78,56,20/04/2026,East
TX108802,C63883,1329.68,94,01-19-2025,West
TX107597,C72493,52.05,16,05-11-2026,South
TX107024,C55508,491.31,69,04-07-2025,North
TX100555,C15817,1326.08,29,12-29-2025,east
TX108693,C38016,232.75,31,30/06/2025, West 
TX109208,C40340,208.24,90,2025-04-02 14:02:03,East
TX104706,C33416,1096.7,15,01-Nov-2025,North
TX104789,C96951,1182.18,46,11-04-2025,West
TX104378,C41285,659.3,7,10-14-2025,North
TX109543,C20641,819.65,113,12/06/2025,West
TX100648,C55056,745.45,10,2025-10-13,West
TX106547,C70889,53.37,4,04-08-2025,West
TX107673,C79329,1214.98,7,2025-05-24, East 
TX108389,C98184,782.38,38,13/10/2025,west
TX109592,C78327,594.43,27,2026-01-27,East
TX108676,C37110,584.16,120,03-02-2026,South
TX105199,C96951,162.22,66,2025-10-08 00:25:47,North
TX105113,C95990,569.86,45,2026-03-21,West
TX106376,C97841,1425.75,34,10-27-2025,North
TX107008,C50189,816.83,56,19/06/2025,West
TX100756,C81066,1008.54,16,2026-05-11 01:37:11,South
TX104808,C18981,1416.1,66,2025-11-16 19:51:45,North
TX101999,C54608,1007.27,71,2026-04-08 04:29:46,West
TX101267,C61645,1196.14,50,11-03-2025,West
TX100698,C84364,1472.05,54,2025-04-20 07:26:07,South
TX107407,C62521,1370.8,18,2026-04-09 05:09:22,South
TX103481,C98184,1275.99,26,2025-04-17,North
TX105181,C82512,1298.91,21,25-Mar-2026,North
TX102218,C38016,686.86,117,26-May-2025, North 
TX106614,C83579,1309.41,51,2025-10-24 01:57:41,East
TX106967,C68991,1101.31,39,13-Nov-2025,South
TX104136,C46655,803.24,108,02-28-2026,South
TX101169,C83792,5.96,32,03-12-2025,South
TX104492,C85456,253.45,34,13/12/2025,West
TX101503,C34914,609.41,45,31-Jan-2025,North
TX103150,C42527,1046.45,65,2025-11-11 19:31:52,West
TX108628,C80539,341.2,45,06-27-2025,East
TX106393,C25014,694.12,77,2025-10-16,South
TX108606,C70589,199.76,42,09-17-2025,East
TX104681,C99687,621.48,86,07-04-2025,North
TX100767,C51588,497.49,5,2025-12-02 14:20:46,East
TX106926,C16175,996.65,52,2025-05-03 06:25:24,West
TX105140,C80381,1129.11,89,25-Jan-2026,North
TX108706,C16826,1397.35,95,27-Jan-2025,South
TX101029,C30033,827.99,32,2026-04-02 11:57:23,West
TX108749,C60019,592.96,97,03-03-2026,North
TX106665,C68800,76.84,42,2025-04-06,South
TX107388,C90120,1209.74,10,07-16-2025,South
TX107447,C25860,1401.36,63,2025-07-02 19:45:30,South
TX104500,C27146,308.52,117,2025-03-23 04:27:30,East
TX106937,C17716,902.89,54,03-10-2026,North
TX107765,C16590,30.84,89,2025-12-11,East
TX105581,C82420,77.02,1,24/12/2025,North
TX109615,C21114,80.43,49,2026-02-21 04:43:52,North
TX106917,C25670,158.74,87,2025-12-10 08:10:21,West
TX106226,C19038,1146.66,9,09-Nov-2025,East
TX105946,C41963,1108.03,46,09/05/2025,East
TX102953,C88047,766.22,36,23-Mar-2025,West
TX103357,C43386,495.75,73,2026-05-12,North
TX104201,C87607,1095.71,84,09-07-2025,South
TX103061,C13278,805.45,70,03-28-2025,East
TX108675,C49363,933.9,80,2026-04-08 00:03:49,North
TX101217,C89997,1304.11,31,09-27-2025,South
TX107578,C93606,1441.03,55,2026-05-14,North
TX102288,C38864,274.54,78,14-Mar-2025,East
TX106068,C16826,499.12,40,24-Apr-2025,West
TX103463,C55056,723.63,8,23/11/2025,North
TX102134,C95717,283.88,32,25-Aug-2025,North
TX102272,C26551,1026.26,98,09-17-2025,North
TX103276,C80292,369.53,31,06-15-2025,North
TX102015,C27146,707.72,94,2025-09-05,East
TX100430,C94607,600.2,17,2026-03-14,East
TX104439,C46434,1287.89,50,18/06/2025,South
TX106652,C15276,1318.83,42,22-Jun-2025,South
TX109336,C15695,370.19,20,2025-05-20,East
TX100916,C31798,556.63,8,30/03/2026,West
TX108200,C93810,247.53,52,05-Sep-2025,West
TX109213,C23396,158.88,120,11-27-2025,East
TX102154,C67733,182.18,62,2025-01-08 01:23:25,South
TX101110,C92240,588.67,93,30-Mar-2025,South
TX103004,C66346,974.19,107,05-16-2026,West
TX105876,C82140,1283.94,59,08/01/2025,East
TX107197,C87304,551.93,33,2025-12-12 22:12:24,North
TX103108,C21003,281.32,30,08-11-2025,South
TX109010,C94607,,93,07/06/2025,North
TX100794,C27361,538.78,20,2025-03-31 01:51:04,South
TX101182,C46434,NaN,66,19/02/2025,East
TX106070,C69598,197.01,93,10-07-2025,West
TX103699,C52487,1392.29,42,2025-12-31 10:56:45,North
TX100439,C62521,1191.12,32,22-Dec-2025,West
TX100312,C99353,1022.82,51,20-Jan-2025,South
TX104914,C79329,946.75,62,05-13-2025,South
TX100206,C21395,336.89,95,2025-09-23 18:44:36,East
TX104396,C33416,1404.71,53,05-07-2026,East
TX105594,C31417,750.53,50,05-14-2025,South
TX106014,C79827,172.55,48,12/05/2025,South
TX103700,C71433,431.2,95,18-Jul-2025,South
TX105861,C32782,170.99,92,23/02/2026,North
TX104685,C91399,1335.03,105,04-Aug-2025,West
TX100099,C73788,905.92,54,27-Mar-2025,South
TX101634,C66207,1281.06,5,2025-05-29 10:27:07,East
TX102020,C91183,395.52,40,2026-02-16,North
TX105938,C40982,661.57,45,31-May-2025,East
TX103502,C65723,1306.2,25,11-02-2025,North
TX109831,C57576,526.92,25,11-Sep-2025,South
TX107831,C53404,NaN,18,2025-07-21,South
TX102552,C30866,619.73,75,01-25-2026,East
TX103088,C66057,145.71,76,08-25-2025,South
TX107662,C66346,1104.76,28,05/06/2025,West
TX102851,C48829,1494.56,38,09-Apr-2026,North
TX106487,C31632,1036.26,28,04-Sep-2025,East
TX101432,C39816,347.89,89,13-Feb-2025,west
TX102473,C95813,511.58,29,21-Jan-2025,West
TX108701,C16826,555.36,30,2025-08-05 17:25:17,West
TX105372,C73653,62.01,6,09-Feb-2026,North
TX106859,C36772,358.76,0,2025-02-12 12:23:17,West
TX107927,C67377,832.55,87,07-21-2025, South 
TX108342,C15209,1375.18,6,12-Nov-2025,East
TX106797,C87992,909.58,114,06/03/2026,North
TX105800,C37535,11.96,94,05-02-2026,West
TX108672,C50404,736.5,0,2025-11-08,East
TX103183,C85849,298.98,10,06-20-2025,South
TX109215,C70515,9.11,34,07/03/2025,North
TX100776,C29536,992.98,72,02-21-2026,South
TX102734,C69470,168.73,46,2025-07-19 08:33:00,South
TX103367,C88907,1281.24,94,2026-02-03 05:50:44,South
TX103661,C74032,1091.95,89,2025-04-16,West
TX102180,C10772,1305.19,119,2026-02-22,West
TX107734,C97841,692.01,55,07-30-2025,West
TX103215,C78146,918.16,51,05-23-2025,East
TX109133,C45954,262.09,64,07-09-2025,West
TX108347,C85914,1490.27,23,25/08/2025,North
TX106456,C49857,800.25,54,20/05/2025,North
TX104849,C64321,1439.09,101,18/06/2025,North
TX108757,C33416,51.63,29,20/08/2025,South
TX100701,C45954,1285.88,114,07-Mar-2026,South
TX105032,C13365,1263.59,27,2025-08-16 05:59:41,South
TX108782,C84593,16.14,40,2026-02-11,East
TX102614,C21226,403.06,57,2025-07-27,East
TX103418,C10350,186.67,97,2025-05-08 13:00:24,North
TX109252,C41499,329.39,89,2025-04-05,South
TX106002,C24168,889.17,5,2025-02-06,West
TX106848,C42662,238.63,61,2025-02-07 14:55:25,West
TX102009,C65057,904.9,8,2025-08-06,North
TX104341,C44795,254.22,104,2025-02-11 17:45:19,East
TX100994,C16572,1211.16,12,09-28-2025,South
TX101205,C95215,876.24,119,04-15-2026,North
TX109639,C75597,501.27,75,20/11/2025,North
TX102192,C99399,528.26,4,29-Aug-2025,North
TX103233,C33519,1258.45,27,13/10/2025,North
TX108149,C68800,1231.04,43,04/12/2025,West
TX102667,C89516,198.96,62,2026-02-21 14:00:13,West
TX107843,C53404,691.39,72,04-Aug-2025,South
TX101010,C56357,131.69,65,06/04/2026,West
TX102997,C83385,774.51,88,2025-09-21,East
TX108483,C99166,1024.48,28,2025-08-19,North
TX101019,C63883,646.59,60,2025-12-28,East
TX103713,C86622,183.29,38,23-Apr-2026,South
TX101446,C13905,56.0,101,02/05/2025,West
TX107825,C27146,1317.26,97,2025-02-24,North
TX102296,C40735,1168.64,98,2025-11-10,North
TX109512,C23238,175.53,23,2026-03-17 00:27:07,West
TX105283,C69177,313.9,10,01/05/2025,South
TX107676,C19710,1083.24,96,2026-02-20,East
TX100161,C35928,1149.41,4,19-Feb-2026,North
TX100646,C42706,373.75,41,2025-08-11 07:57:59,East
TX100650,C19038,1464.75,59,31/01/2026,West
TX101473,C37110,1191.49,26,2025-10-13 20:20:47,West
TX103081,C65933,101.3,116,2025-05-16,West
TX101086,C96951,601.92,9,25-Apr-2025,West
TX105481,C39451,782.72,88,05-04-2025,South
TX101127,C40512,1334.73,65,2025-05-10 13:18:38,South
TX100614,C42591,400.67,56,05-Feb-2025,East
TX103918,C37235,794.88,15,2026-02-05,East
TX106164,C72216,801.5,8,2025-11-08,South
TX102672,C55870,350.74,14,22/10/2025,West
TX109903,C61876,372.4,59,30-Oct-2025,South
TX104096,C83563,968.12,85,09-11-2025,East
TX103663,C82529,1037.72,115,2025-10-16,North
TX108540,C52600,183.21,55,05-23-2025,East
TX104083,C27154,349.44,110,18-Feb-2026,East
TX107871,C30033,491.45,28,03-18-2025,East
TX106442,C13201,1325.75,8,07/04/2025,North
TX106309,C23434,1303.7,43,02-May-2026,West
TX107215,C18981,331.14,102,05-25-2025,North
TX106471,C44664,1237.37,74,2025-12-30 00:46:46,North
TX104472,C87580,295.66,67,2025-02-21 06:26:15,East
TX106656,C47762,1068.46,19,26/06/2025,West
TX103873,C65461,1315.28,59,2025-01-04,North
TX100058,C44760,16.56,95,09/08/2025,East
TX103366,C23446,858.5,79,04-11-2025,East
TX104797,C30257,265.35,49,2025-01-28 06:04:24,South
TX109525,C79588,320.16,30,2025-06-06,North
TX106032,C27154,973.22,24,2026-04-02,North
TX108971,C70952,839.84,83,10/07/2025,South
TX101295,C99065,1465.58,39,26/12/2025,East
TX107460,C29342,1370.2,47,20/10/2025,South
TX107220,C46471,241.14,58,03-03-2025,West
TX102101,C40005,1187.05,46,08-13-2025,East
TX109693,C61645,1121.12,59,28/08/2025,North
TX107420,C53404,399.71,4,2025-01-19 05:46:21,South
TX103742,C37742,941.98,113,2026-02-20 06:34:17,South
TX106586,C97062,892.98,65,05/04/2026,East
TX105646,C33416,735.74,48,23-Apr-2026,North
TX102036,C22280,885.27,50,04-Sep-2025,East
TX102209,C72402,718.35,0,20/02/2026,North
TX109258,C41635,739.33,92,04-Mar-2025,South
TX101979,C43092,912.41,20,26-Feb-2026,South
TX102380,C25014,316.75,17,2026-04-24 03:16:40,South
TX104778,C84668,1267.31,113,25-Oct-2025,North
TX101067,C85392,569.45,16,16/01/2026,West
TX100600,C91987,230.95,57,09/07/2025,South
TX109388,C74042,1150.4,81,2025-07-26 13:09:23,North
TX104837,C30866,588.9,64,26-Jan-2025,East
TX104400,C52237,1479.61,71,2025-11-05,South
TX107011,C99166,325.73,69,13/03/2025,South
TX101812,C10726,67.6,91,21-Jan-2025,North
TX101167,C44760,998.16,38,09-07-2025, North 
TX107103,C59009,518.77,23,2025-03-14,South
TX107342,C26828,953.87,27,2025-01-11 13:26:55,West
TX105859,C67433,851.12,111,2025-05-29,West
TX107937,C55870,129.11,74,2025-07-13 07:51:37,North
TX105804,C63264,998.3,65,2025-06-24,West
TX100589,C88222,1260.74,19,28/05/2025,east
TX107826,C77033,109.61,73,01-22-2026,North
TX106605,C51180,134.55,41,2025-09-30 20:27:26,East
TX104498,C38683,1099.86,116,09-14-2025,South
TX106387,C67080,955.38,94,05/05/2026,North
TX105518,C20322,295.4,64,2025-03-21,South
TX100636,C42493,294.61,101,18-Mar-2025,West
TX100005,C10282,1048.88,15,2025-01-15 07:45:10,South
TX105233,C58351,255.26,33,01/05/2026,West
TX102268,C83563,437.45,18,27-Feb-2025,East
TX109014,C87304,383.68,75,13/09/2025,East
TX104953,C88047,607.28,21,04-14-2026,North
TX100142,C17026,1401.21,4,05-Mar-2026,West
TX104389,C55830,626.98,97,04-May-2026,West
TX105345,C20745,6.58,15,2025-06-11 08:24:19,East
TX109940,C34050,782.95,52,01-Sep-2025,North
TX100938,C24993,599.51,75,2026-05-14,East
TX105672,C30257,1129.21,92,18-Nov-2025,North
TX104420,C21226,524.58,72,2026-01-10,West
TX100518,C23577,996.97,5,11/05/2025,North
TX107328,C44600,754.2,59,2025-05-11 15:32:58,South
TX103198,C86503,770.02,118,2026-02-16,East
TX100612,C94080,118.19,58,04-18-2026,West
TX102760,C45509,1373.54,49,2026-01-02 01:55:07,North
TX101440,C52237,1286.09,103,2025-11-23,South
TX109227,C63964,402.11,51,2025-10-13 05:40:15,South
TX109267,C98381,28.18,64,27/02/2026,North
TX104850,C27361,1110.09,70,09-Sep-2025,East
TX103396,C78327,1232.44,26,05/06/2025,North
TX102499,C10350,629.27,17,2025-07-03 04:13:57,West
TX103184,C20458,63.29,7,02-18-2026,south
TX106155,C69829,906.49,49,10-Nov-2025,East
TX109478,C42411,507.36,5,2025-10-16,East
TX101159,C31174,1164.01,12,06-05-2025,West
TX100200,C98501,1043.96,62,2026-05-11 07:20:24,South
TX106761,C23833,642.91,111,19/08/2025,West
TX107634,C61173,636.44,28,2025-02-19 16:22:15,South
TX101924,C44814,785.07,81,21-Nov-2025,East
TX103027,C65069,,2,03/12/2025,North
TX101351,C96374,1355.85,119,2026-01-11 18:29:02,North
TX100576,C93606,390.79,46,20/07/2025,South
TX108738,C67080,289.27,87,2025-08-07,South
TX106946,C22899,176.39,70,15-Mar-2025,West
TX104061,C34356,330.5,45,2025-07-26 05:56:15,South
TX108695,C67654,1326.6,82,24/01/2025,East
TX102457,C97747,1162.29,69,2025-10-09, East 
TX105898,C62581,898.07,42,05-22-2025,East
TX105569,C67154,NaN,32,2026-05-07,East
TX105257,C20458,979.24,31,09-15-2025,North
TX106613,C13804,964.39,62,09-14-2025,South
TX102481,C39816,1123.35,14,2025-11-14 07:36:08,South
TX107835,C57447,1032.95,69,18/06/2025,South
TX103971,C18418,339.58,112,2026-03-13 10:03:34,North
TX102846,C44335,1498.88,95,2026-05-09,North
TX104344,C19710,666.03,32,14/08/2025,South
TX104820,C63269,1144.64,22,2025-06-05,North
TX105398,C62581,1419.24,93,08/12/2025,East
TX103795,C44718,650.27,106,2025-11-26,North
TX109066,C59735,819.87,55,01-Nov-2025,South
TX104563,C42098,1102.68,4,06-Feb-2026,South
TX106483,C52237,702.88,98,11-22-2025,West
TX106694,C37535,1174.95,56,24-Jan-2025,East
TX106532,C97026,83.03,31,2025-11-27 11:16:53,west
TX106440,C66531,218.97,95,2025-05-23 16:03:02,South
TX103041,C40735,812.08,117,25/02/2026,West
TX108464,C44973,80.49,68,05-03-2025,South
TX102757,C15778,360.5,51,2025-12-15,East
TX100846,C17989,335.62,63,05-11-2026,North
TX107495,C44970,869.78,15,2025-10-05 09:55:19,North
TX102476,C79822,1237.24,50,2025-10-27,West
TX100685,C62743,943.9,97,2025-02-18 05:34:20,South
TX107199,C15276,83.41,37,26/11/2025,West
TX106037,C93810,352.98,81,27-Aug-2025,North
TX102065,C47196,446.73,47,2025-07-16,South
TX101908,C28373,1424.62,71,2025-06-16,South
TX104127,C62581,191.42,59,2025-07-08 02:57:52,West
TX103048,C15965,1472.08,61,2025-09-05,North
TX109440,C47762,1250.12,67,2025-03-07 15:32:43,North
TX107067,C46471,1496.1,36,09-02-2025,South
TX103561,C91351,1357.8,65,2025-09-14 14:58:09,South
TX100574,C58368,1138.81,103,2025-10-01,West
TX108579,C70515,1183.67,61,2025-02-24 09:17:26,North
TX102166,C19358,551.94,85,28-Sep-2025,West
TX104183,C42406,1288.18,115,2025-05-27,West
TX109684,C23176,NaN,53,2025-09-30 04:13:09,North
TX107641,C54608,159.36,24,2026-01-20,South
TX102852,C98184,136.96,11,03/03/2025,West
TX102034,C67654,46.48,10,04-01-2025,North
TX105949,C93320,521.58,105,2025-09-02,North
TX107098,C17665,76.88,79,10-Mar-2025,South
TX102411,C30028,146.09,118,08-Mar-2025,West
TX108681,C50687,677.59,60,2026-02-26 11:21:37,West
TX105875,C57301,893.98,0,08-17-2025,North
TX107726,C44795,1026.79,47,04-20-2025,South
TX105945,C54020,513.65,67,2025-04-23 06:31:31,West
TX109468,C10074,128.22,91,23/02/2025,South
TX104356,C52487,589.71,10,2025-05-16 17:18:09,South
TX101297,C49321,1392.18,35,26-May-2025,South
TX104995,C26828,NaN,41,2026-04-17,North
TX105872,C87128,446.75,85,27/01/2025,South
TX103469,C89905,1143.61,33,2025-06-04 08:48:15,West
TX109438,C88104,1322.53,77,12-Mar-2025,North
TX108550,C50001,447.57,112,24/02/2026,West
TX104917,C54236,708.28,93,29/08/2025,East
TX101836,C42953,613.88,21,22/02/2026,East
TX105848,C53540,913.45,41,2025-02-09,North
TX105254,C98184,309.18,29,20-Apr-2026,East
TX105082,C54608,962.98,56,2025-11-06 15:31:42,South
TX102919,C13534,1222.72,102,30/06/2025,West
TX107319,C82692,556.34,38,2025-02-19 11:39:52,South
TX109756,C82357,338.23,95,2025-09-15,East
TX101724,C76244,103.75,4,03-07-2026,West
TX108465,C32810,NaN,44,10-Mar-2025,East
TX106421,C40217,179.55,97,2025-05-31 09:09:26,North
TX100689,C66155,1385.5,61,06-28-2025,South
TX104884,C66155,970.75,102,2025-06-11 23:38:43,East
TX109722,C32810,903.93,74,07-Apr-2026,North
TX106960,C41850,572.47,44,05/11/2025,West
TX101324,C53279,1115.98,34,2025-02-16 06:16:13,West
TX104247,C54657,403.05,59,2025-12-29,East
TX101746,C46655,159.84,65,02-Feb-2026,East
TX101012,C52237,167.5,56,03-Dec-2025,East
TX105172,C39451,734.52,99,27/02/2025,East
TX109452,C19710,171.28,63,05/08/2025,West
TX107834,C57739,51.54,90,2025-10-31 12:08:32, North 
TX102283,C44687,1068.29,68,20-Mar-2025,West
TX104988,C64040,1397.52,104,2025-04-15 15:58:06,East
TX106744,C31992,345.33,63,15/03/2025,South
TX100171,C30585,908.58,26,23/07/2025,South
TX104527,C83920,1126.0,76,02/02/2025,South
TX107901,C29342,1169.67,60,03-14-2025,South
TX100859,C51347,619.61,110,2025-11-03 00:29:24,West
TX109385,C95649,465.38,62,2025-03-10,South
TX102074,C49651,1141.51,55,2025-08-03 06:18:35,East
TX105583,C92149,NaN,107,2026-04-30,West
TX105107,C13365,966.11,61,05-14-2026,North
TX108243,C38760,7.55,7,08-Apr-2026,South
TX101447,C51114,285.68,111,2026-02-23 12:28:13,West
TX102772,C22196,1372.89,29,24-Feb-2026,West
TX109251,C44099,848.62,46,2026-02-07 12:20:19,South
TX103304,C66155,1486.29,49,01-11-2025,South
TX102443,C10851,400.42,68,01-02-2026,North
TX107401,C82512,1481.67,25,01-25-2026,East
TX109920,C92719,1161.7,38,05-10-2026,East
TX108017,C35242,846.58,25,2025-12-24 00:15:45,North
TX105819,C39444,1431.46,12,2026-01-23 21:41:32,North
TX106330,C46463,775.58,23,07/03/2026,West
TX108288,C19071,1012.59,51,2025-05-04,North
TX101502,C77561,1177.17,120,2025-03-01 02:21:15,South
TX109089,C66822,301.56,106,12-Dec-2025,South
TX107223,C70142,6.73,81,22-Dec-2025,South
TX104960,C31632,752.85,96,26-Feb-2025,South
TX106405,C97841,469.44,37,19/07/2025,South
TX105504,C80010,1258.0,12,14/01/2026,West
TX103568,C45614,396.23,2,25-Sep-2025,North
TX106645,C89131,1496.26,92,24-Jul-2025,south
TX108273,C60205,521.36,108,14/05/2026,North
TX100471,C22097,1073.83,82,19-Jul-2025,East
TX106699,C46585,715.98,42,14-Apr-2026,South
TX108278,C11267,726.45,37,2025-11-16,South
TX107108,C18564,225.54,118,12-Nov-2025,South
TX105511,C64321,1398.37,42,28/04/2025,South
TX107007,C30585,1211.91,97,25-May-2025,East
TX101800,C82529,1327.21,30,2025-10-03 02:21:33,North
TX101208,C65933,1394.4,113,10-Oct-2025,East
TX107121,C25043,844.91,67,2025-02-04 07:19:54,East
TX100478,C78494,1226.79,106,2025-01-07,East
TX106061,C41890,670.14,15,09/09/2025,East
TX109095,C17331,886.08,45,12-01-2025,East
TX108206,C17026,980.47,119,11-28-2025,South
TX106013,C44718,460.85,10,10-Feb-2026,East
TX104373,C26551,1219.56,102,01-08-2026,East
TX106115,C94080,770.43,38,2025-06-29 20:45:46,West
TX109145,C56898,907.89,63,26/05/2025,South
TX108692,C96673,1041.34,9,2025-07-04 09:48:39,East
TX108616,C18564,574.81,52,05-13-2026,North
TX104715,C22240,1319.51,100,2026-03-10 14:42:02,south
TX106439,C42953,NaN,20,13-Feb-2026,North
TX109605,C62743,386.16,1,2026-01-11 07:19:08,West
TX106401,C78765,125.12,95,2026-05-03 17:42:52,West
TX104369,C62521,1282.64,44,10-26-2025,North
TX107395,C59615,791.31,55,09-Aug-2025,South
TX102620,C93507,908.46,79,2026-05-12 13:18:37,North
TX108551,C80539,719.89,87,13-Oct-2025,East
TX104059,C46347,1370.15,39,05-05-2026,North
TX101700,C17331,417.26,28,2025-01-22,south
TX102774,C42493,535.83,120,09-13-2025,West
TX104222,C42271,749.74,47,03-10-2025,South
TX100164,C72031,456.14,18,2025-12-05 07:26:19,South
TX109064,C44600,451.87,67,04-13-2025,West
TX105437,C84691,194.7,93,2025-03-10 21:10:53,South
TX100190,C71694,536.94,120,12-Jul-2025,East
TX100545,C72493,1154.1,57,28/05/2025,North
TX101912,C95180,1094.75,46,14/11/2025,West
TX108255,C93136,1485.22,51,13-Aug-2025,North
TX106193,C48427,288.73,13,2025-10-20,East
TX107841,C21226,173.61,25,2025-08-04 01:51:30,North
TX109371,C74251,472.26,110,2026-03-02 12:32:34,East
TX107913,C57400,56.47,91,2026-02-08,South
TX101910,C88193,251.4,25,09-25-2025,East
TX109816,C49529,639.63,36,2025-09-07,East
TX100591,C26551,1184.45,77,22-Apr-2026,East
TX100407,C54118,817.49,69,30/08/2025,South
TX100044,C24371,951.45,70,12-31-2025,West
TX100577,C70332,102.72,14,29-Jun-2025,West
TX102255,C21221,1113.39,117,2026-01-30,North
TX109240,C27154,386.83,34,2025-08-21 15:08:34,North
TX103080,C71433,1422.32,14,05/12/2025,West
TX109790,C23434,584.88,114,2025-12-05, North 
TX101523,C76244,1420.5,64,02/02/2025,East
TX103729,C97062,1496.91,34,13-Sep-2025,south
TX105227,C88907,648.99,60,26-Aug-2025,East
TX100678,C66822,302.89,106,07-15-2025,West
TX101374,C66531,1206.51,107,19/06/2025,East
TX105117,C82132,1241.96,110,18/03/2025,east
TX109746,C31798,1166.93,33,01/01/2026,East
TX102712,C96706,887.76,114,2025-07-15,East
TX101151,C57576,796.7,63,23-Sep-2025,North
TX101077,C59192,787.31,98,24-Jun-2025,East
TX100408,C70901,440.04,59,2025-09-14 02:25:23,North
TX102982,C35203,1045.63,25,05-01-2025,West
TX105030,C57819,759.01,3,05-Aug-2025,West
TX108427,C69177,1150.09,88,19-May-2025,West
TX101469,C84531,1223.85,91,2026-01-17,South
TX103022,C43862,1200.57,46,2026-01-05,East
TX100520,C96563,1297.1,2,30-May-2025,East
TX105472,C82357,820.53,0,2026-03-20 16:21:38,East
TX107560,C10350,480.6,84,21-Nov-2025,North
TX101637,C84177,909.78,3,13-Aug-2025,South
TX103296,C89457,292.41,44,2025-07-30 14:58:03,South
TX102135,C23006,140.8,44,08/03/2026,East
TX109738,C71993,877.87,111,09-25-2025,North
TX102800,C42951,539.61,14,2025-05-14 14:33:33,West
TX103726,C44522,1038.89,62,01-05-2026,West
TX102795,C37938,241.14,23,06-Sep-2025,West
TX103811,C54942,1210.92,49,2025-02-13,West
TX109555,C10074,72.54,57,07-10-2025,West
TX103732,C47828,521.24,118,10-Jul-2025,East
TX102580,C45382,1225.63,95,2025-11-08 01:03:09,West
TX100095,C46265,816.83,32,19/01/2025,South
TX105562,C51145,1252.78,110,16-Nov-2025,North
TX105211,C34890,230.55,25,2025-08-03,West
TX104826,C68082,475.14,55,01-18-2025,South
TX102098,C31798,1150.16,52,2026-03-05,East
TX109121,C93307,1470.41,40,2025-01-05 20:22:05,North
TX102456,C40495,991.59,35,02-15-2026,North
TX108073,C12552,NaN,40,27/02/2026,South
TX101624,C66822,1238.72,69,2025-11-23,East
TX101398,C75909,171.65,96,30/04/2026,west
TX106632,C17944,1353.46,2,2026-05-12,South
TX100293,C39451,106.35,32,2026-02-07,North
TX106160,C80644,786.54,48,2026-04-28 08:59:58,West
TX102936,C42177,816.99,26,21/01/2026,West
TX103651,C36062,139.93,102,2026-01-02,North
TX108982,C96673,998.71,95,14/12/2025,South
TX106200,C49240,651.98,7,03-10-2026,North
TX102630,C58571,1435.09,39,15/01/2026,North
TX105188,C58434,,90,06-Apr-2025,East
TX101527,C67091,1286.22,97,2025-11-18,north
TX106723,C34356,375.79,93,14/01/2026, East 
TX100531,C45992,910.38,78,2025-04-29 07:14:43,North
TX106889,C25014,1206.77,45,03-Jun-2025,North
TX108452,C18161,1181.38,71,2025-01-12,South
TX102593,C42411,1325.94,26,31/01/2026,West
TX107521,C13478,79.35,34,05-01-2026,North
TX109759,C38746,195.76,9,24/04/2026,North
TX108916,C73699,1266.0,33,27/10/2025,East
TX108213,C74340,141.58,60,03-02-2025,South
TX105087,C44741,110.66,82,2025-08-17 07:04:50,East
TX106501,C71592,910.18,78,2026-01-19,West
TX106426,C69429,841.89,61,07-Dec-2025,West
TX104108,C61856,811.3,41,03-May-2025,East
TX105447,C82667,1109.32,34,10-28-2025,North
TX104690,C10942,314.07,113,24-Nov-2025,East
TX100791,C44600,1250.46,86,12-01-2025,West
TX105003,C82692,644.59,77,14/04/2026,East
TX100956,C54313,1416.59,89,2025-02-15,West
TX104246,C37235,644.85,43,02/04/2026,East
TX104795,C94659,1011.63,74,08-04-2025,North
TX108507,C91439,781.04,17,2026-03-25 00:43:43,East
TX102866,C42527,158.4,0,02-Jan-2025,West
TX104601,C48752,891.19,111,01-07-2025,North
TX100030,C52237,556.04,95,12-11-2025,West
TX104603,C41285,1423.56,28,2025-06-24 23:52:42,West
TX106930,C16734,814.73,11,2025-09-15 16:42:25,North
TX109304,C30585,999.16,6,2026-04-07,East
TX107101,C71592,674.61,60,29-Aug-2025,West
TX103461,C87139,1454.29,92,2025-08-03,East
TX101025,C19071,739.47,42,2025-06-05,North
TX104283,C23104,1434.84,76,09-Jan-2026,North
TX100054,C66333,240.33,39,01-05-2026,North
TX101402,C18392,236.12,20,09-Apr-2025,East
TX105152,C49651,203.8,86,11-Mar-2025,East
TX108961,C91057,134.39,49,2025-12-28,North
TX105330,C98781,858.07,108,12/04/2025,East
TX103349,C23577,169.92,115,07-27-2025,East
TX100893,C89516,714.79,42,19-Oct-2025,South
TX100196,C19880,742.22,8,27-Mar-2025,South
TX104145,C25860,892.57,100,2026-03-30 11:57:41,South
TX109263,C13804,682.85,115,2025-11-26 23:13:58,East
TX106563,C16734,545.15,95,2026-02-07,North
TX103249,C81200,527.53,2,2026-03-04 11:31:47,South
TX109634,C96662,338.28,56,02-06-2026,South
TX102831,C84341,1173.51,83,11-Apr-2025,North
TX103782,C24592,339.02,40,2025-06-11,North
TX102244,C87993,1067.58,114,2025-03-14 08:24:48,North
TX100769,C45179,138.34,109,17/04/2025,West
TX100426,C48290,899.45,69,07-29-2025,east
TX107580,C70068,1345.31,100,2026-03-09 05:07:09,West
TX107888,C53933,820.28,44,19-Aug-2025,North
TX104898,C41195,1342.62,8,2026-03-20,East
TX104544,C32810,476.07,33,2026-03-04 02:15:21,East
TX101100,C81066,755.62,111,05-Mar-2025,West
TX107475,C34164,171.03,3,2025-12-11,West
TX103551,C14117,NaN,20,30-Mar-2025,North
TX107762,C46265,1054.19,61,2025-01-16,West
TX103676,C80702,293.08,112,30/11/2025,East
TX109699,C74340,186.09,69,03-Apr-2025,East
TX107428,C58368,1347.32,38,2026-04-14,West
TX103226,C40005,NaN,101,15/04/2025,South
TX100321,C26591,1447.55,109,24/04/2025,East
TX101206,C62296,1148.28,17,2025-04-15 23:21:59,North
TX102864,C80010,1498.41,117,2025-05-21,east
TX107009,C76317,385.21,14,30/04/2025,East
TX108930,C23970,351.61,6,07/01/2025,East
TX105150,C41830,663.82,23,23/10/2025,West
TX108010,C34957,901.58,56,2026-02-27,North
TX105824,C15276,11.07,77,01-21-2026,East
TX107214,C33053,1478.34,73,2026-04-09 14:49:40,South
TX104637,C49139,229.57,119,06-12-2025,West
TX108572,C42271,970.96,12,2025-12-08 00:36:59,West
TX108992,C50538,465.81,113,14/01/2025,North
TX101201,C83792,1350.13,109,2025-03-12,West
TX102325,C45774,710.8,53,2026-03-26,North
TX106099,C78522,NaN,36,2025-07-25,West
TX103065,C19602,389.18,91,2025-02-21,West
TX104764,C29973,444.86,87,2025-03-19 09:17:38,East
TX101028,C18675,822.14,43,04-Jun-2025,East
TX103830,C79822,486.29,41,2025-03-01,West
TX104399,C46500,1163.6,46,2025-09-17 06:29:29,North
TX101888,C31178,1100.07,66,30/11/2025,North
TX101592,C51180,518.64,8,10-Sep-2025,North
TX100431,C93748,764.97,100,2025-06-23 19:44:43,North
TX105570,C16826,332.38,95,2026-01-26,South
TX109368,C46509,1039.61,85,2025-01-31 00:06:24,North
TX108002,C82140,1457.7,6,11-05-2025,South
TX100871,C89593,1272.06,31,02/04/2025,North
TX101516,C22097,,16,06/12/2025,North
TX105291,C78494,583.66,79,15-May-2026,South
TX109913,C59674,723.22,55,17-Jan-2026,South
TX108368,C62923,,58,2026-04-27 06:23:19,East
TX109895,C62296,912.04,99,07/02/2025,East
TX101685,C41979,696.3,58,2025-03-31,East
TX108920,C53540,1395.05,0,06-Oct-2025,East
TX101539,C70589,NaN,42,2026-03-13,South
TX103521,C72518,1304.97,39,2025-05-22,North
TX108353,C76768,,58,24-Oct-2025,East
TX104000,C40021,1110.55,88,2026-02-01 07:01:48,North
TX109948,C45614,367.74,39,2025-07-23,North
TX107477,C23006,566.68,18,04-12-2025,West
TX107357,C52504,1398.91,59,11-Mar-2026,North
TX100705,C77889,1135.67,102,26-Nov-2025,South
TX107985,C41979,125.93,2,2025-03-07 16:19:37,East
TX100729,C42591,420.27,70,2025-04-01,West
TX102119,C18993,429.9,9,10-05-2025,North
TX104286,C89069,935.94,10,24-Sep-2025,South
TX108167,C79352,1023.49,42,11-Apr-2026,West
TX109273,C46434,819.97,26,2026-01-04 21:04:42,West
TX105808,C29410,300.31,63,28-Aug-2025,South
TX107622,C42742,92.68,88,11-07-2025,West
TX101816,C82667,1078.68,24,2025-09-28,West
TX102716,C69473,957.28,43,23-Jul-2025,West
TX106196,C57819,284.19,63,2025-11-25,South
TX102439,C97012,630.92,8,18/11/2025, South 
TX105558,C65392,1482.74,41,21/02/2026,South
TX109345,C46509,1104.75,42,01-08-2026,South
TX102705,C80545,712.5,97,2025-07-07 05:27:29,West
TX100102,C49139,577.37,72,2025-01-17 04:43:28,South
TX100363,C97012,NaN,101,2025-11-06 20:19:56,East
TX105796,C51245,1495.02,30,03-16-2025,North
TX100250,C15209,953.27,106,2025-11-29,South
TX109541,C88504,234.69,98,11-Apr-2025,South
TX109618,C19862,1241.19,39,10-05-2025,North
TX108799,C91399,NaN,62,29/10/2025,South
TX101714,C98696,645.67,114,17/02/2025,north
TX108345,C15209,93.2,106,2026-04-08 05:39:40,South
TX104676,C81511,712.02,85,04-10-2026,South
TX107811,C67377,1447.7,3,09-24-2025,East
TX105360,C31632,73.24,51,2026-02-11 01:56:29,South
TX109739,C33405,215.07,43,05-Jul-2025,West
TX103755,C35995,,23,08/06/2025,West
TX105746,C35242,961.65,43,11/05/2026,North
TX100571,C29769,158.05,69,2025-06-29 10:17:09,South
TX105213,C54057,385.64,11,19-Aug-2025,East
TX108929,C38361,470.39,108,2025-07-08,South
TX106077,C72493,302.24,0,08-26-2025,South
TX106472,C53369,334.84,84,31/12/2025,South
TX105571,C42092,377.18,55,2025-07-17, West 
TX105680,C26704,25.32,96,02-12-2025,East
TX103245,C94696,1288.92,98,2025-05-28 08:15:42,North
TX109261,C37460,664.77,60,08/10/2025,North
TX103580,C11220,320.73,37,01-21-2025,North
TX103107,C61116,1277.22,34,2025-02-18 16:56:50,East
TX109516,C67905,1071.03,112,26-Nov-2025,North
TX102604,C30926,811.43,66,2025-11-24,West
TX108388,C44179,299.77,62,2025-03-25,East
TX109924,C87128,1482.64,87,2025-02-15 13:09:45,West
TX103876,C57472,1011.96,60,04-13-2025,West
TX105144,C88135,555.78,31,22/03/2025,West
TX103234,C24953,212.45,117,23-Mar-2025,East
TX108126,C63005,1394.96,105,2025-01-24,West
TX100042,C47450,,58,2025-11-26,North
TX104357,C22097,928.74,104,22-Nov-2025,South
TX105301,C39466,672.88,67,15/05/2026,West
TX100068,C53025,1431.58,94,2026-04-04,West
TX107552,C94886,1184.61,92,17/12/2025,North
TX105310,C31579,1032.06,101,05-30-2025,West
TX106995,C40161,762.8,81,2025-04-08,North
TX100508,C98501,228.62,64,24/12/2025,East
TX105039,C84085,444.98,49,2025-03-13,West
TX100131,C65392,1052.28,24,10-Jan-2025,South
TX107961,C74251,250.98,115,01-08-2026,East
TX108358,C70931,1386.4,71,2025-06-24 21:40:16,South
TX107019,C71261,,78,2025-02-02 20:54:49,South
TX104411,C51180,1439.41,87,27-Jan-2025,West
TX107824,C56025,90.26,82,2025-08-26,South
TX108594,C44760,837.99,59,14-Dec-2025,North
TX105999,C89415,119.08,87,2025-11-20,North
TX109266,C26591,1055.6,18,15-Sep-2025,South
TX100040,C22280,1183.71,75,2025-06-15,East
TX103175,C18392,1403.82,99,10-03-2025,East
TX108238,C42177,189.89,110,2026-02-12,East
TX107980,C39581,292.88,84,2025-03-13,East
TX103643,C83147,432.91,9,14/10/2025,South
TX109206,C29555,579.07,99,18/10/2025,South
TX105193,C82848,993.1,66,05-05-2026,West
TX106891,C81819,1379.99,85,02-01-2026,East
TX109690,C93579,713.38,37,13-Mar-2025,East
TX105243,C11220,629.25,39,20/08/2025,North
TX109853,C34356,593.61,47,2025-07-02 02:20:04,West
TX100934,C40595,295.37,55,05-06-2026,South
TX104677,C92719,545.49,16,2025-12-20 10:35:31,North
TX106678,C80539,1101.37,45,06-15-2025,South
TX103875,C42098,881.43,65,24-Jun-2025,West
TX102289,C40495,100.63,36,2025-03-25 08:34:13,North
TX101870,C19862,896.49,44,2025-01-10 02:47:55,West
TX109626,C44718,1038.6,27,2026-02-03,north
TX101404,C91927,458.91,18,06-06-2025,South
TX101284,C95256,166.91,28,2025-10-23,West
TX100166,C86350,453.33,23,2026-01-22 15:15:54,East
TX103101,C98696,1202.46,76,2025-07-24 21:47:21,North
TX104190,C13905,9.1,5,2025-09-05 06:24:22,North
TX102631,C90120,454.28,2,2025-04-15 18:31:20,East
TX105149,C44671,460.71,66,2025-03-29 09:02:30,East
TX102860,C27361,908.74,64,2025-10-19 07:03:01,South
TX105774,C71592,498.57,26,14-Jun-2025,East
TX101260,C31798,179.11,45,2026-02-16,East
TX108726,C27146,1157.18,101,14-Aug-2025,West
TX104871,C97500,1116.63,3,01/11/2025,West
TX100878,C49446,1074.9,63,08-31-2025,West
TX103683,C99192,NaN,13,08-23-2025,South
TX108933,C33053,405.66,6,2025-01-06,North
TX100026,C30676,139.75,37,17-Jun-2025,East
TX100547,C38864,716.19,52,2025-08-15,North
TX109216,C27601,533.4,57,2025-05-19 19:57:58,South
TX108647,C40007,891.83,100,10-15-2025,South
TX103323,C21970,502.87,3,2025-09-03 13:35:33,West
TX101198,C53309,247.32,104,28/09/2025,North
TX103079,C41195,344.38,107,02-10-2025,East
TX109200,C45382,300.57,17,2025-03-08,West
TX103333,C58393,702.37,83,2026-01-14,North
TX106147,C81200,1482.5,101,2025-09-09 11:50:54,South
TX107464,C29769,871.42,105,06-Feb-2025,South
TX107974,C66346,730.35,45,10-Jul-2025,East
TX106172,C98696,,55,2026-04-06 05:50:44,South
TX104654,C57819,,76,02-17-2025,North
TX103348,C63424,1290.59,79,05-Apr-2026,West
TX106951,C31174,788.16,42,2026-03-13 18:41:49,East
TX103383,C46347,581.19,103,03-Jul-2025,West
TX103898,C61645,963.78,23,2025-07-29,East
TX108503,C87924,148.4,109,10-25-2025,West
TX108416,C37659,187.64,68,01-03-2026,South
TX100400,C64321,1277.82,119,09-Oct-2025,North
TX105829,C84691,913.26,18,11-23-2025,South
TX103030,C95990,NaN,51,03/07/2025,West
TX104028,C44179,17.07,31,10-18-2025,West
TX103134,C84364,1042.97,47,09-Nov-2025,south
TX102236,C91070,216.45,94,03-24-2026,North
TX102162,C59692,1111.16,119,28/07/2025,East
TX108804,C24662,756.73,54,2025-07-03 04:25:14,North
TX103106,C38746,343.41,37,2026-05-15,East
TX106083,C95990,538.9,65,04-25-2026,East
TX102755,C50538,1144.35,80,19/07/2025,West
TX105922,C11934,1358.33,1,09-Dec-2025,North
TX100314,C55870,1458.88,29,03-10-2025,West
TX101383,C38569,445.85,95,17/02/2026,East
TX105361,C15778,1379.79,32,03-Sep-2025,East
TX109008,C67905,1459.07,40,2025-01-11 09:07:14,East
TX102359,C46211,641.05,97,24/03/2026,West
TX103719,C33416,976.45,98,2025-10-12,East
TX104710,C53279,1395.25,1,2026-02-09,South
TX109356,C24168,1337.61,13,06-02-2025,West
TX103633,C81376,1261.26,86,03-08-2026,East
TX100803,C52906,49.5,18,2026-01-30,North
TX103982,C17592,619.79,50,2026-03-15,East
TX101299,C41385,157.97,102,2025-09-25 20:49:24,South
TX102927,C71524,200.83,14,04-Jun-2025,South
TX109375,C13905,NaN,84,2025-10-20,East
TX109766,C10350,834.54,88,2025-06-25,West
TX103207,C82603,314.94,15,01-25-2026,South
TX107147,C38683,308.25,49,13-Feb-2026,West
TX105104,C54236,19.28,11,01-04-2026,North
TX104393,C77839,1119.08,8,2025-06-09 10:21:47,North
TX107065,C96673,91.7,42,29/09/2025,North
TX104939,C88504,1451.45,56,2025-03-26 15:30:16,West
TX109885,C31465,489.98,36,2025-11-25 10:32:25,South
TX101880,C12560,739.91,105,2025-10-29 05:06:40,East
TX101456,C88104,453.49,9,2025-05-09 21:19:13,North
TX105753,C33416,1431.18,112,2025-12-18,South
TX101426,C80678,329.77,45,14/01/2025,West
TX104211,C18981,885.7,29,2025-10-23,North
TX102014,C62581,977.18,111,04-09-2025,South
TX103558,C24322,1498.99,22,05-Jul-2025,East
TX104827,C87110,1499.12,83,23/02/2025,South
TX100461,C25043,882.45,57,31/07/2025,East
TX107105,C79514,1499.83,82,2026-02-25,South
TX103430,C31178,110.86,106,2025-07-17,East
TX103352,C92544,904.1,53,12-24-2025,West
TX106341,C22196,1272.53,52,2025-06-18,South
TX105923,C52245,363.78,95,19-Sep-2025,North
TX106139,C48829,769.72,89,20-Jan-2026,West
TX101805,C67560,661.27,114,10-03-2025,North
TX104231,C93579,77.67,104,2026-03-26,East
TX103944,C79329,1022.34,71,14/06/2025,North
TX108840,C38361,1044.34,106,04/10/2025,East
TX101488,C29973,1024.6,8,05-04-2026,South
TX106402,C43586,42.35,28,2026-03-31 03:58:36,East
TX104133,C44993,467.39,20,28-Nov-2025,West
TX102635,C29769,840.26,79,25/07/2025,North
TX104854,C90728,271.29,33,2025-07-27 08:33:53,South
TX102820,C61049,270.13,60,02/03/2026,South
TX109514,C76768,1307.82,48,2025-09-04,East
TX104285,C79514,379.62,114,2025-05-11,East
TX101822,C63269,771.91,104,2025-09-29 00:49:14,North
TX109754,C30289,1010.26,42,08-Jun-2025,North
TX102553,C19359,247.98,118,2025-05-21,South
TX100883,C66207,1264.69,65,2025-10-07,South
TX109197,C84341,1447.05,21,06-Mar-2026,North
TX109036,C55745,417.99,84,2025-03-20,East
TX105802,C70589,1345.28,84,02-Jan-2025,East
TX101250,C88697,1425.13,116,29-Jul-2025,West
TX105644,C46241,987.47,62,03-26-2025,West
TX100201,C80644,303.7,69,2025-04-03 00:46:29,East
TX109493,C20641,354.29,119,2026-01-27,North
TX101597,C42493,739.74,44,2025-12-26,South
TX109307,C83259,758.08,20,09-May-2025,West
TX108049,C57472,1464.54,116,2025-08-02 06:07:15,East
TX107854,C38893,1196.99,88,2025-06-17,South
TX107573,C88172,63.48,102,24-Mar-2026,North
TX100526,C21970,910.03,57,05/10/2025,East
TX107881,C44687,165.67,11,01-17-2025,South
TX106152,C97806,433.27,72,19-Mar-2025,West
TX101721,C62227,237.05,10,2025-01-31 03:09:06,West
TX104591,C65518,1312.01,31,10-Jun-2025,North
TX103093,C99065,792.69,34,2025-10-24,North
TX103019,C42951,473.22,19,16-Jan-2025,West
TX104576,C81426,319.94,70,2025-11-19,West
TX107071,C35928,332.38,90,02-19-2026,West
TX102280,C44179,937.14,3,2025-11-27 10:06:12,East
TX107482,C97747,1238.29,95,2025-04-08 07:36:16,East
TX106339,C82140,904.41,56,10-Oct-2025,West
TX108026,C65296,1130.56,36,08-03-2025,East
TX104124,C68008,752.82,75,21/10/2025,South
TX100021,C69829,1443.23,88,09-May-2025,South
TX100163,C23833,89.38,64,29/05/2025,South
TX107391,C33086,1041.37,89,2025-11-11 01:55:40,West
TX103588,C79616,1352.54,11,2025-12-21,South
TX101588,C70332,881.79,41,2026-05-05,North
TX108357,C10851,26.68,101,2025-06-07,South
TX104818,C40512,1000.23,109,11-29-2025,South
TX109376,C75909,914.65,89,2025-03-20 07:49:37,North
TX103958,C31299,982.12,25,11-11-2025,North
TX103427,C39219,1465.19,76,2025-05-18,West
TX102507,C66959,1143.56,106,08-26-2025,West
TX106394,C48290,894.34,73,2026-04-12,East
TX100536,C74799,790.22,112,2025-12-27,North
TX105750,C62386,800.02,55,14/06/2025,West
TX109062,C41890,211.07,57,2025-10-13 04:15:22,South
TX101829,C45992,747.52,41,2025-07-19,West
TX101691,C94874,1191.67,50,06/05/2025,North
TX105967,C85392,NaN,59,13-Aug-2025,North
TX107314,C86350,978.74,57,23-Jan-2025,North
TX101521,C88697,897.52,5,2025-12-06 06:49:13, South 
TX103431,C71694,1410.75,89,2025-11-27 01:22:31,West
TX107522,C97670,962.0,87,14/06/2025,South
TX103772,C93507,930.36,64,21-Jan-2025,East
TX106318,C37742,14.74,55,2025-05-28,East
TX107703,C68743,537.9,78,02-21-2026,North
TX103121,C67905,1428.65,32,17-Apr-2025,South
TX108719,C17146,223.62,13,2025-01-30 05:03:02,North
TX100544,C44179,991.0,19,25/03/2025,East
TX107626,C82603,1203.83,34,2025-10-01 09:34:42,West
TX108843,C61173,1456.44,64,2026-03-05 05:27:58,East
TX100097,C37607,284.29,88,09-12-2025,South
TX104530,C50319,1020.36,29,04-Sep-2025,South
TX108071,C55309,875.12,57,2025-11-19,South
TX106178,C80575,,99,2025-07-06,West
TX101622,C19305,1125.99,88,2026-01-20,East
TX104933,C96706,434.05,20,2025-09-29 09:24:15,West
TX103322,C30635,796.46,0,15/06/2025,West
TX103040,C87993,1118.37,120,01-31-2025,South
TX108024,C76562,368.61,37,20-Feb-2026,East
TX100594,C20735,1096.63,67,03-16-2026,West
TX102277,C58520,1297.7,118,29-Jan-2026,East
TX101059,C36100,204.72,14,01-31-2025,South
TX104968,C51145,229.05,116,2026-04-20,West
TX109184,C46559,1042.6,41,08-Apr-2026,South
TX106505,C20735,173.76,33,24/10/2025,West
TX100560,C61116,237.3,58,2026-04-02 10:29:50,West
TX101041,C78146,281.62,110,01/04/2025,West
TX104237,C21003,1431.84,1,2025-05-01,West
TX101590,C34267,967.21,41,2025-10-17 01:56:32,North
TX104807,C11607,1395.3,108,04-Mar-2026,South
TX100357,C19862,99.69,83,2025-06-10,East
TX103200,C27361,1330.18,33,19-Aug-2025,South
TX101944,C65057,206.4,46,2025-07-23,East
TX106072,C45382,1136.39,90,10-05-2025,South
TX107276,C35825,1419.23,97,2025-10-08,West
TX106883,C33509,422.58,109,06/04/2025,North
TX100796,C78494,1036.75,65,2025-11-06,North
TX108660,C95813,22.78,68,2025-12-24 16:23:26,East
TX108931,C60968,806.85,103,06-01-2025,South
TX105741,C31992,334.29,105,17-Aug-2025,South
TX106963,C83385,932.79,35,09-12-2025,South
TX102106,C44179,549.51,50,23/03/2025, East 
TX101727,C77033,505.16,5,29/03/2026,East
TX106780,C41571,1359.96,47,2025-03-23,South
TX103863,C83060,1162.77,71,2025-01-13 20:34:51,South
TX104176,C38016,699.96,1,03-28-2025,North
TX101196,C56566,564.61,80,2026-03-07,East
TX105678,C85574,478.91,89,19/10/2025,North
TX108605,C42742,676.33,50,12/08/2025,south
TX102898,C48290,12.41,28,03-06-2025,North
TX102417,C79588,1464.75,72,2025-02-26 01:31:18,East
TX100963,C40828,1197.29,119,12/02/2026, East 
TX108301,C94012,1162.4,63,2025-01-31,East
TX108131,C79163,965.84,12,2025-11-25 14:36:39,North
TX102249,C88104,,51,2025-10-21, East 
TX106438,C30861,732.05,57,10/05/2026,South
TX100240,C24953,1489.45,18,2025-02-05 18:00:39,East
TX109196,C56105,969.85,93,06/10/2025,North
TX104146,C70889,186.32,113,03-10-2026,North
TX102556,C79163,718.43,36,2025-11-28,North
TX102768,C73993,158.09,19,25/04/2026,South
TX106276,C14722,65.73,24,03-Jan-2026,East
TX106677,C19305,871.11,34,2025-04-30 04:28:25,South
TX109724,C67912,1212.39,28,2025-03-18 16:51:52,West
TX100908,C93748,32.01,12,04-01-2025,North
TX103477,C21970,859.02,77,03-02-2026,West
TX108835,C32782,737.78,95,05-01-2026,North
TX102550,C98501,124.83,74,20/07/2025,East
TX103378,C78386,926.62,111,2025-08-29,South
TX102095,C89131,NaN,103,2025-08-09 10:43:00,North
TX102171,C98696,1388.31,119,11-13-2025,North
TX101152,C75597,177.21,114,2025-01-19 08:15:04,North
TX107551,C73904,363.74,114,16/08/2025,East
TX101093,C35112,85.34,114,07-Apr-2026,South
TX106639,C14117,1015.03,79,2025-08-04 01:55:06,East
TX107719,C68800,986.8,15,18-Feb-2026,South
TX104069,C12719,418.38,55,06-27-2025,North
TX107710,C40982,484.55,82,2025-06-24,South
TX106022,C61049,356.48,99,26-Sep-2025,West
TX105582,C86484,759.61,94,04-05-2026,East
TX108295,C33819,429.29,10,2026-04-10,West
TX104748,C65723,128.32,106,04-11-2026,West
TX101397,C62565,452.96,111,30/09/2025,South
TX106494,C12757,1393.82,28,2026-01-12 04:12:31,North
TX102561,C10942,1071.28,45,2025-01-06,South
TX109776,C70068,297.9,87,2026-02-27 09:56:07,West
TX101703,C19305,1471.89,118,11-Dec-2025,North
TX109723,C55056,482.55,108,04/05/2026,East
TX101384,C24322,46.87,27,10-26-2025,East
TX104141,C91560,880.93,112,02-Apr-2026,East
TX108667,C93606,409.13,36,10/08/2025,West
TX104991,C14067,1255.63,91,2025-08-01,West
TX108853,C19038,785.72,15,06-12-2025,South
TX100670,C15014,213.44,70,03-01-2025,North
TX107956,C86955,467.49,89,2025-01-05,West
TX106107,C38893,1165.92,105,05/04/2026,West
TX100037,C76784,1237.17,11,06/12/2025,North
TX103203,C49363,666.98,112,07-15-2025,West
TX100017,C36130,668.3,88,2025-06-03,North
TX104770,C21164,770.58,13,23-Jul-2025, South 
TX106521,C17026,642.29,73,2026-04-01,South
TX107286,C72216,1086.27,46,2026-04-14,East
TX109238,C26728,927.33,15,28-Mar-2026,West
TX106020,C17592,990.9,80,06-14-2025,West
TX102951,C57052,1297.93,42,2026-05-12 06:23:12,South
TX106299,C44760,44.12,10,08-21-2025,South
TX103749,C49446,324.01,102,2025-10-20,East
TX106877,C75435,1222.04,15,2025-12-21,South
TX101842,C56566,1119.02,12,03/05/2026,East
TX108826,C61856,288.37,61,2026-01-07 10:08:37,West
TX108431,C94659,NaN,44,2026-03-01,North
TX103698,C95649,287.29,95,08-May-2026,West
TX109839,C76540,885.26,31,25/09/2025,South
TX104862,C86556,976.78,113,15/01/2026,North
TX105229,C30379,1467.51,37,05-13-2026,South
TX109233,C92502,33.85,101,27-May-2025,West
TX108849,C54597,NaN,14,2026-03-20 07:27:35,South
TX105784,C37110,1250.64,73,04-Apr-2025,West
TX103768,C17665,743.17,27,19/12/2025,West
TX101179,C89069,893.54,105,2025-05-29 15:44:21,North
TX109432,C86484,93.48,76,2026-03-31 15:25:30,East
TX107406,C73788,591.73,105,01-27-2025,North
TX102903,C25866,1454.89,39,02-Jan-2025,East
TX107906,C38746,1020.29,13,11-Sep-2025,East
TX106962,C26299,1194.04,68,2025-08-31,South
TX103690,C74332,,112,02-14-2026,South
TX100835,C66531,1452.03,47,04/10/2025,East
TX109628,C23446,NaN,46,2025-12-09,East
TX103119,C28136,1176.25,39,03-06-2025,East
TX104598,C13278,794.4,13,2025-03-27 23:28:04,South
TX106594,C54587,25.19,65,2026-04-02 18:23:52,East
TX105253,C27146,621.57,74,05-Apr-2025,East
TX108765,C85456,22.1,51,04/04/2025,South
TX103932,C24371,673.83,108,2025-05-28 07:30:38, West 
TX104526,C82420,253.54,5,03-12-2026,North
TX102214,C87236,511.98,73,2026-05-09 17:39:30,West
TX103266,C86955,276.3,85,01/08/2025,West
TX107202,C64040,1274.74,53,2025-01-15,West
TX104280,C44973,1370.09,18,17-Jun-2025,East
TX100148,C24168,396.02,46,21/12/2025,North
TX102797,C42493,1173.78,34,02-04-2026,South
TX104257,C46265,362.27,20,2025-08-25 01:54:40,West
TX100967,C16006,503.05,105,02/01/2026,East
TX109369,C44099,589.91,35,01/02/2026,North
TX107845,C82512,557.75,59,20-Apr-2025,East
TX107800,C66148,672.11,8,09-15-2025,North
TX107837,C74340,1352.4,38,2025-06-19 03:38:33,West
TX106431,C24662,109.16,26,15-May-2025,South
TX108700,C97026,1243.8,15,2025-08-30 13:46:11,South
TX109538,C52247,1076.22,117,30/04/2025,South
TX100836,C44687,67.48,104,2025-08-26 09:41:10,North
TX107969,C81810,343.5,103,05-Nov-2025,South
TX100805,C21221,782.07,37,03-Aug-2025,South
TX107587,C93227,751.95,48,03-26-2025,North
TX109172,C38785,259.71,80,2025-08-04,East
TX106909,C11658,168.81,71,05-Mar-2026,East
TX106081,C41830,1032.81,104,14-Jul-2025,North
TX108742,C79616,117.82,120,2025-03-21 12:48:37,South
TX100725,C96673,549.59,18,04/05/2025,South
TX105212,C74789,255.28,46,03-28-2025,South
TX100708,C17592,1020.41,19,2025-06-05 19:06:48,North
TX102191,C47353,1038.33,106,03/04/2026,South
TX109154,C44237,,3,28/04/2025,North
TX108508,C44741,1309.38,4,06/12/2025, South 
TX101467,C26544,911.93,72,2025-07-12 16:55:59,West
TX103100,C42177,480.92,12,10-Jun-2025,East
TX101437,C82692,401.45,41,2025-01-15,South
TX104814,C76784,1193.59,119,10-Sep-2025,North
TX109040,C37607,785.56,81,12-04-2025,East
TX105622,C71069,578.76,7,30/11/2025,West
TX105474,C24208,1423.0,68,26/10/2025,West
TX101856,C82420,50.63,56,31/03/2025,South
TX103889,C24322,474.77,5,15/02/2026,West
TX103544,C46463,1042.95,105,06-May-2025,West
TX105919,C16826,890.42,10,2025-05-05 23:30:56,West
TX101007,C34050,1108.35,72,21/07/2025,South
TX108580,C36158,42.87,56,21-Jul-2025,West
TX106892,C97747,800.54,52,2025-02-28 00:29:20,North
TX106480,C92397,461.53,111,2025-06-24,West
TX106031,C57472,949.2,16,09-13-2025,South
TX100889,C94886,318.33,57,2026-03-13 00:23:08,East
TX109619,C44816,212.88,22,04-27-2025,South
TX108790,C33206,1160.55,70,2025-11-07,North
TX108403,C26728,1221.01,34,27/12/2025,West
TX107360,C95180,986.28,61,2025-05-13 18:22:25,South
TX104593,C74454,884.0,27,04/02/2025,West
TX102441,C65296,40.18,10,2025-03-07 07:33:09,West
TX107292,C48290,783.82,2,24/03/2026,South
TX108783,C59823,1320.35,96,2025-11-19 19:25:52,East
TX101370,C19359,NaN,21,19-Oct-2025,North
TX102540,C82132,1158.98,12,2025-10-25,South
TX105815,C30052,672.13,10,12-26-2025,South
TX106054,C38906,231.31,2,2025-01-05,South
TX102143,C91167,445.35,16,17/11/2025,East
TX107301,C10053,692.67,37,02-Feb-2025,East
TX105035,C72031,1455.84,107,09-02-2025,West
TX104213,C89593,604.3,32,04-Sep-2025,North
TX100177,C73699,815.49,82,2026-05-06,North
TX109812,C61116,1410.38,110,2025-09-24 05:16:34,East
TX109173,C82667,512.0,57,2025-01-19,West
TX103103,C65392,1125.14,77,20/03/2026,North
TX103786,C54118,507.38,73,2025-02-18 07:53:59,West
TX101608,C40595,1201.83,26,2025-03-03,West
TX109300,C16006,556.18,118,2025-09-28 05:35:07,West
TX104812,C87278,399.23,73,2026-04-02,West
TX106270,C51347,629.19,65,25/04/2025,East
TX109435,C65461,330.76,87,2025-06-02,North
TX109409,C85574,420.1,107,27-Sep-2025,North
TX104930,C28373,539.06,44,2025-02-19,East
TX104806,C85914,553.98,10,09-13-2025,East
TX102066,C69049,1393.19,83,2025-05-05,North
TX104811,C13248,1373.38,119,15-Apr-2025,North
TX108839,C50306,626.22,56,27/04/2026,North
TX105840,C89507,1388.24,103,25-Jan-2025,South
TX108184,C36130,1454.55,94,09-14-2025,South
TX107486,C91927,1270.75,101,03-21-2025,South
TX100597,C35042,255.42,88,2026-04-18 23:19:46,South
TX109075,C48427,620.2,43,07/01/2025,South
TX103043,C96662,441.17,19,30/01/2025,South
TX109352,C85849,837.6,111,2025-05-07,South
TX105016,C39045,233.48,5,13/01/2026,West
TX106894,C68008,188.32,66,2025-07-25 12:56:06,North
TX106220,C77715,1341.63,71,22-Feb-2025,East
TX107519,C82692,1413.74,71,2025-03-30 14:01:53,East
TX104843,C71348,1237.72,90,03/03/2026,South
TX109228,C51245,NaN,114,10-May-2025,West
TX105298,C96752,1409.56,87,2025-03-25,East
TX106925,C15014,831.76,47,16/04/2026,South
TX107820,C27342,1321.19,92,03-08-2025,West
TX104056,C55082,930.82,64,11-28-2025,South
TX107426,C15778,384.68,104,2025-06-21,South
TX109741,C53540,438.47,4,07-13-2025,West
TX104885,C58520,389.95,80,02-10-2025,North
TX102497,C17665,675.8,54,09/05/2025,North
TX103592,C34050,926.22,63,06/12/2025,North
TX104631,C86099,276.28,58,05-10-2025,West
TX106515,C16734,103.74,39,13-Jun-2025,South
TX105228,C77889,188.91,2,2025-06-18,West
TX107849,C69929,768.87,30,03-19-2026,North
TX103615,C12540,1485.27,57,2026-03-29,South
TX102140,C20328,1160.82,117,02-May-2025,East
TX100370,C49363,1365.72,88,24/10/2025,East
TX103037,C57795,1144.93,95,27-Mar-2025,South
TX104958,C48829,1369.59,107,04-02-2026,West
TX100308,C37742,1495.92,80,2025-03-17 08:20:58,North
TX106544,C47268,768.66,15,2025-08-26,North
TX105206,C97747,706.18,87,2026-04-10 14:18:21,East
TX106253,C78327,138.08,25,08-11-2025,West
TX104311,C24168,482.99,67,2025-05-13 10:10:35,South
TX105873,C40735,261.05,71,2025-07-05 11:46:21, East 
TX106648,C98184,512.53,87,2025-02-24 08:34:59,East
TX105916,C99593,45.55,79,01-26-2026,South
TX103361,C67091,1113.92,59,09/01/2026,West
TX101236,C59689,964.62,112,25/05/2025,North
TX104652,C38080,697.63,86,18-Aug-2025,West
TX103372,C56566,192.64,105,03-09-2025,North
TX104740,C18981,20.32,73,2025-07-12,West
TX109532,C70589,1409.31,72,2025-07-14,West
TX102077,C79616,547.72,108,2025-02-09 14:57:24,North
TX109923,C42411,1118.88,106,2025-03-15 18:19:35,North
TX109930,C48469,340.58,45,2025-07-24 13:43:42,North
TX107883,C69692,344.92,37,04/10/2025,South
TX104075,C88047,125.91,24,13/06/2025,South
TX102217,C15695,881.21,45,2026-03-08,South
TX104080,C88504,559.33,42,2025-06-22,East
TX108704,C82768,1497.27,60,2026-05-09,North
TX106843,C47093,128.22,5,11/01/2025,East
TX101639,C39444,105.07,11,05-15-2025,West
TX102665,C15482,731.45,49,28/07/2025,West
TX102402,C51347,209.16,102,2025-10-16,North
TX106122,C82692,1497.69,28,04-21-2025,East
TX109047,C19016,694.22,47,10-02-2025,South
TX103020,C71592,915.38,31,23-Mar-2025,East
TX108599,C50888,584.05,44,2025-02-04 13:23:13,West
TX102828,C97670,825.05,64,19-Jan-2026,East
TX105305,C62350,50.01,77,06-06-2025,South
TX104702,C54597,853.08,73,04-25-2025,South
TX100676,C59735,458.33,111,09-26-2025,North
TX100675,C15383,1206.51,36,25-Mar-2025,West
TX108251,C82420,1476.42,113,03-10-2025,North
TX101925,C17685,789.56,49,2025-07-17 19:45:31,East
TX103662,C56357,940.92,62,01-28-2025,North
TX104536,C67199,1281.89,1,16/01/2025,South
TX104610,C34914,1378.93,80,19/02/2025,North
TX109856,C97410,1487.1,32,14/01/2026,North
TX107317,C29555,690.01,118,27-Jul-2025,North
TX102185,C92240,283.53,59,06/12/2025,North
TX102484,C74332,1483.8,89,29-May-2025,East
TX101846,C23446,827.68,114,28/09/2025,West
TX103165,C97538,556.45,43,2026-05-16 18:23:01,North
TX107998,C40311,314.2,68,2025-03-29,East
TX103926,C54942,1199.81,1,02-27-2026,South
TX103160,C60328,109.86,94,05-06-2025,South
TX104084,C42406,,93,01-16-2025,North
TX106690,C12757,396.11,41,05-26-2025,North
TX106161,C42493,268.88,116,2026-03-05 23:22:03,West
TX104828,C56507,162.25,87,07-Jan-2025,North
TX104592,C51467,99.05,11,2025-09-05 14:44:23,North
TX106582,C41385,1071.25,13,28-Dec-2025,East
TX106446,C38534,917.18,35,2025-06-28 17:39:46,North
TX105521,C89276,1024.04,98,10-25-2025,North
TX103924,C62994,508.13,43,2025-10-30,East
TX102345,C23104,722.48,60,2025-04-11,South
TX103743,C80010,970.28,114,2025-10-08,South
TX106470,C87278,735.48,55,15-May-2026,South
TX102310,C42527,1330.46,74,2026-03-18 00:28:17,West
TX100712,C43586,1147.2,72,12-Dec-2025,West
TX102224,C62923,1043.61,75,2025-08-27,East
TX104297,C27154,1325.94,105,23/01/2026,South
TX104126,C70931,371.37,31,02-12-2025,South
TX105942,C91959,1056.45,65,2026-01-23 17:42:51,West
TX102821,C51467,1495.93,51,07-09-2025,North
TX109357,C85914,1380.72,84,06-Aug-2025,North
TX102941,C83147,120.78,115,06-19-2025,West
TX107935,C93748,830.66,108,17-Aug-2025,South
TX106380,C59797,1392.66,88,2025-08-22,East
TX107898,C83000,802.42,77,09-May-2026,North
TX102432,C29536,672.48,48,2026-04-29 19:38:16,South
TX100806,C94607,,115,2025-09-28 04:44:25,West
TX100735,C96356,1025.69,35,27/03/2026,South
TX108438,C87139,1149.75,3,17-Jul-2025,West
TX108252,C42177,,5,09-01-2025,East
TX102418,C20328,1106.78,97,28/09/2025,West
TX107237,C84177,1037.28,38,19/04/2026,South
TX107353,C83259,325.94,62,04-02-2025,North
TX100125,C41358,1462.75,50,07-11-2025,South
TX105307,C79352,884.07,51,10-20-2025,North
TX105749,C81200,1183.24,117,17/11/2025,South
TX108397,C33819,1339.52,1,03/12/2025,East
TX107333,C99687,1120.96,113,2025-12-20,West
TX101495,C27146,530.05,82,2025-11-21,South
TX101931,C81426,1151.57,51,2025-09-23,West
TX109640,C46241,,83,18-Mar-2025,West
TX104402,C13804,1497.66,55,05-09-2025,East
TX100204,C87832,1039.1,69,01-19-2025,North
TX109764,C76469,1058.72,50,2025-02-10 01:09:33,East
TX102028,C57472,808.59,3,20-Oct-2025,South
TX108281,C86569,1302.67,94,2025-12-05 21:16:07,South
TX105768,C26483,827.64,78,2025-07-24 08:26:02,South
TX101773,C23238,525.03,82,25-Apr-2025,East
TX108766,C44993,1221.95,42,2025-11-09,West
TX108860,C48427,904.27,12,04-May-2026,East
TX107512,C23473,895.14,47,2025-11-29,West
TX107857,C47353,228.19,113,19-Feb-2025,West
TX100485,C16175,478.53,71,02-08-2026,West
TX108891,C18161,379.08,89,2025-01-03 09:00:19,East
TX103997,C52247,664.05,14,24/02/2026,South
TX108921,C27342,789.91,115,2025-01-21,East
TX102551,C98696,802.26,45,09-Jan-2026,East
TX103642,C63424,846.9,80,12-Feb-2025,North
TX107911,C94607,540.45,27,25-Feb-2026,North
TX100345,C69470,1030.18,1,04-Jun-2025,North
TX103983,C91399,536.93,65,12-Jan-2025,East
TX108486,C59797,24.52,22,2025-09-28,South
TX103608,C93748,687.57,111,30-Jun-2025,East
TX108912,C73517,1216.02,21,01-Jan-2025,East
TX106675,C22097,1187.64,94,06-08-2025,South
TX108475,C19071,213.33,99,13-Feb-2026,East
TX100805,C21221,782.07,37,03-Aug-2025,South
TX101293,C67422,1428.23,47,2025-09-23 08:30:29,East
TX105551,C23473,1215.74,82,03-01-2025,North
TX102849,C79616,1381.57,48,2025-01-31,South
TX100839,C91678,480.86,87,04-30-2026,South
TX101655,C16572,505.82,86,07-30-2025,South
TX101137,C67154,1450.89,15,03-08-2026,North
TX106669,C71524,740.12,52,03-Nov-2025,South
TX109879,C44099,1427.16,83,18/01/2026,North
TX108147,C42411,738.89,91,17-Nov-2025,East
TX109713,C87924,379.31,46,14/02/2026,North
TX105760,C34356,567.58,75,10/02/2026,West
TX104453,C44816,,28,06-01-2025,East
TX104395,C61856,1498.62,95,02-27-2026,South
TX100882,C41499,413.16,3,02-Apr-2025,East
TX106449,C30052,1362.34,31,12/02/2025,South
TX102731,C10772,264.17,102,12-22-2025,North
TX101656,C26828,1336.37,17,02-15-2026,East
TX103802,C73464,NaN,88,09-Nov-2025,North
TX100875,C66498,1145.81,75,2025-04-07 09:50:09,South
TX102145,C19038,635.08,46,2025-10-23 22:12:44,North
TX108067,C62757,950.75,118,28-Mar-2025,East
TX107542,C10350,982.13,86,22/04/2026,west
TX108733,C23104,14.46,96,2025-07-04 06:23:42,East
TX102950,C37938,1070.65,25,06/12/2025,East
TX102504,C25713,91.37,60,2025-09-14 14:31:45,South
TX109594,C15778,578.19,84,05-10-2026, West 
TX109459,C50189,1420.33,24,2026-02-03,West
TX106588,C34914,321.31,93,22-Mar-2025,East
TX102709,C60328,1124.1,107,10-05-2025,North
TX102400,C44179,358.49,114,15-Feb-2026,East
TX103486,C60140,827.87,17,06-Oct-2025,South
TX106888,C55309,977.02,27,01-Feb-2025,South
TX106819,C57739,801.55,27,2025-07-24,South
TX107234,C42953,1287.39,90,12-24-2025,North
TX109617,C54725,425.95,49,20-Mar-2025,South
TX101306,C47268,701.78,85,27-Jun-2025,East
TX108414,C95180,727.84,50,16/03/2025,North
TX106046,C22196,1106.2,88,2025-11-25,North
TX107471,C77391,1431.77,33,08-Jan-2025,North
TX108077,C28289,82.98,96,2025-02-21 17:56:31,North
TX106649,C66985,229.42,90,2026-03-22 13:16:23,West
TX102122,C23970,NaN,50,20-Oct-2025,North
TX100692,C20735,172.02,2,01-Feb-2026,West
TX105446,C69048,1215.34,71,2026-05-03 03:30:40,East
TX103293,C43065,187.57,112,2025-03-25,South
TX100982,C54057,275.09,76,22/12/2025,North
TX104353,C57301,659.47,44,2025-10-25,North
TX101612,C70637,,111,07/04/2025,West
TX106752,C98039,1291.15,25,17/01/2025,West
TX109189,C41266,1341.6,101,2025-10-28 02:06:52,South
TX107991,C55056,622.2,42,06/11/2025,East
TX109130,C11504,771.0,81,07-13-2025,East
TX101279,C53719,1112.09,34,2026-03-18,North
TX103193,C79163,747.37,102,2026-04-23,north
TX104793,C19099,927.52,6,10/01/2026,North
TX105148,C49824,33.41,53,12-30-2025,South
TX107972,C87656,470.96,34,01-11-2026,East
TX101651,C19099,1480.08,43,2025-06-05 19:20:58,South
TX106692,C92397,1314.61,31,2025-01-29 18:33:39,East
TX100162,C51588,NaN,31,2026-01-15,West
TX108325,C17816,819.42,4,2025-02-22 15:31:26,West
TX108005,C66959,1217.73,25,27/04/2025,West
TX102789,C63545,NaN,17,15/12/2025,South
TX105870,C15014,1343.0,78,2025-05-04 10:15:36,North
TX103042,C37653,1428.64,27,24/05/2025,North
TX100329,C54236,1178.42,116,04-27-2026,South
TX102005,C97416,,65,09/06/2025,North
TX109049,C91927,686.16,117,14/12/2025,North
TX108609,C40735,312.3,60,2025-03-03,East
TX104359,C18834,258.52,90,2026-03-09 13:04:45,South
TX100395,C14278,595.69,84,16-Jan-2025,East
TX106634,C81582,564.35,106,26-Feb-2025,South
TX104583,C57400,1069.76,49,13-Aug-2025,West
TX103995,C95426,700.87,111,2025-01-28,South
TX103620,C51145,727.26,71,04-26-2025,West
TX107383,C17816,963.79,0,04-Feb-2025,South
TX106033,C17665,626.5,96,2026-03-12 09:22:57,East
TX101819,C53025,1233.95,37,30-Apr-2026,East
TX103673,C46463,1114.57,40,2025-09-25,North
TX108247,C22363,1403.5,26,07-17-2025,West
TX105513,C48974,1131.66,114,2026-03-17 14:29:37,South
TX106458,C75597,358.0,95,2025-07-02 10:34:11,North
TX103921,C44099,791.77,13,2025-07-11,East
TX109474,C40340,1176.51,66,2025-05-16,North
TX101265,C46434,918.77,90,2025-04-02,West
TX106798,C45179,48.48,8,2025-04-01 02:11:05,East
TX108941,C34914,1019.41,89,10-04-2025,North
TX101386,C69829,474.87,47,13-Jul-2025,East
TX100364,C61876,86.14,28,09-Mar-2026,South
TX102699,C21915,,100,26/05/2025,East
TX101753,C69470,1275.36,9,2026-05-15 11:04:31,South
TX104328,C84668,1094.15,7,11-13-2025,East
TX102370,C38864,766.94,76,2025-07-25 07:13:22,East
TX100652,C54597,1130.57,89,2026-04-30 17:36:50,East
TX104363,C17455,154.06,47,28/10/2025,South
TX100831,C29536,390.61,120,2026-02-28,North
TX104966,C23238,190.17,56,2025-12-09 21:26:49,East
TX106992,C71953,140.52,113,01-25-2026,South
TX107015,C53279,1261.74,105,06-27-2025,West
TX107786,C74799,977.98,73,2025-04-14,North
TX108538,C24029,48.14,108,03/04/2026,South
TX101861,C42951,844.88,103,2025-08-07,East
TX109819,C69829,288.29,66,25/10/2025,South
TX104421,C39466,726.6,51,2025-10-28,North
TX107421,C70901,166.25,110,2025-09-21,North
TX103856,C91416,1450.47,23,2025-03-02,West
TX107430,C36130,176.47,70,2025-02-23,West
TX108556,C41979,212.14,67,03-Feb-2025,North
TX102872,C10851,1418.81,40,04-10-2025,West
TX102867,C22833,1207.29,12,06/09/2025,east
TX109795,C46463,634.33,38,14-Feb-2025,East
TX104249,C53404,1112.58,78,11-26-2025,East
TX103565,C27146,1499.19,111,10-23-2025,North
TX105933,C32431,1429.84,1,2025-11-21,West
TX104346,C57447,1472.45,83,2025-02-08 07:54:17,West
TX100583,C21164,1133.71,103,01/01/2025,East
TX102947,C77033,678.95,33,2025-01-19,North
TX107398,C74789,513.2,13,2025-10-06 20:05:05,West
TX102451,C96356,1285.11,34,2026-02-09 09:30:29,North
TX107543,C97841,763.95,56,2025-07-29 02:02:32,North
TX100498,C41571,759.52,84,2025-03-22 19:28:59,South
TX106989,C91678,1367.74,43,2026-01-01 18:13:41,East
TX107515,C48290,1003.4,6,07-Mar-2025,West
TX106643,C88104,1381.03,112,2025-01-03,East
TX106190,C23970,347.66,67,2025-03-16,South
TX108584,C15276,48.28,86,27-Jun-2025,East
TX108198,C40161,587.68,110,06-Mar-2026,East
TX103988,C95180,1457.9,46,14/02/2026,East
TX107001,C33206,846.7,53,2025-03-06,South
TX108810,C39831,609.55,66,2025-06-18 14:52:25,West
TX109104,C31747,568.55,19,17/12/2025,West
TX100301,C24208,43.47,21,11-23-2025,North
TX100588,C30028,577.27,48,2025-08-11 06:42:11,West
TX102780,C55508,538.32,36,2025-11-29,West
TX107530,C62521,632.57,3,2025-07-01,North
TX100208,C67377,1247.82,93,03-14-2025,South
TX107621,C27601,134.88,90,05-30-2025,West
TX103195,C18418,1056.67,20,2025-03-16,North
TX103658,C59797,890.13,39,2025-10-14,East
TX109255,C15778,405.73,65,2025-03-07 06:53:13,North
TX103751,C41850,892.83,47,2026-01-23 21:26:22,South
TX108563,C48974,253.73,65,26/03/2025,west
TX101847,C49240,190.59,13,12-08-2025, West 
TX102723,C98501,1028.15,52,05-02-2026,South
TX104734,C40311,658.46,44,2026-01-14 01:58:43,East
TX104187,C44760,758.49,79,2025-05-01 14:34:39,South
TX104383,C49446,675.99,66,02-Apr-2025,South
TX105014,C70931,45.51,92,01/01/2026,west
TX104739,C97747,413.47,111,2026-04-07 17:51:47,West
TX105715,C36365,461.7,33,2026-02-02 15:59:41,East
TX104362,C44795,991.82,76,2025-11-25 06:24:28,west
TX104641,C83920,1123.74,22,04-28-2025,North
TX101840,C65108,179.19,16,2025-08-07,North
TX103762,C42742,899.59,8,07-Aug-2025,North
TX101286,C94886,378.7,18,2025-07-26 15:33:46,East
TX106291,C86503,452.59,32,07/04/2026,East
TX107329,C37742,1395.23,41,10-01-2025,East
TX100389,C73993,773.27,12,2025-03-27 17:00:40,North
TX105093,C64496,1242.94,21,29-Dec-2025,South
TX108038,C96563,613.23,76,04-16-2025,West
TX105239,C10942,790.67,33,04-09-2025,North
TX108542,C30866,892.47,12,2025-09-22,South
TX104073,C19838,NaN,83,25/03/2026,South
TX104044,C11934,1370.04,117,2026-05-03 10:53:59,South
TX100420,C80282,260.0,106,2025-07-30 04:50:37,East
TX109733,C83259,567.16,88,15-Jul-2025,South
TX102210,C23947,111.33,110,30-Nov-2025,North
TX103452,C91183,12.33,111,2025-04-29 22:15:16,East
TX102455,C63264,908.88,96,02/07/2025,South
TX106776,C25129,1423.72,95,07-28-2025,South
TX109111,C74038,1182.74,107,04-26-2025,West
TX102735,C67422,1156.26,96,20-Dec-2025,South
TX103848,C48290,14.53,2,24-Apr-2025,West
TX109631,C93130,1007.33,27,05-Apr-2025,West
TX107322,C46434,441.14,5,02-11-2025,East
TX103523,C39154,1490.3,13,19-Dec-2025,North
TX104185,C13552,632.1,65,01-12-2026,South
TX100682,C67733,1030.44,88,2026-02-23,South
TX106839,C49117,505.42,88,2026-02-25 06:32:33,East
TX104367,C42914,,41,2026-03-09,East
TX104997,C86569,NaN,65,2025-03-26 10:50:00,West
TX108391,C81200,349.79,37,03/04/2026,West
TX108903,C85914,1324.15,75,12-06-2025,West
TX102097,C61116,853.39,59,2025-07-31 17:36:13,West
TX100065,C50306,943.78,59,2026-01-22 18:28:43,South
TX106087,C36685,12.99,8,10/10/2025,North
TX102838,C37659,441.74,58,2025-02-15 13:28:43,North
TX106313,C44993,574.57,43,11-Apr-2025,West
TX100309,C53933,417.92,58,2026-04-15,West
TX105918,C42092,953.98,54,13/04/2025,West
TX109394,C93579,456.99,3,09/07/2025,North
TX103969,C45382,767.6,56,09-May-2025,North
TX102954,C17894,725.56,71,2025-01-23,South
TX104239,C10053,1130.77,44,26-Jan-2025,South
TX105638,C67125,1159.91,111,07/11/2025,West
TX108524,C19838,1145.18,103,2026-03-23 15:10:42,South
TX104248,C91927,315.5,32,02/03/2026,East
TX108988,C95649,186.97,60,2026-02-19,South
TX101062,C77889,1256.97,111,2025-03-22,East
TX107934,C39466,639.34,46,01-Aug-2025,North
TX103170,C85243,196.66,24,2025-06-17 08:18:06,North
TX102394,C97580,828.5,9,2025-01-31 15:45:39,South
TX107433,C17455,56.99,75,03-08-2025,South
TX100386,C87110,499.94,37,2025-04-22 16:30:35,North
TX109897,C89276,332.99,15,23/02/2026,North
TX104256,C87832,949.15,59,19/11/2025,East
TX107923,C47196,408.23,84,05-20-2025,East
TX108432,C97416,1193.92,22,12/11/2025,West
TX108731,C57301,1377.35,1,02/01/2025,North
TX106984,C70952,1409.79,71,12/04/2025,West
TX102826,C37659,1484.88,63,2026-04-18 04:19:06,South
TX104177,C80284,939.78,54,09-10-2025,West
TX109530,C71694,1284.15,97,10-14-2025,South
TX107498,C10074,1459.46,81,2026-02-17 00:16:23,South
TX105033,C64040,630.31,112,2026-03-24 16:31:01,South
TX105608,C89471,479.43,113,15-Nov-2025,East
TX101736,C41890,1410.18,2,09-14-2025,North
TX108496,C20543,1369.42,103,28/02/2026,West
TX103759,C38864,NaN,94,2026-03-13,North
TX105412,C95909,1462.22,95,05-10-2025,West
TX100317,C97580,1319.6,3,30/03/2025,East
TX104890,C97806,129.32,24,2025-09-29,West
TX105176,C30052,103.23,67,11-Mar-2026,South
TX100340,C98781,788.56,55,31/03/2026,South
TX103879,C15229,1149.0,44,01-Nov-2025,South
TX101162,C92719,216.74,63,16/01/2025,West
TX105930,C10074,1211.24,11,12/09/2025,East
TX108959,C65069,1130.0,37,12/03/2026,North
TX109301,C44687,396.82,8,2026-03-12,North
TX102588,C47093,1491.41,41,2026-03-11,South
TX107088,C74038,554.84,32,2025-01-05 08:07:45,East
TX100052,C80702,274.72,89,01-26-2026,South
TX100608,C41571,20.81,1,2026-03-02,North
TX103434,C59695,901.17,112,15-Oct-2025,South
TX105342,C18993,1327.62,17,12-09-2025,North
TX104464,C54597,418.06,26,2025-02-24 16:20:36,West
TX104352,C65108,898.59,89,2025-11-18,West
TX102104,C18907,577.02,102,04-10-2026,West
TX108087,C77889,1196.93,70,16-Nov-2025,West
TX101964,C84691,215.56,61,2026-04-22,West
TX103934,C62227,1383.42,108,2026-04-03,West
TX107606,C82667,1417.14,70,2025-04-21,West
TX108998,C47196,510.11,79,01-May-2025,West
TX107504,C85392,927.6,84,2025-08-16 21:21:05,West
TX105258,C59695,24.94,65,09-10-2025,North
TX101363,C90728,,71,16-Jan-2026,East
TX108808,C58520,823.42,8,2025-03-25 20:00:38,North
TX109423,C86503,485.07,22,2025-02-23 16:48:12,West
TX107114,C38893,155.25,82,15-Feb-2026,West
TX109651,C22833,139.68,83,2026-04-09,West
TX102765,C71069,,56,2025-12-13,South
TX104719,C18907,367.29,57,2026-02-05,East
TX102327,C65333,1407.52,50,09-05-2025,South
TX105986,C35995,480.33,103,04-04-2025,North
TX107143,C38683,715.21,67,2025-10-04 18:36:18,South
TX106606,C54057,1001.73,69,2025-08-27,West
TX101359,C36100,,40,27-Jun-2025,East
TX104695,C61116,528.36,57,02-17-2026,South
TX102907,C70515,1369.09,117,11-Feb-2025,West
TX106340,C55056,590.29,81,10-10-2025,East
TX102615,C60140,,31,07-12-2025,East
TX103336,C66207,835.31,50,2025-10-01,West
TX108547,C21114,262.76,38,24-Jan-2025,West
TX107508,C20641,430.9,20,2026-03-07,South
TX103382,C72616,690.01,120,02-07-2025,North
TX107983,C38657,1457.64,103,2025-05-26 17:26:51,East
TX105961,C17944,362.48,73,2026-01-13,West
TX103970,C17100,949.2,11,2025-10-20 11:42:42,North
TX106609,C16658,637.46,70,03-03-2025,East
TX104313,C67125,1494.3,83,19-Aug-2025,South
TX102144,C94696,421.72,35,02/12/2025,East
TX103752,C85470,,1,22-Jul-2025,West
TX107084,C34164,880.19,109,28-Nov-2025,North
TX101373,C69177,691.49,87,05-Nov-2025,East
TX107025,C31174,,5,09-Jan-2026, East 
TX107303,C71261,NaN,28,21/06/2025,North
TX105605,C77033,1195.28,20,10/03/2026,South
TX105138,C92149,1448.07,44,2026-03-19 06:11:23,North
TX103035,C87832,207.89,23,2025-10-06,West
TX101675,C74799,574.55,62,12-Aug-2025,West
TX103550,C73464,896.42,73,16-Apr-2026,East
TX101338,C70931,546.61,64,2026-02-26,West
TX103191,C31178,629.02,64,19/04/2026,East
TX104615,C62350,24.92,41,2026-03-14 06:36:15,South
TX102676,C38746,894.89,44,11-19-2025,East
TX102206,C98501,113.72,22,2026-04-25,South
TX101678,C41266,143.1,89,2025-10-11,South
TX103415,C91959,392.98,71,03-18-2025,West
TX105128,C38893,662.95,6,05-Jun-2025,South
TX103919,C74722,798.38,90,18/08/2025,South
TX108976,C97747,857.36,78,2025-04-09,North
TX109670,C72277,1292.84,21,2025-07-25 00:28:08,North
TX103425,C50026,154.63,84,2026-02-23 14:33:13,North
TX106658,C42816,574.04,110,2026-02-19 23:11:13,North
TX101844,C50026,320.23,67,03-02-2026,South
TX106884,C74722,266.16,65,2026-02-10,South
TX109687,C36062,667.02,91,20-Jul-2025,North
TX100985,C19359,1175.29,84,01-Oct-2025,East
TX106170,C58944,525.62,97,17-Mar-2025,South
TX102425,C13278,NaN,49,18/10/2025,East
TX108069,C47056,1436.45,84,2025-05-01 10:10:08,East
TX106063,C75909,832.03,113,08-Oct-2025,North
TX108012,C13552,1472.55,86,03-14-2026,West
TX102743,C30969,483.4,82,24-Sep-2025,South
TX103182,C51245,774.94,19,30/08/2025,South
TX106174,C19038,1082.65,62,07-11-2025,East
TX107933,C38010,428.78,81,2026-01-01 02:41:03,East
TX101560,C85243,666.56,64,2025-01-04,East
TX109231,C67433,1373.33,53,2025-05-01,North
TX107847,C33405,185.0,117,23-Mar-2025,South
TX108115,C58368,14.1,91,07-Aug-2025,North
TX101050,C14117,1433.99,45,2025-02-09 10:07:23,North
TX103509,C80010,1022.53,100,2025-08-18 17:14:01,South
TX105341,C90728,69.83,86,2025-05-20 02:32:55,south
TX101273,C24168,860.9,21,02/10/2025,North
TX102812,C25866,197.44,109,03-11-2025,North
TX102388,C67377,1099.79,27,07-27-2025,West
TX108493,C59192,1495.09,13,2025-10-03,East
TX100635,C31643,797.65,12,11-13-2025,East
TX106862,C37110,1272.25,120,2025-03-09,East
TX103204,C20155,360.29,26,2025-07-19,West
TX102056,C52237,756.0,84,2025-05-11 23:24:51,West
TX103814,C73464,739.15,87,2025-06-01,East
TX103429,C29528,914.65,90,28-Apr-2025,South
TX105096,C85880,293.26,12,06-08-2025,South
TX107104,C98381,1057.53,23,2025-11-21,East
TX106627,C52487,1377.03,69,2025-02-28,North
TX108336,C98259,1480.99,31,19/12/2025,North
TX102912,C36365,189.04,45,27/10/2025,North
TX106418,C86484,964.89,90,2025-07-20,West
TX106075,C99399,601.47,25,2025-12-22,West
TX106931,C97684,452.62,101,2025-09-20,North
TX108254,C80282,993.99,61,04-16-2025,North
TX100610,C25043,1341.48,27,2026-05-02 20:07:45,North
TX103135,C98117,420.97,97,2026-04-11,South
TX102382,C44671,606.19,88,2026-01-23 20:44:58,North
TX108942,C42098,338.0,109,2026-05-15 15:54:41,North
TX100849,C44675,345.81,66,01-09-2026,East
TX105018,C79163,1265.49,99,27/09/2025,East
TX100404,C16590,1317.44,59,08-17-2025,South
TX100160,C89593,800.24,105,28/04/2025,West
TX101659,C82132,691.32,43,03-16-2025,North
TX104070,C37549,315.01,22,06-Sep-2025,East
TX106271,C35112,1464.39,119,26-Mar-2025,East
TX103820,C40311,997.5,31,18/03/2025,north
TX105273,C25670,627.65,10,2026-04-09 08:22:14,South
TX109768,C37802,810.04,70,2025-03-18,South
TX101776,C17944,411.36,84,09-22-2025,West
TX109668,C78522,NaN,28,2025-09-28 20:39:06,North
TX103199,C10464,,5,2025-05-28 00:11:50,East
TX100432,C39256,1235.77,60,2026-04-20 13:05:04,South
TX102303,C89276,69.96,96,11-19-2025,east
TX100108,C62296,358.92,63,01-14-2025,South
TX106913,C97806,1469.26,87,03/01/2025,North
TX108298,C62581,464.36,52,20/06/2025,west
TX100384,C10425,897.34,99,2026-04-23 21:19:31,South
TX109257,C84607,746.9,8,05/10/2025,South
TX101853,C21164,930.08,109,10/04/2025,East
TX100680,C17665,1252.19,60,03-05-2025,West
TX104910,C49240,656.93,100,2025-04-19 20:42:52,West
TX105069,C71694,1189.39,111,2025-02-08,North
TX107806,C40340,766.06,40,2026-02-01 09:10:54,North
TX103274,C67954,891.7,56,05-Mar-2026,South
TX106549,C80236,549.5,41,13/02/2025,East
TX104838,C37110,435.59,54,2026-04-27,North
TX100273,C97580,200.42,105,07-25-2025,North
TX105502,C44675,888.17,110,09/02/2026,East
TX106469,C73699,15.01,30,09-Oct-2025,East
TX100198,C28289,501.66,79,07-14-2025,West
TX101653,C85574,801.44,78,2025-11-20,South
TX106857,C70910,327.09,46,07-07-2025,North
TX105232,C34356,695.45,20,16-Oct-2025,East
TX101690,C36365,327.28,99,23/11/2025,West
TX107481,C13101,736.63,15,2025-12-09,East
TX102436,C46421,753.69,8,09-12-2025,South
TX102548,C31299,719.35,51,08/02/2026,North
TX107146,C35825,802.05,114,2025-09-15,South
TX105912,C74340,572.92,76,06-10-2025,South
TX104333,C98501,592.38,86,27/06/2025,East
TX105005,C35105,67.85,119,03-19-2025,East
TX100862,C15482,933.17,23,05/05/2025,North
TX103130,C36062,1300.47,55,2025-10-27,North
TX102332,C38010,1179.27,47,02/11/2025,West
TX104078,C27601,1058.0,53,2025-03-06, East 
TX101433,C15224,972.8,41,24/01/2025, East 
TX108317,C96673,1133.97,72,17/08/2025,North
TX105532,C99016,NaN,42,24/02/2026,South
TX102350,C42406,1333.54,80,11-Feb-2026,South
TX101294,C25012,1392.12,21,26-Sep-2025,North
TX108138,C44237,382.77,72,14/11/2025,South
TX108670,C94080,,74,11-03-2025,South
TX104759,C49651,814.05,81,2025-02-01 08:41:56,East
TX101181,C85456,454.83,39,2026-01-04,West
TX106390,C13905,75.92,62,23-Apr-2026,South
TX108969,C66626,120.77,96,02-28-2026,East
TX106915,C62565,410.15,113,2026-04-26,North
TX108451,C38221,797.2,6,02-22-2025,East
TX108739,C62383,36.88,94,2026-02-15,North
TX105730,C51104,172.0,114,2026-05-16,West
TX102508,C43386,250.75,99,31/05/2025,South
TX104627,C88104,1070.08,12,2025-02-10,south
TX108203,C72277,653.66,21,04-01-2025,South
TX107629,C33405,1428.25,82,2026-02-07,East
TX100844,C39045,17.6,59,09/07/2025,west
TX108894,C11220,353.34,47,16/04/2025,West
TX105195,C74032,568.9,46,2025-01-23,South
TX100572,C30635,511.41,56,26/01/2025,North
TX106343,C23238,1015.99,108,10-13-2025,North
TX104445,C28373,448.27,85,03-13-2026,South
TX105814,C13248,910.14,80,2026-05-10,West
TX105871,C88193,323.54,66,05-Apr-2025,West
TX101792,C33086,1031.71,19,2025-12-19, East 
TX108489,C59797,1199.84,49,27-Jun-2025,North
TX101033,C74799,1046.6,112,2026-04-21 14:32:45,South
TX100253,C32810,1234.65,33,03-27-2025,East
TX109447,C41029,1313.68,92,2026-02-02 18:35:56,North
TX105189,C17455,866.41,48,2026-04-26,West
TX103354,C69048,,100,03/11/2025,North
TX107362,C11267,339.87,26,12/09/2025,South
TX108079,C78765,35.48,99,2025-08-01 01:59:56,West
TX105438,C31632,328.91,68,29/01/2026,South
TX109351,C40828,836.36,7,2025-06-07 20:25:44,East
TX104281,C51104,1323.54,117,2025-10-04 22:10:30,North
TX105055,C18418,1003.41,96,2026-04-10,North
TX102906,C10282,668.69,100,2026-01-14,South
TX106784,C80855,532.04,89,04-19-2026,West
TX104573,C65518,699.95,18,2025-09-03,West
TX109809,C10942,880.79,11,06-Oct-2025,East
TX102952,C27477,494.09,90,2025-03-18 11:15:23,East
TX105642,C73653,924.86,98,2025-05-13 00:19:44,West
TX101301,C87128,1206.01,18,15/03/2025,West
TX105184,C97841,675.93,4,2025-04-01,North
TX102764,C14165,666.18,94,21/02/2025,East
TX100765,C70931,145.99,42,01-14-2025,North
TX102611,C68008,978.19,82,05-10-2025,West
TX106290,C62227,624.45,71,2026-04-17 18:48:21,West
TX106034,C40161,377.01,101,05-05-2026,East
TX102855,C47450,988.14,48,2025-03-04 09:10:15,East
TX100686,C85914,1048.46,46,2025-02-19 18:22:52,east
TX106947,C91678,703.07,7,2026-01-01,South
TX102426,C91927,1248.35,86,2025-09-30 23:29:47,North
TX107387,C51114,244.41,22,22/02/2026,South
TX108276,C69049,686.34,88,2026-01-23,East
TX105618,C59695,977.65,96,04-09-2026,East
TX109665,C71524,354.87,13,2025-06-23 22:42:43,North
TX102287,C86556,1418.87,51,01-19-2026,North
TX108922,C62994,650.09,34,07-Apr-2026,West
TX101283,C16057,430.21,89,2025-10-01 07:24:01,West
TX108950,C19880,354.4,82,2025-10-29,East
TX104575,C87924,,22,23-Dec-2025,East
TX101005,C90676,266.35,46,06/03/2026,South
TX102274,C91959,898.61,40,01/08/2025,South
TX102452,C12560,27.49,52,2026-05-15,South
TX101477,C42325,469.24,64,2025-12-25 09:48:35,East
TX109644,C25866,1385.75,111,2026-01-04 00:00:10,North
TX101021,C37535,NaN,11,2026-03-19,West
TX108770,C91959,491.31,64,18/03/2026,East
TX106123,C82692,84.3,91,2025-11-19 13:55:44,North
TX103885,C42177,789.84,47,2025-04-28 06:12:46,South
TX104102,C65771,638.16,94,08-13-2025,North
TX102745,C29769,252.79,53,06-Mar-2026,South
TX105416,C95181,1327.5,33,12-16-2025,North
TX108585,C70332,93.54,81,2026-02-06 16:52:04,South
TX108440,C27154,428.12,85,25-Jan-2026,East
TX107032,C26299,24.11,85,2025-09-29 15:23:41,West
TX100343,C96951,387.4,68,2025-11-16,North
TX104254,C87924,73.56,91,05-22-2025,East
TX109621,C56357,766.99,82,17/01/2025,North
TX100267,C14278,1052.58,94,06-17-2025,West
TX100748,C59615,646.21,33,2025-03-18,South
TX100413,C23577,551.12,83,2026-04-05,South
TX102600,C40340,,82,19/05/2025,North
TX106726,C39045,391.02,71,02-17-2025,West
TX105462,C42953,623.36,41,27-Apr-2026,South
TX101843,C48427,766.07,23,2025-08-12 03:31:40,West
TX108958,C43972,297.9,57,2025-04-03, South 
TX102840,C42177,174.81,99,03/01/2026,South
TX103194,C85454,994.76,81,11-21-2025,West
TX106023,C86225,464.3,113,27/03/2025,West
TX100633,C33405,313.21,81,2025-05-19 14:26:15,East
TX108828,C47056,531.47,69,21-Feb-2026,East
TX109401,C15695,1194.99,98,2026-03-05,West
TX108370,C79615,448.65,7,18-Jun-2025,West
TX105201,C83563,145.74,50,28/11/2025,East
TX104354,C13278,1486.45,10,2025-08-01,North
TX108631,C63424,206.95,62,03-Apr-2026,North
TX108946,C99353,1438.64,90,2025-09-29 06:10:03,North
TX100337,C44335,718.71,0,2025-01-20 06:46:23,North
TX104310,C19359,544.72,25,2025-02-09 16:17:49,North
TX107731,C89997,271.99,63,2025-02-20 20:09:05,West
TX109139,C42530,235.95,37,2025-03-04 11:18:59,North
TX103546,C49240,1016.42,51,23-Feb-2025,North
TX105987,C15383,1261.72,59,2025-11-09,West
TX108520,C47930,574.2,87,03-25-2026,North
TX106167,C30730,836.38,60,13/09/2025,West
TX100500,C80539,1118.14,46,08-May-2026, West 
TX106646,C70332,1386.52,91,02-12-2026,East
TX102648,C32241,1094.74,103,02-18-2025,West
TX101092,C42087,414.49,10,02-Jun-2025,West
TX102682,C38785,1214.4,40,2025-08-05,South
TX106758,C31299,437.72,106,23-Aug-2025,North
TX105027,C65296,11.55,69,04-14-2026,South
TX101928,C57819,1209.05,22,2025-12-29 03:47:08,East
TX104605,C17989,1335.11,81,08/02/2025,South
TX102921,C63269,521.41,103,11/04/2026,West
TX109176,C25906,978.8,35,05-07-2026, North 
TX102897,C50306,541.98,30,30/10/2025,West
TX101642,C95180,204.16,89,2025-07-20,South
TX109475,C43092,86.07,109,2026-01-16,East
TX106850,C52906,,59,01-22-2026,South
TX100863,C41029,979.3,45,2025-06-09 17:49:09,East
TX107225,C51904,231.51,16,2026-03-20,North
TX105825,C70332,1223.88,76,2025-06-04,West
TX109450,C15229,86.96,112,24-Mar-2026,North
TX106976,C94874,858.25,104,2025-04-06,South
TX103737,C38864,198.63,68,04-29-2026,West
TX108743,C40007,1090.59,111,2025-11-19 05:06:03,West
TX106135,C26544,134.91,61,01-28-2026,North
TX101222,C78146,,49,2025-08-16,East
TX103908,C62743,19.79,15,20-Mar-2026,East
TX109705,C50888,183.34,115,26/11/2025,West
TX104892,C97538,1014.18,47,10-17-2025,North
TX109194,C52487,336.68,35,11-16-2025,West
TX105434,C21395,96.81,109,2025-10-05,West
TX106195,C69429,411.37,1,01/11/2025,West
TX109692,C80855,1315.99,88,2025-06-09,South
TX104192,C23947,316.47,43,02-Feb-2026,North
TX100459,C31174,1393.21,53,2025-11-20 18:25:54,North
TX104532,C32810,385.72,12,2025-05-28 13:41:15,East
TX102945,C18161,415.29,82,22-Apr-2025,South
TX102657,C66626,727.04,5,02/11/2025,North
TX101512,C34957,1373.29,42,01-Apr-2025,East
TX109436,C41385,458.97,106,10-22-2025,East
TX103294,C93886,816.9,24,2025-02-14 10:23:32, West 
TX100644,C33416,958.81,78,09/04/2026,East
TX106286,C42406,1444.38,64,2025-08-10 11:52:34,South
TX106206,C80697,116.03,80,2025-10-25,East
TX102660,C16057,NaN,102,24/07/2025,East
TX106671,C56566,985.99,37,25/06/2025,South
TX106096,C57795,98.6,110,23/09/2025,South
TX101884,C32241,645.89,87,2026-04-20,West
TX102226,C20155,789.16,108,2025-10-14 10:39:25,South
TX109078,C22097,727.51,38,11-Dec-2025,South
TX102928,C73904,1340.0,59,2025-10-09,South
TX106391,C30517,853.03,106,2025-01-09,South
TX105453,C28301,320.54,109,03-20-2025,East
TX107287,C43586,1115.51,47,04-10-2026,East
TX108023,C87278,1048.94,52,11-11-2025,East
TX103343,C78765,908.52,56,02-12-2025,East
TX105127,C20458,771.42,9,30/12/2025,West
TX104137,C74454,1456.98,51,29/09/2025,South
TX104501,C67654,,74,2026-02-21 12:23:28,North
TX108181,C40340,1007.58,11,11-27-2025,North
TX101780,C74722,848.21,12,14-Jul-2025,East
TX105317,C45992,1499.73,61,12-21-2025,West
TX105049,C65069,880.28,55,02-08-2025,North
TX104301,C92397,NaN,84,2026-01-11 00:55:55,East
TX105812,C96951,356.55,60,2025-02-21,South
TX107988,C22704,1135.02,108,07-22-2025,East
TX104732,C15695,,42,10-10-2025,North
TX101248,C56357,NaN,9,2025-03-09 16:58:24,West
TX107392,C37535,866.35,10,2025-04-26,North
TX106587,C30969,941.04,0,2025-11-28 08:49:09,East
TX104181,C72493,1378.69,83,10-11-2025,South
TX106073,C76317,153.58,5,2025-07-21,East
TX104819,C24168,1342.04,56,11/10/2025,South
TX106990,C22156,841.52,101,2025-09-23,North
TX108656,C46347,581.69,98,2025-05-13 17:05:14,North
TX107668,C19880,58.02,21,2025-11-25,East
TX109801,C29536,419.34,88,22-Jan-2026,North
TX106552,C84085,,119,05-31-2025,East
TX101972,C49529,833.0,12,19-Aug-2025,South
TX109087,C12560,1154.1,24,26-Feb-2025,South
TX102883,C78327,646.58,48,2025-02-04,West
TX108380,C27361,967.67,117,09-May-2026,West
TX103607,C57576,1370.82,91,20-Jan-2026,North
TX103641,C98039,559.43,47,01-14-2025,South
TX103172,C70946,1024.53,96,17-Mar-2026,West
TX103707,C70910,851.59,71,2025-05-25,South
TX108910,C18993,1458.54,51,2025-03-08,North
TX106759,C25043,789.12,19,2026-01-16,West
TX104130,C18564,236.48,15,02-07-2025,South
TX108545,C35112,,52,2025-03-17 05:28:05,East
TX109430,C58393,1490.0,4,16/01/2025,East
TX103008,C44814,100.39,64,2025-07-20,West
TX103862,C29313,316.88,99,2025-06-08,West
TX101580,C88907,1321.69,49,20/01/2026,South
TX109323,C29410,158.35,61,2026-01-13,South
TX107257,C49240,477.31,3,10/09/2025,West
TX101671,C77839,739.82,101,2026-03-25 10:20:01,West
TX100036,C45954,1471.49,47,10-06-2025,North
TX109845,C72277,NaN,104,18-Sep-2025,South
TX107355,C53309,NaN,14,2026-04-13 04:24:42,West
TX106024,C89507,70.63,106,04-06-2026,West
TX109106,C19171,682.07,72,2025-12-28,South
TX106125,C77000,109.44,88,2026-01-20 14:26:31,West
TX104542,C30676,32.23,50,11-08-2025,West
TX106467,C17146,1020.55,64,31-Dec-2025,East
TX109588,C12671,363.27,105,08-Sep-2025,East
TX101313,C62581,419.83,109,2025-04-10 23:01:21,South
TX108838,C97062,1483.44,95,05-30-2025,North
TX108025,C34914,770.01,46,20/04/2026,North
TX103082,C65724,817.11,21,2025-03-07 05:17:30,North
TX100367,C55056,1083.73,13,2025-05-11 06:12:07,West
TX105674,C89840,1154.34,15,02-24-2026,East
TX103317,C25670,1421.74,72,05-14-2026, East 
TX100167,C94659,91.15,52,11-May-2026,East
TX103442,C89905,NaN,39,2025-11-13 18:11:24,West
TX103562,C82848,771.41,18,03-Apr-2026,North
TX103570,C94080,1088.17,7,08-30-2025,North
TX109128,C47828,875.19,107,08-03-2025,North
TX100391,C58571,40.51,91,2025-06-19,North
TX108384,C72402,1129.54,15,03-Jul-2025,East
TX101345,C42325,1471.2,68,24-Jan-2026,North
TX101361,C19358,844.18,44,12/02/2025,South
TX101171,C42662,439.75,4,08-31-2025,East
TX107206,C61856,1312.75,83,07-20-2025,South
TX102167,C70637,703.02,93,2025-07-19 21:17:31,South
TX108725,C45992,958.52,3,2025-11-30,West
TX105549,C22676,415.37,26,2025-02-08, South 
TX100060,C94939,865.76,73,27-Jul-2025,South
TX103644,C65333,995.89,46,2025-03-15,West
TX107517,C86503,277.83,64,21-Sep-2025,West
TX103095,C53309,634.54,105,21/03/2026,North
TX105665,C75909,764.1,14,16-Jan-2025,East
TX107330,C49529,514.15,40,2025-05-19,South
TX106257,C19545,492.43,82,09-05-2025,West
TX102875,C40495,40.48,38,2025-02-22 09:58:55,South
TX100152,C73904,672.89,90,2025-07-05,North
TX100288,C50319,960.7,62,11-29-2025,East
TX105083,C82063,934.46,106,04/03/2026,West
TX105297,C47268,984.16,114,07/11/2025,North
TX101814,C74038,NaN,110,07-20-2025,North
TX102636,C27146,1319.62,10,08-31-2025, East 
TX101401,C87110,461.55,98,29-Sep-2025,North
TX104376,C18161,933.64,72,18-Dec-2025,South
TX100418,C63424,1336.74,18,29/01/2025,South
TX107502,C72070,1295.76,97,05/03/2025,South
TX109703,C47450,995.37,96,2025-03-19 05:14:17,East
TX109063,C31319,1402.24,82,01-02-2026,South
TX109441,C66985,1480.29,43,12/05/2026,North
TX109770,C22196,968.74,35,07-Jul-2025,West
TX104709,C13365,658.83,49,2025-07-30,West
TX103728,C53540,708.98,46,12-13-2025,North
TX107090,C88135,897.88,63,2025-09-05 21:32:46,West
TX103513,C41963,16.6,65,04-11-2025,West
TX105689,C10464,1032.4,79,03-21-2026,East
TX103209,C80284,353.87,56,2025-03-07 07:37:22,North
TX109757,C47606,742.33,17,01-06-2026,South
TX108787,C64321,460.21,84,2025-10-18,South
TX103974,C51347,NaN,117,2026-01-16 19:04:47,West
TX109800,C81511,250.57,78,2026-01-11 19:47:13,West
TX101614,C59672,899.08,58,25-Feb-2026,East
TX105693,C11658,82.36,70,2026-02-09 13:36:41,South
TX104057,C52753,589.55,46,11-16-2025,North
TX103517,C15965,320.81,86,2025-09-06 16:43:22,East
TX100458,C46559,1335.0,48,11-11-2025,West
TX108566,C82512,811.05,86,01-28-2025,West
TX100713,C96951,398.77,75,13-May-2026,South
TX101542,C37659,241.63,70,18-Nov-2025,South
TX102314,C61173,780.89,80,25/06/2025,West
TX106781,C84691,1456.87,114,08/12/2025,East
TX105587,C67905,840.63,4,10/04/2026,North
TX109521,C44687,1152.24,17,2025-08-06 19:26:42,West
TX105887,C19838,661.29,108,11-Apr-2025,East
TX102207,C42742,851.51,117,12-11-2025, South 
TX104371,C99065,1146.86,120,10-30-2025,North
TX106056,C81582,,56,2025-12-27 17:24:24,East
TX108369,C12671,1321.88,83,02-04-2026,West
TX104620,C66346,1110.6,90,01-21-2026,South
TX104969,C19358,20.86,54,2025-10-01,South
TX103656,C40311,267.97,59,2025-08-07 13:05:11,West
TX105381,C64987,1227.65,22,14-Jan-2025,north
TX108968,C70068,533.03,3,15-Jan-2026,North
TX108847,C94080,622.25,44,11-20-2025,West
TX101148,C44718,1341.68,23,2025-05-17,West
TX105198,C93748,755.5,97,2025-11-27 00:08:13,east
TX107313,C60432,997.36,64,2025-02-22 15:46:42,South
TX108694,C66959,975.26,35,04-Nov-2025,West
TX105319,C49618,109.65,115,30/04/2025,West
TX100656,C53279,419.33,8,07-10-2025,West
TX105980,C44600,459.68,56,2025-10-29,South
TX102587,C62383,460.5,104,2025-03-28 22:39:55,West
TX102955,C56898,729.89,111,2025-04-17,east
TX102124,C16175,1434.84,84,2025-04-10 09:19:37,South
TX105893,C65518,15.06,80,19/07/2025,East
TX109732,C60328,529.88,79,02-07-2026,West
TX100558,C96951,1151.71,14,12-18-2025,South
TX101515,C81511,1264.74,24,23-Feb-2026,South
TX109434,C96662,670.04,32,02-23-2025,South
TX108882,C19171,160.61,15,23/08/2025,East
TX109558,C36130,1265.51,104,03/05/2025,East
TX108145,C91987,1062.07,50,2025-02-04,North
TX100045,C70332,648.15,101,2025-12-26,East
TX107946,C79615,1024.04,47,05-11-2026,South
TX103909,C82768,372.33,10,08-Aug-2025,South
TX105831,C38010,1354.35,34,26/01/2025,West
TX108714,C91416,591.63,58,16/04/2025,North
TX105805,C26704,544.2,79,2025-11-13 02:38:24,West
TX102403,C62227,1130.19,4,02-Dec-2025,East
TX106113,C59692,207.14,117,28/01/2025,North
TX105588,C98184,1276.24,112,22-Jul-2025,South
TX107323,C82845,NaN,45,14-Jan-2025,West
TX103611,C48890,1293.34,42,20-Sep-2025,West
TX109504,C67199,1046.16,117,12-03-2025,West
TX106773,C29342,597.18,111,2025-10-23,North
TX109264,C21114,984.33,85,2025-11-13,East
TX108682,C37235,784.95,115,04/09/2025,South
TX101867,C56566,485.48,58,28/07/2025,East
TX103973,C79822,1009.07,88,2026-01-02,South
TX101160,C96356,732.31,46,2025-08-23,South
TX100063,C99593,175.47,65,04-10-2025,South
TX108341,C62521,301.78,14,08-Oct-2025,East
TX101134,C42098,430.13,107,11-May-2026,North
TX103381,C66148,1268.84,9,2025-12-10 21:23:57,West
TX101798,C86622,194.53,6,2025-04-28 03:35:30,West
TX106541,C82692,1461.07,109,2025-01-25 08:06:26,East
TX103821,C70589,1382.43,74,05-19-2025,East
TX106736,C19171,NaN,71,06-05-2025,North
TX105775,C26483,414.97,85,05-18-2025,west
TX104895,C84341,1037.72,114,28/04/2025,East
TX106874,C66207,1111.49,114,02/05/2026,North
TX109762,C58944,668.52,47,23-Aug-2025,East
TX103632,C89516,1035.76,3,06-Jan-2025,East
TX100734,C82603,662.02,32,2026-03-18 01:31:34,South
TX106177,C23006,1014.07,96,15/06/2025, East 
TX105787,C51904,58.3,114,24-Apr-2025,North
TX105709,C20500,771.1,110,2026-01-09 20:00:21,south
TX101274,C64948,811.95,92,11-Jan-2025,North
TX107645,C30866,399.87,86,16-Jan-2026,East
TX109207,C11854,641.7,60,2025-07-10,South
TX107106,C85454,503.28,44,03-23-2025,South
TX103740,C70952,15.32,88,10-27-2025,East
TX104678,C89507,NaN,98,2025-03-17 22:11:38,East
TX105648,C46265,1301.36,91,03-Mar-2025,East
TX108405,C80010,862.19,68,23-Feb-2025,South
TX103494,C50404,1177.92,78,2025-07-17 15:46:43,south
TX103582,C22097,1158.31,87,08-Nov-2025,West
TX104273,C54597,1483.93,85,04-29-2026,West
TX101923,C10772,1325.21,105,03-01-2025, South 
TX106715,C95215,916.76,106,24/03/2025,North
TX101991,C82544,1267.16,13,15-Feb-2025,North
TX103569,C24592,1170.27,87,24-Jul-2025,North
TX104790,C41890,1246.1,22,01-13-2026,West
TX107614,C13365,877.74,87,31-Jan-2026,North
TX105175,C35485,497.53,98,2025-07-12 22:50:16,East
TX103665,C95181,1479.22,34,05-03-2026,South
TX107586,C56438,967.03,77,18/03/2026,North
TX104060,C82063,1080.39,71,2025-12-02,North
TX105063,C74340,1385.83,35,09/01/2026,North
TX108543,C43386,1062.92,53,2026-04-20 16:31:15,North
TX105439,C44600,876.03,114,2025-11-23 15:41:41,South
TX109465,C37549,1170.05,115,2025-07-18,East
TX101961,C15383,6.85,119,2025-04-20 19:22:08,West
TX105580,C64548,446.02,102,2025-02-09 18:47:18,North
TX108307,C12671,661.19,3,04-10-2025,East
TX106827,C49139,1327.3,57,2025-12-16 12:06:49,East
TX106662,C93748,1267.68,107,2026-02-11 21:37:13,North
TX104202,C80010,957.21,108,08-Apr-2026,East
TX106304,C78765,1060.37,77,11/08/2025,South
TX105828,C36158,1035.83,71,07-17-2025, West 
TX109333,C87832,610.43,39,06/09/2025,South
TX109069,C86569,1116.14,104,13/02/2025,West
TX107316,C74722,485.15,94,15-May-2025,East
TX101408,C13248,164.72,31,03-24-2025,West
TX102026,C17592,,48,12-16-2025,West
TX108207,C34914,647.28,51,2026-04-06 10:13:36,East
TX106622,C22833,539.27,68,2025-04-11 06:05:33,South
TX103519,C94080,367.86,91,2026-04-11 00:41:00,West
TX101468,C38361,1431.34,73,2025-02-18,East
TX102165,C30676,341.24,33,02/05/2026,North
TX109469,C86019,1092.42,117,02-19-2026,South
TX109027,C79329,339.42,40,2025-01-07,west
TX106477,C84364,701.35,45,2026-04-05 19:46:06,North
TX107568,C99593,1220.0,29,2025-04-07,South
TX102203,C87580,1285.87,39,2026-01-31,South
TX107157,C37869,670.22,43,04-May-2026,East
TX105475,C38785,792.03,61,17-Feb-2026,West
TX101806,C42406,NaN,45,10-Jun-2025,North
TX100932,C32782,24.19,64,01-09-2026,West
TX105328,C22833,188.63,40,23-Nov-2025,South
TX100519,C54020,700.12,120,2025-01-05,West
TX106728,C80702,397.66,99,2025-09-02,North
TX100008,C63545,1120.71,17,2026-03-19,South
TX100874,C99192,291.56,48,12-22-2025,South
TX100438,C82309,840.15,64,05-31-2025,North
TX100926,C11504,192.71,22,2025-10-31 06:15:32,North
TX102813,C67733,200.09,85,2025-04-01,South
TX106385,C41285,693.34,10,2025-06-28,East
TX104584,C42098,1105.15,22,23/05/2025,North
TX102070,C27477,1251.97,42,2025-01-11,West
TX109825,C40021,1249.41,99,01/10/2025,West
TX103391,C13101,632.86,2,2025-08-27 07:46:46,North
TX105440,C93886,215.49,99,18/01/2026,East
TX106415,C37460,1277.91,106,29-Jan-2026,East
TX101496,C24322,NaN,71,01-31-2025,North
TX108814,C14207,925.83,46,2025-06-30 08:42:17,South
TX103675,C30926,612.3,113,01-Oct-2025,South
TX100562,C19602,228.21,107,01-16-2025,West
TX105137,C41385,1030.96,78,05-Jun-2025,West
TX107807,C64377,927.03,64,11-Sep-2025,West
TX101226,C40595,1288.48,120,01-Oct-2025,West
TX105260,C88193,264.58,65,09/12/2025,West
TX106312,C80686,457.44,27,2025-01-10 19:01:13,South
TX103822,C22224,962.81,9,2025-05-24,West
TX108601,C70589,1409.17,30,12-Nov-2025,South
TX106000,C95477,166.98,61,2025-03-22 21:18:04,North
TX108756,C82667,233.03,110,26/08/2025,North
TX100649,C73788,1498.43,2,09-03-2025,East
TX109616,C88104,216.4,35,22/05/2025,North
TX105259,C20735,798.48,9,01-02-2025,North
TX100587,C13201,542.07,110,2025-05-25,East
TX104442,C10464,615.27,45,14-Aug-2025,South
TX100388,C80644,812.65,36,2025-01-13 11:32:51,West
TX109916,C11267,435.42,46,06-12-2025,South
TX102043,C17944,554.3,83,08-28-2025,East
TX100814,C65771,684.19,18,31-Dec-2025,West
TX100707,C73624,206.24,12,2026-01-13,North
TX107544,C24993,150.46,82,22/01/2026,West
TX102178,C61990,143.11,119,10-13-2025,South
TX105643,C85849,932.05,71,2025-11-22 01:34:45,West
TX100298,C46347,239.87,12,19/06/2025,East
TX109725,C76768,1203.65,104,08-30-2025,East
TX106186,C68446,1406.96,30,2025-10-10,South
TX102105,C96163,671.05,56,04-20-2026,North
TX101268,C88385,1133.67,36,03-Aug-2025,South
TX107851,C74340,833.89,50,03-Mar-2026,East
TX102444,C11658,1433.8,98,04-02-2026,South
TX101129,C89997,19.4,88,01-06-2025,East
TX100260,C70217,108.05,59,03-20-2026,South
TX108095,C70142,1292.92,67,04-04-2025,West
TX100375,C29528,629.13,95,2026-04-03 09:56:54,West
TX108830,C63528,1350.81,12,2025-09-08,South
TX105951,C93810,1374.52,24,11-May-2026,South
TX101258,C35242,557.46,36,2026-04-28 13:46:28,East
TX105663,C46509,328.52,39,09-Jul-2025,East
TX104009,C69429,1267.25,0,2026-02-22 02:41:29,North
TX109303,C76162,1308.19,118,31-Mar-2025,East
TX109642,C34356,15.69,89,2025-12-17,East
TX106038,C67433,725.32,1,02-20-2025,North
TX104038,C59857,1439.28,97,2026-03-10 07:23:28,South
TX102006,C51180,217.8,119,2025-07-02 07:52:40,West
TX107250,C70589,862.6,22,22/12/2025,East
TX108893,C29536,1472.76,33,01-21-2025,North
TX103770,C49321,136.37,24,2025-08-15 09:47:28,West
TX105528,C95215,25.94,61,2025-01-03 13:55:56,North
TX105111,C92719,1186.83,41,04-15-2025, East 
TX104250,C13617,1058.76,106,2025-10-17,East
TX102050,C80381,1341.22,42,11/03/2026,south
TX107058,C43065,439.73,70,03-03-2025,North
TX108887,C70332,311.31,65,2025-03-10,West
TX104941,C82512,1253.1,36,02-21-2025,West
TX103505,C41850,,102,2026-04-08 16:00:45,West
TX101772,C28301,215.34,35,01-Apr-2025,North
TX104534,C87236,181.29,16,12/04/2026,West
TX100624,C41285,1182.73,5,2025-07-27,East
TX106479,C22156,1422.48,25,04-Mar-2025,North
TX108311,C69829,164.71,68,2026-04-27,South
TX108610,C30926,686.38,14,08-02-2025,North
TX107027,C13365,334.52,14,14-Mar-2026,East
TX107078,C16630,617.04,115,26-Jan-2025,East
TX105078,C40828,1153.41,70,2025-09-16 06:49:29,West
TX105901,C73993,123.36,0,2025-10-20,North
TX106635,C47450,1165.1,103,15/01/2026,North
TX102061,C66985,1478.07,84,09-Oct-2025,North
TX100996,C37802,893.95,108,26-Jul-2025,East
TX109392,C21359,611.28,9,16-Mar-2025,North
TX106517,C38785,93.18,107,18/12/2025,North
TX106900,C12540,374.69,63,2025-12-28,North
TX104342,C44664,168.94,46,08/02/2025,North
TX105487,C81121,584.87,106,06-01-2025,East
TX100941,C76317,465.61,21,22-Feb-2026,North
TX109567,C63883,622.44,19,2025-11-05 05:55:49,East
TX104384,C96474,1038.86,5,2025-05-27,North
TX101550,C63264,412.89,97,03-Dec-2025,North
TX102943,C76469,1137.21,94,01-19-2025,South
TX101476,C15965,529.14,103,08-13-2025,East
TX105687,C86556,1136.29,86,05-04-2026,North
TX101329,C24168,510.13,86,07-25-2025,North
TX106416,C85470,238.79,47,11/08/2025,East
TX102545,C42493,1137.54,75,2025-10-29 13:22:06,South
TX101734,C86225,1357.05,32,07-22-2025,North
TX109334,C59856,NaN,1,02-24-2025,East
TX104407,C48974,1243.84,63,05-04-2025,West
TX107510,C67433,1031.78,58,15-Jan-2025,East
TX108727,C42530,1370.67,64,2025-08-30,East
TX108791,C69470,1370.66,14,07-11-2025,West
TX103412,C56357,NaN,108,03/04/2025,East
TX105907,C91399,139.26,65,2025-04-06 20:59:26,South
TX100605,C30257,,48,12-14-2025,North
TX100947,C96951,1480.41,97,17-May-2025,West
TX107335,C10053,1302.55,25,10-21-2025,South
TX103586,C41830,,56,05-11-2025,South
TX103307,C21003,630.4,59,2025-03-18 18:50:29,East
TX103026,C15482,840.85,44,02-26-2025,North
TX108655,C25906,737.78,97,28/04/2025,South
TX100295,C15014,869.19,97,18/12/2025,East
TX109220,C59692,1376.16,109,09/07/2025,South
TX105854,C51441,486.39,30,2025-09-04 06:44:39,North
TX105124,C82845,611.54,120,2025-11-08,East
TX108596,C95990,231.29,84,11/04/2026,West
TX109752,C30052,512.53,88,01-09-2026,North
TX108271,C54236,1399.12,56,01-10-2026,North
TX109158,C54597,801.94,112,2025-01-05,North
TX103836,C87278,1348.22,10,05-12-2025,east
TX105977,C83385,448.86,45,2026-04-06 01:13:24,South
TX107790,C85631,1357.01,108,22-May-2025,East
TX108362,C67733,1001.12,107,29/08/2025,West
TX100130,C98381,868.56,92,2025-01-27 15:10:33,West
TX107435,C68743,189.49,118,09/09/2025,South
TX103987,C42177,270.86,89,2025-09-25,West
TX103824,C65255,72.47,19,2025-02-19,West
TX105496,C65057,845.8,115,07/12/2025,East
TX104366,C56898,1282.62,53,04-19-2025,South
TX109510,C99974,726.52,99,2025-11-25 03:49:13,North
TX100637,C89131,549.47,26,08-11-2025,South
TX102566,C65057,NaN,101,2025-05-09 09:11:39,North
TX105332,C16658,130.54,111,28/02/2026,South
TX102736,C13905,749.91,81,04/05/2026,South
TX104607,C65518,82.1,104,02-19-2026,South
TX108337,C54118,732.75,120,2025-02-08,West
TX103968,C62772,535.92,112,05-09-2025,East
TX105494,C99593,1490.15,78,2025-01-09,South
TX103837,C72031,1208.88,10,05-23-2025,South
TX101288,C39451,1193.07,69,09-13-2025,East
TX107872,C37110,959.84,113,05/04/2025,North
TX102686,C89840,1398.95,81,2025-10-22 12:27:47,South
TX107190,C73464,549.01,37,2026-02-23,South
TX105501,C22280,1020.71,50,06-27-2025,North
TX104230,C42018,730.44,75,23/08/2025,West
TX106213,C46471,1458.22,58,2025-10-04,North
TX102908,C42706,520.18,84,30-Aug-2025,North
TX102720,C85880,1031.61,79,2025-05-18 12:12:56,East
TX103899,C44335,708.2,55,23-Jan-2026,North
TX108111,C26828,NaN,17,2025-03-24 09:12:39,West
TX103260,C15695,684.41,17,2025-10-01 06:17:49,North
TX107021,C36772,829.36,111,2025-12-03, East 
TX105074,C80855,1304.4,88,2025-01-14 00:26:54,East
TX105947,C87992,1482.56,0,02/01/2026,East
TX106986,C99593,1328.4,113,07-Apr-2026,North
TX103604,C88104,1053.34,30,2026-03-21,West
TX109675,C23970,737.59,109,01-18-2025,South
TX100212,C93136,NaN,57,31-Oct-2025,west
TX106689,C42742,681.33,26,2025-11-29,North
TX101536,C91167,991.18,119,22-Sep-2025,East
TX107056,C48469,1084.79,52,18/02/2025,East
TX109464,C96163,1195.13,58,09/05/2026,West
TX109526,C56566,729.63,81,18-Mar-2026,North
TX109629,C46930,429.27,38,2025-08-15 21:37:58,West
TX109483,C73788,NaN,10,29-Apr-2025,North
TX104714,C13101,308.93,70,07-Mar-2026,East
TX100843,C97026,1010.01,45,13-May-2026,South
TX100645,C60488,328.58,60,05-Mar-2026,south
TX105514,C80855,NaN,0,25-Nov-2025,North
TX103716,C83975,822.2,83,01-27-2026,East
TX108793,C30028,423.98,99,2025-07-01,West
TX106548,C38785,446.57,120,15-May-2026,South
TX109868,C52753,1192.53,78,05-05-2026,South
TX101109,C23473,1460.37,24,12-Nov-2025,North
TX101128,C12260,1187.39,45,2025-05-06,East
TX106217,C82309,625.46,18,12-Apr-2026,West
TX103834,C57400,473.54,9,17/12/2025,West
TX102189,C67199,519.23,92,2025-07-11 11:52:57,East
TX105783,C31632,773.1,93,21/02/2026,West
TX109557,C13617,220.15,14,2025-11-09 04:31:10,South
TX108863,C80697,1248.43,77,06-16-2025,South
TX100867,C76540,1314.78,116,22-Jan-2025,East
TX105659,C84668,1283.6,46,06/05/2025,East
TX108406,C70952,483.48,25,2025-09-11,North
TX105707,C64921,1476.78,49,09-16-2025,North
TX104228,C28301,1374.61,55,03-08-2025,West
TX103394,C38221,571.48,65,06-Jan-2026,West
TX107973,C61116,337.63,18,2025-08-08 06:10:50,East
TX100497,C36100,625.7,13,2026-01-28 11:43:29,West
TX108951,C59797,322.5,20,09-06-2025,North
TX103805,C28643,514.02,55,2025-11-01 07:43:39,South
TX107013,C25043,1225.36,25,2025-03-27 12:54:02,South
TX109691,C21970,240.93,53,27/02/2026,North
TX104210,C46509,1426.17,83,23-Dec-2025,west
TX103446,C96374,234.38,61,04-Dec-2025,West
TX101174,C85914,449.51,118,18-Nov-2025,East
TX101932,C70068,484.67,95,05-14-2026,South
TX103009,C13390,,19,03/04/2025,East
TX108443,C82512,306.43,66,13-Apr-2025,East
TX109807,C22240,311.64,77,2025-09-09,East
TX104645,C55508,759.39,52,08-Dec-2025,North
TX103594,C40512,1207.53,60,05-13-2026,South
TX108965,C22097,764.88,32,2025-06-10 12:58:11,East
TX104562,C55056,1128.31,106,05-11-2025,North
TX101046,C80010,307.47,61,2026-01-24 14:52:10,South
TX105956,C60968,1119.09,114,06-13-2025,East
TX103092,C88504,336.6,88,10-Apr-2025,North
TX101300,C42406,1211.91,111,12-Nov-2025,East
TX100528,C76542,838.22,92,02/03/2025,South
TX102221,C20735,389.11,42,2025-01-17,West
TX104846,C17944,1177.62,86,04-04-2026,east
TX105269,C32241,836.46,89,05-Feb-2025,East
TX104619,C63354,357.75,103,31-Mar-2025,South
TX108525,C44522,903.58,63,2025-06-03 11:39:06,East
TX108708,C46347,32.07,5,10/01/2026,East
TX106476,C47388,110.97,57,2025-03-01,North
TX104528,C15224,257.3,5,15/01/2026,West
TX107393,C98117,1385.21,58,2025-09-23,South
TX102730,C75597,295.01,112,11-15-2025,South
TX103621,C23434,1000.43,29,26/02/2026,South
TX100394,C15276,539.76,64,02-24-2025,South
TX102861,C15276,651.87,44,26-Apr-2026,East
TX107030,C99016,1498.76,114,2026-04-05,North
TX106148,C59856,489.82,0,24/10/2025,South
TX108262,C39256,1234.33,117,2025-09-26,East
TX100581,C25866,863.41,62,2025-02-28 19:29:20,North
TX109527,C19329,711.06,39,2025-11-10,East
TX108892,C17685,877.84,67,28/08/2025,West
TX108235,C98039,1425.49,114,07-01-2025,South
TX109126,C86556,1211.67,79,13-Aug-2025,North
TX106287,C93748,93.76,85,22-Dec-2025,South
TX104401,C80010,1089.22,79,2025-10-26,South
TX109020,C62296,1114.16,87,26-Feb-2026,South
TX101854,C74332,445.18,18,02-Feb-2026,West
TX108833,C33519,1423.97,80,10-Feb-2025,East
TX107794,C44760,726.33,73,2026-05-05 09:57:16,North
TX109098,C98555,128.52,80,25/08/2025,East
TX106935,C15229,962.57,83,01-04-2026,North
TX108871,C21221,1216.5,64,13/05/2026,North
TX107488,C50189,1197.41,49,14-Jan-2025,East
TX107077,C74789,899.32,89,11/08/2025,West
TX104055,C80697,234.99,115,03/03/2025,North
TX102292,C36365,826.58,7,23-Apr-2025,West
TX107052,C46463,759.04,82,2025-05-24 23:01:52,South
TX107337,C17944,1089.59,113,2025-02-01 17:22:55,West
TX102037,C23970,1412.94,56,2026-04-22,South
TX105625,C80855,1155.17,101,20/12/2025,South
TX100693,C88139,891.8,60,03-02-2025,North
TX104888,C17944,381.62,59,2025-07-17 06:18:46,West
TX103363,C69429,969.16,38,16-Mar-2025,West
TX104186,C45683,86.63,82,20-Feb-2026,West
TX101087,C76768,1350.69,59,2025-02-25,East
TX109084,C61856,191.75,49,2025-07-17,East
TX101573,C30257,243.93,85,01-31-2025,North
TX109715,C82603,767.31,72,27-Oct-2025,east
TX107615,C74332,562.1,18,12/02/2026,South
TX103931,C18418,742.27,47,22/10/2025,South
TX107331,C61173,742.15,113,27/05/2025,North
TX103495,C69177,385.09,35,04-11-2026,North
TX102519,C73993,,7,06-Mar-2025,West
TX100710,C98555,1429.11,4,2025-08-09,West
TX105767,C54587,743.23,5,05-19-2025,North
TX106972,C92502,686.88,51,2026-02-05,East
TX105392,C66333,1248.04,12,29-May-2025,East
TX105313,C43092,918.37,119,10-May-2025,North
TX103491,C10425,795.78,0,28/12/2025,South
TX100502,C15965,1158.43,120,12-20-2025,East
TX105293,C83563,357.02,67,07/10/2025,South
TX106666,C68028,1217.09,90,2025-06-27,North
TX106361,C78146,595.84,18,2025-08-20,West
TX101852,C95813,871.02,81,2026-05-03 07:09:21,North
TX104169,C70589,778.21,6,03/04/2026,West
TX105650,C96662,755.8,23,09-Jun-2025,East
TX106455,C56357,NaN,36,25-Jan-2026,South
TX104582,C10851,1306.92,60,2025-04-26,East
TX101510,C87993,336.24,40,07/02/2025,West
TX105592,C39256,1271.38,32,2026-04-10,west
TX100195,C81511,131.63,115,14/10/2025,East
TX109302,C14117,111.77,3,2025-11-20 04:09:58,East
TX105820,C94886,909.55,13,04-17-2026,South
TX107422,C10851,161.43,105,2025-10-05 20:13:56,North
TX100336,C10726,736.92,97,2026-02-04,East
TX105732,C43972,1211.6,74,2025-06-19,North
TX104863,C44970,379.06,34,22/07/2025,South
TX100470,C35042,350.67,0,10-08-2025,East
TX104805,C36062,873.77,24,07-Jul-2025,West
TX104486,C10221,975.27,7,05-Dec-2025,North
TX108643,C81066,29.3,91,09-08-2025,North
TX106404,C40311,1185.66,109,08/06/2025,East
TX107960,C22240,420.57,83,2026-02-12,North
TX100078,C54020,568.2,20,2025-04-03 05:46:28,North
TX102477,C91167,686.56,50,08-Dec-2025,North
TX103487,C52906,737.63,89,09/08/2025,West
TX103556,C53279,210.34,112,19-May-2025,west
TX108100,C64548,1020.41,1,08-Apr-2025,East
TX106371,C42411,584.68,92,2025-07-25 23:17:54,West
TX103123,C10282,377.39,71,01-Apr-2025,East
TX105418,C78146,356.14,44,11-07-2025,East
TX104921,C85674,906.72,50,2026-02-15,West
TX103002,C39466,191.57,56,25-Feb-2025,South
TX101340,C66985,583.29,105,2025-09-04,South
TX100179,C51145,95.37,81,2025-12-08 15:42:31,north
TX104635,C31579,1350.82,80,2025-12-21 17:15:23,South
TX108175,C73699,882.1,118,2025-02-12 02:46:11,North
TX109107,C37760,19.22,31,04/03/2026, South 
TX101042,C73092,NaN,113,01-Apr-2025,East
TX100778,C12671,882.88,58,23-Jan-2026,South
TX104839,C38221,1082.98,118,06-Apr-2026,East
TX102238,C64377,709.67,0,12-Oct-2025,North
TX101111,C18675,193.86,15,2025-11-20 12:53:48,South
TX105285,C60140,482.42,38,24-Sep-2025,East
TX106938,C44522,1328.32,108,2025-01-27 09:31:25,North
TX105411,C97782,200.3,98,2026-05-02 14:25:25,East
TX107231,C98039,1469.83,50,02-17-2026,North
TX104016,C85454,996.03,102,2025-05-25 21:39:11,South
TX103012,C57795,1054.11,73,08-20-2025,East
TX103076,C30861,800.14,53,17-Apr-2025,South
TX108084,C45954,499.92,112,2025-04-18,West
TX104643,C80539,1415.76,112,10-Sep-2025,North
TX101277,C71213,58.93,2,2026-01-22 03:32:25,West
TX108641,C16175,1177.64,0,28-Mar-2025,East
TX109326,C72031,256.59,98,2026-05-06,East
TX101605,C93810,930.82,109,01-06-2025,North
TX105785,C35144,NaN,61,10-29-2025,West
TX103946,C26704,,82,2025-12-14,North
TX108407,C46421,304.75,108,17/07/2025,West
TX106026,C33416,1065.04,108,08-11-2025,North
TX109912,C34931,1289.07,58,24/06/2025,North
TX105274,C78146,546.48,17,2025-12-19 08:21:32,East
TX105645,C91416,686.88,61,2026-02-05 02:21:56,West
TX106603,C93886,129.77,82,2025-12-27,East
TX103872,C44687,1476.35,13,12-07-2025,South
TX104476,C36158,891.41,90,2026-02-05 17:38:08,North
TX107367,C56507,1155.22,80,2025-03-18,South
TX106055,C62350,1245.33,60,2025-08-17 10:51:17,South
TX106804,C54020,631.27,116,13-Feb-2026,East
TX106464,C23833,625.75,67,03-Mar-2026,East
TX102007,C93810,862.94,101,03/02/2026,South
TX104312,C47930,747.38,32,12-Aug-2025, West 
TX104650,C80798,776.83,109,01-23-2025,North
TX102445,C18564,270.67,18,16-May-2026,West
TX100654,C51904,,22,2025-11-28 22:04:35,East
TX103845,C72746,NaN,27,02/03/2025,East
TX107275,C87397,675.61,17,02-27-2026,South
TX109662,C82692,772.1,95,05/05/2026,West
TX107669,C82063,1314.96,2,31-Jan-2025,south
TX104891,C83000,172.6,85,2026-04-02,West
TX103407,C54942,930.7,88,04-10-2025,North
TX107130,C69177,50.65,85,2025-06-14,East
TX106459,C40982,905.76,78,2025-08-03 04:08:17,East
TX104332,C93579,465.96,49,2025-05-27 09:17:08,West
TX108964,C44179,1187.13,49,09-01-2025,North
TX101078,C15965,64.82,91,01-Feb-2026,East
TX109270,C91959,981.56,109,2025-12-27,East
TX105489,C40982,608.17,22,2025-10-31 21:31:02,East
TX101648,C82692,911.62,110,26/04/2025,West
TX101255,C40735,524.28,21,03-02-2025,South
TX108856,C49240,890.55,26,13/04/2025,South
TX106021,C54236,234.68,19,09-Jan-2025,North
TX105921,C13617,1316.73,119,23/03/2025,East
TX109167,C87924,774.3,86,2025-12-02 22:40:57,South
TX106410,C35313,999.62,7,05-Feb-2026,North
TX100103,C41979,553.59,40,11-29-2025,East
TX101494,C48829,148.32,45,01-Apr-2025,South
TX100039,C87139,419.53,18,2025-03-08 08:51:11,North
TX106753,C30676,789.36,100,16-May-2026,South
TX107263,C41850,1248.65,32,2026-03-08,South
TX105186,C93507,,63,15-Mar-2025,East
TX105839,C62227,1447.78,55,09/07/2025,South
TX101759,C12260,815.24,33,2025-03-23 17:57:50,East
TX103598,C73464,1379.63,66,2025-11-29 14:37:34,West
TX108160,C39816,1197.05,27,2026-01-20,West
TX102625,C41830,1458.94,71,21-Sep-2025,West
TX104386,C73092,976.91,31,03-Aug-2025,North
TX107830,C96951,1478.17,54,12/03/2025,North
TX100139,C81511,711.24,87,30/01/2026,North
TX108771,C29973,676.17,1,26-Feb-2025,East
TX107213,C48290,802.16,107,11-Feb-2025,South
TX108820,C11607,1231.98,86,18/02/2026,East
TX105992,C13552,97.29,88,01-Apr-2026,West
TX100861,C70142,894.79,8,31/10/2025,East
TX106116,C46585,718.25,12,2025-05-30 02:29:58,South
TX109511,C83000,918.08,90,05-26-2025,South
TX105062,C94607,249.66,101,2026-05-09 23:50:53,East
TX100593,C14278,553.62,4,18-Oct-2025,South
TX109136,C28289,719.8,65,2025-03-23 19:49:27,West
TX102517,C70068,921.06,70,2025-06-16,East
TX101006,C25129,1454.74,43,13/04/2026,North
TX108846,C86484,152.31,80,2025-05-12,South
TX109312,C46509,1121.65,49,10-05-2025,North
TX109071,C25525,68.5,57,10-05-2025,South
TX103243,C67654,85.38,51,30/04/2026,South
TX103850,C45954,1279.49,15,20/03/2026,East
TX105573,C78765,91.63,87,15-Oct-2025,West
TX101838,C96706,444.45,66,02-Oct-2025,North
TX109269,C37869,1124.94,77,24-Jan-2026,West
TX109672,C23970,666.78,93,2026-03-02 01:17:17,west
TX100169,C42406,1311.06,24,2026-02-16 23:42:35,East
TX100189,C92397,352.06,9,2025-06-24 19:38:25,South
TX104519,C84593,523.08,95,2025-05-11,West
TX108315,C30028,1184.77,12,25/06/2025,South
TX103117,C63264,1405.13,54,04/11/2025,East
TX103071,C19305,561.52,63,17-Apr-2025,North
TX105526,C56105,550.99,79,2025-02-10 00:21:15,North
TX104004,C51467,1397.44,47,2025-08-28,West
TX109219,C54725,123.62,39,2026-02-11 08:28:44,South
TX102567,C12260,495.05,43,2025-02-21 17:28:01,North
TX101360,C18392,259.17,49,11-May-2025,North
TX106142,C74340,245.44,35,06-06-2025,East
TX100722,C44237,524.24,9,11-30-2025,South
TX101890,C38010,822.36,2,03/05/2026,East
TX101696,C30032,NaN,18,2026-01-17 08:03:01,East
TX102321,C47268,228.32,57,02-08-2026,North
TX102480,C42098,19.42,25,2025-07-06,South
TX103362,C95180,846.34,73,2025-01-20,West
TX106345,C42098,360.24,82,2025-04-22 03:18:57,North
TX103694,C80539,1309.07,26,2025-07-19 07:34:23,North
TX108488,C90728,701.29,116,2026-04-27 18:04:41,East
TX104284,C54657,257.37,104,09-Oct-2025,West
TX107780,C57795,1435.52,110,01-23-2026,East
TX103776,C96163,632.31,37,15-Jul-2025,North
TX103308,C18392,510.09,120,2025-12-15,East
TX103619,C42411,510.2,60,2025-03-15 14:47:24,North
TX104303,C34164,271.03,89,2025-02-08 07:08:43,South
TX101862,C20500,1470.81,96,03-03-2025,East
TX102958,C36071,1312.81,47,04-29-2026,West
TX105106,C62227,1267.02,108,30-Jan-2026,South
TX108989,C72031,224.17,96,28/07/2025,South
TX107380,C85674,1230.98,96,01/12/2025,East
TX100881,C42527,349.12,5,2025-08-27 19:21:27,West
TX107107,C40828,922.11,28,08-04-2025,South
TX107478,C42098,312.57,89,2026-01-13 01:30:55,East
TX103557,C92544,1040.45,2,28-Nov-2025,South
TX105948,C10282,274.74,110,15-Mar-2026,East
TX109372,C67912,765.64,63,2025-07-28 08:58:52,South
TX101896,C88385,1080.52,84,14-May-2026,West
TX105164,C97841,,84,2026-03-11 06:33:46,East
TX107815,C23577,432.53,96,10/07/2025,North
TX106051,C17685,393.05,71,2026-02-09 09:31:56,South
TX101718,C11854,966.98,89,2025-09-21,West
TX103161,C68446,898.79,72,30-Oct-2025,South
TX107880,C67199,17.38,78,2025-10-29,South
TX102330,C41385,1283.39,15,2025-11-08,South
TX105510,C32241,245.87,84,05-01-2025,North
TX107537,C42742,611.46,80,03-11-2026,West
TX104503,C33519,1361.3,40,07-17-2025,East
TX103132,C42951,651.04,41,01-01-2025,North
TX105882,C40340,1118.28,26,2025-12-26,East
TX103178,C85392,568.3,44,2026-01-24 05:13:34,East
TX101950,C31174,1096.0,75,01-19-2026,North
TX104523,C87992,1104.64,8,2025-03-29 17:44:10,South
TX107579,C44671,1184.0,41,01-24-2026,North
TX101431,C82768,1442.55,12,07-01-2025,South
TX107116,C74722,1256.39,57,2025-11-25,East
TX101632,C69598,1294.76,99,2025-01-15 14:04:32,East
TX106088,C54942,799.09,70,2025-03-04 06:45:43,East
TX107514,C77839,1225.78,6,2025-05-02,East
TX106029,C71694,300.29,21,2025-08-27 23:37:13,East
TX100015,C89069,496.21,86,2026-03-16 12:20:40,West
TX103297,C44675,12.2,11,09-May-2026,South
TX101023,C19880,1414.78,91,03/08/2025,South
TX103289,C46048,174.06,73,2026-01-12,West
TX107155,C51467,1059.81,81,02-May-2026,North
TX101797,C35042,34.94,51,01-Jun-2025,West
TX109153,C64377,593.35,118,13/01/2026,South
TX101448,C86484,984.91,65,04-19-2026,South
TX104483,C35144,1474.73,41,13-Mar-2025,North
TX103667,C51441,234.48,90,17-Mar-2026,East
TX100111,C91167,277.03,16,2025-08-10 01:53:07,East
TX104684,C51180,977.51,40,2025-09-29,north
TX102393,C43065,889.39,90,2025-05-20,East
TX108570,C72616,863.32,19,27-Nov-2025,South
TX109193,C48427,991.23,109,04-Dec-2025,South
TX105759,C19862,1418.65,12,03-05-2026,North
TX106219,C56898,908.71,113,2025-06-30 19:02:10,East
TX109134,C33405,1397.19,95,2026-03-15,South
TX109426,C77000,1269.31,83,2026-02-26,West
TX103181,C65255,558.11,59,17/01/2026,North
TX103985,C19038,684.77,40,2025-02-27,North
TX107799,C79827,151.32,54,03-10-2025,West
TX102227,C30257,1458.7,96,05-15-2025,East
TX107677,C88104,812.67,118,2026-03-31 03:18:11,West
TX100567,C65723,1489.12,26,2026-01-06,West
TX107043,C89905,761.4,94,01-12-2026,East
TX100960,C13365,964.94,71,10-May-2026,East
TX109443,C17592,1182.17,100,30-Aug-2025,North
TX101164,C24662,1020.2,113,19-Jun-2025,West
TX100717,C67905,694.06,110,2025-08-05 16:57:26,South
TX103064,C68446,,82,06-Sep-2025,West
TX105752,C80855,630.49,115,20-Oct-2025,North
TX102658,C81810,143.52,107,01-06-2026,East
TX103467,C24621,954.42,51,17-Feb-2026,North
TX106019,C92502,216.77,32,30/11/2025,West
TX100505,C43065,1230.18,12,11-01-2025,North
TX103571,C12719,562.62,56,02-Nov-2025,West
TX108141,C33405,707.51,13,05-19-2025,West
TX101615,C50888,222.82,94,11-24-2025,West
TX108204,C81121,1408.27,33,04-14-2025,North
TX109191,C85914,189.29,22,31-May-2025,North
TX101551,C16734,938.13,94,2025-10-21,South
TX104570,C11330,1210.84,58,2025-03-03 10:12:45,west
TX106307,C93130,1347.69,30,28-Aug-2025,South
TX105656,C69473,130.95,11,2026-02-05 00:28:52,North
TX102991,C17816,1170.73,31,2025-01-05 13:31:59,East
TX106429,C42816,617.67,69,2025-09-16 21:24:28,South
TX106679,C10350,505.91,73,2026-02-03,East
TX106813,C89415,994.82,113,27/01/2026,West
TX106119,C20543,782.74,54,2025-10-05 18:33:19,east
TX102546,C30032,1076.04,85,29-May-2025,South
TX104160,C37549,247.09,61,02-01-2026,South
TX105099,C29342,1076.28,18,28-Jan-2026,West
TX107356,C46500,488.31,46,07-06-2025,North
TX106378,C82140,566.97,104,13/08/2025,North
TX100798,C75435,181.5,26,04-12-2026,East
TX109005,C92397,159.22,91,15-Apr-2025,North
TX107770,C18834,114.07,8,03-26-2026,East
TX103536,C95649,630.05,39,05-16-2025,South
TX108047,C78522,460.44,99,2025-02-24 08:46:22,North
TX102261,C83060,518.15,50,2026-01-24 09:45:16,East
TX105374,C96511,914.07,64,12-05-2025,West
TX102984,C23396,791.85,76,29/10/2025,North
TX107246,C24663,282.6,35,25/02/2025,West
TX109891,C52840,549.72,36,2025-10-25,North
TX107698,C38221,1114.81,38,10-Nov-2025,North
TX100507,C87656,980.9,77,2026-04-21,West
TX103916,C42493,43.51,18,2026-03-20 11:13:05,south
TX106534,C86556,1198.25,87,2025-10-14 05:51:40,North
TX106403,C63545,1074.37,38,25/03/2026,North
TX100476,C38864,470.81,102,09-13-2025,West
TX105616,C63271,1442.29,119,05-22-2025,North
TX109910,C35313,715.24,65,06/06/2025,South
TX101163,C79163,569.78,13,05-10-2026,West
TX107175,C36130,795.74,59,26-May-2025,West
TX108618,C20641,,46,2025-07-09 03:51:54,North
TX101788,C37653,876.4,118,10-22-2025,North
TX104948,C55745,46.51,63,2025-04-30,East
TX103058,C16590,940.02,68,31/12/2025,East
TX107280,C38569,742.78,80,05-19-2025,South
TX108789,C19171,1199.9,51,2025-02-07,West
TX107885,C54020,534.17,97,28/04/2025, South 
TX101576,C82692,1296.83,47,17-Oct-2025,north
TX101623,C25670,1131.21,91,2025-01-01 03:31:09,North
TX106727,C27477,414.77,16,2025-04-07 01:11:47,North
TX107256,C17894,1337.06,45,2025-08-26,East
TX103466,C80008,859.49,29,04/12/2025,South
TX108426,C22097,733.65,55,06-May-2026,West
TX109730,C84691,1011.95,82,2025-05-19 19:03:17,South
TX104372,C82420,1390.17,99,02-01-2026,West
TX109562,C79588,1037.97,57,2025-04-04 08:34:35,East
TX105841,C46347,622.44,100,2026-02-15,West
TX102045,C49529,739.42,120,2025-11-14,West
TX102924,C79352,1438.07,74,2025-03-08 13:20:24,South
TX101215,C66498,198.93,50,2025-09-03,North
TX100677,C96951,617.14,117,20-May-2025,East
TX105025,C21114,1018.03,76,10/03/2025,South
TX102881,C30585,561.26,73,2025-06-06,South
TX109589,C36772,859.05,39,2026-02-13 09:35:10,West
TX109777,C69692,1322.5,20,19-Jun-2025,North
TX106249,C88139,519.25,26,2026-05-08 14:56:12,South
TX101978,C90301,49.38,15,2025-10-15,South
TX102590,C24168,613.67,26,2025-04-06,North
TX107743,C14165,1247.91,75,08-14-2025,West
TX106185,C47450,1151.35,24,2025-11-15 18:23:41,North
TX104023,C18418,1148.16,61,13/10/2025,North
TX101947,C71592,1257.59,96,2026-02-09,east
TX100887,C47828,599.27,29,06/01/2026,West
TX103375,C31319,932.87,47,02-21-2026,North
TX107177,C24322,767.38,100,2025-12-21,East
TX101817,C59823,603.12,86,01/06/2025,South
TX101135,C59797,29.33,60,18-Feb-2025,South
TX107138,C53404,1028.9,78,2025-08-16,East
TX107823,C20745,759.81,11,2025-07-04 18:50:07,West
TX109844,C25043,583.77,24,04-03-2026,South
TX100810,C50888,760.39,93,01-31-2025,South
TX105417,C89516,450.69,28,07/10/2025,North
TX105940,C85454,7.83,33,21-Feb-2026,South
TX104433,C74032,1408.08,38,03/09/2025,North
TX102732,C18834,,95,05/02/2025, South 
TX100077,C19287,236.64,37,2026-03-09,North
TX103413,C45179,954.15,4,2025-10-26 12:51:12,West
TX102442,C85631,267.79,115,2025-03-07 23:59:40,West
TX106041,C40512,1348.05,57,03-27-2026,North
TX107210,C15229,975.13,16,09/02/2026,East
TX102925,C13552,635.44,16,20-Jan-2026,West
TX106700,C59735,267.35,15,2025-02-07 23:16:58,South
TX104674,C33416,654.67,69,2026-03-09 09:04:23,West
TX109571,C45382,1354.09,109,10/11/2025,North
TX103028,C29555,1363.74,76,16/05/2025,East
TX102177,C35995,1410.52,105,02/07/2025,East
TX100857,C70589,1375.49,48,2025-06-10,East
TX109143,C71953,971.95,46,18/12/2025,North
TX109926,C95909,265.12,80,2025-11-23,East
TX106525,C50404,707.81,81,2026-02-16 12:34:56,North
TX103864,C45954,304.72,77,07-Jan-2025,West
TX100514,C55056,666.1,18,2025-08-14,East
TX102978,C30676,780.08,39,2025-07-21 10:16:54,East
TX106980,C39451,1117.56,41,29-Mar-2026,South
TX108878,C94886,1341.71,19,07/10/2025,South
TX105957,C62565,683.35,12,2026-01-29 14:08:40,North
TX104159,C73624,1435.72,2,2025-06-29,East
TX107102,C17592,42.21,117,08-May-2025,South
TX104688,C86955,1429.25,73,03/04/2026,East
TX103231,C81810,1067.34,105,28-Jun-2025,West
TX108091,C30032,290.42,8,01/12/2025,West
TX104599,C30861,989.15,31,08-18-2025,North
TX108737,C80468,1132.88,82,02-22-2026,East
TX107650,C49651,1323.53,4,24/07/2025,East
TX105420,C74332,166.29,54,12-25-2025,South
TX101479,C19602,1382.28,13,03-09-2026,North
TX104940,C45614,445.37,56,14/07/2025,West
TX104897,C88047,551.38,82,2025-09-16 05:16:43,South
TX100138,C44675,411.07,13,2025-11-12 07:15:03,East
TX100818,C44816,1382.94,15,05-Nov-2025,North
TX106434,C23473,643.68,100,02-25-2025,West
TX103696,C41979,1026.04,116,2025-07-04,North
TX104077,C36100,1162.62,38,10-17-2025,West
TX104756,C87924,581.15,71,12/04/2025,West
TX108553,C45509,859.64,47,2025-04-20,West
TX109026,C75612,14.17,97,03-09-2026,West
TX109485,C92719,1130.98,77,28/08/2025,South
TX101960,C65771,1052.44,46,05-11-2026,West
TX105734,C96662,603.97,23,07-25-2025,East
TX104465,C25014,1438.79,44,31/05/2025,South
TX106311,C53279,439.57,69,01-20-2026,East
TX104097,C30969,619.98,8,2026-03-22,North
TX107623,C46930,388.97,1,26/04/2026,East
TX100474,C22833,740.53,41,10/01/2025,North
TX103674,C59823,77.59,53,12/04/2025,East
TX103942,C51114,1291.66,53,2025-08-01 01:35:52,South
TX105539,C78765,289.15,15,2025-01-23 02:21:43,West
TX100548,C80798,1231.08,26,26/01/2025,East
TX109785,C23473,998.21,101,2025-02-02,West
TX100334,C11267,1339.8,58,03-15-2025,East
TX108476,C88047,1114.93,114,13-May-2026,East
TX102231,C92240,718.16,119,2025-04-22 21:52:34,South
TX105654,C41963,380.45,34,03-07-2025,West
TX101506,C95909,728.74,49,06-Jun-2025,South
TX103283,C97416,168.24,78,12-Feb-2025,North
TX107744,C45400,,7,02-18-2026,South
TX106282,C35485,189.38,114,2025-11-18 09:35:52,West
TX108521,C79827,89.74,107,08-06-2025,North
TX109624,C85880,595.11,62,2025-03-13 22:08:31,North
TX101657,C77000,310.67,59,2025-10-25 05:07:46,South
TX105585,C12540,1186.37,35,07-Apr-2025,South
TX100732,C87993,790.26,63,2026-03-29,East
TX106869,C70910,1138.56,24,2026-04-30 20:57:36,South
TX104260,C62565,829.54,15,03/09/2025,South
TX105669,C38010,94.33,74,13/01/2026,West
TX101707,C31178,889.58,102,03-18-2026,North
TX105339,C23473,1478.24,85,19-Mar-2026,North
TX109090,C63964,1476.2,7,19/07/2025,West
TX108355,C18907,782.89,9,2025-10-16,East
TX104546,C84177,1274.65,5,2025-09-25 11:12:11,West
TX102794,C85574,572.52,8,2025-10-18 11:47:57,West
TX104262,C19602,1458.35,85,2025-07-31 09:52:49,North
TX103529,C26551,988.1,82,2025-11-17,West
TX109513,C72021,1324.47,42,19-Apr-2025,North
TX102423,C23577,441.08,91,26-Jul-2025,East
TX108202,C49363,1483.09,84,2026-05-01,North
TX107390,C35144,1207.89,85,2025-12-06 08:49:10,North
TX109477,C30635,1332.4,64,20/10/2025,West
TX102641,C71261,72.26,88,2025-06-20 23:53:37,North
TX104279,C73904,251.93,61,10/02/2026,West
TX101626,C28643,607.49,89,11-02-2025,South
TX102663,C24208,1438.08,7,2026-03-19 21:57:43,East
TX101845,C22363,834.02,101,28-Sep-2025,East
TX105065,C41195,1463.02,75,12-26-2025,South
TX108926,C17944,360.85,74,26/03/2025,East
TX106589,C87397,134.94,1,12/02/2026,East
TX103118,C70946,855.18,11,2026-03-04, East 
TX101717,C82140,165.77,75,2025-05-30 16:04:53,South
TX107986,C13905,371.01,119,08-15-2025,East
TX102356,C78765,272.83,9,2025-08-14 14:46:34,North
TX103877,C42951,1246.74,37,01/03/2026,East
TX107135,C66333,545.57,50,2026-05-16,East
TX100738,C91987,1391.62,117,05-11-2025,North
TX105165,C44973,776.86,93,2025-07-13,South
TX100307,C74042,254.91,27,18/02/2026,East
TX106016,C15209,455.63,104,01-Nov-2025,South
TX104822,C24371,1265.22,82,08-06-2025,East
TX107061,C67433,960.08,13,2025-10-31,East
TX105507,C32782,185.32,0,02/01/2026,South
TX109025,C82309,971.95,69,2025-06-15,West
TX100213,C82603,1129.73,103,2026-02-12,North
TX106838,C40982,1389.7,5,24-Jul-2025,South
TX108120,C87993,439.43,68,13/09/2025,South
TX109337,C91439,559.63,107,31/03/2025,East
TX108228,C82848,1494.75,96,05-25-2025,North
TX106667,C44760,1030.04,23,11-Mar-2025,East
TX100515,C93307,133.29,94,28/01/2025,East
TX107172,C19116,403.19,36,16-Mar-2025,South
TX100928,C37110,1294.33,61,02-10-2025,West
TX106686,C97062,1155.49,81,28/07/2025,North
TX104053,C70889,409.15,14,2025-05-29,south
TX106873,C77715,195.61,7,06/08/2025,South
TX103599,C31798,390.68,57,01-24-2026, North 
TX100495,C58393,1192.4,7,2026-02-26 08:33:02,North
TX108021,C96951,1477.56,41,2026-02-07 14:24:27,South
TX109419,C11267,839.72,75,2026-03-28 19:16:01,East
TX103208,C84607,438.32,9,2025-10-29,South
TX103094,C85674,1010.47,76,07-02-2025,South
TX109053,C44664,1440.29,87,2025-01-21,North
TX107273,C64496,668.37,0,2026-04-02 21:28:17,South
TX104946,C95717,1265.8,112,16/02/2025,West
TX100501,C30379,895.67,66,03-11-2025,North
TX101194,C91927,488.87,29,31/01/2026,North
TX107931,C89840,1371.39,96,2025-09-10,East
TX108685,C65108,628.31,43,2026-05-05 07:25:19,North
TX107465,C96356,99.48,110,05-01-2026,West
TX109637,C35144,NaN,20,2025-08-19,South
TX104015,C97026,184.59,26,08-Jul-2025,East
TX103355,C45683,1246.13,7,2026-04-13,South
TX102375,C45954,893.78,98,29-Nov-2025,west
TX103967,C72216,1452.33,117,25/04/2025,West
TX102568,C40735,262.79,89,2025-04-04,East
TX103989,C40495,559.01,67,2025-05-25 22:20:05,West
TX106443,C34957,872.32,92,2025-05-15 16:15:22,North
TX109013,C86350,829.8,37,10-Sep-2025,East
TX105426,C44816,1368.66,0,03/12/2025,North
TX102099,C30635,128.55,115,2026-01-30,North
TX109148,C20155,529.19,48,25/02/2025,East
TX100819,C22676,181.02,39,07-11-2025,South
TX104825,C59672,490.5,97,19/04/2026,North
TX100674,C37607,430.55,44,07-Jun-2025,North
TX101538,C56438,200.18,119,09-07-2025,North
TX101212,C86622,1346.23,115,07-08-2025,East
TX102937,C82512,NaN,120,2026-05-16 19:25:31,North
TX107131,C98381,NaN,79,02/06/2025,North
TX100083,C15075,225.29,55,16/02/2025,West
TX109237,C90120,956.8,93,2025-07-30,West
TX101848,C55056,,72,2025-10-25,South
TX108724,C21226,321.79,40,16-Jun-2025,East
TX107848,C21164,366.99,76,2025-03-25,North
TX108945,C94886,367.52,17,2025-07-25,North
TX105154,C60019,676.61,3,02/02/2026,South
TX108875,C92544,612.78,7,03/01/2025,East
TX106247,C44973,581.83,5,2025-06-19 01:16:29,East
TX109113,C39045,21.8,68,31/10/2025,North
TX109144,C14278,1194.71,33,06/10/2025,East
TX109683,C62386,217.47,23,13/07/2025,North
TX109462,C78765,38.67,69,09-Feb-2025,East
TX106231,C84177,228.25,15,2025-02-14 01:38:20,South
TX102012,C89131,485.22,65,18-Feb-2025,South
TX107604,C67733,706.71,88,2025-11-14,East
TX103520,C40735,919.52,100,04-28-2026,South
TX103590,C99593,1241.0,52,2025-03-02 21:13:03,West
TX105733,C50026,363.62,7,13/04/2026,West
TX107198,C22363,337.73,48,07-18-2025,South
TX109160,C45697,839.31,113,2025-01-03 01:37:03,South
TX107667,C60328,951.98,6,18-Jun-2025,North
TX100655,C67954,720.35,120,2026-01-21 22:13:48,East
TX108144,C91560,632.54,53,04-09-2026,East
TX100958,C83975,207.96,68,21-Nov-2025,North
TX105902,C81066,688.98,98,2025-02-02,North
TX108159,C87139,310.94,57,02-21-2026,South
TX107686,C24029,973.24,3,2025-11-19,East
TX108331,C74332,1039.04,56,04-30-2026,West
TX108494,C42406,1326.34,109,05/02/2026,West
TX103670,C13248,1456.71,24,2026-01-24 19:24:55,East
TX105118,C87580,813.88,39,31-Dec-2025,West
TX102063,C97026,281.75,22,2026-04-01,North
TX104694,C17331,450.57,92,29-Apr-2025,West
TX108703,C70068,1491.21,96,20-Nov-2025,South
TX106509,C34957,301.23,106,2025-06-29 01:42:44,West
TX103626,C17944,NaN,42,06-25-2025,South
TX107049,C84593,236.59,16,2025-09-04,South
TX108827,C71592,984.6,96,2025-07-19 10:07:37,East
TX108217,C81426,947.02,72,03-Oct-2025,West
TX109507,C75597,158.4,24,2025-11-09,North
TX109529,C44671,1236.64,16,2025-04-11 20:15:41,South
TX107156,C52487,64.39,81,04-02-2025,North
TX104224,C54313,1406.5,73,2026-03-27 06:41:32,West
TX100702,C43386,597.57,66,2025-12-04,North
TX109378,C42411,597.97,89,03-14-2025,West
TX105964,C69638,543.13,4,14-Aug-2025,North
TX106407,C41439,75.9,84,2025-10-20,East
TX102170,C42493,194.08,22,06-25-2025,South
TX102817,C87128,753.39,38,01-31-2026, West 
TX107423,C86569,1185.82,101,09/10/2025,West
TX109034,C86350,709.4,101,19-Apr-2026,West
TX106491,C40311,1432.09,38,2025-09-18 02:18:03,East
TX107746,C49446,862.25,53,2025-02-15,South
TX103272,C42177,1000.27,97,04-09-2026,North
TX105900,C44816,1143.9,82,11-04-2025,East
TX100602,C29536,360.73,56,07/01/2026,East
TX108441,C46048,117.09,7,02/07/2025,North
TX103966,C46434,201.99,50,23-Nov-2025,West
TX106948,C21003,1428.78,2,06-29-2025,North
TX108233,C30289,240.7,52,24-Jan-2026,North
TX104983,C40340,530.85,113,2025-11-15,South
TX101524,C31465,1307.65,8,08/03/2026,South
TX103072,C84593,433.31,5,26/03/2025,East
TX106944,C48752,1036.29,113,02-27-2026,West
TX101238,C69510,888.89,13,08/11/2025,South
TX106969,C74789,1393.16,94,2025-07-23,South
TX104518,C45509,118.85,44,29/01/2025,South
TX104079,C87924,540.81,78,02-04-2026,South
TX107261,C80381,123.5,100,26-Mar-2025,East
TX104316,C43065,358.21,1,2025-07-04,North
TX101630,C56438,1074.83,118,18-Feb-2025,West
TX104974,C49829,1381.86,61,2026-02-14,West
TX108990,C74042,415.75,90,2026-02-04 09:40:01,West
TX104896,C53404,546.52,48,21-Feb-2025,South
TX102685,C16826,1377.26,74,01-28-2025,West
TX108257,C59797,667.82,15,2025-12-30 18:36:16,West
TX109574,C88104,989.97,42,2026-03-26,South
TX106326,C80678,203.22,78,2026-02-01 23:51:46,East
TX100064,C50135,158.69,32,12/04/2025,East
TX107194,C60488,170.55,52,05-Oct-2025,West
TX109457,C62757,579.39,5,18/01/2025,South
TX104179,C50189,268.08,31,20-Jul-2025,South
TX108454,C67733,1217.6,103,11-03-2025,South
TX105375,C66346,1090.99,83,18-Feb-2025,North
TX105224,C52237,187.67,107,2025-10-16 01:49:22,East
TX101103,C17894,1493.07,103,2026-03-05,North
TX105747,C65461,1392.52,13,19-Mar-2025,East
TX105771,C83975,1113.19,78,2026-03-01,South
TX105724,C96900,973.71,39,2025-02-09,East
TX104377,C60205,385.92,111,2025-10-27 19:03:09,North
TX104743,C30676,574.63,41,14-May-2025,West
TX107563,C82603,1194.49,107,07/03/2025,North
TX109380,C39581,1080.87,41,02-28-2026,south
TX103652,C36071,859.65,74,2025-10-18,North
TX106137,C29769,1050.15,81,2025-06-13,West
TX107341,C37869,406.89,38,2026-01-21 16:02:40,South
TX109531,C53933,1195.65,76,07-19-2025,West
TX104595,C46471,300.05,34,2025-08-02,West
TX107548,C92544,1091.03,86,07/02/2026,West
TX101478,C36365,1068.94,117,25-Mar-2026,South
TX107550,C19710,1275.76,0,2025-09-30 17:47:33,West
TX109805,C24029,728.3,22,10-Feb-2025,West
TX109798,C99593,124.58,92,07-08-2025,West
TX104691,C84668,177.38,37,01-05-2025,North
TX102030,C21221,574.98,16,14/03/2026,West
TX102116,C19329,1116.03,86,2025-07-07,East
TX105368,C39256,582.45,81,2026-03-20 07:11:05,South
TX103563,C24322,45.13,43,11-Apr-2025,North
TX109540,C57400,578.97,11,2025-06-10,East
TX101146,C61856,332.08,46,17-Jul-2025,East
TX106048,C15224,1083.2,37,2025-03-10 07:01:50,West
TX105373,C71953,682.43,68,2026-03-30 05:04:16,North
TX101068,C73699,1464.1,77,2026-03-07,West
TX106608,C91057,226.18,90,07-17-2025,South
TX102454,C66333,1132.08,70,2025-03-20,East
TX109921,C37802,869.95,88,2025-10-13 15:47:58,West
TX103745,C89276,1341.0,83,18-Nov-2025,South
TX108197,C71261,871.44,15,2025-11-05 00:37:20, North 
TX106939,C83519,1229.52,85,26-Jan-2026,North
TX109509,C20155,808.22,72,29/01/2025,East
TX106402,C43586,42.35,28,2026-03-31 03:58:36,East
TX103687,C30926,1316.79,9,2025-02-15 19:10:25,North
TX107359,C18993,28.73,5,28/01/2025,West
TX101460,C87397,783.33,67,2025-02-22 15:14:42,West
TX109560,C29973,1048.38,19,12/04/2026,West
TX104608,C62923,1271.62,49,2025-01-03 04:00:15,East
TX104398,C92397,494.15,61,16/04/2026,South
TX105766,C38760,1032.12,74,19/03/2025,East
TX109491,C44664,1164.09,112,2025-03-22 12:24:05,East
TX107533,C88697,439.71,13,06-29-2025,East
TX102202,C57400,1027.09,62,2025-05-22,east
TX102405,C79822,1207.38,32,06-11-2025,West
TX102027,C15209,396.89,1,02-24-2026,South
TX102230,C27786,1050.91,21,16/03/2025,North
TX107122,C17685,427.58,59,11-Jun-2025,East
TX107632,C10851,1461.95,105,13/04/2025,East
TX109043,C96474,434.21,67,01/02/2025,North
TX102785,C16175,436.48,81,04/05/2025,North
TX101586,C64987,,10,08-Jul-2025,East
TX106651,C53933,772.68,59,2025-01-02,East
TX107804,C69598,1256.83,55,2025-11-25,East
TX101165,C82063,,106,2025-11-10,West
TX106654,C20543,296.57,1,2026-03-14,West
TX102965,C51904,1176.64,115,2025-08-07,West
TX100333,C57447,575.6,38,2025-07-31,East
TX109214,C93886,932.74,64,2025-06-11,North
TX107740,C86622,1147.5,61,01-05-2025,East
TX108142,C20735,973.91,77,17/01/2026,West
TX105516,C99065,249.98,8,08/09/2025,West
TX101914,C20561,1270.67,89,2026-03-19,South
TX100709,C15817,306.89,84,12-Sep-2025,South
TX107432,C23577,706.11,93,10/01/2025,North
TX106457,C42493,1476.65,69,04-23-2026,South
TX104590,C82063,1012.08,74,2026-03-05 18:27:41,East
TX108219,C17100,1083.93,4,08-Nov-2025,South
TX100159,C42914,1093.15,28,2026-03-04,North
TX100850,C21970,801.75,32,2025-12-15 14:00:27,North
TX100754,C23356,114.22,71,2025-01-31,South
TX107769,C44816,1221.53,116,2025-02-21,West
TX101232,C11934,744.92,29,19/11/2025,East
TX109479,C94080,845.14,11,21-Apr-2025,South
TX100751,C68446,1237.01,93,13/12/2025,West
TX105476,C90676,811.8,24,2025-02-11 13:40:20,East
TX107687,C82063,555.28,82,2025-12-20 06:39:29,East
TX104699,C17146,126.67,70,2026-01-23 16:30:21,South
TX109663,C54020,173.56,26,08/05/2026,East
TX107207,C42092,458.47,28,2025-12-19 00:42:25,South
TX108865,C63883,1127.12,95,2025-08-31 21:34:16,East
TX108356,C66155,1047.91,65,2025-08-07 20:58:47,North
TX101877,C65724,215.57,50,2025-05-31 01:52:06,West
TX104020,C97500,190.67,44,2025-03-16,North
TX105419,C30033,546.65,36,2026-02-27 17:07:24,North
TX105019,C90120,144.58,102,2025-10-25 05:18:29,West
TX107419,C71433,862.41,103,2025-03-15,North
TX109297,C87580,661.52,43,27-Mar-2026,South
TX103331,C36130,10.42,92,31-Mar-2026,South
TX108795,C83060,1416.54,120,2026-05-04,South
TX105020,C42018,1040.13,50,2025-03-12,North
TX107222,C76317,1030.2,37,10-Feb-2025,South
TX101568,C87832,1418.09,51,26-Aug-2025,West
TX109815,C40005,41.82,48,13-Feb-2025,South
TX102715,C18993,1314.14,17,11/04/2026,South
TX103451,C82544,1042.47,57,2025-01-08,South
TX100764,C65771,1336.89,74,2025-04-19 00:33:49,East
TX104836,C73904,534.69,76,29-Jun-2025,East
TX109735,C88697,167.66,23,01-20-2026,South
TX108932,C44237,969.24,21,2026-02-23 21:32:09,North
TX101172,C50404,1356.72,114,05-14-2025,South
TX103262,C37659,251.63,81,2025-06-08 07:27:25,East
TX108705,C41266,529.36,36,2025-04-08,East
TX107712,C14165,1483.64,92,2026-03-05 05:22:06,East
TX105727,C11607,474.7,84,05-01-2026,East
TX108899,C25670,746.19,117,2025-07-22 15:36:08,West
TX103767,C13905,1128.08,104,05-07-2025,West
TX108180,C59674,139.47,109,06-21-2025,South
TX101347,C28131,693.07,6,2026-04-01 21:23:16,West
TX105817,C32241,215.41,86,2025-03-17,West
TX105640,C82132,974.66,34,2025-04-26,East
TX105803,C70889,808.32,51,06-18-2025,North
TX104450,C46559,348.46,4,2025-12-28 15:34:02,West
TX102581,C10726,21.58,66,06-07-2025,North
TX109054,C89593,1424.61,71,2026-01-23 07:19:00,East
TX102790,C56566,317.09,56,13-May-2026,East
TX108798,C81066,1398.56,22,06/05/2025,North
TX107221,C85849,1209.62,1,07/02/2025,East
TX104265,C36130,544.59,74,07-29-2025,west
TX100564,C59735,360.28,57,03-01-2026,East
TX103753,C90676,1008.29,4,26-Jul-2025,East
TX105433,C90676,946.3,100,06/01/2026,North
TX105955,C72216,276.11,15,2025-09-12 07:18:08,North
TX103952,C88222,1110.03,69,04-30-2025,North
TX100306,C38534,1354.65,91,2025-01-18 18:57:33,East
TX107045,C48752,347.65,18,2025-09-28 17:06:59,West
TX100048,C88697,199.52,7,2025-10-28 17:21:42,North
TX104408,C81511,997.12,1,18-Jan-2026,East
TX108925,C65461,NaN,94,02-25-2026,North
TX102825,C18993,1389.27,16,2026-01-26 17:56:21,East
TX104973,C60140,832.63,22,09-17-2025,South
TX105393,C30635,856.06,24,22-Nov-2025,South
TX105278,C26683,502.64,75,2025-10-12 02:58:25,North
TX109286,C34957,403.08,64,2026-02-03,North
TX103386,C52753,838.12,68,01/11/2025,North
TX104907,C74251,917.87,75,2025-03-03 06:57:23,East
TX104902,C32241,610.74,112,2026-05-12 04:41:47,South
TX108104,C25670,549.77,44,02/04/2026,North
TX105606,C19358,1185.29,114,07/05/2026,North
TX107476,C95813,1438.11,33,19/09/2025,West
TX104990,C10282,1451.65,30,2026-03-13 07:01:48,North
TX100454,C26683,477.01,62,06-03-2025,North
TX100318,C39831,543.76,25,05-21-2025,West
TX106854,C86556,NaN,57,2025-06-28,South
TX106331,C58520,131.52,1,17-Oct-2025,West
TX102302,C68446,99.63,61,2025-06-16,West
TX108154,C85470,618.93,76,2025-10-31,North
TX103636,C99733,567.0,69,25/04/2025,South
TX106914,C93307,729.92,42,01-Apr-2025,East
TX108653,C46509,722.39,38,29-Apr-2025,east
TX108169,C23238,786.72,94,2025-01-22 19:45:24,South
TX108140,C48175,173.84,2,2025-07-28,East
TX102647,C19358,578.37,32,2025-01-19 02:35:50,South
TX102459,C22224,632.56,2,27-Jul-2025, South 
TX108041,C67154,88.88,81,2026-02-16,West
TX108239,C82544,1106.08,117,11/02/2025,North
TX100746,C42914,1417.41,113,20/10/2025,North
TX109461,C48175,1411.3,59,2025-07-01,East
TX109117,C36100,1123.93,9,28/06/2025,South
TX106695,C36071,616.1,37,2025-01-31,North
TX101331,C46463,253.75,38,2026-03-30 22:33:12,East
TX104109,C45509,290.86,30,26/10/2025,West
TX104093,C52504,1376.95,16,2025-02-04 04:19:04,South
TX107939,C87656,119.74,46,15/01/2025,East
TX101082,C13617,1145.9,56,29/11/2025,North
TX101272,C56898,1368.99,34,06/09/2025,South
TX109349,C38361,792.95,49,17/12/2025,West
TX104013,C73654,901.85,51,06-Jun-2025,North
TX106272,C58571,445.98,40,14-Apr-2025,North
TX109458,C43092,1019.35,99,2026-02-18,North
TX107161,C30379,786.77,12,2025-07-28 11:12:05,North
TX101470,C35313,786.53,120,24-Jul-2025,North
TX103085,C60140,90.04,20,22/04/2026,North
TX101330,C95256,1390.7,13,04-Aug-2025,South
TX103595,C96752,375.62,58,2026-05-06,West
TX103841,C15695,1188.78,38,04-26-2025,South
TX104956,C69048,173.2,120,2025-06-17 20:26:03,East
TX103881,C12260,416.24,56,04-10-2026,South
TX104490,C79352,484.93,6,2025-06-23,South
TX102806,C92397,824.13,107,02/01/2025,West
TX109096,C65444,1110.86,23,2025-03-31,West
TX109119,C40007,,40,18-Jul-2025,South
TX108505,C33834,1191.08,23,2025-11-26 21:35:32,South
TX108314,C57819,315.0,14,2025-01-26,West
TX101920,C47353,479.4,91,2026-03-07 09:11:32,East
TX103168,C46434,136.92,49,2025-07-12,South
TX100467,C90120,961.48,68,06-08-2025,West
TX104422,C70142,140.26,105,15-Sep-2025,East
TX109887,C95215,1439.69,24,2025-05-09,South
TX107779,C92719,347.86,90,2026-01-08 17:55:23,West
TX105503,C55082,32.12,51,2025-05-03,North
TX100557,C13201,322.45,81,04-14-2025,South
TX103125,C63545,949.18,1,2025-05-08 13:51:57,West
TX107685,C25043,455.96,115,2026-02-21 16:08:52,North
TX105215,C63883,676.45,4,2025-06-29 08:35:10,North
TX102975,C69177,1342.17,76,2025-04-06,South
TX103060,C54725,369.31,35,2025-07-12,North
TX107591,C24953,344.67,59,04/06/2025,West
TX101905,C50768,727.54,116,04-29-2026,West
TX109290,C71644,568.07,83,05-11-2026,East
TX100145,C80545,283.37,94,06-22-2025,East
TX101610,C40161,1018.64,3,20-Jan-2025,West
TX103637,C62923,824.43,9,2025-01-20 21:01:07,South
TX103680,C37235,1067.1,25,2025-07-22 20:12:09,East
TX106389,C74686,10.0,91,04/05/2025,east
TX102616,C72493,,28,24-Dec-2025,South
TX101075,C86099,1278.78,37,24/03/2025,West
TX103990,C78494,448.72,18,2026-03-17,East
TX101824,C21003,61.12,87,2025-11-24,South
TX108227,C60140,,18,02-08-2025,North
TX108242,C30861,1223.56,27,18/02/2025,West
TX101970,C19359,721.96,13,03-12-2025,West
TX105214,C23006,452.26,8,09-09-2025,South
TX105057,C13101,1362.69,32,05-06-2025,South
TX102290,C97410,854.69,110,2025-12-25,North
TX101387,C51114,26.28,8,25/06/2025,South
TX104845,C80575,744.37,18,04-14-2025,West
TX102994,C15014,151.95,63,03-Sep-2025,East
TX104497,C88385,1443.98,28,2025-03-13 22:00:55,West
TX100672,C65461,,86,2025-12-10,West
TX107803,C35144,102.91,21,13/10/2025,South
TX104174,C89905,937.64,92,08-26-2025,North
TX103251,C71993,1105.41,100,05-08-2026,west
TX109678,C67080,443.79,112,27/03/2025,West
TX104911,C15965,670.77,61,2026-04-15,South
TX101903,C66346,1270.88,101,20/07/2025,East
TX108340,C47930,831.25,67,2025-08-26,South
TX104457,C97012,745.26,30,2026-01-03,South
TX102389,C40021,17.6,1,2025-11-15,South
TX106444,C82667,748.39,17,23-Oct-2025,South
TX106351,C64548,644.63,16,2025-05-04 03:12:31,North
TX109199,C13278,573.01,108,2025-10-03 08:49:16,West
TX106661,C39154,243.98,8,2025-02-03,South
TX106397,C19071,1075.21,87,10-20-2025,East
TX100909,C94939,21.76,34,20-Mar-2025,South
TX104194,C39219,1294.47,44,2026-02-08 03:23:14,East
TX102114,C89905,1450.09,83,2025-12-18 08:28:40,South
TX106496,C45382,553.47,115,12-13-2025,North
TX109925,C85574,1410.07,6,22/10/2025,West
TX107678,C71348,406.83,119,2026-02-18 02:25:54,North
TX102656,C42406,453.47,108,2025-01-11 16:57:03,West
TX101786,C65933,945.51,97,2025-05-04,West
TX107695,C97153,482.94,7,02-21-2025,West
TX101034,C26544,183.06,28,2025-01-24 07:18:02,East
TX102172,C15778,488.03,120,2025-07-10 12:25:19,West
TX108948,C87656,1044.55,61,15-Mar-2025,South
TX107919,C35443,1360.08,7,30/10/2025,West
TX100642,C25012,541.09,34,04-14-2025,East
TX105176,C30052,103.23,67,11-Mar-2026,South
TX107232,C50768,1006.85,45,2025-10-07,East
TX102184,C81582,1476.2,4,13/01/2025,West
TX103953,C80539,441.69,35,18-Mar-2025,South
TX107264,C38785,1061.67,66,01/11/2025,East
TX106693,C30730,282.07,91,21/01/2025,South
TX102150,C87304,688.09,45,2025-07-23 03:39:34,East
TX107434,C58571,449.16,85,26-Jun-2025,West
TX100079,C41850,917.84,96,19-Jan-2026,East
TX107324,C68082,151.87,95,25-Feb-2025,East
TX105798,C91560,1223.15,99,2026-02-05,west
TX104434,C47828,874.36,35,2025-06-22,East
TX105762,C78146,1353.61,27,2025-02-10,West
TX106066,C41358,424.53,86,03/02/2026,North
TX109377,C44179,1311.38,115,13/02/2025,South
TX100718,C36062,569.72,49,2025-06-15 03:51:31,North
TX103395,C97782,1340.36,10,08-06-2025,South
TX103910,C70637,1490.8,113,2025-01-22 17:42:36,South
TX108428,C80697,1060.65,72,17-Jul-2025,East
TX101441,C24322,986.28,46,2026-05-05 21:45:06,West
TX107474,C33519,557.36,27,07/05/2026,West
TX106703,C82140,431.29,47,01-08-2025,East
TX102549,C66959,878.83,21,07-05-2025,East
TX108841,C67560,168.35,52,09-22-2025,North
TX104787,C16590,1157.43,32,2025-01-20,South
TX105036,C51588,1448.39,32,07/05/2025,North
TX100390,C87110,639.19,13,2025-04-16 22:56:47,West
TX100876,C63269,1278.0,74,30-Mar-2026,East
TX109122,C17894,977.59,12,16/07/2025,West
TX104361,C74251,1054.98,77,15/09/2025,East
TX109399,C16658,258.43,54,03-22-2025,South
TX105405,C39871,1399.57,63,2025-08-15 20:58:48,East
TX103221,C59857,1330.65,78,26-Jul-2025,West
TX100285,C19305,,0,2025-06-19 06:51:08,South
TX107902,C93579,1285.0,120,04-06-2025,North
TX109907,C65333,165.57,103,08-20-2025,North
TX104860,C54020,896.11,57,02-04-2025,North
TX101482,C96374,1287.01,61,06-Mar-2026,West
TX101820,C93307,1310.83,23,26/07/2025,South
TX104199,C97026,1105.87,102,23-Jan-2025,North
TX100516,C13905,1207.4,39,19-Aug-2025,North
TX108949,C41266,318.96,95,10-31-2025,South
TX104441,C37460,418.42,59,15-Aug-2025,West
TX102440,C91560,599.39,113,2025-01-17,West
TX109679,C73372,561.93,33,2025-11-07,East
TX107345,C40007,902.81,80,06/02/2026,North
TX109607,C79822,450.94,78,30-Apr-2025,East
TX109888,C10726,1389.63,13,2025-02-10 22:26:46,West
TX106725,C42177,119.46,10,15/02/2025,North
TX108800,C22280,110.8,65,05-Jun-2025,west
TX109294,C92502,880.23,72,08/05/2026,South
TX109389,C25014,1489.0,76,01-03-2025, South 
TX102575,C38657,53.59,99,23-Apr-2025,North
TX105846,C67199,700.54,118,2026-02-09,East
TX108211,C44335,557.79,35,19/09/2025,West
TX100075,C79615,967.02,42,21/02/2026,North
TX106691,C82512,927.52,87,2026-02-14 20:32:19,North
TX106333,C47196,1196.3,5,2025-08-05 00:12:03,East
TX105600,C15075,531.65,112,2025-11-07,North
TX104340,C91927,120.86,59,06-23-2025,South
TX100552,C88222,442.78,17,03-04-2025,South
TX107970,C49363,51.57,79,2025-04-23 15:49:16,North
TX101368,C51467,986.0,87,2026-04-10,West
TX106386,C46347,772.33,33,2025-10-02,West
TX102644,C75597,1299.67,99,04-26-2025,North
TX102895,C42406,279.81,112,2025-12-20 19:05:28,East
TX109635,C64948,50.46,44,2025-05-17,West
TX102752,C73653,1476.72,74,06-15-2025,North
TX103240,C13248,529.0,99,2025-06-13 01:30:01,South
TX107855,C83519,367.58,42,03/08/2025,West
TX109936,C97153,1361.1,64,03-08-2025,North
TX103255,C80539,188.38,3,2025-04-08 12:06:01,North
TX108612,C42816,872.56,35,18/06/2025,South
TX102016,C62383,947.58,69,2025-10-05,West
TX105060,C62383,292.41,107,2026-04-08 17:46:31,South
TX102688,C10221,1007.48,58,2025-07-22 00:23:43,West
TX105190,C58434,1216.15,43,21/02/2025,East
TX106768,C12260,939.95,7,02/02/2026,North
TX102904,C89997,1206.68,27,11/03/2025,North
TX104935,C24953,1186.56,87,2026-02-10,West
TX106641,C62227,1437.48,22,16-Mar-2026,South
TX103584,C82848,900.07,5,02-14-2026,South
TX104669,C81121,626.35,119,23-Mar-2025,East
TX105125,C87924,421.44,81,27/03/2025,North
TX103414,C76244,1244.55,103,02-20-2026, South 
TX107057,C11330,710.77,21,03-18-2026,South
TX108786,C54473,1279.85,51,2025-10-19,South
TX100073,C94696,986.56,116,05/11/2025,South
TX105692,C73517,1441.04,5,09-Apr-2025,North
TX105599,C69829,813.69,103,07-25-2025,East
TX108123,C69638,340.46,26,2025-03-25 03:55:47,South
TX109945,C28726,950.39,78,2025-12-03 23:54:24,North
TX109865,C91416,86.18,65,22-Jan-2025,West
TX102032,C40595,244.59,23,02/03/2025,East
TX102624,C37235,903.22,105,2025-03-21 23:38:50,East
TX101492,C87607,1469.77,99,24/01/2026,East
TX100494,C43386,1248.96,59,2026-02-15,South
TX102862,C30289,1278.35,23,2025-08-18,West
TX100410,C69692,1451.76,94,10-Jan-2026,South
TX109157,C57739,,112,09-12-2025,east
TX101018,C63883,1095.23,23,05-08-2025,North
TX109881,C19710,485.83,84,2025-12-23,West
TX100128,C38534,763.44,65,30-Sep-2025, South 
TX100601,C84364,1293.71,43,13/02/2025,East
TX104204,C88697,1458.49,106,14-Sep-2025,West
TX100586,C50538,195.7,37,02-01-2025,north
TX104508,C31178,78.41,105,02-19-2026,West
TX109481,C35042,NaN,51,2025-03-03,North
TX100484,C19329,1140.54,7,01-31-2025,East
TX109310,C65069,1161.76,98,2025-08-10 04:29:35,East
TX105688,C67422,852.38,80,01/01/2025,North
TX102880,C63354,606.73,73,01-08-2025,South
TX101807,C44760,394.9,10,07/10/2025,West
TX100229,C85574,950.44,80,01-Aug-2025,West
TX102031,C28726,504.33,77,27/06/2025,north
TX102195,C49139,1236.32,70,2025-04-24 21:35:40,East
TX109123,C49651,1397.93,43,07-Aug-2025,North
TX100628,C40735,1207.66,54,22-Jun-2025,South
TX107153,C76237,110.47,106,2025-10-01,North
TX101195,C89471,1460.11,118,2025-02-02,South
TX104170,C46347,1343.21,3,27/09/2025, West 
TX109573,C39219,795.57,43,28-Jan-2026,East
TX100001,C42662,1222.3,11,08-29-2025,West
TX109330,C44795,138.44,84,04/06/2025,East
TX103880,C73654,580.59,33,2026-02-24 20:16:28,North
TX105090,C72493,1157.81,45,2026-03-31 21:58:48, West 
TX100760,C87993,1280.29,84,22-Nov-2025,North
TX101242,C37659,368.39,98,05-16-2026,East
TX107312,C74332,138.29,36,2025-01-07,North
TX109127,C85243,179.15,16,2025-11-28,West
TX104349,C46930,466.27,95,2025-01-25, South 
TX107944,C38785,880.95,107,03-03-2026,South
TX104406,C67560,71.47,16,2026-04-10 22:01:03,South
TX101658,C56507,509.37,113,28-Nov-2025,South
TX102726,C14722,1284.47,37,2025-12-16,South
TX102183,C76307,1221.44,119,2025-10-02,North
TX105989,C87993,394.99,33,2025-11-21 14:23:48,West
TX103746,C86569,1248.84,18,02-19-2025,West
TX100833,C82309,48.22,81,2025-04-30,South
TX100140,C76542,1402.87,112,01-Sep-2025,East
TX100296,C46421,481.48,13,02-07-2025,East
TX108117,C46517,914.04,60,20-May-2025,West
TX108600,C64987,937.94,92,17/04/2026,West
TX104515,C30289,31.29,13,08-15-2025,South
TX103613,C88504,787.35,69,15-Jul-2025,North
TX105925,C54057,362.64,40,2025-02-27 15:32:49,North
TX101000,C17492,472.54,11,2025-11-21,North
TX104981,C29313,227.34,62,2026-02-26,North
TX108544,C82420,42.22,44,13-Jan-2026,East
TX107868,C59692,,39,2026-01-23 20:47:09,North
TX109896,C72746,1274.48,5,2025-07-30 08:52:02,North
TX109056,C89457,,40,01-29-2025,East
TX101818,C22704,1135.94,16,2025-07-08 13:13:06,South
TX106569,C82692,650.5,91,2026-01-22 14:46:08,South
TX103476,C11330,,44,2025-12-03 18:36:31,West
TX107437,C75909,217.47,26,08-15-2025,South
TX104847,C94696,661.73,30,04-Apr-2026,South
TX108420,C28289,1360.98,108,07-09-2025,South
TX101985,C68743,971.64,76,25-Feb-2026,West
TX104019,C20155,1001.67,120,2025-06-20 09:13:34,East
TX103309,C42591,573.44,109,28-Jun-2025,North
TX102029,C31643,1208.87,3,06/08/2025,East
TX108179,C51104,1251.71,91,02/03/2025,North
TX100022,C55309,575.14,45,10-22-2025,South
TX105029,C11330,568.83,88,23/08/2025,West
TX104218,C49446,1029.93,4,01-Feb-2025,West
TX109745,C91560,330.51,43,02-Nov-2025,North
TX101014,C79827,52.25,85,12-Apr-2025,South
TX106506,C54236,990.6,40,28-Nov-2025,West
TX106400,C86019,711.35,119,2025-06-23,South
TX108645,C29536,704.44,107,2025-10-13 11:40:24,South
TX106500,C23396,1318.22,21,28-Nov-2025,West
TX103273,C26828,32.34,43,2025-03-15,East
TX108474,C89905,911.12,42,03-Oct-2025,East
TX105905,C47930,,78,09-09-2025,East
TX101915,C38221,270.1,49,2025-11-12 03:44:37,West
TX105371,C51347,214.74,16,03-12-2026,West
TX109636,C50857,401.56,14,12-09-2025,West
TX100493,C54473,NaN,77,2026-01-03,North
TX103112,C37535,1469.91,53,2025-05-21,South
TX108955,C34931,914.23,17,2025-02-14 09:07:23,North
TX108442,C39581,1086.65,61,25-Sep-2025,North
TX101191,C87832,1374.66,82,05-Sep-2025,West
TX103689,C65519,1130.82,118,11/03/2026,West
TX105306,C67905,1325.69,35,04-07-2026,East
TX106354,C86019,528.13,102,09/08/2025,South
TX106251,C82140,43.12,71,15-Nov-2025,East
TX105915,C90676,748.51,15,2025-01-10,East
TX101875,C25129,1126.75,30,2026-02-27 21:20:08,West
TX104560,C13201,1314.12,24,27/08/2025,North
TX100568,C86622,NaN,87,2026-03-11 02:21:29,North
TX104579,C16630,193.54,53,01-28-2025,West
TX106159,C84085,NaN,61,06-Oct-2025,East
TX107594,C38760,938.77,101,17/02/2026,West
TX108502,C35995,870.79,33,04-05-2025,West
TX102024,C98117,193.02,65,10-24-2025,South
TX101526,C22156,160.17,29,04-Jan-2025,North
TX102100,C83792,997.66,51,24/04/2025,North
TX100611,C96951,1350.35,72,16/02/2026,North
TX100923,C67080,,82,02-21-2026,North
TX108954,C45683,1462.67,47,2026-04-08,East
TX108398,C79352,1460.74,77,07-Jan-2026,North
TX106895,C87236,112.5,64,13/08/2025,West
TX107716,C22676,597.67,37,07-Jan-2025,South
TX100565,C49240,1167.8,116,17-Feb-2025,North
TX100281,C86955,375.55,30,2025-05-17 23:03:48,East
TX109165,C76469,1225.81,88,27-Feb-2026,North
TX109051,C91959,282.0,46,03-03-2025,South
TX107665,C93507,631.81,62,2025-04-25 21:56:21,East
TX101859,C99166,851.57,55,2025-06-24,East
TX102535,C11330,203.0,50,2025-08-17,East
TX106420,C87832,551.66,62,2025-09-01 08:59:24,West
TX104255,C74032,380.22,105,2025-03-24 13:37:05,South
TX104929,C87139,374.68,13,05/10/2025,West
TX109731,C97747,1342.78,10,2025-01-04 19:46:34,West
TX104752,C36100,,106,08/08/2025,North
TX102576,C17492,973.08,52,2026-01-13,South
TX103114,C65069,1258.96,11,2025-12-17 01:32:58,East
TX101240,C78386,122.28,9,06/05/2026,West
TX107290,C15965,771.65,86,20/05/2025,West
TX107224,C91399,52.18,41,11-Jul-2025,West
TX103816,C95180,515.65,95,2025-07-19,North
TX103731,C17592,1487.58,28,30/01/2025,East
TX104052,C83259,133.04,74,2026-03-18,North
TX105639,C97410,1357.53,18,2026-03-20 14:04:54,South
TX108633,C64496,157.38,107,16-Jan-2025,North
TX106133,C24208,706.23,109,04-20-2026,East
TX102421,C15965,NaN,21,13-Apr-2025,East
TX106740,C21221,377.44,66,2025-03-17,north
TX101705,C87139,499.25,85,2025-06-17 04:42:43,South
TX103965,C43862,1239.38,58,15-Sep-2025,North
TX104223,C98039,293.32,77,08-23-2025,South
TX100640,C41195,1107.93,111,13-Apr-2025,East
TX102422,C20745,NaN,97,2025-04-22,North
TX100651,C38043,951.94,110,2025-11-18,West
TX107309,C42591,312.69,110,11-Mar-2026,East
TX103904,C23176,183.06,3,24-Feb-2026,South
TX103015,C77000,1184.53,46,11-27-2025,South
TX103257,C68082,735.88,55,2025-12-25 05:33:20,South
TX106659,C65444,197.95,57,16-Feb-2025,West
TX107230,C99166,1433.68,61,25/02/2025,East
TX101030,C41029,631.41,119,2026-05-03 00:10:38,South
TX105789,C52840,1087.07,64,11-15-2025,South
TX101841,C57400,308.76,49,2025-07-23 02:52:55,North
TX106050,C85849,812.62,76,03-03-2026,South
TX106052,C70901,1236.28,83,06-06-2025,West
TX107211,C93507,1343.14,50,2025-12-31 09:49:38,West
TX108110,C16734,1260.39,92,18/03/2026,South
TX104095,C71069,1140.43,36,2025-10-18 18:30:55,North
TX109695,C93136,679.89,91,2026-03-07 05:03:30,South
TX107682,C44816,808.3,11,06-Sep-2025,East
TX104197,C56566,1463.43,105,23-Nov-2025,South
TX103913,C51359,61.46,16,2025-11-07 21:39:25,West
TX103706,C65069,675.47,9,13/01/2026,North
TX103248,C18564,704.05,79,12-07-2025,East
TX102369,C69177,1359.14,119,2025-12-23 15:13:24,West
TX105658,C66207,472.51,70,11/04/2025,West
TX101183,C51145,88.2,15,03-Jun-2025,West
TX108453,C66346,1180.6,84,02-14-2026,North
TX100178,C58368,1147.69,52,12/03/2025, North 
TX105779,C89129,611.1,37,29/04/2026,East
TX102633,C13534,207.47,116,01-06-2025,East
TX106604,C50135,527.25,19,28-Feb-2025, East 
TX101475,C30585,960.98,40,15-Nov-2025,East
TX101287,C19862,510.11,19,01-19-2025,West
TX108711,C43586,440.03,1,2025-07-16 23:09:25,North
TX108967,C59615,884.84,89,28-Jan-2025,East
TX101779,C87607,1147.42,32,12-23-2025,East
TX108816,C56357,560.58,63,2025-06-09,South
TX102527,C73993,519.36,7,2025-02-28 23:14:21,South
TX105425,C51180,1251.53,0,2026-03-03 03:43:28,South
TX106957,C25713,73.87,106,07-18-2025,East
TX105856,C38080,1235.9,31,2026-02-02 17:57:19,West
TX102530,C39045,523.5,95,2026-01-15 20:14:07,East
TX108051,C24322,1222.65,100,2025-09-19,West
TX103403,C81121,783.04,61,03-11-2025,West
TX102915,C40217,1362.95,72,2026-01-21 18:58:44,East
TX103956,C16630,257.3,49,27-Sep-2025,North
TX105482,C90728,396.18,74,03/01/2026,East
TX109360,C65723,181.01,108,01-25-2026,North
TX108241,C30052,686.11,107,2025-12-14,North
TX107082,C26361,1029.93,103,2025-11-23 14:13:19,South
TX106256,C49618,1370.25,24,2025-10-03 10:59:36,South
TX105662,C24592,801.62,92,03-06-2025,East
TX104639,C97153,856.41,100,11/08/2025,West
TX108162,C84593,917.61,86,03-09-2025,North
TX102260,C54587,1308.95,8,03/04/2025,South
TX101643,C83579,402.5,67,01-05-2025,East
TX102645,C71644,623.24,9,2026-02-03 02:50:30,North
TX105449,C83772,282.17,2,2026-03-01,North
TX103601,C30257,683.25,84,2025-02-02 06:16:24,East
TX109492,C64987,631.24,6,10-19-2025,East
TX101026,C87656,500.16,94,02-19-2026,South
TX104502,C83060,983.1,11,10/04/2025,South
TX101423,C70931,689.34,85,2025-04-13 11:57:56,East
TX103070,C34957,604.18,17,15-Jan-2026,West
TX100264,C41850,1441.97,18,12-31-2025,North
TX105485,C76162,1233.32,25,10-Mar-2025,North
TX100856,C55056,1192.2,120,2025-02-07 19:28:48,North
TX100091,C54942,384.21,2,2025-07-02,South
TX103368,C80702,687.73,31,2026-02-28 03:57:14,east
TX104870,C27146,1358.61,11,2025-02-21 02:45:27,North
TX108741,C97026,1335.18,46,09-12-2025,East
TX109115,C51904,911.07,69,24-Oct-2025,West
TX109550,C69598,891.63,105,02-Jul-2025,South
TX102696,C82667,211.76,38,2025-09-11, East 
TX100638,C70332,NaN,118,03/10/2025,East
TX106132,C20458,941.28,15,2026-02-15 18:57:30,West
TX101933,C23446,53.88,18,2025-11-13,West
TX104112,C79822,1343.51,45,12-16-2025,South
TX107598,C89276,451.87,10,09/04/2025,North
TX102605,C30032,624.86,22,11-30-2025,South
TX106647,C44814,1047.12,28,15-Jun-2025,East
TX108620,C12560,1445.63,2,2025-01-21 08:46:46,East
TX104665,C22156,100.13,77,03-05-2026,West
TX102435,C52753,1384.05,36,2026-05-11,East
TX104853,C65069,985.13,6,2025-02-24,West
TX100695,C58571,1423.44,44,30/06/2025,East
TX103949,C57739,281.49,0,07/12/2025,West
TX106879,C38683,1046.83,7,2026-01-09 15:56:25,South
TX100697,C42098,152.54,27,2026-04-17 22:30:23,East
TX106742,C81121,12.13,18,18/03/2025,East
TX105821,C37653,1381.36,55,26/02/2025,West
TX102850,C14067,1187.12,14,15/04/2025,North
TX108319,C80010,1367.1,100,2025-12-15 11:40:28,East
TX101061,C20543,218.9,93,14-Jan-2025,South
TX109449,C97026,48.56,87,14/04/2026,East
TX105676,C29342,948.88,83,2025-11-28 04:36:05,West
TX109147,C84341,1166.46,83,06/07/2025,South
TX102399,C24621,675.73,83,2025-03-28,East
TX106510,C26299,1118.01,78,2025-02-19,South
TX100235,C88172,456.29,111,04-23-2026,North
TX103406,C40982,1487.43,72,08-May-2026,South
TX107914,C15965,728.23,118,14-Dec-2025,West
TX107212,C23970,787.52,87,22-Dec-2025,South
TX109017,C19016,667.02,109,02/06/2025,North
TX106553,C87992,7.15,72,14-Feb-2025,South
TX104893,C81376,NaN,99,09-12-2025,North
TX106205,C50001,1173.68,63,02-06-2025,East
TX107836,C11220,284.09,54,08-May-2025,South
TX102914,C31579,911.38,24,2025-01-12,North
TX100901,C34890,1236.03,108,31-Mar-2025,East
TX101530,C14117,957.45,22,09-May-2026,South
TX108146,C66985,476.32,84,04-12-2026,East
TX108514,C15965,1471.17,118,02-19-2026,South
TX100286,C47093,94.04,18,28/10/2025,North
TX109079,C21970,964.3,33,23-Aug-2025,East
TX101983,C76317,880.42,69,2026-01-29 02:52:45,South
TX105969,C40161,619.45,68,28-Jun-2025,South
TX102662,C19287,708.22,0,01-Sep-2025,South
TX101147,C40982,1030.97,111,2025-10-23,East
TX105466,C98117,435.3,0,2025-05-27,South
TX100966,C74686,1272.27,73,02/09/2025,West
TX100352,C70258,19.46,17,06/12/2025,South
TX108393,C36130,968.75,76,07-02-2025,West
TX100463,C40512,712.41,6,14-Jan-2025,North
TX104481,C10726,717.55,33,12-24-2025,North
TX104259,C96673,321.5,17,2025-06-25 23:55:27,West
TX105455,C42914,675.47,17,06-07-2025,West
TX102461,C65461,422.05,102,07/01/2026,East
TX106084,C26704,617.59,44,17/03/2026,East
TX106904,C63269,595.68,98,2026-02-21,North
TX108881,C59674,356.52,61,20-Jul-2025,North
TX106921,C38906,870.78,24,2025-04-28 08:31:55,North
TX102980,C59735,1120.69,101,01-09-2025,North
TX104489,C23577,365.36,26,2026-02-03 18:09:15,South
TX101646,C52753,113.52,21,07-May-2025,South
TX103754,C80282,450.28,72,2025-10-23 13:15:09,South
TX109058,C34914,1487.33,65,2025-04-24,South
TX102985,C85470,,109,2026-02-26 01:11:33,East
TX103359,C95990,367.32,101,05-08-2026,West
TX104253,C25866,1410.92,23,2025-04-01,West
TX107467,C45400,528.39,110,04-15-2025,South
TX105427,C57472,1101.77,21,2025-10-17,West
TX100542,C89905,250.17,93,2025-03-05,North
TX102153,C15383,417.48,79,18-Jul-2025,East
TX100311,C92502,619.28,49,02-Dec-2025,West
TX107828,C25525,628.36,120,2026-03-25,South
TX108819,C15075,NaN,76,2025-06-28,North
TX105593,C52840,867.32,44,2025-09-08 17:51:50,South
TX104711,C70217,215.04,51,2025-03-22 23:49:47, North 
TX103710,C98184,316.14,117,12-Mar-2025,South
TX104343,C16630,964.31,22,04-07-2026,West
TX107541,C54725,723.07,112,2025-08-31,South
TX104636,C92502,1053.84,92,01/03/2026,East
TX103947,C78386,897.84,11,02-25-2025,East
TX107948,C24029,276.0,18,2025-05-06 20:38:30,West
TX107176,C59674,711.25,61,12/04/2026,South
TX104198,C48752,1099.75,68,2025-05-17 21:38:54,West
TX109024,C49321,322.19,10,22/02/2025,East
TX100366,C80468,1446.83,37,2025-10-08 11:44:06,North
TX107266,C30585,1123.55,38,14/03/2025,West
TX100681,C49139,183.44,35,2025-09-10,South
TX103939,C37869,1393.69,104,2025-01-26,South
TX109577,C23356,735.78,19,29-May-2025,North
TX105064,C52247,906.63,63,08-23-2025,South
TX104735,C42092,442.86,17,22/03/2026,South
TX102086,C23970,1267.62,46,2025-09-12,North
TX102415,C83772,721.06,54,2026-02-10 21:26:08,East
TX100056,C40161,175.16,55,02-26-2025,West
TX102223,C33509,1324.68,72,11-29-2025,East
TX105982,C34931,225.24,36,06-Nov-2025,North
TX106436,C94259,1223.17,42,09/07/2025,East
TX103937,C83563,190.27,19,12/04/2026,West
TX102747,C52247,1023.67,47,2025-02-17 02:29:34,East
TX107781,C63354,619.74,42,2025-05-30 20:37:56,South
TX105939,C61173,1181.39,39,2025-03-06,West
TX109697,C83772,1279.34,10,04-06-2026,East
TX106126,C81376,506.23,80,14-Jun-2025,North
TX101984,C13534,103.34,100,2025-03-30,South
TX102607,C64921,417.04,9,2025-08-03 00:27:59,North
TX100668,C31747,483.73,0,2026-05-12 16:21:41,South
TX109277,C30926,1295.73,8,2026-02-17 00:06:17,West
TX103473,C66959,1393.96,6,03-29-2025, North 
TX106202,C29342,1207.62,73,25/12/2025,North
TX101141,C57447,1293.53,96,27-Oct-2025,West
TX100492,C94259,152.64,73,25-Nov-2025,West
TX109120,C41439,1397.06,71,27-Apr-2026,East
TX103264,C36130,1460.22,85,2025-01-06,West
TX102969,C83920,1171.6,79,13/04/2025,East
TX108365,C66959,1053.39,93,13-Mar-2025,East
TX108877,C69692,1031.23,80,08-31-2025,East
TX101589,C86099,476.33,92,2025-07-12 00:40:27,South
TX102412,C58368,838.0,86,03-10-2025,South
TX101663,C63271,66.35,8,2025-05-23,South
TX103050,C87110,766.3,107,07/08/2025,North
TX106837,C48469,,32,23/07/2025,North
TX109281,C89516,100.37,47,25/03/2025,South
TX102808,C44335,NaN,24,28/01/2025,West
TX108937,C87278,1304.44,40,14-Nov-2025,East
TX103857,C52906,1136.93,2,2025-06-07 22:46:14,West
TX106058,C39581,522.88,44,28/04/2026,South
TX103373,C83000,537.96,68,16-Mar-2026,North
TX102931,C17816,1421.51,99,05/05/2025,West
TX108061,C50404,1297.63,64,2026-01-07,East
TX102718,C98381,105.75,66,26-Jan-2025,North
TX103149,C71524,695.02,54,30-Mar-2025,East
TX103438,C83772,164.39,90,24-Jan-2026,North
TX100265,C23176,1052.77,47,2025-08-23,North
TX109630,C11658,872.2,9,12-Feb-2025,North
TX101728,C40982,1082.57,53,2025-01-20,South
TX101902,C88047,214.83,105,2026-02-22 09:11:40,East
TX105684,C40340,1483.04,71,2025-10-07 20:44:52,North
TX106451,C89840,61.9,96,02-07-2025,North
TX105929,C11934,57.2,113,2026-04-10,South
TX103763,C46421,457.03,66,09-Aug-2025,North
TX107976,C26551,382.14,120,2025-07-15 12:28:58,South
TX102701,C58944,624.18,92,2025-09-17,West
TX100372,C96752,204.39,52,2025-11-05 09:53:44,South
TX107789,C66179,471.74,120,2026-01-30,North
TX108468,C16734,152.12,79,2026-05-03 22:03:38,South
TX108310,C47388,1037.4,32,01/05/2025,East
TX109646,C76784,1001.47,2,2025-03-26,South
TX109599,C74454,411.23,37,02-12-2025,West
TX101866,C13390,43.1,8,2025-07-12 01:39:41,South
TX107978,C19287,596.22,98,11-20-2025,south
TX102987,C87832,334.83,56,02-Aug-2025,North
TX101120,C20155,12.5,66,01-15-2026,North
TX100643,C73653,1278.22,58,03/08/2025,South
TX108074,C93307,1357.31,35,2025-06-27,East
TX100352,C70258,19.46,17,06/12/2025,South
TX106916,C59857,1100.19,0,2026-03-12 06:00:26,East
TX104585,C19545,505.74,89,2025-03-27 23:27:58,North
TX100087,C77561,915.28,54,02-26-2025,East
TX100197,C99593,1416.61,92,17-Nov-2025,East
TX101465,C91399,764.2,53,12-08-2025,South
TX103809,C65723,432.11,17,26-Sep-2025,North
TX105927,C29769,27.22,100,20/03/2026,South
TX102449,C13101,278.99,57,2025-01-02 12:54:26,West
TX100927,C36071,371.16,22,07/11/2025,South
TX104923,C90120,881.7,49,09-Apr-2025,South
TX106841,C54236,1202.73,80,2025-03-31,West
TX100032,C19099,456.77,52,01/03/2025,North
TX104609,C66148,628.79,87,01-Jul-2025,North
TX101682,C54092,190.59,59,10-11-2025,East
TX108548,C40595,797.26,96,2026-03-09,West
TX103340,C37460,74.1,108,15/10/2025,South
TX101566,C98501,1114.58,61,09-Jul-2025,South
TX105377,C83259,NaN,103,10/01/2026,West
TX101601,C41499,1399.96,26,2025-04-13 23:47:19,East
TX101207,C31747,916.95,106,2026-01-27,South
TX107282,C33519,927.09,14,09-03-2025,South
TX105238,C47268,1125.28,56,09/05/2025,West
TX103253,C87580,1081.94,103,25/02/2026,South
TX103779,C23833,863.96,87,07-27-2025,South
TX105151,C65057,961.49,111,17-Sep-2025,East
TX109736,C78146,445.44,80,13-Feb-2026,West
TX101466,C94659,880.75,28,30-Oct-2025,South
TX104290,C81121,828.8,0,16/02/2025,East
TX102149,C82309,299.58,87,2026-02-27,South
TX100405,C61116,1263.48,109,28/02/2026,East
TX104221,C28726,1202.45,65,2025-05-15,West
TX107718,C71433,1036.76,24,2026-01-05 12:51:09,South
TX108372,C35928,,97,28/02/2026,North
TX106481,C24371,1177.97,7,04-23-2026,East
TX102146,C41830,NaN,81,2025-04-17,South
TX104024,C88172,1108.38,100,09-02-2025,East
TX107859,C44099,547.0,109,05-29-2025,North
TX106248,C11504,1137.64,84,04-12-2026,South
TX101751,C91167,514.35,79,2026-02-20,South
TX108333,C87992,369.52,95,12-07-2025,North
TX104287,C13534,75.34,71,2026-05-15 07:44:41,East
TX102728,C45992,447.68,18,15/02/2026,East
TX100118,C12719,1142.19,65,2025-10-15,South
TX101529,C37742,378.81,81,21-Aug-2025,East
TX108821,C63264,831.74,99,03-19-2025,North
TX100992,C64948,547.42,42,02-03-2026,East
TX106863,C19710,,52,05-Oct-2025,West
TX109545,C17685,921.37,106,21-Sep-2025,North
TX104728,C74789,227.72,67,11/01/2025, South 
TX106928,C11854,1260.23,90,11-26-2025,South
TX100809,C17455,1136.78,20,2025-01-12,South
TX103021,C17665,1463.22,55,11-02-2025,North
TX104919,C37535,39.16,52,19-Apr-2026,North
TX109373,C14278,1308.95,101,04-Feb-2025,North
TX109505,C96951,1424.45,34,26-Feb-2025,East
TX101142,C34957,993.6,35,14-Jun-2025,East
TX105891,C59857,NaN,111,03-08-2026, West 
TX104011,C80008,695.44,105,09-Sep-2025,North
TX107086,C35485,1486.0,49,29-Apr-2025,West
TX107767,C59797,619.55,5,04-12-2025,North
TX105321,C82667,45.7,32,26-Jul-2025,South
TX105288,C84691,,118,2025-07-14,West
TX105611,C92960,792.87,115,04-12-2025,West
TX101603,C87128,1291.24,26,13-Sep-2025,South
TX106499,C44741,522.27,101,2026-01-06 15:05:11,West
TX106800,C74722,261.19,90,2025-06-16,East
TX104875,C12540,451.34,71,19-May-2025,East
TX104621,C16057,1169.72,4,24/03/2025,North
TX107416,C12540,1406.15,71,30/12/2025,East
TX108409,C33819,1006.92,89,05-Dec-2025,South
TX101269,C57576,481.76,14,27-Jun-2025,East
TX109355,C40512,282.19,117,19-Nov-2025,East
TX109455,C26544,220.92,105,2026-01-31,South
TX108848,C70931,1408.8,60,11-Jul-2025,East
TX104467,C26551,868.85,21,2025-12-05 09:04:52,East
TX109271,C26704,74.34,26,12-Mar-2025,East
TX104006,C56898,1412.98,23,2025-08-19,East
TX108716,C80702,84.14,50,2025-04-21,North
TX107559,C54725,,109,2026-01-31,South
TX104381,C82420,200.61,55,18/01/2026,North
TX109821,C37869,950.09,76,2025-03-13 10:02:15,South
TX103090,C54313,1036.16,75,2025-11-28 18:03:25,East
TX103487,C52906,737.63,89,09/08/2025,West
TX106997,C24662,363.55,39,2026-04-06,North
TX108987,C39389,227.26,49,11-06-2025,North
TX106598,C25012,709.49,89,2025-06-26 21:51:42,North
TX106211,C10350,51.9,91,2025-07-04 18:42:22,East
TX108617,C45954,606.02,43,27-Sep-2025,South
TX107463,C80468,303.65,9,03-25-2026,South
TX102885,C14722,337.89,84,2025-10-14,South
TX105337,C72216,1131.74,79,2025-03-30 19:07:57,South
TX100523,C69598,939.72,30,2026-05-16 08:51:03,South
TX103624,C85674,323.38,67,2025-07-02 15:13:03,East
TX100933,C22097,562.85,62,2025-06-07 02:26:56,North
TX102505,C33519,1058.17,3,2025-05-04 08:09:54,East
TX108517,C40595,1496.85,32,2025-06-21,East
TX102514,C47388,316.97,52,04-Mar-2026,East
TX106924,C48469,1456.14,17,2026-05-10,East
TX108784,C37802,614.05,82,10-Nov-2025,west
TX102132,C79822,892.16,75,30-Jan-2026,South
TX101487,C79616,1429.98,21,2025-01-12 14:35:41,North
TX109523,C53279,183.11,105,2026-05-13,South
TX100086,C55870,1139.47,60,2025-08-18 00:57:05,North
TX108034,C65069,1026.99,4,07-Dec-2025,South
TX108575,C99974,76.38,53,12-24-2025,South
TX109229,C63005,14.74,69,2025-12-06,North
TX105365,C47762,653.17,81,02-Feb-2026,West
TX103998,C79514,1021.54,103,25/04/2025,West
TX103351,C88907,192.41,60,25-Oct-2025,North
TX102725,C17944,415.52,0,27-Jan-2025,West
TX108707,C85631,1391.27,114,2026-02-15 23:41:36,North
TX109763,C66626,1420.66,23,2025-07-18 11:27:51,East
TX105661,C65444,1004.45,45,2026-03-11 14:30:02,East
TX105284,C46211,439.94,45,2026-04-07,North
TX102870,C93579,449.25,0,2025-05-20,North
TX107999,C40021,,96,2025-02-20,West
TX107572,C92397,332.32,75,01-09-2025,West
TX107182,C25014,784.21,50,09-15-2025,North
TX101080,C72746,1173.26,11,2025-09-13,West
TX104529,C30730,363.36,29,09-16-2025,South
TX103496,C41029,872.53,0,2025-01-16 09:18:50,South
TX101471,C53369,152.71,117,2025-07-31,West
TX107229,C73653,646.44,67,2025-08-30,North
TX104092,C66346,1202.74,31,27-Dec-2025,South
TX100838,C72277,139.12,89,04/03/2025,South
TX107443,C92240,475.27,56,2026-02-13,West
TX102843,C31319,742.97,27,2025-01-20,South
TX106432,C82529,174.36,29,13/02/2025,North
TX107208,C56025,533.76,44,01-May-2026,East
TX107760,C89516,572.94,23,2025-09-29 14:49:08,West
TX104392,C70946,1127.91,24,20/12/2025,East
TX102494,C87128,480.49,29,2025-09-29,East
TX102557,C20328,131.18,28,05-06-2025,East
TX101436,C84364,1387.81,100,2025-03-25,West
TX102659,C15965,1217.08,48,2025-02-21,South
TX109073,C80236,1265.81,102,30/01/2025,East
TX101808,C70931,267.71,97,2025-05-28 19:50:02,South
TX109142,C51145,406.56,7,2025-11-01 11:14:10,North
TX108611,C94080,,50,04/02/2025,South
TX100580,C41890,649.57,55,10-18-2025,East
TX109579,C25012,769.03,111,05/12/2025,West
TX106887,C69429,510.21,44,15/04/2025,West
TX103646,C63424,143.33,106,04-10-2026,West
TX107411,C22363,386.86,100,2026-02-27,east
TX109941,C74042,286.34,113,28-Dec-2025,East
TX100158,C54657,569.36,10,2025-12-16 04:41:55,South
TX101443,C31992,1330.94,13,08/05/2025,South
TX106280,C16582,935.69,97,2025-11-12 13:32:38,North
TX102264,C74332,923.22,85,2026-04-15,West
TX104994,C60488,867.54,20,11-Mar-2026,West
TX102379,C23396,842.52,0,11-Mar-2025,east
TX103555,C31174,867.5,6,04-07-2026,South
TX107503,C19071,1434.9,0,21/04/2026,South
TX108259,C86955,1110.64,119,2025-01-19 07:19:03,West
TX106315,C23833,322.75,112,16/06/2025,South
TX101056,C85392,1191.28,42,12/03/2025,West
TX107148,C67154,533.36,69,2025-06-07,East
TX105290,C82845,564.92,76,2025-08-26 02:32:05,South
TX103086,C21114,1186.84,53,2025-07-02 23:06:35,North
TX104251,C89131,1378.84,88,2025-11-04,East
TX108060,C79615,206.09,52,10-25-2025,North
TX104226,C72402,1067.33,95,03-Oct-2025,South
TX100237,C14207,,9,2025-03-09 07:33:43,west
TX109487,C25814,258.46,79,23/04/2026,South
TX100659,C17592,1435.16,13,03-26-2025,North
TX100730,C59856,904.39,110,02-Feb-2025,South
TX109581,C50026,1088.17,47,29/11/2025,West
TX100737,C12560,547.47,103,2025-12-17,East
TX106179,C45992,1339.82,55,2025-12-22 07:54:34,North
TX108632,C21003,1422.0,33,02-Jun-2025,east
TX106579,C65724,196.66,38,03-04-2026,East
TX104430,C53357,1081.21,42,16-Sep-2025,East
TX102371,C23434,819.11,111,16-May-2026,North
TX104514,C21359,70.42,84,2026-02-09,East
TX100002,C82529,620.41,63,28-May-2025,North
TX106707,C65461,NaN,84,19-Apr-2025,North
TX101554,C70637,677.56,85,02-13-2025,North
TX104651,C75612,100.6,83,04-22-2025,East
TX108258,C93886,1487.07,61,27/09/2025,East
TX101342,C23446,1211.34,20,13/06/2025, West 
TX100327,C34957,1209.12,102,2026-02-19 12:42:20,East
TX105162,C27786,1473.95,75,17-Oct-2025,North
TX101689,C78765,908.57,52,15-Jul-2025,South
TX101949,C76540,1308.65,73,2026-04-06,North
TX104047,C10074,951.5,62,23-Jun-2025,North
TX108906,C52840,1481.47,73,11/03/2025,South
TX104008,C85243,NaN,3,07/11/2025,West
TX101464,C34267,651.55,7,2025-11-23,South
TX109137,C23446,1227.76,93,2025-12-24 14:32:46,West
TX106136,C92544,124.87,18,2025-05-21,South
TX105240,C66959,1208.17,95,15/10/2025,West
TX102046,C45400,998.42,82,25/11/2025,West
TX104996,C84607,738.96,38,04/09/2025,North
TX101416,C35042,NaN,116,09-20-2025,North
TX102977,C75612,NaN,11,28-Apr-2026,East
TX106896,C59192,624.89,27,2025-11-25,South
TX109178,C38683,967.68,92,07/08/2025,North
TX106452,C26334,319.27,65,2025-05-23,South
TX102751,C38221,1195.88,54,06-11-2025,West
TX107473,C92719,641.36,7,15-Jan-2025,South
TX106722,C19710,110.95,63,02-Mar-2025,West
TX105410,C49446,569.55,56,02/09/2025,East
TX102890,C28301,516.3,120,24-Mar-2026,North
TX109146,C54057,702.09,42,08-Dec-2025,West
TX101143,C24993,839.98,111,05/05/2025,North
TX103645,C49139,250.22,97,08-Feb-2025,South
TX101378,C89069,1182.2,13,03-16-2025,North
TX105010,C67080,52.43,69,10-26-2025,North
TX108722,C24322,904.95,80,2025-08-04,North
TX105529,C17989,450.48,87,08-22-2025,West
TX100915,C74042,,1,19/07/2025,West
TX106777,C57447,127.38,13,06-25-2025,East
TX108289,C10074,527.82,6,2025-09-18,South
TX104404,C62772,18.96,8,2025-09-15 15:48:31,South
TX103324,C41571,NaN,21,04/03/2025,North
TX106086,C65057,297.26,55,09-24-2025,East
TX106775,C11854,105.76,73,01-22-2026,West
TX101161,C35144,1286.15,115,2026-03-08 15:07:17,North
TX104331,C89818,386.13,114,2026-02-22 07:36:32,West
TX100348,C59797,1365.98,88,23-Apr-2026, South 
TX103196,C96563,840.49,78,10/09/2025,South
TX105331,C25043,469.52,19,2025-01-11,South
TX102076,C97153,850.8,60,28-Sep-2025,North
TX103507,C49651,496.07,88,01-29-2026,South
TX100804,C52245,96.9,97,19/01/2025,North
TX100472,C63354,1200.94,78,02-18-2026,South
TX100723,C50857,380.64,65,2025-08-21 05:56:01,East
TX109365,C89276,1376.59,1,11/08/2025,East
TX100944,C31643,1353.9,52,2025-08-14 03:55:40,East
TX107658,C92149,1021.45,91,11-May-2026,South
TX103858,C14207,619.1,43,10-24-2025,South
TX107094,C57301,1460.41,104,01-27-2025,East
TX106833,C82063,1188.06,110,08-01-2025,East
TX107932,C41571,179.82,1,2025-07-26 08:26:27,West
TX101461,C55508,234.75,112,01-22-2026,South
TX100914,C84668,288.37,26,2026-04-24 12:27:07,East
TX107571,C40595,640.06,84,02-Jan-2026,South
TX107169,C82309,1001.09,21,2025-07-15,West
TX100262,C87607,1141.92,31,2025-03-19,West
TX108519,C16582,542.5,106,2025-02-25,North
TX108459,C29313,621.52,60,2026-01-05 12:56:44,West
TX100331,C67125,536.15,95,03-23-2026,West
TX102293,C96706,8.19,0,28/06/2025,East
TX106788,C88907,1135.42,76,2025-01-02 02:05:50,North
TX104725,C44816,960.01,113,15-Aug-2025, East 
TX107489,C36130,932.18,76,2025-03-12 09:30:59,West
TX105722,C88697,720.24,60,13/01/2025,West
TX100866,C13534,1039.3,59,11-04-2025,South
TX108473,C14207,1277.94,70,19/10/2025,West
TX101666,C22240,1144.72,21,17-Feb-2026, East 
TX106028,C87607,613.52,59,2025-08-25,East
TX106575,C50687,592.15,95,10/02/2025,South
TX108374,C51359,,20,03-17-2025, West 
TX109274,C89457,1450.63,5,2025-12-16 05:08:44,North
TX102993,C25118,1101.5,45,2025-11-28,North
TX100016,C93320,1028.18,36,2025-04-27,West
TX101403,C33416,777.12,60,2025-12-01 13:49:46,South
TX101629,C68878,1444.34,97,2026-04-09,West
TX101600,C46463,1451.76,85,20-Sep-2025,East
TX100801,C70589,1074.22,53,04/07/2025,East
TX106325,C40340,895.81,52,30/12/2025,North
TX109781,C30517,612.96,59,06-May-2026,East
TX109055,C93810,715.07,111,2026-03-10,West
TX109188,C44760,258.81,49,07/02/2026,West
TX102669,C44671,798.7,82,14-Feb-2025,South
TX103214,C31299,773.79,54,10-02-2025,West
TX106564,C78327,443.15,73,2026-01-16,East
TX109181,C46421,585.96,76,07-Oct-2025,South
TX102307,C66985,568.42,89,04-May-2026,West
TX108116,C30289,114.53,53,2025-10-23 07:50:19,West
TX104326,C40595,1305.65,59,2026-01-24,East
TX103109,C32241,1187.4,37,18/05/2025,South
TX109116,C44664,,50,10-19-2025,North
TX106224,C19359,12.21,62,09-17-2025,West
TX100556,C81426,1196.12,94,11/03/2026,West
TX106045,C30866,944.62,70,2025-01-05 05:24:55,East
TX101519,C98039,834.35,63,13/04/2025,North
TX101738,C96356,26.25,54,02-10-2025,East
TX108402,C35995,178.9,69,21-Jun-2025,East
TX109272,C19545,654.61,22,2025-10-22,North
TX108212,C39831,612.55,107,2025-05-07 07:02:03,East
TX105169,C70889,1235.3,86,2026-05-10 16:48:48,West
TX109602,C68028,913.14,39,2025-11-01,West
TX103371,C49240,1229.3,20,29/01/2025,East
TX103472,C87278,1055.21,76,2025-12-12,West
TX107479,C13552,582.62,101,08-May-2025,West
TX102610,C24662,634.81,86,04-07-2026,South
TX101916,C25670,719.63,34,04/07/2025,East
TX107159,C71993,243.4,55,02-Oct-2025,West
TX101366,C40828,947.26,85,03-29-2026,West
TX105537,C75612,,34,12/03/2026,East
TX105333,C23238,NaN,68,2025-06-07,West
TX107788,C23176,486.84,63,02-02-2025,North
TX107068,C34914,1418.72,12,2025-07-24,East
TX109171,C73092,1291.28,62,16/05/2026,East
TX109600,C61876,263.81,20,2026-01-10 10:04:47,South
TX101893,C22240,972.67,36,27-Jun-2025,West
TX106384,C31643,856.67,62,2025-11-20 05:51:56,West
TX100987,C38534,326.74,17,2025-11-05 06:37:22,South
TX109162,C18161,1162.58,90,2025-09-03 21:18:51,East
TX105143,C41285,905.02,99,02-21-2025,North
TX103849,C78386,23.72,86,11-May-2026,West
TX102742,C70637,1031.67,92,23/03/2025,North
TX100217,C29410,864.34,54,06-Apr-2025,East
TX109298,C33509,173.08,105,24-Apr-2025,South
TX106792,C47388,401.31,88,06-29-2025,South
TX105380,C80010,247.54,98,2025-01-23 00:18:20,East
TX108283,C79514,1434.75,116,2025-09-02,East
TX101981,C35203,607.46,54,02-21-2025,South
TX100946,C39871,1433.04,85,2025-10-26,North
TX104821,C87992,990.02,120,12/08/2025,South
TX108065,C40595,1432.13,17,2025-11-09,West
TX109900,C82140,193.25,118,22-Mar-2026,south
TX106650,C79163,317.81,6,17/04/2025,East
TX100381,C12671,554.77,75,2025-10-07 06:49:46,East
TX102320,C98555,930.19,94,08-31-2025,North
TX102595,C76542,NaN,113,14/02/2025,South
TX105216,C54313,918.42,51,2025-11-13,North
TX109501,C43862,1298.8,12,2025-11-20 14:06:02,south
TX105122,C86622,295.63,97,15/02/2026,West
TX103483,C29313,702.17,116,06/03/2026,North
TX103515,C73653,163.21,14,18/01/2026,West
TX109195,C78494,1370.62,4,2026-01-03,East
TX105327,C62521,138.76,115,11/06/2025,south
TX108066,C60432,274.93,5,05-16-2026,South
TX107235,C40217,862.57,62,09/10/2025,South
TX100141,C31579,1362.37,11,2025-11-30 07:34:47,North
TX107967,C89905,687.28,3,2025-11-16 22:05:46,North
TX102702,C44795,,0,2025-04-17 11:03:15,West
TX102634,C36772,51.32,119,06-Sep-2025,West
TX102023,C35242,1130.3,71,18-Feb-2026,East
TX106344,C11504,1265.23,65,2025-02-10,east
TX108249,C82357,322.49,47,2025-08-26 02:26:11,North
TX106141,C44795,,81,2025-01-06,East
TX103263,C85470,665.24,104,2026-03-29,South
TX106583,C97670,668.1,15,2025-05-13 09:35:59,West
TX102362,C95181,927.71,117,2026-03-20 20:54:10,North
TX109068,C46421,169.41,32,15/03/2026,North
TX107723,C30861,757.35,40,02-12-2025,West
TX100257,C48290,370.6,60,06-Jul-2025,East
TX104155,C98781,1202.53,56,2026-01-09,East
TX108546,C57576,1242.36,52,2025-05-06,North
TX103577,C26551,961.81,111,03-Nov-2025,South
TX101224,C36772,1361.64,103,2026-01-21 06:48:01,South
TX105470,C30730,925.92,78,24-Aug-2025, North 
TX101490,C67905,460.47,29,2025-10-19 13:09:49,South
TX106369,C73517,418.75,0,02-01-2025,North
TX100510,C54587,128.4,73,2026-01-17,West
TX102448,C70068,635.67,62,2025-07-29 05:10:20,North
TX107735,C87236,240.9,14,30/04/2026,East
TX105834,C76469,486.58,64,2026-01-22 05:12:07,East
TX100726,C26551,101.32,26,10-Mar-2026,South
TX106619,C90120,852.49,83,30-Apr-2026,South
TX104634,C93136,803.67,69,2026-03-03 09:11:51,North
TX101362,C39154,49.2,79,27/10/2025,South
TX106495,C80855,806.31,81,2025-06-13,North
TX109727,C94886,1147.92,77,2026-03-04,West
TX104630,C38016,490.13,75,2025-04-26 04:08:16,East
TX106702,C13390,1107.18,116,2026-02-03 10:56:52,South
TX108511,C93810,1432.28,112,2025-12-05 23:21:41,North
TX101885,C93606,357.75,51,23/09/2025, North 
TX103972,C96563,282.78,72,14-Sep-2025,West
TX105527,C44814,545.31,44,2025-01-31 22:11:22,West
TX109201,C41266,698.11,20,25-Mar-2026,South
TX105442,C97026,1331.79,10,2025-12-06 00:22:20, West 
TX109799,C73653,1371.59,95,05-07-2025,North
TX108070,C47828,1402.81,108,2025-04-26,North
TX100049,C39466,1302.8,92,01-27-2025,South
TX101901,C57576,517.23,47,05-18-2025,East
TX100980,C74340,281.41,104,2025-12-25,West
TX106732,C74340,NaN,73,24/08/2025,East
TX106364,C15695,137.64,82,02-23-2026, West 
TX107245,C39871,244.32,29,2025-02-26,West
TX108436,C65296,346.63,95,2026-05-12,East
TX106542,C52245,685.46,34,2025-01-06 19:24:10,West
TX106365,C18418,281.21,66,2025-03-26,East
TX108778,C39581,289.21,85,31/12/2025,North
TX104027,C85392,195.66,74,2025-04-24,West
TX106437,C18326,581.84,115,07-11-2025,East
TX101380,C37460,1065.08,96,05-06-2025,South
TX107376,C35105,115.66,110,2025-11-17 02:22:56,South
TX108240,C84341,1359.8,100,07-May-2026,West
TX102823,C13617,557.36,31,2025-07-27 22:23:10,South
TX104138,C49618,1226.46,84,2025-06-09,East
TX105612,C68991,787.15,32,2025-05-31 16:25:02,East
TX102960,C98696,1149.46,28,12/10/2025,West
TX100093,C24662,1028.6,89,03/09/2025,East
TX108535,C52840,862.42,58,2025-09-11,South
TX101310,C82140,,77,20-Nov-2025,West
TX107730,C21221,309.55,48,25/03/2026,East
TX105326,C38893,535.57,67,2025-08-07 13:38:02,North
TX105061,C16057,478.06,119,14/01/2026,North
TX107532,C16630,776.66,72,31/03/2026,South
TX103791,C69473,1309.81,9,25-Apr-2026,West
TX103179,C92719,1144.5,73,2025-02-16 22:48:02,North
TX105490,C31465,136.77,86,24/11/2025,South
TX107170,C22224,944.81,66,2025-12-12,East
TX108109,C48175,261.74,102,03-23-2025,South
TX104696,C36158,174.28,80,2025-11-10 08:16:16,West
TX108978,C62743,236.1,46,12/02/2025,West
TX106090,C81511,150.5,67,2026-05-05,West
TX107511,C38043,132.84,110,01-12-2026,South
TX105160,C30052,1210.62,42,28/02/2025,South
TX107920,C11267,1466.07,10,2025-09-27 07:51:29,West
TX101076,C67560,1327.18,103,15/12/2025,East
TX101249,C39444,443.62,43,04-05-2026,North
TX105777,C42914,268.03,23,11-Dec-2025,West
TX101364,C44664,1275.25,12,22/07/2025,East
TX102894,C70946,213.25,49,2025-04-26,South
TX104831,C35105,360.99,89,04-25-2025,West
TX107351,C93579,166.58,116,2025-05-18,South
TX106812,C53404,989.47,41,25/01/2025,East
TX105679,C41979,953.55,100,2025-07-23,North
TX107378,C11025,373.37,74,18/06/2025,East
TX109023,C74799,716.59,59,2026-05-14 10:19:40,North
TX106612,C42177,1379.94,105,01-11-2026,North
TX102973,C91678,,44,2025-10-14 22:13:42,South
TX100475,C98381,407.45,91,2025-08-13, East 
TX102892,C44664,,21,08-Jul-2025,North
TX102163,C24993,903.17,87,07-14-2025,East
TX108371,C80010,261.25,62,2025-12-30 02:07:00,West
TX105132,C89471,440.8,110,11-Feb-2025,West
TX104768,C41963,165.42,57,2025-11-02,South
TX104033,C79616,562.87,82,30-Jun-2025,East
TX107839,C21226,1264.6,40,2025-06-06,East
TX103905,C55830,1143.22,87,11-27-2025,West
TX107060,C62994,1481.44,24,13-Nov-2025,West
TX101697,C60140,1198.77,58,2025-06-27 10:18:23,North
TX101231,C83519,1408.56,35,2026-04-05 17:20:04,West
TX101052,C60205,525.84,13,19-May-2025,South
TX106233,C28289,641.76,98,14-Feb-2025,North
TX100038,C16175,311.78,106,2026-01-27 06:37:13,East
TX108421,C49829,21.26,76,26-Apr-2025,West
TX107671,C18418,267.02,110,2026-01-25,North
TX108665,C11854,401.27,17,2026-01-11,West
TX104449,C66155,430.74,19,23-Nov-2025,North
TX103006,C32810,843.96,113,09-09-2025,West
TX101066,C31747,833.46,106,2025-05-13 16:19:45,East
TX101130,C68028,104.02,36,05/11/2025,East
TX105827,C65461,1135.09,13,27-Nov-2025,West
TX106175,C25713,575.65,37,2025-11-13 12:06:45,North
TX109889,C74340,736.47,77,08-08-2025,West
TX109880,C46265,549.45,61,2025-04-20,West
TX107307,C50026,888.17,58,23-Oct-2025,West
TX107664,C47268,991.7,77,2025-03-22 17:55:18,North
TX103298,C18161,887.94,26,03-May-2025,West
TX107899,C19116,161.09,31,25-Feb-2026,West
TX100188,C57301,1345.31,42,16/07/2025,North
TX109285,C28136,1185.38,37,20-Nov-2025, South 
TX102513,C93227,295.06,113,2026-02-03,South
TX100696,C82544,25.91,27,02/01/2026,South
TX106832,C86099,695.91,50,2025-01-21 20:50:21,South
TX105223,C69470,503.68,1,07/05/2025,West
TX106281,C66959,657.76,120,19-Oct-2025,East
TX104306,C68878,1137.4,51,2025-08-17 03:07:51,West
TX108947,C30635,982.87,82,2026-01-23,West
TX101085,C55082,967.58,94,09/02/2026,North
TX109610,C90728,1037.91,23,2026-05-14 16:19:24,South
TX105781,C85574,1021.06,20,03-23-2025,South
TX102120,C36772,926.82,22,2026-05-07 11:22:48,East
TX109022,C15209,572.06,110,12-Jan-2025,North
TX104540,C61856,293.48,66,01/11/2025,East
TX100800,C98039,626.55,98,04/01/2025,West
TX102782,C99593,145.59,72,2025-10-10,South
TX104065,C25118,469.85,17,13/11/2025,West
TX106550,C44814,117.12,101,01-22-2026,North
TX102798,C11504,1366.35,29,2025-10-21,South
TX105350,C36685,1340.94,87,07-06-2025,South
TX102754,C53025,532.35,8,14-Jun-2025,North
TX105335,C73092,100.0,104,2025-12-04,East
TX108225,C65333,1330.58,41,2025-04-09 03:48:10,North
TX103104,C89471,978.02,97,2026-04-19,West
TX107491,C73464,620.03,114,27-Feb-2026,South
TX106320,C67422,,113,2025-06-21,North
TX105207,C33053,27.91,71,2026-05-08,North
TX107697,C84085,1123.91,69,06-Apr-2025,North
TX100294,C66333,1327.41,63,28-Mar-2026,South
TX108101,C54657,1259.05,61,2026-04-23,North
TX101668,C17716,916.36,114,30/03/2025,South
TX100373,C71069,318.52,91,05-29-2025,East
TX102746,C57301,292.74,0,16-Jul-2025,East
TX103220,C15229,339.91,78,07-28-2025,South
TX109750,C50135,1104.49,14,2025-10-14 04:27:17,North
TX104323,C37653,1423.5,35,02-25-2026,West
TX105910,C45954,1177.07,48,2025-12-03,West
TX101596,C90728,40.15,91,23-Dec-2025,North
TX105909,C38746,862.78,58,09-Jul-2025,West
TX105609,C95717,544.0,16,2026-01-22 06:35:52,South
TX105830,C86955,1199.89,33,2025-07-20,West
TX100414,C82667,1226.77,44,07-Sep-2025,North
TX104142,C65771,201.61,23,24-May-2025,West
TX105850,C52247,1426.16,52,02-22-2025,North
TX100761,C21226,,20,28-Dec-2025,West
TX100780,C22097,261.74,61,24-Aug-2025,West
TX106295,C95909,540.62,7,10-13-2025,North
TX107950,C41979,755.63,38,2026-04-27,South
TX108760,C25012,751.74,79,02-Oct-2025,South
TX109667,C29528,1100.89,74,2025-02-27 22:32:28,North
TX104355,C26483,723.49,71,2026-04-21 17:26:50,East
TX101711,C14722,50.74,120,2025-07-09,South
TX109431,C91987,42.2,38,30/10/2025,South
TX102193,C96511,NaN,49,07-Nov-2025,North
TX101407,C35242,486.16,101,07-15-2025,East
TX103176,C72216,1315.85,103,2025-11-14,South
TX108577,C91183,154.87,41,2025-05-14,South
TX108851,C91959,1296.89,80,05-10-2025,West
TX108512,C46434,977.55,120,04-Mar-2025,North
TX104298,C24322,1177.32,65,11-Apr-2026,North
TX105015,C39256,,31,2026-02-01 13:59:24,West
TX101350,C40021,221.24,63,08-09-2025,South
TX104477,C75612,1473.94,56,13-Jun-2025,South
TX107518,C53025,628.88,1,05-06-2025,north
TX109502,C40217,1395.17,33,25-Jan-2026,East
TX109242,C44816,305.49,63,12-09-2025,North
TX108588,C96951,,63,08-16-2025,North
TX104842,C24621,1321.73,26,2025-05-04,East
TX108413,C51114,1324.58,2,12-Feb-2026,East
TX101951,C22224,1103.71,24,2025-01-30 06:58:00,West
TX101687,C38010,1333.75,59,2026-05-08 11:50:38,West
TX109482,C59192,1117.24,52,2025-12-09,South
TX100625,C13101,1305.95,68,2025-03-18 07:59:04,North
TX104844,C74686,1035.15,89,03-01-2025,North
TX103912,C53357,637.87,79,2026-02-04,North
TX105218,C39871,1414.1,36,07-17-2025,West
TX102981,C51180,1236.73,63,2026-03-26,West
TX100121,C35825,748.57,11,29-Apr-2026,West
TX106920,C57301,1172.83,43,14/01/2025,East
TX104487,C91678,1488.77,110,26/10/2025,South
TX100453,C88697,1209.47,22,04-Aug-2025,East
TX104419,C19116,744.52,6,14/05/2025,West
TX106188,C56357,316.96,115,2025-02-27,East
TX106176,C41979,669.72,18,18/03/2025,East
TX109708,C20543,456.84,30,2025-03-19 01:49:56,North
TX107557,C29342,998.15,63,16-May-2025,West
TX109243,C21915,73.77,21,2025-09-12,East
TX109009,C48752,1068.07,10,2025-11-22,North
TX102547,C65069,1177.66,94,2025-09-27 06:53:47,East
TX100699,C88104,545.07,36,2025-10-13,North
TX105773,C44671,401.45,62,2025-08-27,East
TX104122,C46241,637.6,67,2025-10-17 15:42:57,South
TX107450,C74789,421.11,1,19/04/2025,South
TX107439,C37460,1428.58,12,2025-05-23,West
TX105450,C93227,749.12,110,04-18-2025,West
TX100203,C54057,637.58,48,07-Feb-2025,West
TX106640,C45400,625.62,26,2026-03-15 20:14:22, East 
TX102670,C69829,1290.07,75,2025-01-23 03:10:03,East
TX107707,C25670,681.83,89,10-20-2025,South
TX104227,C87832,1417.1,49,2026-04-08,North
TX100918,C33819,1158.25,17,20/06/2025,South
TX103596,C52906,1192.63,23,02-11-2025,West
TX107262,C14165,1252.42,2,2026-01-27 02:19:45,East
TX109101,C31579,435.17,85,2025-01-04 09:26:06,West
TX106473,C78522,262.38,113,2025-02-09,west
TX107334,C80575,731.24,87,2025-01-25,South
TX103720,C74799,95.3,52,07-Dec-2025,West
TX103141,C66498,613.77,71,2026-03-21,West
TX108581,C39256,153.8,66,01-04-2026,West
TX104809,C74340,718.64,13,2025-06-12,North
TX104558,C42092,1272.56,65,07/07/2025,South
TX108567,C66498,33.52,113,04-24-2026,South
TX100973,C50888,157.41,100,16/03/2026,West
TX104478,C65057,361.15,107,07/01/2025,west
TX101125,C69829,1192.18,92,07-Sep-2025,West
TX109284,C66822,368.02,36,18-Apr-2025,West
TX108966,C20561,218.95,88,2026-04-30 08:13:36,West
TX105352,C71592,1038.71,106,19/02/2026,East
TX107993,C50001,NaN,20,2025-08-02,North
TX104454,C26704,692.7,12,2025-10-24,South
TX108674,C30289,1336.82,18,02/02/2026,East
TX102623,C86350,1449.92,119,2025-10-19 13:11:12,South
TX107782,C87128,773.3,1,04-14-2026,East
TX104276,C20328,660.26,19,06-09-2025,West
TX109230,C20543,741.58,35,2025-08-09,North
TX106567,C52906,657.89,62,2025-11-14,North
TX104380,C16826,108.44,25,2025-12-12 15:24:45,East
TX104191,C82692,871.96,55,2026-04-06 04:48:03,East
TX107524,C13201,1092.22,6,02-28-2025,North
TX105246,C13534,763.12,113,23-Feb-2025, South 
TX109031,C43065,384.52,93,19-Feb-2025,West
TX105493,C10425,388.42,114,06-13-2025,East
TX106349,C98117,399.23,118,27-Feb-2025,North
TX100654,C51904,,22,2025-11-28 22:04:35,East
TX105174,C63271,771.15,38,24/12/2025,North
TX104208,C81426,NaN,27,17/03/2026,North
TX101777,C83772,1348.67,32,19/02/2026,East
TX107810,C74042,989.88,107,2025-01-27 03:38:40,South
TX104663,C92149,1184.07,26,03-Dec-2025,East
TX102574,C15383,265.7,50,01-07-2026,East
TX107389,C62994,,34,2026-03-15,North
TX103423,C70589,351.03,40,2025-11-22,West
TX101457,C99353,244.58,103,15/05/2026,West
TX107574,C66531,,53,2025-10-31,East
TX108408,C74032,193.22,60,2025-11-30,East
TX109275,C60968,1163.08,2,2025-02-18 04:16:36,North
TX103634,C29536,,26,2025-01-31,East
TX100976,C60488,896.25,22,01-Dec-2025,North
TX107752,C79616,486.96,50,02-08-2025,South
TX103493,C11504,842.58,110,2025-11-07,West
TX106504,C56357,544.76,103,2025-05-02,West
TX102360,C20322,959.1,26,2025-09-28 10:48:27,North
TX109411,C40595,757.32,54,2025-10-08,South
TX107990,C45400,115.48,11,19-Jan-2026,South
TX105826,C51588,1479.0,109,01-27-2025,North
TX107134,C59797,235.86,65,06/08/2025,South
TX107984,C76469,472.55,54,2025-10-15,East
TX109817,C45992,576.95,37,26/08/2025,South
TX105289,C74340,517.59,10,14-Aug-2025,West
TX100813,C43586,214.26,48,24/09/2025,North
TX107298,C55056,874.45,113,13/03/2026,West
TX101620,C42325,818.28,66,2025-02-23 00:16:59,East
TX108313,C81810,240.42,104,2025-05-25 04:16:01,North
TX104565,C89457,619.63,94,24/03/2025,South
TX101425,C91183,1393.06,84,17/04/2025,South
TX102300,C17492,167.45,9,08/04/2025,East
TX108805,C23446,89.66,4,16/05/2026,West
TX101535,C42914,167.43,83,08-20-2025,West
TX104813,C91399,983.71,69,30-Jun-2025, North 
TX104671,C83060,60.21,11,2025-04-04 19:24:38,North
TX108052,C58393,1187.04,112,2025-03-22 13:35:07,South
TX103957,C46930,329.75,101,2025-10-19 22:21:15,North
TX105088,C64948,1320.39,78,02-Mar-2026,North
TX104242,C47762,133.63,116,2025-11-14,West
TX101296,C96163,939.33,76,2025-03-22,South
TX101063,C99593,,19,27/01/2026,West
TX107968,C35928,1098.69,110,04/12/2025,South
TX103733,C43586,1498.65,59,01-21-2026,North
TX108415,C53719,1388.58,88,26-Jan-2025,East
TX100925,C25713,946.52,8,22-Mar-2026,North
TX101188,C17989,,5,04-10-2026,East
TX104841,C78386,1440.24,105,02-Mar-2025,South
TX105413,C33519,458.51,108,09-Nov-2025,South
TX105632,C16630,14.73,16,30/09/2025,West
TX101504,C67125,793.37,73,2025-12-26 16:25:48,East
TX104938,C71433,694.74,90,2025-09-07 07:46:32,South
TX104580,C63528,981.79,87,15-Apr-2025,North
TX105556,C17944,1310.53,23,04-30-2026,South
TX104041,C93748,456.32,120,06-21-2025,South
TX101367,C57472,1240.08,57,22/03/2025,West
TX109873,C38657,499.03,111,23-Feb-2025,East
TX108794,C39831,1343.77,73,02-19-2025,South
TX108078,C80236,941.77,25,2025-03-17 04:52:17,North
TX103044,C34890,1289.24,18,11/10/2025,East
TX105836,C37742,928.3,13,2026-03-23 14:56:49,West
TX105363,C84341,125.66,69,2025-12-01 23:43:00,North
TX102087,C71069,1388.38,115,25-Jun-2025,South
TX109152,C10464,1081.83,40,2025-10-07 15:38:51,East
TX102693,C97026,1206.82,58,2025-07-12 18:41:11,South
TX101354,C60328,458.29,65,04/10/2025,North
TX109028,C30676,69.86,108,2025-09-03 14:42:04,East
TX100419,C67912,847.59,2,03-26-2026,North
TX100975,C48752,892.12,19,18-Nov-2025,East
TX102629,C46434,79.26,84,24-Dec-2025,West
TX102744,C66498,333.58,114,2025-08-08,South
TX108668,C30676,986.92,16,24/02/2026,South
TX102939,C81426,558.86,53,2025-05-24 22:53:03,North
TX106246,C39831,314.06,63,24-Apr-2025,South
TX107247,C95426,1270.17,39,2025-03-05,North
TX101980,C31299,123.01,74,2025-02-02 07:53:08,west
TX106687,C74251,247.28,59,25/03/2026,South
TX101281,C79163,1289.66,100,15-Jun-2025,North
TX106367,C67080,575.78,59,2025-09-30 09:09:50,South
TX105399,C25157,230.67,91,30-Oct-2025,North
TX105788,C87128,436.58,105,01-Apr-2025,East
TX108130,C71993,459.14,102,22-Mar-2026,East
TX105314,C29313,51.33,40,2025-07-31 19:38:44, North 
TX106974,C89507,830.07,96,28/02/2025,East
TX103870,C54118,594.63,5,15/02/2026,East
TX100024,C69087,912.56,45,23/04/2025,South
TX100922,C41850,899.12,56,01-14-2026,East
TX107656,C17816,278.5,2,2025-09-13 16:15:44,East
TX103836,C87278,1348.22,10,05-12-2025,east
TX102291,C10425,612.35,78,2025-11-01 08:36:44,North
TX102130,C50026,579.12,56,23/04/2025,North
TX105780,C99166,373.91,32,2025-02-06 14:21:50,West
TX104747,C92719,508.59,63,18-Feb-2025,North
TX107909,C99399,34.24,67,07-10-2025,North
TX103573,C48175,,6,2026-02-22,West
TX109508,C41266,1066.06,91,12-29-2025,North
TX102126,C64496,21.53,63,19-Apr-2025,South
TX102836,C82350,898.78,58,2025-03-13 18:40:57,south
TX106412,C29342,143.55,5,04-21-2025,West
TX102721,C82529,235.48,50,2026-02-16,North
TX108654,C41195,925.71,16,29-Apr-2026,West
TX103136,C41266,1422.85,62,06-25-2025,North
TX100858,C57400,941.15,8,2025-02-22,North
TX103540,C39444,376.26,0,04-25-2026,South
TX100462,C84847,1410.95,89,2026-01-19,East
TX107483,C63528,1159.49,116,2026-02-11 16:07:49,South
TX108164,C14722,869.11,80,2025-05-07 05:06:19,North
TX107418,C13534,1117.59,87,03-30-2025,South
TX105145,C40161,367.11,59,13/06/2025,South
TX100937,C94012,905.21,84,07/03/2026,North
TX108028,C62383,1331.54,103,2026-03-12,East
TX105560,C18675,1384.52,74,2026-01-12 18:15:50,North
TX106522,C66148,313.51,50,04-29-2026,West
TX109097,C44718,498.84,114,2025-01-16 18:35:44,South
TX102599,C54092,1019.05,94,08-Feb-2025,North
TX105686,C37742,1099.67,20,01-03-2026,North
TX103422,C57819,170.74,109,2026-03-14 20:06:19,North
TX101716,C96163,1494.49,10,2025-01-21 00:52:59,East
TX105401,C47388,192.93,96,2025-12-16 21:58:57,North
TX108234,C22363,187.13,45,04-12-2026,West
TX101004,C10350,1321.1,67,2025-12-17 01:38:28,East
TX108831,C80575,988.81,102,29/08/2025,West
TX107564,C75612,1279.31,94,13-May-2026,East
TX109393,C17592,1322.63,72,2025-06-30,North
TX105863,C47762,1487.15,85,2025-09-24,North
TX109612,C95990,1068.36,94,14/11/2025,North
TX106578,C13101,1003.25,4,07-17-2025,East
TX100018,C27361,222.63,67,2025-07-30 21:50:11,East
TX104784,C23434,1477.5,119,26-May-2025,South
TX101952,C59692,143.93,14,16-Mar-2025,North
TX106717,C44335,348.49,99,2025-11-16 09:30:49,North
TX106493,C80284,757.55,47,09-13-2025,West
TX103622,C54657,1468.05,81,12-27-2025,West
TX107126,C41266,,116,2025-07-16 08:07:54,West
TX101865,C51359,583.85,25,2025-02-08,East
TX104296,C95990,25.54,89,2025-01-03,North
TX101556,C81482,1106.07,43,2026-03-22 02:09:37,West
TX102168,C83920,1197.24,34,01-05-2026,East
TX106766,C95990,332.57,86,2026-01-09,North
TX107142,C84607,950.08,88,2026-03-16,West
TX106757,C80678,337.46,27,2025-09-13 01:11:15,South
TX101123,C19508,979.63,59,17-Jan-2026,West
TX102253,C85674,1355.75,116,2025-04-29 17:49:16,West
TX106071,C80855,633.46,105,20/10/2025,East
TX102073,C37653,1227.83,117,10-30-2025,West
TX103727,C57576,524.68,109,09-01-2025,South
TX102142,C71524,148.48,65,12/03/2025,West
TX100007,C76469,626.16,61,30/08/2025,West
TX102932,C80702,853.24,90,05-19-2025,North
TX106294,C25012,1243.31,74,03-01-2025,North
TX102213,C51114,1197.85,98,05/04/2025,West
TX105849,C80539,1365.68,79,03-12-2026,North
TX100374,C75597,816.02,81,2025-06-15,South
TX108717,C99687,531.06,59,05-Feb-2026,North
TX100785,C42662,445.77,106,03-Mar-2026,North
TX108864,C41439,210.05,103,12-22-2025,South
TX103936,C98039,1395.54,99,19-Aug-2025,West
TX103356,C44816,1129.45,23,24/02/2026,West
TX109110,C79329,70.31,69,2026-04-01,South
TX101782,C38657,159.27,114,12/03/2025,West
TX103750,C46347,1374.85,86,23/09/2025,East
TX108137,C25525,33.46,107,26/07/2025,West
TX102762,C31632,657.81,38,08-Nov-2025,North
TX104648,C23104,728.2,23,20/05/2025,East
TX109949,C30866,851.7,50,13-Jan-2025,West
TX105981,C44179,1135.41,37,06/01/2026,North
TX107125,C55870,1486.07,59,2025-05-21,East
TX109653,C80686,175.39,75,15-Apr-2026,South
TX108161,C94874,462.09,94,12-Jan-2025,West
TX104987,C70217,1491.28,116,11-Jan-2025,south
TX105139,C21395,1292.5,51,29/04/2025,South
TX108913,C10282,477.03,2,05-Feb-2025,West
TX101607,C63269,38.48,98,2025-01-18,South
TX104456,C71694,369.76,50,2025-05-09 00:37:47,South
TX108924,C65333,578.24,94,20-Jun-2025,South
TX105666,C26551,293.36,17,2025-11-21,West
TX104880,C85454,1204.33,108,2025-08-01 23:16:17,South
TX105754,C29769,1426.14,56,03-29-2025,North
TX105219,C23577,834.73,45,15/07/2025,South
TX109625,C57447,848.22,98,2025-08-14 15:56:25,North
TX104550,C26551,721.52,57,2025-04-30 12:06:49,North
TX105002,C36062,1404.8,0,09-10-2025,North
TX100242,C65057,1096.36,44,09-May-2026,South
TX100920,C14165,926.44,114,03-05-2025,East
TX100661,C99687,440.82,8,12/01/2025,South
TX105102,C43862,NaN,11,2025-12-01 13:28:08,North
TX101726,C41266,475.61,117,2026-01-20 22:11:00,East
TX104781,C12260,250.12,37,22-Jan-2025,East
TX103102,C62994,1323.48,74,03-Oct-2025,East
TX104679,C99353,661.05,78,2025-09-12,South
TX105965,C98555,139.59,99,17-Oct-2025,West
TX107525,C91057,979.83,29,11-01-2025,East
TX109383,C63883,724.05,82,19-Jun-2025,West
TX108467,C38221,552.41,0,2026-04-22 02:55:42,West
TX106374,C59856,493.22,56,03-14-2025,West
TX103723,C66148,1248.79,95,2025-10-31,West
TX100802,C73904,1203.64,52,16-Apr-2026,West
TX100900,C35313,63.43,11,28-May-2025,South
TX105681,C60205,319.27,38,06/07/2025,South
TX106265,C65723,377.1,96,23/06/2025,North
TX108952,C12719,887.52,81,19-Mar-2026,South
TX102516,C22363,12.97,28,2026-05-06 01:47:25,South
TX107819,C26361,105.33,6,10-17-2025,South
TX100658,C19359,1467.24,113,03/02/2025,West
TX103543,C11267,291.57,92,2025-11-04,South
TX106853,C26591,412.7,63,13/07/2025,North
TX104088,C94246,1024.58,95,13/06/2025,North
TX103241,C28373,1064.0,81,03-04-2026,East
TX100358,C51180,1033.92,79,18-Feb-2025,East
TX102791,C54020,145.21,110,2025-08-20 02:20:09,South
TX102509,C53933,832.42,4,11/07/2025,North
TX108300,C96374,1462.31,56,2026-03-06,South
TX103503,C30585,242.94,41,2025-06-13 21:27:53,East
TX105651,C73993,1392.95,54,2025-08-14,West
TX106215,C16734,524.59,96,2026-03-08,South
TX105163,C97841,1324.17,48,23-Jan-2025,East
TX105017,C93579,642.8,52,2025-09-15,South
TX107272,C38760,547.03,42,2026-04-14,North
TX106580,C10726,556.72,117,2025-01-03 20:44:38,West
TX109129,C98117,917.42,68,11-Jun-2025,East
TX107010,C74340,1383.94,7,21-Apr-2025,west
TX109480,C51104,478.5,60,2025-01-12 19:23:08,North
TX100639,C86622,356.77,56,2025-10-31 10:26:12,South
TX100664,C62757,1386.58,91,10-02-2025,East
TX102295,C49824,356.24,90,01-01-2025,East
TX100890,C57739,1252.28,43,26-Apr-2025,West
TX104034,C50857,613.37,48,01-Apr-2026,North
TX108975,C10074,1379.94,55,2025-04-13 19:41:36,West
TX101027,C83060,1331.35,16,2025-11-19 03:02:37,East
TX109726,C48175,747.88,90,2026-02-06 15:46:21,East
TX107636,C30517,670.18,101,09-24-2025,West
TX101098,C71694,1286.61,81,2025-08-19 03:02:13,East
TX105813,C84668,330.29,83,07/08/2025,South
TX100585,C51104,1405.33,91,04-14-2026,North
TX106769,C77839,1382.78,56,12/01/2026,North
TX103306,C70142,1430.28,73,31-Aug-2025,South
TX108629,C88504,319.99,82,2026-02-05,East
TX107191,C45509,136.04,101,2026-05-01,West
TX106199,C19016,NaN,17,07/03/2026,South
TX107028,C19545,266.78,47,04/07/2025,East
TX109633,C65444,959.39,64,03-08-2026,North
TX103001,C96563,1439.59,68,01-13-2025,North
TX103991,C93136,621.34,67,02-06-2026,South
TX109760,C24168,192.91,105,2025-11-28 01:01:02,North
TX100176,C24168,738.44,21,01-11-2026,East
TX108260,C90173,597.69,39,02-07-2025,West
TX104025,C41385,261.64,17,11-03-2025,West
TX106129,C65392,501.0,118,01-22-2025,North
TX103120,C21003,1118.3,34,29/07/2025,East
TX102161,C62923,231.2,86,2025-09-21 20:56:02,West
TX102495,C56566,757.37,41,28-Dec-2025,East
TX106414,C93606,1055.95,47,2025-01-12,North
TX109439,C45774,1485.15,58,2025-01-03 07:57:13,North
TX100119,C15075,149.73,37,30-Apr-2026,West
TX107870,C49139,520.7,67,11-Apr-2025,East
TX105067,C53404,198.57,81,22-Nov-2025,South
TX105635,C18161,1135.2,73,2025-05-07 14:23:39,South
TX109131,C65444,1460.62,6,04-03-2025,West
TX101091,C23473,324.06,27,2026-03-21,West
TX101121,C95181,1142.64,27,03-20-2026,North
TX108433,C72296,391.31,70,01-06-2025,West
TX108625,C67654,765.35,112,11-Feb-2025, North 
TX103825,C52504,935.95,72,2026-03-20 02:32:06,North
TX101514,C66207,311.29,112,12-01-2025,West
TX104909,C47762,798.77,45,04-Aug-2025,South
TX101126,C97026,165.8,49,08/08/2025,South
TX109802,C76784,293.73,93,15-Nov-2025,South
TX100592,C82544,536.18,23,2025-08-06 00:36:31,East
TX100489,C69087,571.67,23,2026-03-29,South
TX100252,C80008,1112.28,15,07/01/2025,North
TX106791,C93886,350.17,86,18/03/2025,West
TX107561,C71644,705.38,75,02-Jan-2026,West
TX107171,C80284,1297.74,21,2025-02-12 14:17:30,West
TX106094,C35443,1206.76,115,2025-05-29 07:07:15,South
TX101534,C85454,1311.04,84,2026-02-06 11:57:29,West
TX103819,C26828,774.98,47,16-Apr-2026,North
TX109417,C80468,1231.52,80,2025-01-30,South
TX100549,C80381,1002.16,107,11-05-2025,South
TX103205,C79352,39.43,11,20/02/2025,west
TX108085,C82309,170.87,35,02/02/2026,North
TX100898,C44237,864.76,39,28/10/2025, West 
TX101145,C41890,793.83,109,06-10-2025,West
TX100877,C43862,101.99,65,2025-07-18 11:31:33,West
TX109783,C42662,740.87,85,2025-10-01,North
TX108133,C13248,1442.29,100,2026-05-13 14:33:04,West
TX101024,C93810,1118.41,27,27-May-2025,South
TX104692,C86350,,110,2026-04-11 13:10:38,North
TX106964,C88697,855.23,32,2025-07-30,South
TX108774,C42953,940.02,81,30/05/2025,East
TX103955,C63354,1178.42,41,2025-09-23,West
TX103244,C55745,702.6,6,2025-12-06,North
TX106688,C74686,461.01,111,05-Jul-2025,South
TX107921,C89069,120.67,45,2025-06-24,West
TX108199,C62581,150.02,109,2025-05-08,West
TX105271,C66057,1290.42,6,08-07-2025,West
TX105006,C96951,553.62,25,2025-07-30,West
TX102933,C10464,670.67,50,11-Apr-2025,East
TX102169,C79329,1486.74,34,21-Jul-2025,West
TX109793,C77000,1015.84,65,2026-04-16,East
TX102339,C32782,1278.26,6,07-05-2025,North
TX107625,C74042,1141.88,100,02-15-2026,North
TX109086,C39256,1321.55,38,2025-10-14,North
TX108776,C67954,NaN,7,10-23-2025,East
TX100728,C79615,841.94,55,2025-08-05,East
TX107205,C95180,,79,2026-02-09 09:25:53,South
TX101318,C61990,479.66,80,2026-05-10,East
TX104131,C83259,1351.96,81,2025-03-12,west
TX108128,C18993,737.9,89,2025-02-24,South
TX109278,C40595,263.65,112,2025-03-30, South 
TX104693,C77033,1464.88,52,2025-07-13,South
TX106184,C37938,511.38,27,03/04/2025,North
TX104531,C83259,1265.25,71,01-23-2026,North
TX101352,C73517,958.53,112,21-Feb-2025,North
TX102977,C75612,NaN,11,28-Apr-2026,East
TX109339,C50306,960.2,14,2025-07-05,South
TX104931,C73624,1359.37,7,2025-07-08 12:27:43,West
TX106828,C95813,910.08,46,2025-06-21 10:12:56,West
TX105051,C87304,62.92,12,2025-08-31 08:54:25,East
TX102528,C69049,,74,2025-09-16 17:18:44,East
TX105683,C53369,1187.58,45,23/04/2025,South
TX103278,C22097,705.73,61,2025-01-24 00:26:42,West
TX101517,C66207,104.42,68,17/06/2025,South
TX106562,C94886,369.59,102,20/07/2025,South
TX104810,C28373,442.68,103,09-14-2025,South
TX100716,C66498,973.88,75,2025-02-13,South
TX107075,C39219,1371.46,44,10-29-2025,North
TX108125,C46048,1456.61,49,16-Dec-2025,South
TX101574,C86099,216.51,66,28-Apr-2026, East 
TX105837,C63528,1056.9,84,22/10/2025,East
TX109289,C88172,263.98,79,2026-05-09,South
TX104957,C82063,1055.66,35,12-Feb-2026,West
TX106733,C15276,1398.4,82,2025-08-13,West
TX108093,C94607,1198.8,3,23/07/2025,South
TX104513,C44993,160.62,0,09-19-2025,West
TX105153,C26728,616.11,58,2025-07-11,North
TX102103,C27477,1484.64,32,04-02-2026,East
TX101989,C89129,888.51,37,2025-10-26 03:39:28,North
TX100168,C96163,1383.73,108,2025-07-09,East
TX103715,C41635,1098.52,38,24-Mar-2026,East
TX108033,C11934,85.5,49,19-Aug-2025,South
TX102349,C83259,885.33,8,08/06/2025,East
TX106080,C24662,336.43,100,03/05/2026,West
TX109042,C25014,296.46,96,08-08-2025,South
TX109279,C38893,544.34,116,08-Feb-2025,South
TX101334,C31299,370.88,87,10-12-2025,North
TX107042,C10772,739.9,47,2026-05-14 14:34:50,West
TX109796,C84668,1357.33,119,2025-10-01 11:41:20,East
TX108088,C24663,179.15,47,2025-08-26,North
TX100957,C47056,1354.46,98,24/05/2025,South
TX106454,C39154,560.82,78,2025-01-28,East
TX105136,C46421,299.96,46,2025-02-03 13:05:28,South
TX108698,C33519,259.18,4,2025-10-16 09:58:01,East
TX107874,C30028,1163.38,87,10-Feb-2026,South
TX109296,C95477,1404.94,83,2025-08-15 09:11:40,West
TX104942,C20328,432.06,33,2025-02-09,West
TX100727,C54473,358.01,30,28/02/2025,East
TX105604,C75435,330.64,32,2025-04-03 00:00:10,South
TX106062,C99166,1249.3,80,2025-04-01,South
TX105001,C71644,798.24,34,2025-02-14 00:22:47,North
TX100445,C10350,1433.89,63,2025-11-11,North
TX102384,C91416,1061.83,106,03-02-2026,West
TX101262,C37653,1192.33,40,2025-04-08 21:53:56,North
TX105610,C57052,454.31,37,11-17-2025,North
TX107674,C74251,414.83,12,2025-07-11,North
TX107152,C10350,978.8,39,2025-11-28 11:00:09,South
TX109293,C33405,1092.88,119,2026-05-10,West
TX104195,C69087,34.48,74,2025-10-04,South
TX103458,C63528,1146.85,67,03-14-2026,West
TX107010,C74340,1383.94,7,21-Apr-2025,west
TX108564,C15778,1327.36,74,09-Apr-2026,West
TX101785,C83147,317.58,43,18/04/2026,North
TX103038,C15229,,67,2025-03-02 20:28:25,east
TX105007,C63005,309.36,26,11-09-2025,North
TX106106,C41195,252.18,95,2025-05-03 22:59:57,East
TX104927,C83385,1075.58,97,02-04-2026, South 
TX107846,C91987,1311.49,25,19/08/2025,South
TX108715,C37653,928.44,65,2025-10-16,South
TX106745,C68028,590.95,7,22/09/2025,North
TX101406,C72402,688.05,35,10/01/2025,East
TX101667,C49117,1111.98,34,19-Feb-2026,North
TX102182,C26828,10.09,35,2026-04-12,North
TX100673,C42406,88.79,85,04-Jul-2025,East
TX107444,C88139,,105,03-25-2025,North
TX103327,C95180,1051.0,32,15/02/2026,South
TX108825,C72493,605.86,81,01-Feb-2026,South
TX101911,C38361,594.82,11,06-16-2025,West
TX106574,C58351,1359.79,17,10/05/2025,West
TX109495,C48752,614.94,53,29-Sep-2025,West
TX107861,C50001,162.04,104,2025-10-10 13:35:50,East
TX105445,C55082,895.72,117,2025-09-18 21:46:44,North
TX102944,C39871,100.49,51,2025-07-17 10:04:43,East
TX104042,C44687,189.54,29,06-24-2025,West
TX101839,C70910,360.28,119,22-Jul-2025,West
TX101860,C32241,654.05,34,2025-02-17 12:36:24,South
TX107603,C77391,190.15,83,25/12/2025,West
TX108089,C41979,1396.07,102,01/09/2025,West
TX104727,C40828,795.25,19,04-19-2025,West
TX107361,C51180,139.89,62,2026-01-22 02:00:23,East
TX107036,C33834,1116.89,25,13/11/2025,North
TX103346,C48175,1041.19,22,2025-06-03 15:46:28,East
TX108143,C59192,539.38,64,30/04/2025,North
TX109719,C72070,NaN,79,2025-11-28,West
TX100917,C51245,1187.93,118,2026-03-12 05:16:06,South
TX101486,C41195,1077.76,82,2026-05-15 07:29:17,North
TX101210,C41195,NaN,3,01/02/2026,West
TX104824,C24621,1379.43,54,07-20-2025,East
TX106978,C24168,855.47,119,17/01/2026,West
TX105467,C96706,1148.9,61,21-Jan-2025,South
TX102619,C95717,1069.89,52,19/03/2025,East
TX101561,C19710,1459.22,89,2025-03-05,East
TX103329,C67080,837.28,0,2025-08-30,North
TX104443,C59009,1056.19,103,20-Jan-2026,North
TX104511,C99353,547.44,40,2025-06-06,South
TX102147,C19305,200.22,56,09-12-2025,East
TX108979,C52247,729.11,68,04-Apr-2025,East
TX109088,C63264,875.89,12,02-13-2025,West
TX103691,C64321,618.36,54,2025-01-15,East
TX107918,C98696,1495.0,71,10-Feb-2025,East
TX102649,C80798,551.79,77,2025-12-08,West
TX106278,C82845,210.78,120,14-Oct-2025,West
TX109841,C22704,774.24,47,2025-12-13,North
TX108044,C36772,1138.92,94,2025-02-03 18:17:36,East
TX109400,C88907,238.4,60,20-Mar-2026,South
TX104163,C43586,1445.27,77,2025-08-03 05:05:52, South 
TX109743,C82063,1216.18,61,12-23-2025,West
TX105731,C28136,710.15,86,07-Jun-2025,West
TX101043,C56438,969.45,51,2025-02-21 04:46:48,North
TX101919,C79352,510.15,43,01-15-2026,South
TX106060,C76542,798.6,107,2025-09-08,North
TX104022,C83000,1443.44,73,07/04/2025,South
TX107864,C89069,478.38,70,2025-05-10,East
TX103252,C76237,381.18,103,31-Oct-2025,North
TX104587,C44664,668.15,71,2026-01-23 12:18:22,South
TX105157,C53404,NaN,110,02-19-2026,East
TX102512,C39871,42.78,9,19-Aug-2025,North
TX104480,C47056,488.83,96,27-Mar-2026,North
TX107739,C42092,781.47,97,09-Jan-2025,North
TX109262,C63424,466.35,10,2025-06-14 19:25:35,West
TX109353,C82768,1468.02,24,07/02/2025,South
TX106670,C34356,859.81,76,04/05/2026,North
TX107897,C41571,1267.21,79,23-Mar-2025,West
TX103246,C80702,204.57,45,04-28-2026,West
TX106236,C39466,572.5,120,2025-06-02,South
TX107074,C23238,621.51,56,23/04/2025,East
TX104139,C51441,891.78,105,2025-06-28 01:44:13,South
TX105591,C25860,138.05,0,2025-03-01,East
TX106696,C88193,494.97,109,2025-05-31 21:26:11,South
TX105465,C39816,432.14,79,09-18-2025,East
TX102532,C23006,903.71,17,2026-05-03,North
TX103313,C85631,1139.4,56,2025-02-05,North
TX109341,C51467,228.5,91,05-Sep-2025,South
TX103812,C98555,16.78,24,2025-06-07 16:08:17,West
TX102196,C15817,1263.51,55,04-18-2026,South
TX104656,C10726,724.65,33,21-Jul-2025,West
TX108854,C73517,1048.63,101,12-10-2025,West
TX102199,C83975,851.28,91,22/02/2026,East
TX107738,C65069,869.54,115,04-17-2026,West
TX103545,C80236,1440.04,113,2026-04-21 00:11:43,East
TX107617,C23833,1343.86,50,2025-07-02 12:26:43,North
TX101518,C16826,806.71,36,2026-03-15 08:06:48,North
TX105931,C44438,753.75,97,2025-03-25,North
TX105706,C97782,940.34,49,30-Nov-2025,East
TX106277,C80010,128.88,58,07/05/2025,East
TX104506,C87110,121.66,25,2025-05-05,South
TX104624,C40982,1320.92,82,25/05/2025,North
TX106749,C28301,344.03,119,01-21-2026,East
TX102286,C40595,959.23,61,05-06-2025,South
TX109943,C98039,203.58,11,11-Jan-2026,West
TX108673,C26334,958.36,2,07-Jan-2026,North
TX100825,C41266,969.51,82,2025-10-14,East
TX103538,C13905,490.77,56,12-Jan-2026,North
TX102628,C98117,131.53,16,2025-07-26,north
TX108106,C98501,110.85,66,2025-11-01,East
TX105953,C73653,1157.54,47,2026-03-27,North
TX107408,C62350,1087.78,70,03-15-2026,East
TX101635,C66959,13.51,99,17/01/2026,West
TX104182,C65255,605.04,13,07-Sep-2025,South
TX103459,C45400,1425.42,116,2025-12-29 12:30:08,East
TX105052,C85470,1140.48,88,2025-03-22,South
TX104403,C10851,1452.96,21,05/06/2025,West
TX102335,C17816,1304.04,118,03-Jan-2026,East
TX104330,C80798,1424.67,27,11-18-2025,West
TX101439,C59856,632.72,8,27-Feb-2025,West
TX107059,C46517,997.91,71,29-Jan-2025,South
TX102819,C76307,1126.78,81,10-Dec-2025,East
TX107693,C45509,278.48,119,2026-02-27,East
TX107118,C26299,251.66,116,07-Apr-2026,South
TX104724,C70068,676.11,31,01-12-2026, South 
TX105572,C44970,1375.99,75,02-20-2026,North
TX108662,C44335,833.55,108,12-25-2025,North
TX104219,C74722,878.31,31,2025-03-25,South
TX108936,C32810,258.93,64,2025-08-10 15:37:51,West
TX100903,C95477,808.92,85,2026-04-15,East
TX108613,C37110,969.74,17,05-23-2025,West
TX108188,C94659,61.85,7,27-Jun-2025,East
TX102929,C24168,1287.66,17,2025-07-11,South
TX107729,C80010,14.3,66,12-09-2025,West
TX102368,C15965,188.91,36,2025-06-17,East
TX100243,C49139,832.33,76,2026-01-05 09:49:44,North
TX108163,C16630,477.51,109,12-02-2025,North
TX101245,C16175,371.19,116,2025-07-28 21:08:38,South
TX106657,C89457,208.82,29,06-06-2025,West
TX101223,C56357,992.3,4,10-05-2025,North
TX107690,C83147,1206.83,90,2025-01-10,East
TX105649,C65518,820.58,92,23-Oct-2025,West
TX103110,C80010,1005.76,85,16/01/2025,South
TX109471,C70068,1419.84,100,2025-03-14 16:52:40,East
TX106306,C60019,528.68,26,03-May-2025,west
TX109674,C89415,94.86,62,23/03/2026,North
TX100214,C67433,689.04,33,10-Dec-2025,South
TX104504,C52840,1236.89,120,03/10/2025,East
TX101606,C92544,150.36,47,21/04/2025,West
TX107461,C28301,510.42,116,15/02/2026,West
TX101138,C21395,1490.34,110,19-Dec-2025,East
TX102868,C66057,754.75,14,03-04-2025,East
TX103504,C53933,605.79,28,12-Feb-2025, South 
TX102228,C56566,461.5,15,2025-07-22 19:37:15,East
TX106796,C96951,711.21,77,2026-05-14 05:12:28,West
TX105477,C30866,1105.4,81,2026-02-08,South
TX104118,C80702,830.17,52,2025-09-05,West
TX105711,C44970,133.25,89,14-Sep-2025,East
TX105913,C46517,1041.3,74,14/11/2025,East
TX105568,C88907,741.6,63,2025-11-13 07:42:24,West
TX104119,C80776,1155.54,38,26-Feb-2026,North
TX108327,C89129,228.83,63,2026-01-07,West
TX108807,C97538,1258.93,84,2025-07-25 16:14:59,East
TX100899,C25014,1237.75,77,18/02/2026,South
TX101256,C79514,1376.95,77,2026-01-21,East
TX105362,C48890,386.82,114,02-03-2026,North
TX104766,C43972,11.84,87,19/06/2025,West
TX104120,C14722,176.9,2,2025-03-02 14:29:49,North
TX107189,C89069,248.21,2,06-09-2025,West
TX105825,C70332,1223.88,76,2025-06-04,West
TX109813,C24168,394.4,69,12-28-2025,West
TX104382,C11504,NaN,26,15-May-2025,North
TX103282,C40007,NaN,49,03-09-2026,South
TX105545,C29528,173.14,65,09-04-2025,North
TX100127,C88135,495.31,78,13/06/2025,West
TX109613,C28643,165.03,32,01-21-2025,South
TX106685,C54118,182.86,12,2025-12-17,South
TX107005,C46211,773.14,5,2025-06-08 13:01:52,South
TX107747,C48752,14.1,108,01-Dec-2025,South
TX105041,C50404,265.91,22,2025-10-21 01:29:10,East
TX102340,C19880,1148.21,81,04-20-2025,East
TX108531,C40735,1062.49,35,04-24-2026,West
TX101235,C94939,174.21,9,02/05/2025,South
TX101493,C59192,138.21,51,21-Oct-2025,West
TX107618,C25670,1276.21,113,06-24-2025,South
TX103443,C37607,1436.08,78,02-Sep-2025,East
TX100823,C24621,491.2,102,2025-11-16 13:24:14,West
TX106100,C23176,759.99,41,08-17-2025,South
TX105843,C59856,182.48,20,2026-04-12,South
TX100539,C30517,777.87,18,26-Aug-2025,North
TX107761,C95717,1198.55,41,27/03/2026,North
TX107642,C13201,702.99,89,04-23-2025,East
TX108134,C40021,100.85,101,07/10/2025,West
TX107852,C34914,193.91,50,2025-02-05,South
TX102655,C69177,1084.95,43,05-Jan-2026,East
TX103677,C39256,741.87,18,09-26-2025,East
TX105682,C24371,1276.13,52,2025-01-18,South
TX105765,C80282,797.03,27,2026-04-09 16:03:07,North
TX101020,C63424,347.93,16,2025-07-25,South
TX103310,C97500,277.08,110,04-May-2026,North
TX109203,C49857,1338.18,98,29/05/2025,North
TX102869,C54587,836.32,36,2025-01-07 08:30:20,East
TX107311,C17685,269.01,31,2026-01-17,North
TX101365,C41385,1151.48,94,2025-07-25 13:22:48,East
TX100338,C47606,1016.74,80,11/01/2026,East
TX103360,C88193,1196.89,10,30/06/2025,North
TX108127,C51245,734.76,77,2026-04-16,South
TX102692,C69692,610.28,33,21/01/2025,East
TX102312,C22240,688.64,87,15-Dec-2025,South
TX109582,C30257,1368.9,30,05-08-2026,South
TX109317,C58520,1254.63,23,2025-04-25,North
TX105084,C65108,419.28,13,2026-03-20 17:43:14,South
TX102918,C17026,1343.8,117,26/09/2025,North
TX100609,C52840,333.03,36,09/05/2025,North
TX109556,C28726,520.62,41,2025-02-04 08:26:52,North
TX100380,C76562,85.43,95,09/05/2025,West
TX109933,C80381,1415.51,85,2025-09-30,West
TX104151,C49363,391.69,34,26/04/2026,West
TX109081,C42914,385.84,56,01-Feb-2025,North
TX106982,C19287,810.14,25,24-Mar-2026,West
TX107179,C63269,876.92,110,2026-03-06 14:28:38,South
TX109677,C29555,1030.56,7,08-31-2025,East
TX106936,C19508,772.68,33,04-25-2026,West
TX100521,C72070,476.61,110,2025-11-02 02:11:12,West
TX108761,C83563,1325.64,95,02-05-2025,West
TX104887,C65108,1464.53,1,01-21-2025,North
TX101998,C68008,1148.09,85,13/02/2025,West
TX101745,C27154,1223.75,68,10-Apr-2025,South
TX101083,C47353,604.4,109,14/11/2025,West
TX102250,C36062,384.19,59,2025-08-14,North
TX101837,C37460,416.15,43,2025-08-03,North
TX108775,C86622,156.33,94,07-14-2025,South
TX108305,C47268,200.11,15,2025-01-26 21:44:40,North
TX104351,C81511,671.58,39,2025-11-07,East
TX100715,C90728,515.18,12,08-08-2025,South
TX106308,C49651,134.19,17,2025-01-19,South
TX103773,C63354,,35,2025-07-21 20:10:16,East
TX105857,C55082,439.98,25,2026-02-10,East
TX104512,C86503,1371.11,109,03-May-2026,East
TX107569,C42406,319.28,88,09-30-2025,West
TX104455,C34914,1259.3,108,2025-04-10 13:31:30,North
TX108165,C39816,1337.03,109,25/05/2025,West
TX109265,C29973,1220.88,118,2025-03-21,East
TX101480,C56112,NaN,85,2025-05-21,West
TX104980,C27154,1197.41,7,30/09/2025, West 
TX102069,C39219,609.4,23,01-02-2025,South
TX106636,C55508,538.15,19,03-10-2026,South
TX104278,C23947,1116.39,115,2026-01-09,South
TX104555,C84364,374.63,97,2025-02-05,North
TX103010,C18392,952.81,2,16/07/2025,north
TX104101,C46211,1067.61,102,2026-01-27 17:37:35,West
TX100665,C12540,1192.71,20,2025-05-02,North
TX101762,C32810,867.15,93,02/02/2026,West
TX106584,C83060,647.33,44,2025-03-30 21:43:15,North
TX105960,C17716,973.67,0,2025-12-03 20:50:42,West
TX107640,C37659,757.11,110,06-Mar-2025,North
TX103339,C94259,747.05,108,15-May-2026,East
TX102460,C48829,155.63,5,2025-04-04,East
TX100896,C88504,1365.17,50,2025-03-22,East
TX107453,C28643,1255.78,42,2026-03-08 03:48:39,East
TX105070,C47388,264.74,65,2025-03-26 18:15:04,West
TX107480,C96563,1135.79,94,27/07/2025,West
TX106716,C71069,55.64,8,2025-07-23 16:18:43,North
TX104574,C24168,1061.4,88,2025-08-28,West
TX101917,C17146,606.28,113,03-12-2025,West
TX105657,C99399,910.55,105,2026-03-22,East
TX102463,C61990,760.33,6,30/01/2025,East
TX103164,C73653,1100.95,52,24-Jul-2025, East 
TX106617,C95813,286.37,114,2025-04-08,West
TX104687,C95256,1404.35,29,03-Jun-2025,West
TX109180,C46500,1431.94,75,21/06/2025,South
TX101415,C35112,1122.74,2,2025-03-13,West
TX102207,C42742,851.51,117,12-11-2025, South 
TX109709,C51904,115.17,58,2025-10-31,North
TX105294,C30257,568.86,6,2025-10-07,West
TX105557,C38221,751.4,9,06/04/2025,North
TX102522,C85914,630.95,63,06-Jul-2025,North
TX100409,C94659,1027.82,96,21/09/2025,West
TX103156,C37802,NaN,73,03-12-2026,North
TX102961,C30517,1134.72,15,2026-03-26 09:08:20,East
TX106987,C95813,171.25,9,06-Jan-2025,South
TX105179,C80644,1128.04,39,01/04/2025,East
TX103572,C82845,1006.19,41,2026-05-14,North
TX109325,C23396,22.72,11,2025-02-26,North
TX106855,C87607,1043.62,67,2025-12-17 17:11:58,East
TX106803,C19116,NaN,23,2025-01-24 02:34:10,North
TX106057,C57576,326.36,72,23/06/2025,North
TX104482,C46500,1149.45,45,08-16-2025,South
TX109929,C35042,NaN,29,28/08/2025,East
TX105700,C71261,1145.92,99,2026-01-11 17:28:03,North
TX107652,C69429,1464.91,100,2025-12-17 18:31:37,South
TX101178,C16175,13.9,103,2026-01-26 14:53:03,North
TX100742,C47196,682.63,3,2026-01-26,East
TX101246,C86484,634.43,18,22-Oct-2025,East
TX104410,C31992,1382.78,111,14/04/2025,West
TX103197,C25043,917.04,11,06-01-2025,East
TX103705,C70217,670.21,59,2025-10-12,East
TX109484,C70515,993.8,58,02-16-2026,South
TX106423,C11025,452.45,11,2026-02-02 05:17:08,West
TX103437,C23006,299.92,25,2026-02-22,West
TX106868,C46585,1250.64,32,2025-12-14 20:31:09,East
TX106370,C59735,70.46,3,15-Aug-2025, West 
TX106074,C79514,557.14,15,10-09-2025,East
TX107925,C42951,1093.01,31,10-Jun-2025,North
TX100422,C32810,759.02,53,28/02/2026,North
TX105799,C15778,1438.89,106,10-31-2025,North
TX106381,C67377,1286.12,88,2025-05-23,West
TX108983,C24208,998.94,78,2025-09-07,East
TX106194,C14067,534.06,67,18-Oct-2025,South
TX108918,C56112,1160.09,54,03-27-2025,West
TX108297,C28289,,96,02/02/2025,South
TX106189,C57052,756.22,14,02-Feb-2025,East
TX106250,C70515,1214.98,75,08-11-2025,East
TX100771,C27361,1248.92,65,13-Apr-2025,West
TX108168,C26704,456.99,109,2025-05-23,West
TX105235,C94659,1386.26,33,02/02/2025,South
TX107783,C95649,1373.05,10,25-Apr-2026,West
TX105601,C50687,130.97,81,06-05-2025,South
TX105623,C93130,275.24,32,08-30-2025,North
TX107753,C35144,446.12,93,24-Nov-2025,West
TX101422,C50189,17.76,41,07/08/2025,South
TX106466,C99399,559.92,27,2025-12-29, North 
TX104258,C66959,904.37,27,2025-04-07 11:13:02,North
TX108658,C34267,156.97,75,2025-09-28 15:44:35,South
TX103444,C67377,458.64,54,22/12/2025,South
TX103888,C18564,530.86,92,27-Mar-2026,East
TX104833,C22363,1213.93,89,09-05-2025, North 
TX107079,C70901,1423.11,26,29/12/2025,North
TX103785,C68743,446.33,72,2026-01-30 03:12:58,West
TX108122,C40161,1093.87,23,2025-06-10 12:30:17,South
TX107736,C91439,1391.42,93,18/08/2025,South
TX107865,C48829,1398.1,21,12-Jan-2025,South
TX101047,C85674,404.85,69,2025-03-05,North
TX103605,C20155,50.23,40,11/05/2026,North
TX103835,C37869,1126.35,17,22/07/2025,North
TX102483,C46500,NaN,47,2026-04-12,West
TX102700,C70258,940.0,99,19/03/2025,West
TX103600,C19838,1492.7,92,2026-04-25 22:13:26,North
TX108287,C72296,180.47,53,15/01/2025,North
TX106748,C32431,NaN,98,18-Sep-2025,East
TX105531,C86556,859.21,85,06/03/2026,West
TX109359,C50135,,85,22/06/2025,South
TX104066,C37535,1365.38,38,2025-01-27 22:56:57,West
TX106905,C42530,1307.96,83,2025-02-04 17:31:34,East
TX106368,C38683,1127.22,97,2025-01-11,West
TX102052,C25118,773.71,8,08-Mar-2026,South
TX102047,C35242,572.36,21,2026-02-24, West 
TX104435,C41358,NaN,85,2025-12-06 08:01:53,East
TX106746,C80545,815.21,85,27/03/2025,East
TX108575,C99974,76.38,53,12-24-2025,South
TX109784,C80539,177.02,106,12-Jul-2025,East
TX102521,C34050,941.77,47,12-Jan-2025,North
TX104007,C40595,988.18,100,2026-01-14,North
TX109862,C22899,348.55,73,2025-12-26 16:44:10,East
TX104712,C53540,1067.45,88,02/05/2026,West
TX106095,C79827,1425.52,102,04-04-2025,South
TX103828,C38016,1307.06,110,07-Mar-2025,East
TX107404,C65444,940.34,21,01-10-2026,North
TX107165,C25670,1278.13,92,06-Jun-2025,West
TX102788,C67560,213.63,40,18-Jan-2026,East
TX103852,C80292,327.16,26,2025-04-12,South
TX106615,C54473,893.75,3,05-15-2026,South
TX107141,C66626,1210.04,41,06-15-2025,South
TX100469,C88104,706.45,1,19-Dec-2025,West
TX109893,C60019,950.06,37,26/07/2025,East
TX101702,C32782,1486.58,20,2026-03-16,South
TX102511,C85454,25.8,113,17/05/2025,West
TX109620,C39389,560.36,92,2025-12-29,North
TX104055,C80697,234.99,115,03/03/2025,North
TX105026,C33834,908.73,1,2025-04-22,North
TX108156,C59857,330.06,100,17-Mar-2025,East
TX108859,C98117,1452.8,38,2025-01-01,South
TX101244,C30585,728.81,29,18-Aug-2025,East
TX100753,C70589,NaN,111,15-Jun-2025,East
TX103560,C39389,412.51,40,03-Sep-2025,West
TX108558,C85454,688.92,81,2025-11-20 07:13:24,West
TX101801,C88104,70.81,62,12/03/2026,East
TX107558,C42177,1250.46,118,2025-09-25 02:06:33,East
TX106983,C21114,1160.86,71,2025-04-25,East
TX105664,C40735,1031.26,29,2025-08-12 13:15:26,South
TX109827,C15224,579.76,90,2025-11-15 18:34:47,East
TX108285,C27342,104.08,82,07-29-2025,East
TX108057,C64948,NaN,99,2025-12-12,East
TX103842,C88697,1053.02,104,10-Oct-2025,North
TX102502,C84593,907.96,18,31/08/2025,West
TX107119,C98696,1149.63,120,16/04/2025,North
TX109846,C38746,1299.57,9,2026-03-07,East
TX100690,C76162,1455.32,22,12-30-2025,North
TX101729,C97538,161.37,98,2026-02-27 06:13:09,South
TX100272,C36158,827.43,12,2025-08-25,East
TX101394,C37760,665.64,60,2025-04-12,East
TX103648,C99974,307.71,65,2026-01-10 04:19:03,East
TX106258,C29769,536.28,46,2025-06-11,East
TX103897,C68082,712.22,75,04-18-2025,North
TX102424,C46048,859.75,99,2025-10-18,North
TX108107,C80798,611.14,25,2026-02-05 15:36:16, South 
TX101158,C60488,711.49,5,2026-02-24,South
TX101106,C88139,622.34,105,27-Nov-2025,North
TX100541,C70332,1070.39,25,28-Mar-2026,North
TX107886,C21359,867.86,8,03-Apr-2026,East
TX104154,C18564,675.69,24,2026-01-07,West
TX108541,C69473,119.24,103,2025-05-12 18:14:40,South
TX101227,C65108,1440.66,59,17/01/2026,East
TX101491,C92397,540.73,15,2026-02-01,North
TX102810,C51347,234.34,51,29-Jul-2025,North
TX103501,C65069,528.01,34,2026-01-14,South
TX103744,C83259,1067.74,80,2025-07-10,West
TX106893,C69510,1421.77,45,2025-07-06,North
TX104638,C91560,713.93,37,30-Jul-2025,West
TX104738,C78327,NaN,93,01-18-2025,South
TX103602,C69470,1263.03,67,05-27-2025,West
TX102865,C72031,974.18,53,17/03/2026,South
TX106043,C39444,97.87,82,10-24-2025,South
TX102708,C38016,404.56,76,2025-09-06 06:06:33,East
TX105932,C75612,1391.52,62,12-Nov-2025,South
TX104180,C41385,1433.38,13,2025-10-04,South
TX102571,C30032,443.67,68,09/07/2025,West
TX100143,C43092,1315.73,1,2025-06-02 19:06:59,South
TX107791,C25043,1361.61,94,16-Dec-2025,West
TX102801,C40512,1033.86,37,2025-01-08 10:18:15,West
TX105772,C20328,918.02,54,12-05-2025,South
TX101327,C80545,284.73,45,06/06/2025,West
TX101275,C23104,831.58,83,2025-01-26 06:23:34,East
TX105719,C10942,212.05,108,03/02/2025,north
TX103927,C38569,1106.96,65,20/10/2025,South
TX103843,C52504,716.86,51,28/01/2025,North
TX108445,C39219,554.37,30,23-Oct-2025,South
TX109938,C17894,113.75,13,2025-08-09 18:21:02,West
TX104243,C12552,496.18,88,04/05/2025,West
TX104036,C31992,453.26,109,2025-09-07 15:16:39,East
TX104586,C67433,106.33,66,01-17-2025,West
TX100258,C38221,1371.35,94,02-Dec-2025,East
TX109647,C38043,86.87,59,20/09/2025,south
TX102084,C20641,1082.9,46,17/05/2025,North
TX102013,C91987,1360.11,35,01-20-2026,West
TX104388,C33053,626.18,92,15-May-2026,West
TX104868,C57819,642.12,37,02-21-2025,East
TX107448,C31178,630.77,48,04-Dec-2025,West
TX104320,C22833,1409.04,109,2025-08-14 13:58:32,West
TX107609,C50538,847.88,84,2026-04-16 20:07:34,North
TX108582,C37535,880.82,105,01-17-2026,East
TX105505,C19358,1196.47,11,03-09-2026,East
TX103225,C26361,782.25,32,2025-08-12,North
TX108401,C97782,213.55,70,21/07/2025,West
TX102690,C72518,282.48,3,11-05-2025,West
TX102543,C35042,1052.12,69,2026-02-10,East
TX108885,C76244,NaN,78,14-Feb-2026,North
TX109728,C47268,855.36,118,29-Mar-2025,East
TX104347,C59692,77.83,59,2026-02-21 05:16:20,East
TX101474,C52487,1285.69,42,2025-06-30 17:47:51,East
TX108236,C92213,955.93,72,2026-01-24,East
TX102500,C46347,1344.4,88,01-16-2025,West
TX107570,C13905,624.97,33,01-13-2025,South
TX109648,C13478,1005.84,44,2025-12-13,East
TX102242,C39219,401.36,26,2025-12-02,North
TX101886,C98555,990.07,21,03/04/2025,South
TX101372,C63354,1406.03,117,04-13-2025,East
TX102404,C98555,851.73,95,18-Sep-2025,North
TX101725,C54057,1176.67,110,15-Jun-2025,East
TX106489,C90173,1498.83,104,2025-08-12,North
TX106296,C94246,945.72,91,2025-03-24 22:25:58,East
TX103684,C88193,187.13,45,09-20-2025,North
TX106138,C11934,82.01,54,2025-06-12 22:27:49,West
TX107038,C96474,350.4,37,04-23-2025,South
TX100012,C91439,574.94,84,10/02/2026,West
TX107829,C80010,1186.47,58,11-21-2025,East
TX102127,C73699,691.77,32,2025-04-05 01:40:11,East
TX102088,C54313,421.28,110,29/08/2025,East
TX101575,C72493,511.18,39,2025-12-17 13:39:07,East
TX106629,C30635,586.6,55,2026-02-05,North
TX108182,C44760,784.56,60,07-28-2025,West
TX100411,C38080,557.31,5,09/12/2025,South
TX101388,C73517,1184.96,83,04-11-2025,West
TX105673,C85470,51.05,110,05-13-2026,South
TX102285,C54725,1256.05,0,22-Jan-2025,East
TX103855,C77839,783.97,93,2025-05-22 17:05:07,South
TX101943,C15209,1427.1,117,23/09/2025,East
TX102713,C42662,1321.38,103,2025-11-30,North
TX102474,C50026,,70,2025-01-08 11:50:22,West
TX107438,C10726,1002.16,87,02/09/2025,South
TX104904,C72402,1205.2,109,20-Oct-2025,East
TX102251,C39831,1224.6,56,15-Mar-2026,East
TX102475,C22280,389.06,111,31/05/2025,East
TX101388,C73517,1184.96,83,04-11-2025,West
TX109384,C46509,200.26,24,05-11-2026,South
TX109044,C94607,177.78,106,2026-03-25,South
TX108056,C89471,105.06,60,27-Jan-2025,West
TX104922,C34164,1022.74,32,03-13-2025,West
TX105191,C93136,87.39,110,2026-04-24 04:18:00,West
TX109052,C20745,NaN,74,2025-10-27 00:39:05,North
TX102200,C35203,1232.47,79,22/06/2025,South
TX104358,C64921,131.74,107,19/05/2025,South
TX109453,C92213,1336.28,116,09-03-2025,South
TX107657,C70142,287.91,112,03-08-2025,North
TX106958,C40007,854.89,64,2025-05-24 16:58:31,West
TX102373,C79822,1185.83,14,21-Feb-2025,South
TX101873,C71433,540.03,119,29/03/2025,South
TX108721,C97410,422.77,79,2025-04-09 16:53:41,East
TX104522,C27342,987.3,99,04-Mar-2025,North
TX107926,C26334,639.04,66,14/04/2025,north
TX102493,C46517,579.49,33,22-Jan-2026,East
TX101543,C98117,1418.38,116,2025-08-16,North
TX100529,C10851,1320.8,52,08-May-2026,South
TX107343,C68991,567.05,6,07-11-2025,West
TX102187,C59735,250.9,4,2025-04-12,East
TX108928,C97012,1125.4,98,11-10-2025,North
TX101609,C13365,1305.34,74,2025-12-22 08:17:01,West
TX105703,C81810,517.47,96,11-Mar-2025,North
TX106616,C19710,1434.15,53,10-28-2025,West
TX100885,C37742,290.01,77,2025-03-12 08:00:49,South
TX108528,C20322,1199.08,52,2025-09-23,West
TX102246,C23396,1263.0,7,21/03/2025,South
TX109937,C35203,991.52,23,03-May-2026,East
TX109563,C52504,860.12,70,05-06-2025,South
TX108663,C92544,396.21,117,2025-09-02,East
TX101672,C53540,562.58,90,2025-02-09 22:43:24,East
TX101832,C90676,370.36,48,20-Jun-2025,West
TX100757,C41285,202.22,40,2025-12-30 13:09:16,North
TX107915,C15817,696.36,93,2026-01-23 13:56:38, West 
TX105185,C97841,1134.57,49,12-Nov-2025,North
TX103300,C63269,490.27,83,2026-03-08 22:29:43,East
TX103480,C54587,592.45,83,26-Aug-2025,North
TX102601,C38683,1139.14,117,2025-01-27,West
TX105883,C54942,1254.35,79,09/11/2025,North
TX106864,C69049,430.2,55,06-10-2025,East
TX107485,C30585,,69,10/02/2025,East
TX108677,C22224,265.88,18,03-Nov-2025,North
TX105559,C31299,56.55,78,2025-08-08 04:20:49,East
TX109698,C82420,172.74,35,2026-02-19 03:45:26,West
TX104977,C89516,637.12,106,08-26-2025,North
TX102358,C20745,796.04,117,05-10-2026,South
TX105884,C82420,1280.65,27,06-05-2025,South
TX103316,C45614,348.53,35,2025-07-14,West
TX108455,C46463,745.89,21,08/05/2025,North
TX109246,C66959,1027.56,15,13/06/2025, West 
TX104588,C44718,50.11,1,01-12-2026, South 
TX109226,C54057,827.39,108,2025-10-24 11:52:54,West
TX100085,C18675,976.69,101,16/03/2025,North
TX100897,C93320,1355.86,26,08/03/2025,South
TX100935,C65255,91.27,49,20-Apr-2026,East
TX100025,C97670,209.48,12,2026-04-08,South
TX106508,C45509,1336.84,73,07/12/2025,South
TX108569,C14722,287.97,84,10-30-2025,North
TX108510,C47196,,69,03-30-2025,East
TX109803,C11658,940.92,85,23-Jun-2025,North
TX103775,C93130,NaN,64,2025-08-20,North
TX102612,C87397,446.38,84,22/04/2026,South
TX100891,C84691,452.96,75,2025-01-12 01:59:08,East
TX103286,C37742,830.71,94,03-19-2026,North
TX106346,C23833,1052.62,81,2025-08-13 13:15:57,East
TX107827,C63264,1206.24,4,2026-02-19,East
TX103986,C76317,1376.67,118,2025-08-12 15:02:27,North
TX109066,C59735,819.87,55,01-Nov-2025,South
TX105222,C99353,944.82,97,2026-03-03,South
TX105522,C40982,261.8,43,19/04/2026,East
TX102233,C15014,1349.36,66,28/06/2025,South
TX108500,C29410,157.17,115,08-22-2025,East
TX104029,C80545,491.86,61,21-Dec-2025,West
TX104086,C56025,1436.89,90,12/04/2025,East
TX102176,C64321,988.39,58,2025-04-26,North
TX105492,C54057,548.68,49,27/01/2025,East
TX103547,C53025,NaN,43,2025-12-14,East
TX109358,C69048,1096.61,51,2026-04-05,North
TX108193,C80798,924.25,65,03-Feb-2026,North
TX102123,C64040,70.91,89,04/04/2026,West
TX100429,C44099,309.52,70,2026-02-06 15:11:23,West
TX109623,C88104,473.4,79,2025-03-27,North
TX105874,C69048,953.52,115,12-21-2025,South
TX105699,C74799,488.17,46,2025-08-09,South
TX102186,C77391,1039.99,15,29/01/2026,West
TX105818,C17816,1353.99,32,2025-06-24 22:02:11,South
TX102899,C73624,752.67,38,09-30-2025,North
TX101704,C68028,1093.24,47,12-Mar-2026,South
TX102675,C73092,1388.96,28,2025-09-21,North
TX108659,C34957,307.19,117,2025-08-25,South
TX103024,C70258,73.29,59,17/08/2025,West
TX103211,C98696,387.49,65,2026-01-24 12:52:40,West
TX100222,C72021,553.46,105,2026-01-23,West
TX101559,C33405,1063.82,63,06/11/2025,West
TX105483,C82667,1124.97,36,06-27-2025,West
TX100067,C62227,90.05,106,2025-05-27,North
TX109927,C42325,908.21,20,2025-01-26,North
TX100019,C30374,365.04,116,26/10/2025,East
TX106430,C81482,1055.84,85,02-25-2026,West
TX106171,C22240,1061.83,107,2025-04-27 20:45:44,South
TX103994,C63883,627.89,97,2025-05-02,South
TX106831,C84364,962.47,65,01-27-2026,South
TX107289,C82140,1196.04,97,01-28-2025,East
TX100455,C96673,385.16,107,2025-11-19,West
TX101356,C15778,1018.92,34,03-Jan-2025,east
TX103031,C91351,573.55,23,02-17-2026,North
TX100790,C26334,1364.06,43,2026-04-17 22:42:29,East
TX100447,C97410,337.03,73,2025-03-07,West
TX108655,C25906,737.78,97,28/04/2025,South
TX101328,C64040,687.39,73,22-Dec-2025,West
TX100274,C63005,1495.76,25,08-Apr-2026,East
TX101321,C16630,269.78,37,13-May-2025,South
TX101895,C44600,811.21,84,2025-04-06,West
TX108999,C68008,390.4,5,10-19-2025,East
TX104612,C83792,,18,2026-03-25 10:12:50,East
TX106610,C87139,1486.87,95,2025-01-01,North
TX102273,C72296,675.05,32,16/11/2025,West
TX104114,C53279,809.38,102,28/10/2025,East
TX101976,C34164,1455.1,35,09-09-2025,East
TX104370,C46347,485.87,47,05-04-2025,East
TX107063,C97416,1474.77,60,02/03/2026,West
TX103478,C69929,1442.7,104,03-16-2025,West
TX108155,C13905,112.23,113,08-08-2025,South
TX105533,C29973,940.72,101,2025-02-26,South
TX104291,C89276,754.26,46,2025-04-03,North
TX107624,C41285,1372.99,53,06-Jan-2025,South
TX108664,C38746,27.31,78,2025-07-07,South
TX103471,C70217,41.34,90,2025-09-24,South
TX105786,C59615,218.96,46,2025-01-07 06:44:26,North
TX108350,C68082,325.65,81,04-Dec-2025,West
TX107728,C18418,87.79,86,2025-07-21,South
TX102719,C24168,965.44,51,06-Jun-2025,South
TX107562,C82692,883.42,48,16-Jan-2025,North
TX101312,C49618,632.26,108,2025-03-03,West
TX100035,C40735,1427.52,4,12-20-2025,East
TX108981,C30969,347.13,52,2025-07-02,North
TX105716,C93748,NaN,79,08-Feb-2025,East
TX106108,C15482,1424.12,98,22-Jan-2025,West
TX104788,C71213,1426.33,114,01-Jun-2025,South
TX109211,C49117,633.61,87,2025-12-04,West
TX106809,C99733,397.25,47,25-Apr-2026,South
TX103878,C22833,81.34,48,13/04/2025,West
TX108231,C27361,1319.31,28,2025-09-15 06:19:30,West
TX104164,C25129,,96,2025-03-26,South
TX109696,C16006,711.29,34,06-Feb-2026,South
TX106300,C47056,1054.2,93,17-Feb-2026,South
TX100059,C66531,1003.73,45,06-Feb-2025,North
TX106785,C89905,1345.41,96,2025-02-01 12:50:34,East
TX105495,C43972,548.87,81,26/03/2025,South
TX102525,C20641,NaN,22,06/04/2026,South
TX101766,C33053,1008.18,16,2025-12-31,East
TX103311,C11267,717.15,79,28-Jan-2026,West
TX103724,C97153,793.96,65,20-Jan-2026,West
TX109021,C30028,201.02,45,2026-05-10,East
TX108984,C88222,782.04,38,01-12-2025,West
TX107625,C74042,1141.88,100,02-15-2026,North
TX108768,C72493,729.78,59,2026-05-13,West
TX100772,C72277,139.88,54,02-20-2026,East
TX104097,C30969,619.98,8,2026-03-22,North
TX100362,C93886,673.37,15,2025-09-12,North
TX104098,C59823,,14,2025-04-13,East
TX101879,C91399,1187.45,85,20/09/2025,East
TX108210,C87993,321.17,29,2026-03-02,South
TX103485,C78386,819.43,19,2025-04-05,West
TX102347,C14278,343.51,103,2026-02-17 01:06:32,North
TX100974,C87278,89.22,45,14-May-2026,East
TX104730,C32810,645.04,87,2026-02-25,North
TX102331,C80545,662.17,3,13-May-2025,South
TX101049,C23104,342.7,112,17-Dec-2025,North
TX102131,C45683,1368.58,42,2026-01-22 17:50:34,West
TX108361,C67091,1089.11,74,07/04/2026,South
TX105990,C24993,203.81,93,30/05/2025,North
TX108422,C93130,478.86,96,11-Aug-2025,North
TX108205,C71261,353.7,80,05-02-2026,West
TX108349,C38043,,118,2025-12-09 19:06:38,East
TX106124,C33834,950.76,72,2025-03-26 15:03:19,South
TX102420,C91678,339.88,67,07-30-2025,South
TX105530,C80697,151.47,70,05-08-2025,West
TX102306,C65519,451.87,84,12/09/2025,North
TX103883,C13365,1248.47,67,09-Nov-2025,South
TX106162,C10425,948.61,23,2025-10-01,North
TX105634,C55830,381.48,86,02-27-2026,North
TX105614,C36062,702.11,76,2026-02-13,North
TX101764,C19862,435.06,31,2025-11-12,West
TX102433,C23446,665.22,91,2025-01-28,North
TX107692,C94659,NaN,2,2025-07-22 13:55:35,West
TX104390,C96163,91.97,32,2026-04-06 03:39:21,South
TX100986,C32810,1495.21,77,2025-10-03 06:44:06,North
TX109319,C63269,1487.75,45,27-Mar-2025,West
TX105100,C80468,1385.57,85,22-Nov-2025,south
TX102085,C82845,1250.99,5,13-Jun-2025,east
TX102428,C66498,NaN,117,2025-11-02 16:17:43,East
TX108275,C77561,1111.21,68,15-May-2026,South
TX107097,C34356,1432.78,7,14-Dec-2025,North
TX102666,C30052,1384.66,46,2025-04-29,East
TX109765,C67954,293.98,60,15/03/2026,North
TX100446,C34356,1478.12,114,10-22-2025,West
TX101584,C29887,1237.08,82,2025-04-07 19:07:18,North
TX107798,C71592,1440.61,16,20/05/2025,West
TX108498,C81482,1338.91,80,2025-08-11,South
TX104548,C85470,1009.58,83,19-Aug-2025,North
TX101540,C79827,323.45,107,02-03-2025,South
TX106514,C39154,183.21,28,2025-05-26,East
TX106795,C36100,854.83,73,01-17-2026,East
TX101617,C72216,210.77,118,03-Jul-2025,West
TX104235,C82420,230.0,12,07-20-2025,West
TX105924,C31643,262.4,94,2025-01-26 04:11:56,North
TX104010,C88104,612.29,21,2025-09-28,South
TX107271,C73653,1008.29,26,05-14-2025,North
TX102478,C37742,658.21,88,02/03/2025,South
TX105101,C42527,1012.49,114,05/10/2025,South
TX109256,C62386,783.17,19,2025-10-13 05:54:20,West
TX104293,C16590,1153.19,75,11/10/2025,North
TX107018,C70068,9.8,111,09/08/2025,East
TX103138,C31174,1203.3,15,2025-06-03,East
TX103288,C65519,377.21,115,23/07/2025,South
TX103672,C42816,1031.2,31,17/03/2026,East
TX104104,C41635,420.21,60,2025-04-26,South
TX106719,C40982,507.51,99,08-16-2025,West
TX108712,C36100,524.73,62,2025-05-24,South
TX107997,C46421,36.19,79,10-Apr-2026,East
TX103337,C35112,1466.85,19,28/04/2025,West
TX102324,C26728,1485.84,55,2025-08-18 01:32:48,West
TX109155,C59823,229.05,49,2025-11-20,West
TX107929,C74799,614.18,78,04/02/2026,South
TX106899,C73904,1407.72,8,11-06-2025,West
TX107026,C55056,117.82,87,30-Nov-2025,North
TX100607,C62772,589.77,98,12/12/2025,East
TX103649,C82529,1086.63,11,07/02/2026,South
TX101452,C80010,1457.66,23,2025-07-23 06:09:53,East
TX104082,C97670,169.05,95,2025-12-27,North
TX109364,C12560,1476.2,88,2025-08-22,North
TX107354,C45179,1404.67,66,2025-05-25 13:09:55,North
TX103587,C36100,278.07,47,27/01/2026,South
TX106591,C12260,379.72,27,28-Mar-2025,North
TX107137,C39389,1140.7,27,10-Feb-2025,North
TX108001,C95426,,86,15-Mar-2026,West
TX103314,C44760,833.08,53,30/03/2025,North
TX102884,C27342,413.69,56,2026-04-03,North
TX108329,C31798,22.56,72,25-Oct-2025, West 
TX102458,C61645,463.55,43,2025-12-13 09:32:55,East
TX104976,C37110,230.81,46,23-Mar-2025,East
TX103005,C19016,11.52,77,04-05-2025,South
TX106260,C51441,92.05,10,2026-01-12,North
TX106760,C63269,1319.55,102,11-11-2025,East
TX107014,C53309,423.07,103,01-01-2026,North
TX107955,C86569,,49,2025-05-27 16:20:39,North
TX102832,C94659,200.54,7,30/08/2025,North
TX105563,C62994,1189.72,23,2025-09-22 14:54:57,South
TX104178,C51180,12.3,43,2025-10-22,South
TX104157,C33405,695.2,117,02-22-2026,North
TX109076,C18564,937.17,83,2025-09-13 12:04:54,North
TX107358,C66333,461.99,52,11-Sep-2025,North
TX102570,C44179,753.97,49,10-21-2025,West
TX101325,C26683,283.71,17,2025-08-28 10:23:36,West
TX101369,C29410,956.44,79,25/04/2025,North
TX103614,C67560,588.22,118,2026-01-01 16:48:19,East
TX103524,C17100,980.13,65,2025-04-18 16:21:40,North
TX103962,C89457,1161.44,6,2025-07-18,East
TX108351,C63354,1395.03,99,2025-08-18, North 
TX103679,C59674,NaN,117,2025-06-09 05:49:48,East
TX100779,C22196,281.71,95,11-06-2025, North 
TX101509,C91351,788.36,22,09-18-2025,North
TX100978,C59857,767.07,2,2025-10-28 18:30:17,North
TX101956,C48175,659.27,31,2025-04-12 23:46:13,North
TX108029,C22156,305.15,117,09-Feb-2026, West 
TX104589,C15224,936.23,47,2025-01-19 12:34:31,South
TX102156,C69470,770.66,50,07-05-2025,North
TX101168,C22676,1239.08,15,28-Jan-2025,south
TX100815,C42530,326.1,9,2025-07-09 12:37:35,West
TX107255,C50857,1442.25,91,07-Jun-2025,East
TX103703,C38683,430.43,96,2025-06-13 05:14:20,North
TX108385,C13905,915.52,53,2025-10-14, North 
TX108035,C88172,482.23,111,09-May-2025,East
TX102749,C85525,1088.77,28,01-Dec-2025,North
TX106674,C35042,683.88,102,12-08-2025,South
TX104261,C22363,1206.12,81,21/04/2025,East
TX103096,C87607,950.02,18,04-12-2026,South
TX102133,C26299,631.53,102,28/03/2026,North
TX102001,C91399,1186.22,54,02-27-2025,West
TX103813,C81121,1014.31,61,2025-11-30,North
TX105958,C16734,1415.45,23,30/05/2025,South
TX103530,C16582,290.17,91,2025-12-31 10:18:00,East
TX101929,C46347,1262.54,0,11-17-2025,North
TX104751,C59735,1259.72,102,2026-03-29,East
TX107725,C95426,1110.46,7,2025-03-01,West
TX103777,C16006,606.53,56,22-May-2025,West
TX108411,C22156,815.58,45,2025-05-20,South
TX109340,C64321,865.0,41,25-Apr-2025,North
TX108404,C15383,1250.15,94,2025-04-19 01:48:41,West
TX107975,C38080,297.87,115,2025-02-09,West
TX105131,C90301,937.33,108,2025-08-07,West
TX104785,C38760,787.54,68,2026-03-08 19:10:04,East
TX103213,C52237,1141.4,14,27/09/2025,East
TX106191,C25525,781.57,77,2026-01-23 18:25:08,east
TX101740,C58944,545.34,97,04-23-2026,South
TX107644,C66626,702.62,42,2025-08-24,South
TX108417,C84341,655.92,47,2025-04-24 11:59:24,East
TX101954,C92397,1158.21,86,2025-02-15,North
TX102128,C96163,109.27,94,2026-02-08,North
TX107368,C10282,711.91,92,2025-10-16,East
TX107456,C77000,,4,2026-05-11 10:03:42,East
TX100733,C76562,878.57,49,17/02/2026,West
TX103440,C24168,352.38,85,2025-12-05 09:42:36,West
TX109033,C40495,385.79,26,2025-07-06 07:55:21,north
TX103748,C82140,973.3,77,2025-08-08 16:23:39,East
TX106130,C24662,1465.7,57,17/01/2025,West
TX101263,C56438,567.43,120,23/04/2025,South
TX108995,C42953,763.02,51,26/12/2025,North
TX104775,C24663,981.27,103,03-15-2025,West
TX102305,C94080,1435.0,14,2025-08-24 22:07:22,West
TX105471,C70142,569.26,89,06-Feb-2026,South
TX108720,C49446,179.92,48,10-12-2025,North
TX100149,C91959,756.27,114,03-31-2026,North
TX109000,C91987,402.4,80,14/01/2026,East
TX101228,C52906,132.88,31,2026-01-30 09:21:36,West
TX106834,C91439,128.04,9,01-07-2026,West
TX105603,C63528,512.48,99,13-Jan-2026,South
TX103325,C68028,1453.41,115,2025-06-16 12:26:59,East
TX103126,C30861,1293.52,51,2025-06-18,South
TX107260,C85849,736.3,49,12-Apr-2026,East
TX108378,C19287,910.91,35,05-Dec-2025, South 
TX100259,C25012,1239.87,73,2025-07-10,North
TX101647,C82309,650.65,111,14-Jun-2025,North
TX108017,C35242,846.58,25,2025-12-24 00:15:45,North
TX103961,C53369,970.18,34,2025-07-16 15:08:11,North
TX106807,C10221,1287.91,12,10-12-2025,South
TX106015,C63264,167.28,114,24-Mar-2026,North
TX103321,C65724,1148.18,66,2026-02-06,South
TX102075,C19545,243.16,77,2025-08-24,East
TX105512,C39466,619.21,75,2025-05-24 08:26:47,West
TX107647,C69598,165.66,45,19/05/2025,East
TX107113,C15229,923.51,112,07-May-2026,West
TX103468,C34957,393.75,108,2025-11-16 10:54:55,East
TX105075,C79616,974.46,30,15-Jun-2025,South
TX102049,C70952,54.63,77,10/02/2026,South
TX108068,C46471,386.58,3,2025-08-27 02:46:32,East
TX103218,C60488,1064.26,35,2025-02-14,South
TX104496,C72746,188.66,78,21/03/2025,South
TX102900,C14207,77.88,73,03/05/2025,East
TX108114,C56112,937.69,116,2025-02-19 05:59:32,East
TX108386,C69692,NaN,89,01-Nov-2025,North
TX107891,C36130,354.87,49,28/09/2025,North
TX108713,C34890,116.69,97,2025-09-27 04:20:34,East
TX108702,C76237,489.39,73,2025-07-18,West
TX106398,C44760,1062.44,80,11-Nov-2025,North
TX109249,C93227,392.01,2,15/03/2026,East
TX103510,C40005,1311.7,41,2026-01-28, North 
TX101676,C46500,1367.84,33,03/09/2025,East
TX108589,C87397,105.33,25,20-Dec-2025,South
TX103860,C23833,161.08,97,13-Mar-2026,East
TX102067,C54092,1285.04,82,12/03/2025,South
TX101889,C92544,687.8,76,2026-05-04,South
TX108009,C50857,232.23,113,12-03-2025,West
TX106474,C44671,64.93,111,13/03/2025,East
TX101071,C76162,,24,10/10/2025,North
TX104861,C60140,455.89,91,2025-11-03 17:50:49,East
TX107705,C41266,956.5,38,2026-03-20 23:56:50, East 
TX109241,C44675,236.5,73,28-Jun-2025,North
TX100873,C63354,561.66,21,2026-04-27 19:56:27,North
TX103847,C17455,1318.18,112,2026-04-08 06:51:25,West
TX104736,C32782,729.35,67,09/01/2026,East
TX103450,C42914,883.23,78,04-07-2025,South
TX108640,C71433,1219.48,21,29/06/2025,North
TX104319,C38569,1284.51,60,2026-02-15,North
TX109547,C17944,780.76,1,03-Dec-2025,North
TX107320,C76469,1205.37,42,2025-08-11,South
TX108367,C25670,790.66,100,2025-09-10 03:01:49,South
TX105346,C98259,1251.72,16,2025-10-08, South 
TX101953,C86622,181.53,87,19-Apr-2026,West
TX101650,C68446,NaN,71,13/02/2025,North
TX108151,C41029,795.13,110,12-23-2025,West
TX101357,C14722,415.78,59,11-03-2025, North 
TX108466,C26299,1372.26,23,15-Aug-2025,North
TX108222,C35203,717.88,34,02-22-2025,South
TX109664,C54587,508.23,44,06/04/2025,East
TX103173,C80575,147.79,11,12/05/2026,South
TX101216,C77839,1104.15,45,05/04/2026,West
TX109546,C68008,954.16,68,04-Jan-2025,West
TX105546,C57819,988.55,99,2026-01-06,West
TX108943,C23970,1073.12,61,27/09/2025,East
TX102643,C35443,827.18,0,02-04-2026,West
TX101405,C72493,593.35,53,03-Jan-2025,North
TX109638,C79514,447.25,119,17/02/2025,South
TX104698,C85456,216.7,64,2025-05-21 14:28:23,West
TX103470,C30257,1308.8,113,2025-03-01,South
TX106336,C80702,890.85,19,2026-05-03,West
TX101930,C83772,370.9,33,08/09/2025,East
TX105340,C31417,375.85,64,26-May-2025,South
TX101720,C82845,1222.88,53,18/02/2026,South
TX102298,C25525,1308.76,78,03-Apr-2026,East
TX101547,C61645,953.16,37,2025-12-31,South
TX106653,C45382,1422.14,96,2025-07-08,East
TX103137,C87139,271.03,71,2025-08-11,West
TX104566,C70332,1115.25,33,29-Oct-2025,East
TX100013,C66626,1305.2,111,09-Mar-2026,North
TX105867,C39154,787.44,31,2025-10-31 22:25:10,South
TX101412,C42092,371.61,73,10-07-2025,South
TX108779,C87656,1198.05,1,14/06/2025,South
TX102094,C19038,1117.08,29,30-Apr-2026,North
TX105406,C66207,145.67,54,26-Aug-2025,East
TX101302,C78494,209.78,103,14-Aug-2025,West
TX103497,C59192,737.25,38,2025-03-15 13:53:44,East
TX107684,C19961,655.34,57,2025-01-27,South
TX107943,C27146,NaN,117,10/01/2026,North
TX102678,C10221,1050.62,48,07/01/2025,West
TX101393,C17989,345.24,74,2026-01-25 15:29:06,North
TX103669,C99593,1458.77,85,2026-01-17,South
TX101090,C87110,51.83,76,01-Feb-2026,North
TX105742,C35144,565.47,16,25/08/2025,East
TX109396,C26728,761.4,83,2026-04-23 00:04:12,West
TX109901,C29342,826.02,52,12-25-2025,South
TX106734,C45509,1133.58,35,29/06/2025,West
TX101481,C19305,342.62,82,20/02/2026,east
TX107291,C85849,477.93,36,04-21-2026,South
TX108956,C56438,137.14,83,2025-11-09, South 
TX109247,C30289,851.28,79,04-21-2025,East
TX104423,C40495,547.42,44,26-Apr-2025,North
TX102640,C37760,114.55,44,01/02/2025,West
TX104058,C26483,901.79,31,05-Dec-2025,West
TX106764,C70332,1300.42,33,2025-12-21 19:50:32,North
TX108823,C87128,1418.66,96,22/04/2025,West
TX107971,C93579,349.61,56,2025-08-13 11:53:05,South
TX108754,C46655,188.76,38,2025-05-21 15:34:37,North
TX104117,C81200,808.44,1,04-02-2026,North
TX108446,C38785,1187.26,47,2025-09-03 17:35:00,East
TX106600,C90120,1033.13,69,17-Apr-2026,West
TX108688,C97580,518.61,117,2026-01-11,East
TX108630,C23434,775.46,81,13/04/2026,East
TX103271,C82603,1031.23,40,05-24-2025,North
TX109806,C91399,1354.37,55,02-Aug-2025,North
TX101276,C93136,347.86,102,03-24-2025,South
TX107713,C91678,1313.86,48,23/03/2025,North
TX104425,C55830,932.41,37,2025-03-27 16:19:51,north
TX107417,C85243,9.04,71,27-Apr-2026,West
TX104835,C39389,968.17,94,11-14-2025,East
TX109871,C41890,1170.83,54,04-10-2025,North
TX102035,C11854,1435.04,68,2026-02-13 20:24:03,North
TX101795,C29555,1425.2,119,2025-10-30 10:56:28,East
TX109864,C30730,131.23,53,2025-12-31,West
TX109091,C98777,1217.75,81,10/03/2026,West
TX108755,C77000,437.69,72,2025-01-12,East
TX107952,C53719,1054.76,54,24-Feb-2025,East
TX103376,C63271,1412.36,98,2025-09-22,North
TX100990,C44741,847.65,82,2026-02-25 19:10:26,East
TX102572,C29313,424.91,59,30/03/2025,West
TX100912,C99733,NaN,1,22/06/2025,North
TX109202,C33819,858.16,109,12/02/2026,West
TX107809,C13552,135.26,110,12/02/2026,East
TX108050,C84668,262.99,3,18/05/2025,East
TX101598,C65518,806.66,117,2025-11-18 09:17:35,South
TX108381,C68008,870.32,63,12/11/2025,South
TX107666,C81376,1403.33,1,06/09/2025,North
TX101193,C83060,608.64,5,16/01/2025,East
TX106328,C30289,428.26,12,2026-03-15 11:07:19,West
TX105013,C34957,1038.8,67,20/11/2025,North
TX103228,C95909,492.81,34,2025-08-02,South
TX104072,C21970,253.79,106,2025-08-24 20:27:33,North
TX102710,C96951,885.97,79,04-01-2026,south
TX107373,C94874,93.95,78,17/08/2025,South
TX106581,C65296,1076.91,100,03-03-2025,West
TX105567,C57819,260.74,81,09/01/2026,West
TX102057,C41963,1330.65,88,2025-11-03,South
TX106672,C44099,1301.3,9,2025-07-27,South
TX107628,C73993,653.28,89,2025-12-14,North
TX104872,C72296,90.32,62,2025-09-10 02:29:00,East
TX108985,C48175,992.15,120,12-Mar-2026,West
TX107112,C58520,458.43,7,2025-09-11,North
TX108292,C87607,991.93,95,02-Sep-2025,North
TX100359,C59857,1259.35,71,2026-04-02 01:00:41,East
TX108480,C83579,885.15,25,2025-10-08,South
TX109374,C30028,816.17,74,07/06/2025,West
TX107796,C82350,802.09,80,2025-01-30 04:58:14,West
TX106337,C56507,560.68,70,18/03/2025,East
TX105685,C90301,400.77,35,10-10-2025,South
TX101790,C65771,1107.53,93,02/04/2025,East
TX104448,C48752,1419.4,72,12-23-2025, East 
TX108939,C46421,1490.07,75,2025-05-27 02:20:29,South
TX107608,C94886,637.03,118,11/01/2025,North
TX107308,C50888,395.35,82,07-17-2025,South
TX108896,C38683,1421.28,115,2025-12-23 02:42:29,South
TX105054,C36365,620.44,50,11-Jul-2025,North
TX103334,C44099,383.03,21,2026-02-27,East
TX108773,C10851,1005.4,77,2025-09-01 10:14:07,South
TX108201,C22240,1381.91,57,2026-01-10,West
TX103583,C87139,1376.26,107,09-29-2025,South
TX106067,C93810,926.5,119,09-Oct-2025,West
TX100043,C37535,737.95,116,2025-08-16,North
TX101036,C51441,1458.47,41,2025-02-12 08:46:08,West
TX107258,C33416,1051.08,90,2025-08-09 23:39:34,North
TX102348,C26828,1304.69,63,14-Feb-2025,West
TX101967,C23947,1028.25,82,04/01/2025,South
TX109872,C48290,NaN,95,21-Feb-2025,South
TX104200,C27601,420.6,30,07-May-2025,North
TX109149,C91560,549.23,113,2025-01-22,South
TX108081,C87304,933.28,2,09-Aug-2025,South
TX102781,C47056,639.92,56,01-02-2025,North
TX105697,C82544,1093.59,13,06/01/2026,East
TX105758,C70515,808.96,48,09-Sep-2025,North
TX103301,C53404,71.69,28,04-01-2025,West
TX107277,C90173,416.68,67,2025-02-10,North
TX100378,C25866,340.34,82,15-Oct-2025,East
TX101599,C98039,388.14,25,06-17-2025,West
TX101992,C97670,,12,2026-03-12 02:15:23,West
TX108250,C30032,197.31,23,18/04/2025,North
TX101677,C26683,1216.16,108,19-Jan-2025,South
TX109877,C11330,1267.51,84,2025-09-23,South
TX107878,C94259,246.59,109,2025-06-25,North
TX104037,C48469,1436.8,13,2026-03-12 02:32:34,West
TX101230,C97806,662.66,59,01-19-2025,West
TX106362,C10053,834.35,35,22-Mar-2026,West
TX101522,C69470,1425.87,117,03-31-2025,West
TX107513,C18564,637.61,108,05-Mar-2026,South
TX106786,C71433,940.44,64,2025-09-08,West
TX101670,C83519,666.58,94,31-Mar-2026,West
TX107238,C83975,1234.93,48,08-Aug-2025,North
TX109489,C42406,684.18,55,04-17-2025,South
TX109552,C58368,371.02,12,2025-11-23 08:11:25,West
TX105652,C52504,780.63,73,03-Jul-2025,East
TX105092,C13278,327.57,63,04-Mar-2026,East
TX100412,C99974,,13,2025-12-27 20:53:17,South
TX100499,C85880,621.45,81,08-09-2025,East
TX103206,C63269,885.74,85,21-Jan-2026,North
TX100003,C42271,1159.96,110,2025-09-21,West
TX107099,C91183,882.85,52,2025-08-24 08:57:30,North
TX100009,C44814,764.07,105,01-02-2025,South
TX107733,C97900,1137.86,118,08/02/2026,West
TX102874,C26728,736.62,5,03-Nov-2025,East
TX105822,C37607,155.2,105,01-06-2025,South
TX109169,C10074,956.63,68,2026-03-10,South
TX107708,C73699,358.7,79,2025-11-22 10:42:32,West
TX109843,C72402,334.36,96,10/02/2026,South
TX108905,C83000,803.16,119,2026-02-12 23:14:15,North
TX107596,C55508,554.41,94,01-16-2026,North
TX102299,C48974,760.96,81,2025-02-28 12:11:25,West
TX103229,C42914,,62,03-15-2026,West
TX109118,C66498,507.45,14,21-Nov-2025,West
TX102091,C56566,1401.27,118,04-22-2026,North
TX100902,C83385,1366.7,23,2025-12-24 03:25:44,North
TX109769,C78386,1241.39,42,21-Jan-2025,East
TX104054,C31417,772.28,46,22-Dec-2025,East
TX107340,C83563,305.82,73,06-May-2025,East
TX104537,C83147,419.18,67,07-22-2025,West
TX106463,C98039,1239.45,60,2025-06-16 14:04:06,East
TX106497,C40735,1426.89,94,05-24-2025,West
TX108590,C15229,1488.55,118,19-Apr-2025,North
TX100486,C27601,206.42,115,21-Jan-2025,West
TX101358,C85880,919.02,93,2025-12-31 14:37:26,South
TX107585,C42816,1326.43,112,03-15-2025,West
TX107853,C68446,171.96,116,01-12-2025,South
TX107034,C28301,880.19,111,2025-09-30 09:04:24,East
TX101661,C16582,769.12,53,04-12-2025,North
TX101735,C47828,362.28,0,2025-08-09,North
TX102863,C67080,610.61,3,13-May-2025,North
TX106183,C69929,332.47,74,03/04/2026,East
TX103866,C38016,302.22,32,2025-09-13 05:48:04,South
TX107905,C28373,NaN,33,2026-03-29,North
TX102858,C93307,1110.69,114,2025-02-08,East
TX109174,C99016,1118.34,92,2025-07-09 09:10:22,East
TX101683,C56438,491.59,21,01-28-2026,North
TX103506,C69429,1275.07,39,28/02/2026,East
TX100632,C23434,138.27,83,10-31-2025,West
TX105720,C83579,426.13,38,03-03-2026,East
TX100719,C80575,1148.53,43,2025-03-27 09:23:27,East
TX102661,C73654,446.43,58,13/02/2026,east
TX104697,C47093,275.73,61,09-May-2025,West
TX107631,C89507,14.7,90,16-Dec-2025,North
TX107455,C80798,1128.86,4,14-Jun-2025,East
TX109362,C59692,446.9,11,02-01-2025,West
TX104667,C35112,768.07,111,2026-01-15,South
TX107501,C54725,347.59,43,2025-03-05 06:50:49,West
TX107196,C16658,1333.44,110,2025-12-03 21:54:06,West
TX106998,C33519,525.55,41,07-Nov-2025,East
TX103447,C19358,1438.64,35,23/10/2025,North
TX103079,C41195,344.38,107,02-10-2025,East
TX106560,C84531,1468.98,30,2026-05-10 08:48:30,North
TX100991,C25129,NaN,9,2025-05-19,North
TX101975,C83519,373.52,59,31/12/2025,South
TX101385,C31465,1306.0,66,27-Jul-2025,East
TX102972,C23396,148.79,8,23/07/2025,west
TX100783,C22363,940.96,101,03/10/2025,North
TX104324,C19099,1353.67,74,03-17-2026,East
TX104035,C85880,,29,2026-02-01 20:58:17,South
TX102137,C52600,861.41,62,2026-01-06,South
TX106121,C41439,145.2,34,22/01/2026,North
TX102279,C10425,262.68,79,01-06-2026,East
TX107688,C42411,1116.2,81,11-Jun-2025,South
TX105579,C30028,544.26,88,2025-12-30 16:53:02,South
TX109190,C81819,339.01,68,29-Mar-2026,North
TX105121,C35485,101.88,41,12-May-2025,South
TX105311,C36158,453.73,43,07/01/2026,West
TX102205,C50189,986.99,49,02-02-2025,South
TX101153,C95426,590.9,12,04-23-2025,West
TX105436,C19508,1046.75,74,2025-10-15,west
TX106875,C24663,726.71,118,2026-02-03,East
TX109714,C44973,919.3,48,03-Jan-2026,South
TX107620,C42527,1005.97,9,17-Apr-2026,South
TX103917,C65444,122.19,68,2025-03-13,West
TX101555,C78386,116.25,47,03/02/2025,East
TX103404,C95180,1159.05,31,27/09/2025,North
TX107346,C89415,NaN,15,2025-12-16,East
TX109611,C39219,50.09,2,12-04-2025,West
TX100315,C59192,970.1,24,15/08/2025,West
TX100554,C35112,1492.56,45,20/04/2026,West
TX100799,C78386,1100.17,12,03-20-2025,South
TX109187,C86569,1220.6,74,2026-03-02 07:13:40,West
TX106237,C44237,1457.77,34,2025-01-04 02:12:17,North
TX106274,C80539,122.28,15,11-24-2025,North
TX107670,C59692,1478.38,18,21/10/2025,South
TX109700,C55830,448.66,63,12/06/2025,North
TX107370,C85525,1033.34,16,2025-08-20 09:05:19,South
TX105595,C18834,436.95,85,28-Dec-2025,North
TX102262,C18418,862.24,120,09/02/2025,North
TX105983,C42087,1414.3,83,20-Apr-2026,North
TX107184,C74789,1110.05,114,2025-06-12,East
TX100304,C66985,1002.87,10,12-09-2025,West
TX103267,C41266,107.12,113,2025-09-17 12:27:37,North
TX106708,C90728,1244.3,119,12/05/2026,west
TX105255,C25157,1172.52,13,2025-10-13,South
TX102041,C90173,1422.24,22,08/06/2025,North
TX108185,C40021,731.96,104,2026-01-28 03:06:08,East
TX107022,C37549,NaN,69,12-28-2025,West
TX106448,C47093,611.2,42,2025-09-15 18:37:35,West
TX106395,C70637,813.47,48,10-Mar-2025,West
TX106566,C73654,406.04,14,01-Aug-2025,North
TX108172,C49363,731.09,86,05-09-2025,South
TX101307,C10350,576.77,22,2026-04-23,East
TX100848,C67154,294.69,94,2025-10-17 18:11:04,East
TX100758,C57739,1253.03,95,04-Jul-2025,South
TX108348,C82845,420.43,67,2025-09-03,South
TX108683,C49829,32.03,55,12/04/2025,West
TX109857,C80381,361.51,20,02-04-2026,East
TX105835,C99399,328.2,105,03-17-2026,East
TX105299,C42271,662.09,78,2025-11-02,North
TX106228,C11658,1023.81,63,2025-06-05,West
TX105404,C40161,304.05,104,18/10/2025,West
TX103711,C84607,148.31,10,2025-06-24 17:08:56,North
TX108030,C87236,199.61,11,03-07-2026,East
TX102523,C91560,159.41,107,09/03/2026,North
TX105589,C85880,1333.47,31,13-May-2025,South
TX106682,C82357,518.77,27,2025-10-16,North
TX109268,C42325,100.03,31,08/08/2025,South
TX100787,C52753,919.19,86,09-Apr-2026,East
TX102558,C49117,698.2,11,2026-05-02 07:24:54,North
TX106977,C65723,326.29,92,2025-01-24,East
TX105058,C82512,1012.19,117,2025-07-02,South
TX107721,C74032,178.12,7,2025-08-05 13:29:36,West
TX105751,C85631,327.96,39,2025-03-21 23:08:50,East
TX109808,C63545,951.32,61,02-06-2025,North
TX106064,C42271,1326.6,27,2025-06-28 21:37:05,North
TX108216,C66333,,5,29/08/2025,South
TX102854,C42706,112.26,70,2026-02-08,North
TX104429,C39444,1130.43,1,10/05/2026,North
TX103963,C85914,1484.09,41,2025-09-11 07:03:59,South
TX106735,C70217,856.52,83,11/01/2025,South
TX104769,C25860,803.35,24,2025-04-13,South
TX104431,C50857,1451.82,111,2025-02-02,North
TX106120,C46500,580.97,103,2025-06-19,East
TX103261,C49321,1131.16,78,2025-01-04,South
TX107996,C36130,,20,15/09/2025,East
TX108709,C86622,1459.33,42,2026-01-02,East
TX108108,C80008,1323.67,70,28-Nov-2025,West
TX105180,C32241,1309.97,68,2025-06-12 05:01:26,East
TX107863,C54236,1031.84,43,12-22-2025,West
TX108157,C36062,1108.61,80,31/05/2025,East
TX108383,C44795,679.9,44,17/01/2025,North
TX109109,C47450,163.75,45,2025-12-18 04:08:05,East
TX100379,C55870,998.42,118,15-Jul-2025,West
TX102119,C18993,429.9,9,10-05-2025,North
TX109498,C41850,1339.88,38,12-24-2025,South
TX102779,C25860,1193.09,108,08-30-2025,West
TX100302,C74789,736.2,84,2025-05-16,West
TX106880,C91183,458.25,20,29/06/2025,West
TX103788,C76540,1421.85,108,10-13-2025,North
TX103780,C97062,1054.35,81,2025-10-16,North
TX106027,C24322,741.67,53,2025-06-02 10:55:16,South
TX102081,C40005,693.55,58,2025-05-29,East
TX105103,C95477,1114.02,53,2025-08-08,West
TX101793,C49240,NaN,87,08-Mar-2026,North
TX104451,C46463,1355.26,118,21/11/2025,North
TX109416,C76244,789.45,28,08/12/2025,South
TX108872,C31798,28.0,62,25-Oct-2025,South
TX108437,C90676,473.53,38,2026-02-23,east
TX102243,C70952,759.13,88,12-Dec-2025,North
TX101175,C31299,792.22,88,2025-06-10 21:45:22,West
TX106310,C32782,290.31,115,2025-05-01,North
TX109570,C21359,NaN,39,22-Jun-2025,West
TX108265,C29528,212.19,41,2025-01-15,East
TX106770,C95717,48.11,99,2025-05-19 16:40:54,North
TX102990,C16734,1078.12,9,2026-03-01,North
TX103069,C70332,121.98,56,2025-08-17,West
TX108166,C89840,116.53,120,09-Mar-2026,North
TX103265,C47353,658.24,46,15/10/2025,West
TX107700,C53309,450.14,26,2025-01-11 20:08:26,West
TX107149,C27477,1182.19,18,11/07/2025,East
TX105701,C82063,186.13,18,10-29-2025,North
TX106146,C41385,NaN,21,2025-07-13 12:32:30,North
TX103462,C47606,1318.79,2,30/07/2025,North
TX106079,C76317,522.76,12,14/09/2025,North
TX100851,C47093,414.68,87,23-Sep-2025,West
TX100124,C42092,832.07,9,2025-07-17 14:48:35,South
TX100868,C12540,937.76,30,09-04-2025,West
TX104148,C41979,923.67,104,24/04/2025,South
TX100403,C18981,257.12,40,07/05/2025,West
TX103385,C17685,629.31,12,2026-03-11,East
TX107363,C22240,928.38,3,2026-01-25,North
TX107006,C82692,761.45,82,2025-11-26 23:21:42,North
TX109451,C20561,205.87,62,2025-08-17,West
TX107004,C86622,838.52,108,03-06-2026,North
TX104642,C87110,858.57,17,25/07/2025,West
TX104032,C11504,691.84,6,11-13-2025,North
TX106660,C62994,1105.26,109,05-05-2026,North
TX103659,C20328,968.86,91,2025-02-05 12:43:26,South
TX105906,C69638,1104.42,21,2025-02-15,South
TX109212,C23434,1393.62,51,05-29-2025,East
TX108458,C27146,818.13,74,18/04/2026,West
TX104350,C26704,887.56,14,2026-01-07,West
TX102410,C77715,1325.54,48,2025-11-12,East
TX105231,C80282,967.06,31,03-01-2025,South
TX105852,C93886,319.86,3,03/01/2025,South
TX106705,C18161,1097.62,91,28-Jul-2025,North
TX107120,C34164,1468.32,46,07-Oct-2025,East
TX106573,C25157,,109,11-25-2025,West
TX100807,C60205,979.8,89,26-Jun-2025,East
TX108447,C20155,1028.19,42,03-25-2025,North
TX109911,C93886,977.99,69,2025-09-05 14:04:04,West
TX107470,C25129,196.57,77,26/02/2025,West
TX108472,C19099,174.75,30,2026-05-04,West
TX105435,C59009,1062.87,59,13-Jul-2025,East
TX108195,C79352,286.68,87,26-May-2025,West
TX109772,C66333,877.75,40,2025-04-12 04:49:05,North
TX102569,C72493,404.64,98,12/09/2025,East
TX109390,C52753,778.51,13,08/01/2025,South
TX108392,C64377,1234.86,64,02-18-2025,South
TX101211,C53933,583.75,48,23/12/2025,West
TX100457,C88385,867.4,83,2025-11-29 05:49:18,South
TX108090,C27146,1004.33,102,2025-08-31,South
TX103013,C37110,42.2,103,17-Jun-2025,North
TX104209,C97410,1171.95,53,21-Aug-2025,North
TX107917,C70889,1045.97,109,01/04/2026,North
TX108376,C55309,507.63,71,12/11/2025,East
TX105095,C89818,1140.68,26,03-Oct-2025,East
TX106169,C85914,NaN,120,06-Jul-2025,East
TX101783,C29536,1109.23,13,2025-12-15 14:45:08,East
TX105844,C24953,,59,08-Mar-2026,East
TX102201,C22704,954.97,92,03/09/2025,North
TX104089,C94874,874.11,31,23-Jan-2026,East
TX104832,C44795,,64,01-31-2026,East
TX106818,C17146,691.18,59,04/01/2026,East
TX104830,C63225,25.47,13,12-23-2025,South
TX107267,C95181,15.29,94,26-Apr-2026,West
TX106704,C23947,843.01,36,2026-02-05 18:12:37,East
TX106460,C91560,228.14,46,2026-04-28 16:39:33,East
TX104950,C48566,71.21,107,2026-03-30,North
TX100970,C38016,296.66,109,08-Oct-2025,North
TX108861,C86955,677.78,43,03-18-2025,South
TX102671,C60019,,43,22/03/2025,West
TX107494,C43972,952.91,79,2026-01-19 08:07:53,East
TX106143,C69638,5.12,1,2025-04-23 17:31:32,North
TX109534,C72031,334.81,67,06-17-2025,West
TX108076,C93227,1487.22,57,08-01-2025, East 
TX109892,C69049,1361.86,115,2025-01-08,East
TX102409,C69829,128.01,93,2026-04-13,South
TX100775,C50026,376.74,54,2025-06-01 01:35:04,North
TX109327,C63545,769.98,42,02-28-2025,North
TX104750,C52906,1111.09,18,03-Nov-2025,South
TX107616,C38785,583.36,73,09/10/2025,West
TX100904,C78386,1493.0,9,2026-01-22,South
TX102018,C30517,567.91,33,07-Oct-2025,East
TX100114,C88504,1082.35,77,2025-06-22 01:52:55,North
TX104375,C85456,991.21,103,16/06/2025,East
TX103075,C62581,265.3,85,02-22-2025,East
TX105756,C98781,598.46,72,2025-07-18,South
TX104718,C11220,288.87,5,2025-07-29 13:28:11,North
TX107588,C52504,NaN,4,2025-08-11,South
TX108223,C47353,213.22,17,2025-09-13, East 
TX104509,C38785,1498.12,32,13/03/2026,North
TX107720,C18981,605.98,1,23/07/2025,East
TX100070,C98039,131.07,82,2025-03-30,East
TX103454,C57400,933.6,22,2025-07-19,North
TX102617,C66346,1185.71,99,04-28-2026,North
TX103235,C46347,719.15,65,05-17-2025,west
TX104944,C50404,796.02,12,2025-05-30 12:14:51,South
TX109159,C81376,,23,2025-02-01, North 
TX101339,C79352,71.15,38,2025-08-11,South
TX102673,C86019,203.91,59,28-Jun-2025,South
TX102560,C87832,629.89,107,29-Jan-2025,West
TX104196,C12757,910.59,89,04/05/2026,North
TX105208,C76237,1079.75,44,06-Jun-2025,East
TX101072,C35485,847.79,101,2025-09-05,North
TX100136,C25129,594.83,44,04/05/2026,South
TX109740,C64377,1138.65,38,2025-01-26 04:35:50,West
TX104413,C15482,1478.72,114,2025-06-04,East
TX104264,C58368,552.84,100,09-Jan-2026,West
TX102316,C42406,961.81,103,2025-07-21,South
TX108256,C25525,288.77,72,23-Feb-2026,West
TX103390,C87993,734.97,105,2025-01-01 03:43:42,South
TX108501,C66498,1497.62,107,03-24-2026,South
TX100669,C44816,1491.13,85,2025-03-17 23:58:59,West
TX103531,C69829,199.19,70,2025-06-20,East
TX100193,C72493,1143.21,13,2025-03-09,East
TX105542,C33206,1003.64,37,25/05/2025,West
TX108359,C44600,765.31,84,2025-02-07,South
TX109259,C73517,1156.69,83,2025-11-01,East
TX104499,C88222,250.46,68,2026-04-05 07:05:16,North
TX103609,C75435,119.36,69,2025-12-24,West
TX107226,C69929,937.83,61,28-Nov-2025,South
TX105811,C15209,994.15,75,04-21-2026,East
TX102971,C96900,79.85,14,21-Jun-2025,North
TX105677,C90301,1486.83,113,2025-11-15,North
TX100297,C97841,1347.7,11,2025-06-23 19:57:30,North
TX106214,C52247,1201.32,79,2026-04-20,South
TX108624,C68082,280.2,41,04-12-2025,West
TX106243,C17455,580.83,32,2025-06-24, East 
TX101855,C57400,1051.02,71,31/08/2025,West
TX104753,C68743,373.56,50,04-22-2026,East
TX104597,C48829,396.26,112,01-Feb-2026,North
TX109655,C85525,1125.07,55,04-05-2025,East
TX104877,C46930,1410.38,79,2025-11-22,East
TX108574,C25118,22.97,79,2025-09-24,West
TX105858,C86484,78.31,84,01-30-2026,South
TX106642,C59856,1190.48,55,20/02/2025,South
TX101180,C97410,84.27,26,22/09/2025,West
TX104986,C25157,220.72,7,13/11/2025,East
TX108927,C22833,557.41,54,2025-04-13,North
TX105845,C26299,744.46,4,2025-06-08,South
TX108246,C71433,475.26,26,15/11/2025,West
TX109029,C57576,1062.88,46,08-Sep-2025,South
TX102364,C83000,987.2,95,2025-09-16 00:48:46, West 
TX106842,C42591,675.45,89,2026-01-29,North
TX101831,C48566,NaN,42,03-Feb-2026,North
TX100550,C86350,246.2,36,2025-11-09 18:50:35,East
TX107371,C46048,362.68,97,19/04/2025,North
TX106240,C77033,578.57,4,05-May-2026,East
TX105261,C80545,1359.03,72,2025-04-25,East
TX106908,C63271,,35,2025-12-21,West
TX104707,C45400,951.18,64,2025-11-30 04:49:44,West
TX104964,C70217,1102.51,11,04-07-2026,South
TX100122,C23104,,63,02-Nov-2025,South
TX105205,C77391,568.01,37,02-15-2025,South
TX107369,C57819,789.81,37,2026-01-24 21:54:32,North
TX102668,C47762,593.09,5,22-Jul-2025, East 
TX102518,C53025,1487.0,63,2025-04-03 02:10:57,North
TX109077,C36062,649.08,2,04-29-2025,West
TX105359,C92397,830.49,4,07/12/2025,North
TX100517,C54313,787.28,33,08-Oct-2025,East
TX102948,C44687,610.17,77,2025-09-27 20:45:13,West
TX104215,C14278,739.06,7,2025-05-28 19:34:33,West
TX109689,C96163,63.11,65,02-15-2026,East
TX106275,C48890,1360.02,90,18-Dec-2025,East
TX109835,C67422,223.47,73,15/02/2026,East
TX106127,C49618,1112.85,119,2025-12-07 20:12:43,South
TX107722,C13390,1337.86,82,28/07/2025,East
TX106772,C18326,724.06,4,2025-11-15 04:58:33,East
TX105541,C99687,605.77,75,08-16-2025,West
TX106255,C30033,970.66,84,04/04/2025,East
TX103280,C65255,956.58,23,2026-05-06,West
TX109645,C72277,322.0,2,16/02/2026,North
TX103567,C82692,408.74,107,2025-07-24,North
TX109829,C56357,1242.68,61,01/05/2026,East
TX102857,C63264,282.39,8,2025-07-28 08:52:22,South
TX109085,C88172,118.08,35,2025-01-19 16:58:57,South
TX100205,C26728,972.26,5,16-Oct-2025,South
TX103299,C39444,1249.93,58,26-Aug-2025,north
TX100444,C22363,314.13,25,04/03/2026,South
TX102807,C66498,1083.62,47,04-28-2026,East
TX101032,C40005,659.43,65,2025-07-16 12:25:38, South 
TX102072,C38785,1338.25,120,04-26-2025,North
TX109072,C81810,927.08,65,29/10/2025,North
TX109583,C93748,670.88,21,2026-02-28,east
TX100691,C92240,217.83,29,07/06/2025,East
TX109342,C57472,195.48,71,06-Apr-2025,North
TX104360,C12671,486.48,76,2025-12-29 08:29:20,West
TX101323,C75612,319.94,89,08-11-2025,South
TX109041,C11607,806.35,58,15/09/2025,North
TX107158,C50857,414.47,46,2026-02-26, North 
TX101429,C39466,909.25,95,12-Jun-2025,East
TX106912,C59192,1001.32,66,05-22-2025,South
TX105202,C18418,1487.45,93,06-Nov-2025,South
TX105880,C65057,683.55,76,24-Jun-2025,South
TX106829,C67905,1259.51,54,31-Dec-2025,North
TX109067,C14278,NaN,25,09-Jul-2025,South
TX101337,C82544,1309.66,76,2025-07-21 02:22:31,North
TX108697,C16006,NaN,36,2025-06-10 12:00:39,North
TX104959,C98696,257.87,39,07-25-2025,North
TX103647,C24621,310.74,101,18/02/2026,West
TX106324,C77033,973.57,98,2025-09-04 13:30:42,South
TX104415,C11607,332.53,75,21-Jun-2025,East
TX109446,C34050,820.81,9,2025-03-01,North
TX100105,C45992,1375.14,62,2025-04-13,East
TX100071,C90676,242.33,47,04-15-2026,West
TX103758,C14722,1169.15,83,08/07/2025,North
TX109198,C39451,744.6,16,28-Feb-2025,East
TX102487,C73904,1438.94,40,30/08/2025,South
TX109779,C22097,,115,2026-04-07,South
TX108527,C79616,1119.34,98,26-Jun-2025,East
TX105691,C34931,25.94,101,2025-09-21 18:09:20,South
TX107091,C82692,107.59,54,2025-05-14, East 
TX100634,C41571,920.01,11,11-18-2025,South
TX100620,C75597,551.21,109,05-07-2026,North
TX103146,C50404,459.55,36,2025-04-19 08:25:32,West
TX103370,C79615,272.18,37,24-Jan-2026,South
TX103350,C80545,NaN,78,2026-04-14 01:48:51,East
TX106435,C13761,743.75,102,01-28-2026,East
TX109818,C98781,1027.55,102,03-16-2026,South
TX109421,C69473,330.58,23,14/07/2025,north
TX101278,C81426,1159.76,31,01-18-2025,North
TX109932,C97062,304.8,115,06-19-2025,South
TX107000,C83385,1381.9,78,2025-08-01,West
TX104633,C49446,1492.94,29,31-Dec-2025,East
TX103116,C94874,1485.16,4,21/11/2025,East
TX102190,C66985,1157.43,56,2025-04-27 06:57:33,east
TX101303,C86484,592.9,99,17-Jul-2025,South
TX106222,C26683,330.8,42,2025-10-03,South
TX101674,C81426,847.15,82,2025-12-24,West
TX105286,C98381,,85,2026-01-19,South
TX103882,C30969,1163.11,30,15-Aug-2025, East 
TX108492,C85456,629.44,70,01-Nov-2025,North
TX106209,C82848,,49,22/04/2025,East
TX106847,C18326,862.98,46,05/05/2026,South
TX104171,C78327,230.36,3,15-Oct-2025,North
TX107500,C94246,1354.44,96,04-13-2026,West
TX108482,C59689,864.53,19,2025-06-28,West
TX109114,C43386,1389.79,32,11-04-2025,East
TX109518,C37938,995.47,53,23-Aug-2025,West
TX102108,C35995,NaN,113,2025-04-30,North
TX101874,C94080,123.33,1,15/04/2025,North
TX102962,C91678,301.64,99,2025-11-05,North
TX105062,C94607,249.66,101,2026-05-09 23:50:53,East
TX103190,C40735,93.02,96,2026-03-31 20:08:10,South
TX101382,C17716,847.49,91,05-30-2025,East
TX107124,C50306,228.71,93,25-Oct-2025,East
TX106680,C21395,1191.99,56,23/11/2025,North
TX100816,C65069,662.92,119,01-May-2026,West
TX109217,C17492,491.54,3,05-Jul-2025,South
TX106870,C37110,459.73,61,2025-01-12,South
TX100245,C88139,744.86,14,04-May-2025,North
TX103943,C82768,142.03,64,2025-08-02,South
TX106377,C11607,1341.94,3,02-Feb-2025,North
TX105241,C59672,1388.18,21,13-Jan-2025,East
TX108919,C96706,146.34,40,02/04/2026,West
TX101395,C81482,1292.4,14,04-Jan-2026,East
TX101769,C74686,491.04,52,2025-07-13 21:17:28,East
TX108054,C80702,1467.31,3,2025-08-05,North
TX104543,C43065,631.01,37,2026-04-30 01:13:42,North
TX101851,C30052,1095.99,86,25-Jan-2026,North
TX108062,C41499,415.8,117,2025-03-19 21:18:31,South
TX102995,C75597,1390.62,55,2025-10-06 21:42:22,North
TX103532,C20543,1232.94,102,07-21-2025,East
TX101261,C26334,682.93,94,2025-09-20,South
TX107838,C87110,1183.22,19,12/04/2025,East
TX101737,C86019,434.9,14,14/03/2026,West
TX106565,C42177,1326.28,54,30/03/2025,North
TX101304,C47606,910.04,27,05/05/2026,South
TX106664,C80702,372.15,5,2025-02-09,North
TX104282,C50306,1009.6,30,05-10-2025,West
TX100942,C82420,983.51,93,09/08/2025,East
TX105596,C16175,1477.86,88,07-Mar-2026, East 
TX102164,C63354,1081.65,36,30-Apr-2026,East
TX108996,C49363,1203.13,1,11-Nov-2025,West
TX104777,C46655,509.34,53,2025-03-06,North
TX101305,C13201,1044.17,32,2025-12-17,West
TX109311,C93748,1344.6,27,2025-10-23 06:44:57,West
TX106738,C99974,1462.49,76,01-29-2025,South
TX106954,C74340,815.4,45,2025-05-13 18:46:51,West
TX109549,C95180,593.84,13,03-May-2025,South
TX106091,C66148,NaN,66,09-Aug-2025,South
TX101417,C80776,1198.43,101,03-Oct-2025,South
TX107576,C86099,31.65,96,15-Oct-2025,West
TX105407,C96706,35.78,52,27-May-2025,South
TX104471,C40495,848.44,104,14-May-2026,East
TX108845,C11330,277.08,117,08/05/2026,South
TX109654,C17894,117.73,119,2025-08-23 01:34:35,South
TX104232,C57301,120.23,97,2025-01-30 10:54:46,East
TX102792,C95477,927.09,27,05-06-2025,North
TX104071,C19071,988.06,103,10/10/2025,East
TX106731,C63424,1190.47,37,24-Jul-2025,West
TX104068,C38221,558.7,9,2025-01-10 22:55:31,East
TX101344,C43972,1362.78,64,10-Jul-2025,South
TX100473,C19880,1280.96,23,03-11-2025,North
TX108158,C21395,725.2,35,05-Apr-2026,East
TX105444,C82529,916.53,8,08-Aug-2025,South
TX100886,C44335,1233.68,96,2025-12-02,West
TX104275,C91927,1498.09,37,20-Jan-2026,West
TX106006,C38657,957.71,116,30-Nov-2025, West 
TX103840,C21164,873.04,57,2025-03-26 13:53:39,West
TX106626,C59797,330.82,62,2025-11-18 03:29:47,West
TX102787,C36100,626.35,57,2025-08-24,West
TX105963,C42325,757.17,104,04/12/2025,West
TX105178,C75909,329.72,16,18/12/2025,North
TX107812,C92149,859.71,16,02-17-2025,West
TX102284,C48890,160.45,74,2025-02-26 10:16:35,North
TX104552,C96706,NaN,90,12-Dec-2025,South
TX101251,C60432,1086.94,75,2026-04-15 02:09:57,North
TX100623,C25012,361.54,49,2025-02-02 20:19:31, West 
TX109826,C39871,1441.85,17,09/09/2025,South
TX100551,C55745,144.22,38,06-15-2025,West
TX107893,C59695,394.62,59,06-17-2025,North
TX100829,C18675,431.6,23,2025-05-11,East
TX109551,C88504,1351.59,77,09-29-2025,East
TX102737,C83060,1143.1,5,13-Mar-2025,North
TX106332,C47450,1321.1,20,01-10-2026,West
TX104970,C53404,1398.17,76,19-Jan-2026,West
TX100186,C72021,54.19,118,03-12-2026,North
TX106239,C49321,876.4,12,2025-05-24 22:41:22,South
TX101058,C48566,1056.12,30,2025-07-05, East 
TX104206,C18418,167.7,93,2025-11-06 16:30:11,West
TX103420,C40735,476.42,48,2026-05-05 04:56:19,West
TX103347,C26544,722.62,112,01-20-2026,South
TX100234,C96511,NaN,56,2025-08-22,West
TX103688,C72070,571.73,44,04-11-2026,East
TX109717,C23006,1041.85,87,25/03/2025,West
TX106105,C30517,1118.91,69,09-09-2025,South
TX103073,C33086,1002.49,8,06-04-2025,West
TX105576,C10053,1332.54,26,2025-04-22 19:41:22,North
TX101533,C36685,510.01,85,24/07/2025,East
TX101254,C41385,67.69,120,12/01/2026,West
TX108103,C82603,792.02,52,02-02-2025,South
TX106273,C25713,928.71,62,06-Oct-2025,West
TX108723,C78494,1091.7,117,01/02/2026,East
TX104934,C18418,1168.08,6,12/01/2026,North
TX107039,C64321,769.72,18,20-Dec-2025,West
TX105204,C23176,835.79,62,2025-02-11,East
TX104746,C98184,848.28,64,12-Nov-2025,North
TX103541,C44814,81.33,52,04-19-2025,west
TX104646,C25713,881.33,13,2025-05-10 01:36:44,West
TX101619,C91959,862.67,104,10/02/2026,West
TX106151,C67080,,107,04-09-2026,South
TX103303,C77000,802.33,5,10-28-2025,West
TX103717,C87580,442.13,86,06-Mar-2026,west
TX103709,C89471,961.66,61,2025-03-28 15:45:22,West
TX101031,C15695,95.89,88,08-Apr-2025,West
TX103169,C96374,888.22,11,10-May-2025,South
TX102385,C70332,298.84,82,11-May-2026,North
TX107377,C89818,1197.76,93,2025-10-15 13:24:02,East
TX107490,C41499,1076.35,90,2026-02-17,East
TX104125,C62565,427.35,67,2025-03-04,East
TX109454,C23833,928.95,53,09/10/2025,West
TX104002,C25157,1492.56,48,28-May-2025,North
TX105177,C38569,1336.62,13,04/03/2025,West
TX100072,C65933,948.18,42,02-03-2025,North
TX104364,C87992,,104,10/03/2026,North
TX102761,C88193,886.27,18,2025-07-18 19:57:14,East
TX108020,C67560,1052.98,14,03-17-2025,West
TX101900,C98781,1029.99,72,2025-01-20,North
TX106836,C40311,126.5,7,02-25-2026,East
TX101489,C38569,649.09,97,28/04/2026,West
TX106098,C64948,1041.38,52,2025-03-30 02:55:47,East
TX103714,C32431,1499.04,109,16/09/2025,North
TX104978,C51245,1156.69,44,2025-10-31 08:51:18,West
TX101698,C29887,733.84,97,2025-09-21,North
TX107459,C82063,153.95,101,2026-01-23,South
TX104668,C38785,982.78,97,19/03/2026,West
TX101715,C50306,,107,07-07-2025,North
TX108046,C92149,1323.01,53,02/12/2025,East
TX107041,C13478,163.87,87,2026-02-12,East
TX105066,C50319,750.83,82,01-10-2026,North
TX108879,C54657,365.54,43,06-Apr-2025,West
TX106383,C35928,161.33,88,2025-12-03,South
TX104834,C90120,32.72,116,2026-01-18,South
TX106182,C93507,1156.59,79,2025-12-17,South
TX109561,C85574,1001.27,4,14/02/2025,North
TX104905,C71213,226.28,14,2025-10-16,West
TX107349,C86350,1412.46,65,2025-12-05 09:59:12,East
TX101723,C61645,830.42,75,04/06/2025,West
TX105782,C97153,1315.5,55,2025-08-10,West
TX103236,C16057,1249.13,106,09-04-2025,North
TX109780,C70332,NaN,57,2026-03-03 22:16:49,South
TX105695,C11220,180.8,35,01-08-2025,North
TX105737,C95181,1042.1,80,2025-02-03,West
TX107123,C26544,167.96,112,2025-08-03,West
TX101017,C97416,1107.46,55,09-03-2025,South
TX103938,C19016,98.82,36,02-23-2026,North
TX102254,C82132,1426.39,16,24/01/2025,South
TX101553,C13761,1062.38,16,04-28-2026,South
TX109295,C11854,575.87,97,13/12/2025,South
TX107516,C78522,390.48,2,20/06/2025,North
TX109568,C76469,1294.86,11,08/03/2025,South
TX101298,C91927,813.82,84,2025-04-14,East
TX103128,C17685,917.73,51,08-Dec-2025,West
TX101710,C47762,1163.57,118,2026-04-01,West
TX103976,C78522,712.26,90,04-03-2025,West
TX103052,C16590,1168.13,14,2026-01-31,South
TX108829,C49117,79.74,82,28/01/2025,North
TX102847,C71433,304.86,64,04-04-2026,South
TX109590,C90173,741.07,98,2026-03-27 08:06:15,north
TX108986,C47606,548.89,75,12-18-2025,east
TX104172,C28131,1268.68,35,27/06/2025,East
TX108112,C76562,165.05,19,06/03/2026,South
TX109108,C41385,855.8,105,2025-01-26,North
TX102259,C55745,344.95,111,17-Apr-2026,East
TX100504,C10464,330.07,9,01-06-2026,West
TX107862,C97747,739.33,45,2025-09-08,West
TX107866,C38906,262.12,64,04-May-2025,North
TX102267,C99166,1418.29,95,11/05/2025,East
TX106849,C61173,1129.72,24,2025-04-19 00:07:52,North
TX108463,C51145,1388.88,84,17-Jan-2026, South 
TX101341,C89818,778.44,13,2025-08-27,South
TX109721,C45382,401.45,3,2026-03-26 02:20:20,North
TX103457,C38043,213.28,11,14/03/2026,North
TX103115,C66207,110.55,82,04-13-2025,West
TX102809,C20735,1365.38,2,12-12-2025,East
TX105525,C37760,831.46,103,08/01/2026,East
TX109834,C32810,949.2,60,28-Jun-2025,West
TX108561,C45992,1072.32,99,31-Dec-2025,South
TX100129,C86503,1469.95,74,2025-06-07,West
TX106366,C48890,263.19,80,2026-03-30,South
TX103781,C20500,336.31,27,10/07/2025,West
TX109890,C80575,701.01,21,2025-04-13 09:09:32,North
TX108360,C81482,444.38,107,2025-05-27 05:57:52,East
TX102294,C93136,149.06,41,2025-11-20,South
TX107924,C26683,1033.26,108,2025-06-10 19:05:03,West
TX106198,C80284,591.78,0,10-27-2025,South
TX100511,C91351,199.91,17,2025-09-04 06:31:25,East
TX105473,C18834,862.3,34,08-29-2025,East
TX105519,C30032,245.12,67,14/03/2026,East
TX100968,C47268,1285.88,93,07-20-2025,East
TX102151,C95181,1486.05,11,2025-08-01,West
TX106882,C10221,39.47,77,18/04/2025,South
TX109848,C16572,922.01,119,21-Mar-2026,South
TX106994,C70637,453.63,103,2025-09-11 10:35:16,West
TX109260,C63225,363.48,92,2025-07-29 05:10:51,East
TX108478,C68878,NaN,82,2025-08-30,West
TX109578,C32782,527.5,113,2025-03-11,North
TX108063,C94607,319.64,67,2025-02-07 08:57:49,North
TX109542,C80855,924.89,78,2025-07-17,South
TX105430,C47056,827.45,49,13-Jun-2025,East
TX102989,C97416,526.44,110,2026-01-25 09:49:29,South
TX107095,C37760,267.47,86,2026-01-09 08:01:39,North
TX104613,C95181,225.88,34,2026-04-03 15:24:16,North
TX102282,C50306,146.07,106,2025-03-30,South
TX107265,C89840,696.67,72,2025-10-04 15:52:11,West
TX100704,C62296,1486.04,15,30-Apr-2025,West
TX107907,C64496,347.48,72,2026-03-10,South
TX104165,C95649,1046.88,49,2026-05-05 21:50:24,South
TX103704,C91167,247.65,35,2026-04-11 19:31:45,North
TX107884,C91959,1314.46,53,17/01/2026,South
TX102704,C13617,449.78,6,09-Mar-2025,south
TX108290,C29536,1338.67,69,2026-04-28,East
TX107073,C67905,965.72,20,22-Apr-2026,West
TX109335,C59797,653.66,7,05-Nov-2025,North
TX108439,C98501,357.07,119,01-29-2026,West
TX108294,C44795,106.0,32,2026-03-28,West
TX106876,C15209,1349.27,10,10-05-2025,East
TX105670,C79352,327.22,19,2026-01-06 19:32:12,North
TX109331,C82357,994.63,17,2025-12-29 07:30:04,South
TX105050,C28289,NaN,55,07-20-2025,South
TX107366,C30969,469.41,36,2025-03-31,West
TX103666,C99593,781.26,98,07-20-2025,North
TX103188,C82529,404.02,19,29-Jan-2025,South
TX104272,C62296,1137.03,39,02/04/2026,East
TX104153,C36772,462.91,89,01-19-2026,South
TX103067,C28289,125.99,14,2026-03-28 02:39:16,South
TX101499,C68446,269.51,56,28/12/2025,East
TX106711,C20155,905.14,56,2025-08-31 16:54:05,North
TX102318,C72216,32.03,69,04-02-2025,South
TX103152,C79352,1273.42,57,19-Jan-2026,South
TX100428,C18981,164.34,54,2025-11-30 08:16:54,West
TX106157,C63225,647.21,65,2025-04-18 23:50:25,East
TX100795,C38746,732.12,43,02-06-2026,North
TX106153,C22899,645.56,25,12/10/2025,North
TX101520,C46500,,23,2025-02-12,East
TX109183,C21114,237.93,82,01-08-2026,North
TX104081,C41266,,78,02-04-2025,South
TX100199,C26551,893.62,38,2025-06-14 22:12:30,South
TX100688,C25814,1346.1,78,2025-12-20 17:45:35,North
TX104701,C65302,529.27,14,13/08/2025,West
TX106571,C91560,1135.28,54,09/10/2025,East
TX107344,C31465,395.11,43,11-23-2025,East
TX105072,C24592,548.77,72,2025-10-21 02:23:49,South
TX100766,C47828,488.69,3,11-Feb-2025,West
TX107683,C50135,1278.13,96,2025-02-22,South
TX101391,C54473,278.11,119,30/11/2025,East
TX100773,C22676,1460.04,86,25/04/2025,West
TX100538,C59615,662.13,113,06-05-2025,West
TX104851,C20322,693.2,44,21/08/2025,East
TX103167,C40495,1258.07,87,2025-05-04 17:27:11,East
TX108972,C43972,1058.09,40,04/05/2026,North
TX100110,C37460,478.96,9,19-Aug-2025,South
TX105801,C29342,1117.09,116,07-May-2026,North
TX102175,C39466,178.93,99,06-12-2025,East
TX109070,C80292,1249.29,80,2025-09-09 18:09:50,East
TX107499,C24662,1301.23,77,10-17-2025,North
TX108895,C10074,1229.71,52,2025-09-06,West
TX103774,C44760,611.52,42,2025-04-01,East
TX102326,C99399,1033.46,6,04-29-2025,South
TX103180,C23238,1299.89,24,13/05/2025,East
TX108710,C48427,389.78,108,2025-01-04 06:48:01,South
TX100683,C23176,874.57,18,13-Jun-2025,East
TX107875,C14207,52.45,102,11-24-2025,South
TX107046,C38760,1327.62,87,2025-09-21 00:31:14,East
TX106943,C60968,76.3,119,2025-04-26,North
TX101097,C54587,478.03,101,12-May-2026, South 
TX109791,C83772,261.05,50,12/01/2026,East
TX102232,C89129,,16,01/02/2025,North
TX106576,C88104,1167.89,120,2026-02-21 08:30:22,North
TX100931,C70332,845.4,61,02-06-2025,East
TX100540,C84691,1342.02,69,11-Mar-2025,West
TX101545,C91057,,85,10-18-2025,South
TX109608,C91987,1400.52,107,15/04/2026,North
TX109407,C29342,NaN,64,2025-12-25,West
TX102597,C40512,1230.19,56,2025-04-08,South
TX105586,C24953,1228.69,45,27/11/2025,East
TX106128,C10726,1071.27,46,2025-05-06,East
TX109680,C46655,279.38,72,02-11-2025,South
TX107529,C60968,1313.27,49,2026-01-26,West
TX108908,C46265,1377.57,117,2025-06-20, North 
TX108993,C30730,1286.15,110,2025-04-16 05:50:07,North
TX106923,C80010,1333.09,85,2025-03-24, North 
TX105295,C54118,437.24,2,09-Apr-2025,East
TX103869,C68878,921.58,73,15-Jul-2025,East
TX106599,C72216,761.68,66,20/12/2025,South
TX102148,C97538,66.94,99,24/01/2026,North
TX100151,C58393,1369.63,96,03/10/2025,East
TX109905,C80545,1192.84,19,03-Mar-2025,North
TX102694,C71953,1065.12,28,2026-01-05 10:41:09,North
TX100741,C82544,244.71,33,2025-09-17,South
TX106979,C51441,125.81,76,2025-03-08 21:39:08,East
TX108042,C41850,631.81,68,23/01/2025,North
TX101681,C39581,30.69,25,2025-11-05,North
TX109797,C69929,522.71,26,2026-02-28 23:23:10,North
TX100089,C89415,646.71,78,30/06/2025,West
TX107505,C49240,51.79,46,2025-09-17 14:11:14,South
TX102970,C67080,1476.19,90,07-Jan-2025,North
TX108636,C57819,763.63,87,24/01/2025,East
TX107696,C27154,396.54,14,2025-11-15,west
TX103056,C69929,259.3,40,15-Sep-2025,West
TX102022,C25525,530.14,9,2025-08-31,West
TX100427,C79827,869.09,15,2025-09-24,West
TX106968,C57052,589.16,9,2026-03-24 18:36:13,East
TX103315,C38760,434.69,20,29/04/2025,East
TX100543,C70589,579.21,101,2026-05-15 19:10:24,West
TX105037,C15075,1211.76,45,2025-11-29 15:26:27,East
TX102533,C27146,724.28,39,10-29-2025,South
TX101587,C33416,1138.9,13,04-25-2026,West
TX106363,C26591,1266.41,68,04-28-2025,West
TX103771,C74251,358.4,56,21/05/2025,South
TX101752,C56898,1288.69,7,04-26-2026,East
TX105217,C25525,249.63,74,08-05-2025,West
TX101969,C72493,559.48,75,12-13-2025,South
TX104233,C49857,242.47,117,2025-03-07,South
TX104545,C33416,1319.39,65,2025-04-28 07:00:13,South
TX103498,C73788,541.2,40,2026-02-23,West
TX106561,C95990,972.43,46,2025-01-25 03:24:54,East
TX104700,C70946,335.31,93,2025-04-06 01:40:49,North
TX107293,C27146,559.6,34,04-22-2026,North
TX104965,C71592,221.7,51,2025-09-10,North
TX108890,C98501,1312.66,117,06-14-2025,East
TX106018,C28373,80.35,89,08-27-2025,south
TX100062,C41029,788.32,50,03-22-2026,South
TX103464,C45400,943.55,77,03-May-2025,East
TX104951,C69692,238.94,105,2026-02-14 19:54:10,East
TX101708,C47093,1321.72,31,26/08/2025,North
TX100630,C11504,256.24,47,11/10/2025,West
TX107842,C59857,923.02,15,2025-05-23,North
TX100224,C45382,1490.97,99,20/02/2026,East
TX109328,C49117,431.76,7,2026-02-13,West
TX109536,C80282,610.59,55,05/05/2026,North
TX100088,C66333,936.1,8,26-Feb-2025,North
TX105250,C25670,396.55,24,2025-12-20,North
TX105926,C23104,1205.67,4,02-15-2026,East
TX106663,C53369,75.96,91,2025-12-24,North
TX109016,C63264,878.22,6,2025-03-09 14:25:15,West
TX100332,C34931,698.32,15,2025-08-29,North
TX102174,C44675,83.7,85,05-04-2026,East
TX101982,C69429,80.61,75,06-Sep-2025,North
TX102152,C22676,242.89,95,2026-05-05 06:07:50,North
TX101613,C44671,1253.91,55,14-Oct-2025,East
TX106103,C59797,530.29,27,2026-01-29,South
TX102092,C91416,964.01,96,2026-05-01,North
TX107446,C43972,1221.69,5,2026-03-07,East
TX104459,C50404,632.26,40,20-May-2025,North
TX104745,C36158,1156.56,20,2026-02-07 11:59:31,South
TX109702,C23577,NaN,42,08-28-2025,South
TX105966,C37535,1282.43,7,2026-04-22,North
TX103453,C18675,1478.42,50,2026-05-04 04:23:20,East
TX108858,C68082,699.61,18,2025-08-29 14:09:32,North
TX108746,C35042,1193.47,65,15/03/2025,South
TX107217,C66333,248.03,99,2025-08-21 22:53:53,East
TX100999,C76768,417.36,54,24/09/2025,South
TX107936,C50189,1114.71,85,2025-03-11,East
TX104107,C38043,164.88,112,09-06-2025,South
TX105950,C84847,1387.39,71,2025-12-06 15:29:13,East
TX102722,C92502,130.09,51,2025-03-09,North
TX105714,C88047,1462.13,47,2025-03-27 13:16:15,South
TX107873,C65723,844.39,7,2026-04-24,East
TX109472,C17331,1397.46,94,09/03/2026,East
TX109223,C15229,1308.11,70,19/08/2025,East
TX109775,C41850,1392.41,22,2025-04-03 04:07:40,North
TX101644,C24208,287.06,60,02-Sep-2025,East
TX102639,C79163,929.92,108,2025-07-27,North
TX101089,C12757,716.95,35,2025-08-21,East
TX106762,C49618,1246.33,2,2025-02-02,West
TX105384,C93227,1281.39,18,24/02/2026,North
TX100236,C11025,975.12,6,07-22-2025,East
TX101544,C25129,1151.87,75,12-19-2025,West
TX102844,C53719,,74,2025-12-02 21:42:05,North
TX102313,C49618,611.41,9,2026-05-04 06:51:38,South
TX104899,C22833,1025.86,35,28-Jan-2026,East
TX100621,C44760,269.04,5,11-May-2026,East
TX107840,C97538,431.99,36,01-14-2025,South
TX100157,C60019,1467.61,82,09-May-2026,South
TX107462,C59735,708.24,0,15/04/2025,North
TX109535,C34267,787.41,5,01-13-2025,East
TX103793,C78494,276.06,53,08/02/2026,North
TX100084,C14722,755.5,30,2025-07-17,South
TX109564,C42271,1180.09,2,15-Jan-2026,North
TX109729,C12540,981.13,40,2026-02-22 01:20:44,East
TX101898,C82667,743.39,95,2025-01-20 10:43:33,North
TX104600,C48752,1132.34,76,2025-05-08, North 
TX106409,C94886,1298.59,76,06-14-2025,West
TX106082,C45509,508.15,58,04-Jan-2026,West
TX105704,C73904,1072.96,38,2025-09-22,north
TX100768,C56105,1198.23,95,2025-02-06 19:24:05,West
TX103062,C25866,1098.15,112,21-Jan-2026,North
TX108555,C30028,274.18,81,06-01-2025,West
TX102398,C50189,57.99,39,2025-07-15 13:06:44,West
TX107132,C26828,505.79,17,10-21-2025,North
TX101767,C35995,595.1,27,2025-05-22,North
TX101096,C80381,1479.62,120,01-11-2026,North
TX101768,C42951,622.97,43,16-Apr-2025,East
TX100575,C74038,705.07,58,08-Jun-2025,West
TX102471,C19359,642.99,70,2025-12-20 03:49:39,West
TX101154,C51441,1060.25,36,2026-01-11,North
TX109387,C48469,225.06,117,09-Mar-2026,North
TX101567,C66148,882.91,5,12-20-2025,West
TX107648,C79616,997.51,120,01-11-2025,North
TX104664,C57576,1375.21,42,07-21-2025,South
TX109788,C30969,309.78,3,2025-10-25,South
TX107764,C21003,1291.7,112,29-Nov-2025, East 
TX106396,C93130,1009.29,60,2026-03-30,West
TX100076,C42018,,23,02/05/2026,South
TX100226,C66346,810.46,41,12-27-2025,South
TX100860,C80798,978.13,86,2026-02-05,West
TX104468,C60205,886.49,93,16/12/2025,East
TX108554,C82692,951.76,70,2026-02-10 14:21:12,South
TX106163,C84177,1210.77,68,13-Mar-2026,West
TX100524,C50135,1416.48,35,26/04/2025,South
TX104521,C69929,1124.8,107,06-Aug-2025,West
TX101578,C33405,834.72,73,02-11-2026,East
TX101376,C29887,185.87,99,2025-11-07 22:01:28,West
TX105390,C96563,132.45,19,23-Apr-2026,West
TX105422,C85243,963.11,87,2026-03-31,East
TX109767,C21970,965.06,21,2026-04-26,South
TX105133,C37869,702.56,19,2026-03-04 08:10:00,West
TX102707,C49363,538.46,108,11-Feb-2026,South
TX108308,C50768,326.63,107,2025-06-05 07:23:23,West
TX102706,C13278,647.4,20,2025-01-08,East
TX106754,C20328,1333.27,6,2025-07-24,east
TX103671,C62227,,76,11-08-2025,West
TX102329,C66155,519.57,76,12-Aug-2025,East
TX103105,C74454,1444.67,60,09-Apr-2025,West
TX104800,C87992,1109.02,5,2025-06-21,South
TX107877,C50538,943.53,10,2026-05-13,South
TX108423,C51180,1118.74,58,2026-03-02,North
TX104936,C53719,74.64,107,06-18-2025,East
TX102714,C44675,380.96,0,2025-12-25,East
TX108911,C31299,418.47,107,2026-04-14 18:05:06,South
TX102526,C74042,NaN,31,2025-07-03,North
TX102245,C83000,1458.56,56,04-01-2026,North
TX105877,C39154,924.94,6,03-10-2025,South
TX108316,C47268,1485.83,77,25-Dec-2025,West
TX100211,C96163,1437.9,29,13-Feb-2026,East
TX108534,C45614,1293.0,3,02-04-2025,South
TX104689,C23473,259.55,14,2025-11-12,south
TX108646,C98381,788.28,11,24-Jan-2026,North
TX106885,C65255,1121.34,93,14/04/2026,South
TX104304,C49117,985.03,5,29/03/2026,North
TX107096,C81810,610.81,32,2025-10-22 11:28:28,South
TX109164,C66207,1022.94,31,2025-06-25 06:09:23,West
TX109830,C67954,1382.84,107,2025-06-27,East
TX105564,C79616,389.06,19,02-14-2026,South
TX108470,C34914,364.11,89,06-24-2025,North
TX103693,C23577,710.01,34,18/12/2025,North
TX101684,C16658,77.27,19,10/03/2026,East
TX100210,C97747,1274.52,82,25/02/2025,East
